solid OpenSCAD_Model
  facet normal 1 -0 0
    outer loop
      vertex 153.3 81.2074 -3.67648
      vertex 153.3 93.3 -9
      vertex 153.3 93.3 7.6
    endloop
  endfacet
  facet normal 1 0 0
    outer loop
      vertex 153.3 93.3 -9
      vertex 153.3 81.2393 -3.83684
      vertex 153.3 81.25 -4
    endloop
  endfacet
  facet normal 1 0 0
    outer loop
      vertex 153.3 93.3 -9
      vertex 153.3 81.2074 -3.67648
      vertex 153.3 81.2393 -3.83684
    endloop
  endfacet
  facet normal 1 0 0
    outer loop
      vertex 153.3 93.3 7.6
      vertex 153.3 81.1548 -3.52165
      vertex 153.3 81.2074 -3.67648
    endloop
  endfacet
  facet normal 1 0 0
    outer loop
      vertex 153.3 93.3 7.6
      vertex 153.3 81.0825 -3.375
      vertex 153.3 81.1548 -3.52165
    endloop
  endfacet
  facet normal 1 0 0
    outer loop
      vertex 153.3 93.3 7.6
      vertex 153.3 80.9917 -3.23905
      vertex 153.3 81.0825 -3.375
    endloop
  endfacet
  facet normal 1 0 0
    outer loop
      vertex 153.3 93.3 7.6
      vertex 153.3 80.8839 -3.11612
      vertex 153.3 80.9917 -3.23905
    endloop
  endfacet
  facet normal 1 0 0
    outer loop
      vertex 153.3 93.3 7.6
      vertex 153.3 80.7609 -3.00831
      vertex 153.3 80.8839 -3.11612
    endloop
  endfacet
  facet normal 1 0 0
    outer loop
      vertex 153.3 93.3 7.6
      vertex 153.3 80.625 -2.91747
      vertex 153.3 80.7609 -3.00831
    endloop
  endfacet
  facet normal 1 0 0
    outer loop
      vertex 153.3 93.3 7.6
      vertex 153.3 80.4784 -2.84515
      vertex 153.3 80.625 -2.91747
    endloop
  endfacet
  facet normal 1 0 0
    outer loop
      vertex 153.3 93.3 7.6
      vertex 153.3 80.3235 -2.79259
      vertex 153.3 80.4784 -2.84515
    endloop
  endfacet
  facet normal 1 0 0
    outer loop
      vertex 153.3 93.3 7.6
      vertex 153.3 80.1632 -2.76069
      vertex 153.3 80.3235 -2.79259
    endloop
  endfacet
  facet normal 1 0 0
    outer loop
      vertex 153.3 93.3 7.6
      vertex 153.3 80 -2.75
      vertex 153.3 80.1632 -2.76069
    endloop
  endfacet
  facet normal 1 0 0
    outer loop
      vertex 153.3 93.3 7.6
      vertex 153.3 79.8368 -2.76069
      vertex 153.3 80 -2.75
    endloop
  endfacet
  facet normal 1 0 0
    outer loop
      vertex 153.3 93.3 7.6
      vertex 153.3 79.6765 -2.79259
      vertex 153.3 79.8368 -2.76069
    endloop
  endfacet
  facet normal 1 0 0
    outer loop
      vertex 153.3 93.3 7.6
      vertex 153.3 79.5216 -2.84515
      vertex 153.3 79.6765 -2.79259
    endloop
  endfacet
  facet normal 1 0 0
    outer loop
      vertex 153.3 93.3 7.6
      vertex 153.3 79.375 -2.91747
      vertex 153.3 79.5216 -2.84515
    endloop
  endfacet
  facet normal 1 -0 0
    outer loop
      vertex 153.3 -3.3 7.6
      vertex 153.3 79.375 -2.91747
      vertex 153.3 93.3 7.6
    endloop
  endfacet
  facet normal 1 0 0
    outer loop
      vertex 153.3 -3.3 -9
      vertex 153.3 78.7607 -3.83684
      vertex 153.3 -3.3 7.6
    endloop
  endfacet
  facet normal 1 0 0
    outer loop
      vertex 153.3 78.7926 -3.67648
      vertex 153.3 -3.3 7.6
      vertex 153.3 78.7607 -3.83684
    endloop
  endfacet
  facet normal 1 0 0
    outer loop
      vertex 153.3 78.8452 -3.52165
      vertex 153.3 -3.3 7.6
      vertex 153.3 78.7926 -3.67648
    endloop
  endfacet
  facet normal 1 0 0
    outer loop
      vertex 153.3 78.9175 -3.375
      vertex 153.3 -3.3 7.6
      vertex 153.3 78.8452 -3.52165
    endloop
  endfacet
  facet normal 1 0 0
    outer loop
      vertex 153.3 79.0083 -3.23905
      vertex 153.3 -3.3 7.6
      vertex 153.3 78.9175 -3.375
    endloop
  endfacet
  facet normal 1 0 0
    outer loop
      vertex 153.3 79.1161 -3.11612
      vertex 153.3 -3.3 7.6
      vertex 153.3 79.0083 -3.23905
    endloop
  endfacet
  facet normal 1 0 0
    outer loop
      vertex 153.3 79.239 -3.00831
      vertex 153.3 -3.3 7.6
      vertex 153.3 79.1161 -3.11612
    endloop
  endfacet
  facet normal 1 0 0
    outer loop
      vertex 153.3 79.375 -2.91747
      vertex 153.3 -3.3 7.6
      vertex 153.3 79.239 -3.00831
    endloop
  endfacet
  facet normal 1 -0 0
    outer loop
      vertex 153.3 81.2393 -4.16316
      vertex 153.3 93.3 -9
      vertex 153.3 81.25 -4
    endloop
  endfacet
  facet normal 1 -0 0
    outer loop
      vertex 153.3 81.2074 -4.32352
      vertex 153.3 93.3 -9
      vertex 153.3 81.2393 -4.16316
    endloop
  endfacet
  facet normal 1 -0 0
    outer loop
      vertex 153.3 81.1548 -4.47835
      vertex 153.3 93.3 -9
      vertex 153.3 81.2074 -4.32352
    endloop
  endfacet
  facet normal 1 -0 0
    outer loop
      vertex 153.3 81.0825 -4.625
      vertex 153.3 93.3 -9
      vertex 153.3 81.1548 -4.47835
    endloop
  endfacet
  facet normal 1 -0 0
    outer loop
      vertex 153.3 80.9917 -4.76095
      vertex 153.3 93.3 -9
      vertex 153.3 81.0825 -4.625
    endloop
  endfacet
  facet normal 1 -0 0
    outer loop
      vertex 153.3 80.8839 -4.88388
      vertex 153.3 93.3 -9
      vertex 153.3 80.9917 -4.76095
    endloop
  endfacet
  facet normal 1 -0 0
    outer loop
      vertex 153.3 80.7609 -4.99169
      vertex 153.3 93.3 -9
      vertex 153.3 80.8839 -4.88388
    endloop
  endfacet
  facet normal 1 -0 0
    outer loop
      vertex 153.3 80.625 -5.08253
      vertex 153.3 93.3 -9
      vertex 153.3 80.7609 -4.99169
    endloop
  endfacet
  facet normal 1 -0 0
    outer loop
      vertex 153.3 80.4784 -5.15485
      vertex 153.3 93.3 -9
      vertex 153.3 80.625 -5.08253
    endloop
  endfacet
  facet normal 1 -0 0
    outer loop
      vertex 153.3 80.3235 -5.20741
      vertex 153.3 93.3 -9
      vertex 153.3 80.4784 -5.15485
    endloop
  endfacet
  facet normal 1 -0 0
    outer loop
      vertex 153.3 80.1632 -5.23931
      vertex 153.3 93.3 -9
      vertex 153.3 80.3235 -5.20741
    endloop
  endfacet
  facet normal 1 -0 0
    outer loop
      vertex 153.3 80 -5.25
      vertex 153.3 93.3 -9
      vertex 153.3 80.1632 -5.23931
    endloop
  endfacet
  facet normal 1 0 0
    outer loop
      vertex 153.3 79.8368 -5.23931
      vertex 153.3 93.3 -9
      vertex 153.3 80 -5.25
    endloop
  endfacet
  facet normal 1 0 0
    outer loop
      vertex 153.3 79.6765 -5.20741
      vertex 153.3 93.3 -9
      vertex 153.3 79.8368 -5.23931
    endloop
  endfacet
  facet normal 1 0 0
    outer loop
      vertex 153.3 78.7607 -3.83684
      vertex 153.3 -3.3 -9
      vertex 153.3 78.75 -4
    endloop
  endfacet
  facet normal 1 0 0
    outer loop
      vertex 153.3 78.75 -4
      vertex 153.3 -3.3 -9
      vertex 153.3 78.7607 -4.16316
    endloop
  endfacet
  facet normal 1 0 0
    outer loop
      vertex 153.3 78.7607 -4.16316
      vertex 153.3 -3.3 -9
      vertex 153.3 78.7926 -4.32352
    endloop
  endfacet
  facet normal 1 0 0
    outer loop
      vertex 153.3 78.7926 -4.32352
      vertex 153.3 -3.3 -9
      vertex 153.3 78.8452 -4.47835
    endloop
  endfacet
  facet normal 1 0 0
    outer loop
      vertex 153.3 78.8452 -4.47835
      vertex 153.3 -3.3 -9
      vertex 153.3 78.9175 -4.625
    endloop
  endfacet
  facet normal 1 0 0
    outer loop
      vertex 153.3 78.9175 -4.625
      vertex 153.3 -3.3 -9
      vertex 153.3 79.0083 -4.76095
    endloop
  endfacet
  facet normal 1 0 0
    outer loop
      vertex 153.3 79.0083 -4.76095
      vertex 153.3 -3.3 -9
      vertex 153.3 79.1161 -4.88388
    endloop
  endfacet
  facet normal 1 0 0
    outer loop
      vertex 153.3 79.1161 -4.88388
      vertex 153.3 -3.3 -9
      vertex 153.3 79.239 -4.99169
    endloop
  endfacet
  facet normal 1 0 0
    outer loop
      vertex 153.3 79.239 -4.99169
      vertex 153.3 -3.3 -9
      vertex 153.3 79.375 -5.08253
    endloop
  endfacet
  facet normal 1 0 0
    outer loop
      vertex 153.3 79.375 -5.08253
      vertex 153.3 -3.3 -9
      vertex 153.3 79.5216 -5.15485
    endloop
  endfacet
  facet normal 1 0 0
    outer loop
      vertex 153.3 79.5216 -5.15485
      vertex 153.3 -3.3 -9
      vertex 153.3 79.6765 -5.20741
    endloop
  endfacet
  facet normal 1 0 0
    outer loop
      vertex 153.3 79.6765 -5.20741
      vertex 153.3 -3.3 -9
      vertex 153.3 93.3 -9
    endloop
  endfacet
  facet normal 0 0 1
    outer loop
      vertex -0.299999 33.75 7.6
      vertex -3.3 33.75 7.6
      vertex -0.299999 -0.299999 7.6
    endloop
  endfacet
  facet normal 0 0 1
    outer loop
      vertex 153.3 93.3 7.6
      vertex 150.3 90.3 7.6
      vertex 153.3 -3.3 7.6
    endloop
  endfacet
  facet normal 0 0 1
    outer loop
      vertex 153.3 93.3 7.6
      vertex -0.299999 90.3 7.6
      vertex 150.3 90.3 7.6
    endloop
  endfacet
  facet normal -0 0 1
    outer loop
      vertex -3.3 93.3 7.6
      vertex -0.299999 90.3 7.6
      vertex 153.3 93.3 7.6
    endloop
  endfacet
  facet normal 0 0 1
    outer loop
      vertex -3.3 47.25 7.6
      vertex -0.299999 90.3 7.6
      vertex -3.3 93.3 7.6
    endloop
  endfacet
  facet normal 0 0 1
    outer loop
      vertex -0.299999 90.3 7.6
      vertex -3.3 47.25 7.6
      vertex -0.299999 47.25 7.6
    endloop
  endfacet
  facet normal -0 0 1
    outer loop
      vertex 150.3 -0.299999 7.6
      vertex 153.3 -3.3 7.6
      vertex 150.3 90.3 7.6
    endloop
  endfacet
  facet normal -0 0 1
    outer loop
      vertex -0.299999 -0.299999 7.6
      vertex 153.3 -3.3 7.6
      vertex 150.3 -0.299999 7.6
    endloop
  endfacet
  facet normal 0 0 1
    outer loop
      vertex -0.299999 -0.299999 7.6
      vertex -3.3 -3.3 7.6
      vertex 153.3 -3.3 7.6
    endloop
  endfacet
  facet normal 0 0 1
    outer loop
      vertex -3.3 -3.3 7.6
      vertex -0.299999 -0.299999 7.6
      vertex -3.3 33.75 7.6
    endloop
  endfacet
  facet normal 0 0 -1
    outer loop
      vertex 92.8452 33.4784 -9
      vertex 57.1549 33.4784 -9
      vertex 92.9175 33.625 -9
    endloop
  endfacet
  facet normal 0 0 -1
    outer loop
      vertex 92.9175 56.375 -9
      vertex 57.2393 56.8368 -9
      vertex 57.25 57 -9
    endloop
  endfacet
  facet normal 0 0 -1
    outer loop
      vertex 57.0825 33.625 -9
      vertex 92.9175 33.625 -9
      vertex 57.1549 33.4784 -9
    endloop
  endfacet
  facet normal 0 0 -1
    outer loop
      vertex 92.9175 56.375 -9
      vertex 57.2074 56.6765 -9
      vertex 57.2393 56.8368 -9
    endloop
  endfacet
  facet normal 0 0 -1
    outer loop
      vertex 92.9175 33.625 -9
      vertex 57.0825 33.625 -9
      vertex 92.9175 56.375 -9
    endloop
  endfacet
  facet normal 0 0 -1
    outer loop
      vertex 92.9175 56.375 -9
      vertex 57.1549 56.5216 -9
      vertex 57.2074 56.6765 -9
    endloop
  endfacet
  facet normal 0 0 -1
    outer loop
      vertex 57.0825 56.375 -9
      vertex 92.9175 56.375 -9
      vertex 57.0825 33.625 -9
    endloop
  endfacet
  facet normal 0 0 -1
    outer loop
      vertex 92.9175 56.375 -9
      vertex 57.0825 56.375 -9
      vertex 57.1549 56.5216 -9
    endloop
  endfacet
  facet normal 0 0 -1
    outer loop
      vertex 56.9917 33.761 -9
      vertex 57.0825 56.375 -9
      vertex 57.0825 33.625 -9
    endloop
  endfacet
  facet normal 0 0 -1
    outer loop
      vertex 56.9917 33.761 -9
      vertex 56.9917 56.239 -9
      vertex 57.0825 56.375 -9
    endloop
  endfacet
  facet normal 0 0 -1
    outer loop
      vertex 56.8839 33.8839 -9
      vertex 56.9917 56.239 -9
      vertex 56.9917 33.761 -9
    endloop
  endfacet
  facet normal 0 0 -1
    outer loop
      vertex 56.8839 33.8839 -9
      vertex 56.8839 56.1161 -9
      vertex 56.9917 56.239 -9
    endloop
  endfacet
  facet normal 0 0 -1
    outer loop
      vertex 56.761 33.9917 -9
      vertex 56.8839 56.1161 -9
      vertex 56.8839 33.8839 -9
    endloop
  endfacet
  facet normal 0 0 -1
    outer loop
      vertex 56.761 33.9917 -9
      vertex 56.761 56.0083 -9
      vertex 56.8839 56.1161 -9
    endloop
  endfacet
  facet normal 0 0 -1
    outer loop
      vertex 56.625 34.0825 -9
      vertex 56.761 56.0083 -9
      vertex 56.761 33.9917 -9
    endloop
  endfacet
  facet normal 0 0 -1
    outer loop
      vertex 56.625 34.0825 -9
      vertex 56.625 55.9175 -9
      vertex 56.761 56.0083 -9
    endloop
  endfacet
  facet normal 0 0 -1
    outer loop
      vertex 56.4784 34.1549 -9
      vertex 56.625 55.9175 -9
      vertex 56.625 34.0825 -9
    endloop
  endfacet
  facet normal 0 0 -1
    outer loop
      vertex 56.4784 34.1549 -9
      vertex 56.4784 55.8451 -9
      vertex 56.625 55.9175 -9
    endloop
  endfacet
  facet normal 0 0 -1
    outer loop
      vertex 56.3235 34.2074 -9
      vertex 56.4784 55.8451 -9
      vertex 56.4784 34.1549 -9
    endloop
  endfacet
  facet normal 0 0 -1
    outer loop
      vertex 56.3235 34.2074 -9
      vertex 56.3235 55.7926 -9
      vertex 56.4784 55.8451 -9
    endloop
  endfacet
  facet normal 0 0 -1
    outer loop
      vertex 56.1632 34.2393 -9
      vertex 56.3235 55.7926 -9
      vertex 56.3235 34.2074 -9
    endloop
  endfacet
  facet normal 0 0 -1
    outer loop
      vertex 56.1632 34.2393 -9
      vertex 56.1632 55.7607 -9
      vertex 56.3235 55.7926 -9
    endloop
  endfacet
  facet normal 0 0 -1
    outer loop
      vertex 56 34.25 -9
      vertex 56.1632 55.7607 -9
      vertex 56.1632 34.2393 -9
    endloop
  endfacet
  facet normal 0 0 -1
    outer loop
      vertex 56 34.25 -9
      vertex 56 55.75 -9
      vertex 56.1632 55.7607 -9
    endloop
  endfacet
  facet normal 0 0 -1
    outer loop
      vertex 55.8368 34.2393 -9
      vertex 56 55.75 -9
      vertex 56 34.25 -9
    endloop
  endfacet
  facet normal 0 0 -1
    outer loop
      vertex 55.8368 34.2393 -9
      vertex 55.8368 55.7607 -9
      vertex 56 55.75 -9
    endloop
  endfacet
  facet normal 0 0 -1
    outer loop
      vertex 55.6765 34.2074 -9
      vertex 55.8368 55.7607 -9
      vertex 55.8368 34.2393 -9
    endloop
  endfacet
  facet normal 0 0 -1
    outer loop
      vertex 55.6765 34.2074 -9
      vertex 55.6765 55.7926 -9
      vertex 55.8368 55.7607 -9
    endloop
  endfacet
  facet normal 0 0 -1
    outer loop
      vertex 55.5216 34.1549 -9
      vertex 55.6765 55.7926 -9
      vertex 55.6765 34.2074 -9
    endloop
  endfacet
  facet normal 0 0 -1
    outer loop
      vertex 55.5216 34.1549 -9
      vertex 55.5216 55.8451 -9
      vertex 55.6765 55.7926 -9
    endloop
  endfacet
  facet normal 0 0 -1
    outer loop
      vertex 55.375 34.0825 -9
      vertex 55.5216 55.8451 -9
      vertex 55.5216 34.1549 -9
    endloop
  endfacet
  facet normal 0 0 -1
    outer loop
      vertex 55.375 34.0825 -9
      vertex 55.375 55.9175 -9
      vertex 55.5216 55.8451 -9
    endloop
  endfacet
  facet normal 0 0 -1
    outer loop
      vertex 55.239 33.9917 -9
      vertex 55.375 55.9175 -9
      vertex 55.375 34.0825 -9
    endloop
  endfacet
  facet normal 0 0 -1
    outer loop
      vertex 55.239 33.9917 -9
      vertex 55.239 56.0083 -9
      vertex 55.375 55.9175 -9
    endloop
  endfacet
  facet normal 0 0 -1
    outer loop
      vertex 55.1161 33.8839 -9
      vertex 55.239 56.0083 -9
      vertex 55.239 33.9917 -9
    endloop
  endfacet
  facet normal 0 0 -1
    outer loop
      vertex 55.1161 33.8839 -9
      vertex 55.1161 56.1161 -9
      vertex 55.239 56.0083 -9
    endloop
  endfacet
  facet normal 0 0 -1
    outer loop
      vertex 55.0083 33.761 -9
      vertex 55.1161 56.1161 -9
      vertex 55.1161 33.8839 -9
    endloop
  endfacet
  facet normal 0 0 -1
    outer loop
      vertex 55.0083 33.761 -9
      vertex 55.0083 56.239 -9
      vertex 55.1161 56.1161 -9
    endloop
  endfacet
  facet normal 0 0 -1
    outer loop
      vertex 54.9175 33.625 -9
      vertex 55.0083 56.239 -9
      vertex 55.0083 33.761 -9
    endloop
  endfacet
  facet normal 0 0 -1
    outer loop
      vertex 54.9175 33.625 -9
      vertex 54.9175 56.375 -9
      vertex 55.0083 56.239 -9
    endloop
  endfacet
  facet normal 0 0 -1
    outer loop
      vertex 54.8451 33.4784 -9
      vertex 54.9175 56.375 -9
      vertex 54.9175 33.625 -9
    endloop
  endfacet
  facet normal 0 0 -1
    outer loop
      vertex 54.8451 33.4784 -9
      vertex 54.8451 56.5216 -9
      vertex 54.9175 56.375 -9
    endloop
  endfacet
  facet normal 0 0 -1
    outer loop
      vertex 45 23 -9
      vertex 54.8451 33.4784 -9
      vertex 54.7926 33.3235 -9
    endloop
  endfacet
  facet normal -0 0 -1
    outer loop
      vertex 54.8451 33.4784 -9
      vertex 45 23 -9
      vertex 54.8451 56.5216 -9
    endloop
  endfacet
  facet normal 0 0 -1
    outer loop
      vertex 45 23 -9
      vertex 54.7926 33.3235 -9
      vertex 54.7607 33.1632 -9
    endloop
  endfacet
  facet normal 0 0 -1
    outer loop
      vertex 45 67 -9
      vertex 54.8451 56.5216 -9
      vertex 45 23 -9
    endloop
  endfacet
  facet normal 0 0 -1
    outer loop
      vertex 45 23 -9
      vertex 54.7607 33.1632 -9
      vertex 54.75 33 -9
    endloop
  endfacet
  facet normal 0 0 -1
    outer loop
      vertex 54.8451 56.5216 -9
      vertex 45 67 -9
      vertex 54.7926 56.6765 -9
    endloop
  endfacet
  facet normal 0 0 -1
    outer loop
      vertex 95.1548 33.4784 -9
      vertex 105 23 -9
      vertex 95.2074 33.3235 -9
    endloop
  endfacet
  facet normal 0 0 -1
    outer loop
      vertex 105 67 -9
      vertex 95.2393 56.8368 -9
      vertex 95.25 57 -9
    endloop
  endfacet
  facet normal 0 0 -1
    outer loop
      vertex 105 23 -9
      vertex 95.1548 33.4784 -9
      vertex 105 67 -9
    endloop
  endfacet
  facet normal 0 0 -1
    outer loop
      vertex 105 67 -9
      vertex 95.2074 56.6765 -9
      vertex 95.2393 56.8368 -9
    endloop
  endfacet
  facet normal 0 0 -1
    outer loop
      vertex 95.1548 56.5216 -9
      vertex 105 67 -9
      vertex 95.1548 33.4784 -9
    endloop
  endfacet
  facet normal 0 0 -1
    outer loop
      vertex 105 67 -9
      vertex 95.1548 56.5216 -9
      vertex 95.2074 56.6765 -9
    endloop
  endfacet
  facet normal 0 0 -1
    outer loop
      vertex 95.0825 33.625 -9
      vertex 95.1548 56.5216 -9
      vertex 95.1548 33.4784 -9
    endloop
  endfacet
  facet normal 0 0 -1
    outer loop
      vertex 95.0825 33.625 -9
      vertex 95.0825 56.375 -9
      vertex 95.1548 56.5216 -9
    endloop
  endfacet
  facet normal 0 0 -1
    outer loop
      vertex 94.9917 33.761 -9
      vertex 95.0825 56.375 -9
      vertex 95.0825 33.625 -9
    endloop
  endfacet
  facet normal 0 0 -1
    outer loop
      vertex 94.9917 33.761 -9
      vertex 94.9917 56.239 -9
      vertex 95.0825 56.375 -9
    endloop
  endfacet
  facet normal 0 0 -1
    outer loop
      vertex 94.8839 33.8839 -9
      vertex 94.9917 56.239 -9
      vertex 94.9917 33.761 -9
    endloop
  endfacet
  facet normal 0 0 -1
    outer loop
      vertex 94.8839 33.8839 -9
      vertex 94.8839 56.1161 -9
      vertex 94.9917 56.239 -9
    endloop
  endfacet
  facet normal 0 0 -1
    outer loop
      vertex 94.7609 33.9917 -9
      vertex 94.8839 56.1161 -9
      vertex 94.8839 33.8839 -9
    endloop
  endfacet
  facet normal 0 0 -1
    outer loop
      vertex 94.7609 33.9917 -9
      vertex 94.7609 56.0083 -9
      vertex 94.8839 56.1161 -9
    endloop
  endfacet
  facet normal 0 0 -1
    outer loop
      vertex 94.625 34.0825 -9
      vertex 94.7609 56.0083 -9
      vertex 94.7609 33.9917 -9
    endloop
  endfacet
  facet normal 0 0 -1
    outer loop
      vertex 94.625 34.0825 -9
      vertex 94.625 55.9175 -9
      vertex 94.7609 56.0083 -9
    endloop
  endfacet
  facet normal 0 0 -1
    outer loop
      vertex 94.4784 34.1549 -9
      vertex 94.625 55.9175 -9
      vertex 94.625 34.0825 -9
    endloop
  endfacet
  facet normal 0 0 -1
    outer loop
      vertex 94.4784 34.1549 -9
      vertex 94.4784 55.8451 -9
      vertex 94.625 55.9175 -9
    endloop
  endfacet
  facet normal 0 0 -1
    outer loop
      vertex 94.3235 34.2074 -9
      vertex 94.4784 55.8451 -9
      vertex 94.4784 34.1549 -9
    endloop
  endfacet
  facet normal 0 0 -1
    outer loop
      vertex 94.3235 34.2074 -9
      vertex 94.3235 55.7926 -9
      vertex 94.4784 55.8451 -9
    endloop
  endfacet
  facet normal 0 0 -1
    outer loop
      vertex 94.1632 34.2393 -9
      vertex 94.3235 55.7926 -9
      vertex 94.3235 34.2074 -9
    endloop
  endfacet
  facet normal 0 0 -1
    outer loop
      vertex 94.1632 34.2393 -9
      vertex 94.1632 55.7607 -9
      vertex 94.3235 55.7926 -9
    endloop
  endfacet
  facet normal 0 0 -1
    outer loop
      vertex 94 34.25 -9
      vertex 94.1632 55.7607 -9
      vertex 94.1632 34.2393 -9
    endloop
  endfacet
  facet normal 0 0 -1
    outer loop
      vertex 94 34.25 -9
      vertex 94 55.75 -9
      vertex 94.1632 55.7607 -9
    endloop
  endfacet
  facet normal 0 0 -1
    outer loop
      vertex 93.8368 34.2393 -9
      vertex 94 55.75 -9
      vertex 94 34.25 -9
    endloop
  endfacet
  facet normal 0 0 -1
    outer loop
      vertex 93.8368 34.2393 -9
      vertex 93.8368 55.7607 -9
      vertex 94 55.75 -9
    endloop
  endfacet
  facet normal 0 0 -1
    outer loop
      vertex 93.6765 34.2074 -9
      vertex 93.8368 55.7607 -9
      vertex 93.8368 34.2393 -9
    endloop
  endfacet
  facet normal 0 0 -1
    outer loop
      vertex 93.6765 34.2074 -9
      vertex 93.6765 55.7926 -9
      vertex 93.8368 55.7607 -9
    endloop
  endfacet
  facet normal 0 0 -1
    outer loop
      vertex 93.5216 34.1549 -9
      vertex 93.6765 55.7926 -9
      vertex 93.6765 34.2074 -9
    endloop
  endfacet
  facet normal 0 0 -1
    outer loop
      vertex 93.5216 34.1549 -9
      vertex 93.5216 55.8451 -9
      vertex 93.6765 55.7926 -9
    endloop
  endfacet
  facet normal 0 0 -1
    outer loop
      vertex 93.375 34.0825 -9
      vertex 93.5216 55.8451 -9
      vertex 93.5216 34.1549 -9
    endloop
  endfacet
  facet normal 0 0 -1
    outer loop
      vertex 93.375 34.0825 -9
      vertex 93.375 55.9175 -9
      vertex 93.5216 55.8451 -9
    endloop
  endfacet
  facet normal 0 0 -1
    outer loop
      vertex 93.239 33.9917 -9
      vertex 93.375 55.9175 -9
      vertex 93.375 34.0825 -9
    endloop
  endfacet
  facet normal 0 0 -1
    outer loop
      vertex 93.239 33.9917 -9
      vertex 93.239 56.0083 -9
      vertex 93.375 55.9175 -9
    endloop
  endfacet
  facet normal 0 0 -1
    outer loop
      vertex 93.1161 33.8839 -9
      vertex 93.239 56.0083 -9
      vertex 93.239 33.9917 -9
    endloop
  endfacet
  facet normal 0 0 -1
    outer loop
      vertex 93.1161 33.8839 -9
      vertex 93.1161 56.1161 -9
      vertex 93.239 56.0083 -9
    endloop
  endfacet
  facet normal 0 0 -1
    outer loop
      vertex 93.0083 33.761 -9
      vertex 93.1161 56.1161 -9
      vertex 93.1161 33.8839 -9
    endloop
  endfacet
  facet normal 0 0 -1
    outer loop
      vertex 93.0083 33.761 -9
      vertex 93.0083 56.239 -9
      vertex 93.1161 56.1161 -9
    endloop
  endfacet
  facet normal 0 0 -1
    outer loop
      vertex 92.9175 33.625 -9
      vertex 93.0083 56.239 -9
      vertex 93.0083 33.761 -9
    endloop
  endfacet
  facet normal 0 0 -1
    outer loop
      vertex 92.9175 33.625 -9
      vertex 92.9175 56.375 -9
      vertex 93.0083 56.239 -9
    endloop
  endfacet
  facet normal 0 0 -1
    outer loop
      vertex 57.2074 33.3235 -9
      vertex 92.7926 33.3235 -9
      vertex 57.2393 33.1632 -9
    endloop
  endfacet
  facet normal 0 0 -1
    outer loop
      vertex 92.7926 33.3235 -9
      vertex 57.2074 33.3235 -9
      vertex 92.8452 33.4784 -9
    endloop
  endfacet
  facet normal 0 0 -1
    outer loop
      vertex 92.7607 33.1632 -9
      vertex 57.2393 33.1632 -9
      vertex 92.7926 33.3235 -9
    endloop
  endfacet
  facet normal 0 0 -1
    outer loop
      vertex 57.1549 33.4784 -9
      vertex 92.8452 33.4784 -9
      vertex 57.2074 33.3235 -9
    endloop
  endfacet
  facet normal 0 0 -1
    outer loop
      vertex 57.2393 33.1632 -9
      vertex 92.7607 33.1632 -9
      vertex 57.25 33 -9
    endloop
  endfacet
  facet normal 0 0 -1
    outer loop
      vertex 92.9175 56.375 -9
      vertex 57.25 57 -9
      vertex 92.8452 56.5216 -9
    endloop
  endfacet
  facet normal 0 0 -1
    outer loop
      vertex 57.25 33 -9
      vertex 92.7607 33.1632 -9
      vertex 92.75 33 -9
    endloop
  endfacet
  facet normal 0 0 -1
    outer loop
      vertex 92.8452 56.5216 -9
      vertex 57.25 57 -9
      vertex 92.7926 56.6765 -9
    endloop
  endfacet
  facet normal 0 0 -1
    outer loop
      vertex 153.3 -3.3 -9
      vertex 149 23 -9
      vertex 153.3 93.3 -9
    endloop
  endfacet
  facet normal 0 0 -1
    outer loop
      vertex 153.3 -3.3 -9
      vertex 105 23 -9
      vertex 149 23 -9
    endloop
  endfacet
  facet normal 0 0 -1
    outer loop
      vertex 95.2393 33.1632 -9
      vertex 105 23 -9
      vertex 95.25 33 -9
    endloop
  endfacet
  facet normal 0 0 -1
    outer loop
      vertex 105 23 -9
      vertex 95.2393 32.8368 -9
      vertex 95.25 33 -9
    endloop
  endfacet
  facet normal 0 0 -1
    outer loop
      vertex 105 23 -9
      vertex 95.2074 32.6765 -9
      vertex 95.2393 32.8368 -9
    endloop
  endfacet
  facet normal 0 0 -1
    outer loop
      vertex 105 23 -9
      vertex 95.1548 32.5216 -9
      vertex 95.2074 32.6765 -9
    endloop
  endfacet
  facet normal 0 0 -1
    outer loop
      vertex 105 23 -9
      vertex 95.0825 32.375 -9
      vertex 95.1548 32.5216 -9
    endloop
  endfacet
  facet normal 0 0 -1
    outer loop
      vertex 105 23 -9
      vertex 94.9917 32.239 -9
      vertex 95.0825 32.375 -9
    endloop
  endfacet
  facet normal 0 0 -1
    outer loop
      vertex 105 23 -9
      vertex 94.8839 32.1161 -9
      vertex 94.9917 32.239 -9
    endloop
  endfacet
  facet normal 0 0 -1
    outer loop
      vertex 105 23 -9
      vertex 94.7609 32.0083 -9
      vertex 94.8839 32.1161 -9
    endloop
  endfacet
  facet normal 0 0 -1
    outer loop
      vertex 105 23 -9
      vertex 94.625 31.9175 -9
      vertex 94.7609 32.0083 -9
    endloop
  endfacet
  facet normal 0 0 -1
    outer loop
      vertex 105 23 -9
      vertex 94.4784 31.8451 -9
      vertex 94.625 31.9175 -9
    endloop
  endfacet
  facet normal 0 0 -1
    outer loop
      vertex 105 23 -9
      vertex 94.3235 31.7926 -9
      vertex 94.4784 31.8451 -9
    endloop
  endfacet
  facet normal 0 0 -1
    outer loop
      vertex 105 23 -9
      vertex 94.1632 31.7607 -9
      vertex 94.3235 31.7926 -9
    endloop
  endfacet
  facet normal 0 0 -1
    outer loop
      vertex 105 23 -9
      vertex 94 31.75 -9
      vertex 94.1632 31.7607 -9
    endloop
  endfacet
  facet normal 0 0 -1
    outer loop
      vertex 105 23 -9
      vertex 93.8368 31.7607 -9
      vertex 94 31.75 -9
    endloop
  endfacet
  facet normal 0 0 -1
    outer loop
      vertex 105 23 -9
      vertex 93.6765 31.7926 -9
      vertex 93.8368 31.7607 -9
    endloop
  endfacet
  facet normal 0 0 -1
    outer loop
      vertex 105 23 -9
      vertex 93.5216 31.8451 -9
      vertex 93.6765 31.7926 -9
    endloop
  endfacet
  facet normal 0 0 -1
    outer loop
      vertex 105 23 -9
      vertex 93.375 31.9175 -9
      vertex 93.5216 31.8451 -9
    endloop
  endfacet
  facet normal 0 0 -1
    outer loop
      vertex 56.625 31.9175 -9
      vertex 93.375 31.9175 -9
      vertex 105 23 -9
    endloop
  endfacet
  facet normal 0 0 -1
    outer loop
      vertex 92.7926 56.6765 -9
      vertex 57.25 57 -9
      vertex 92.7607 56.8368 -9
    endloop
  endfacet
  facet normal 0 0 -1
    outer loop
      vertex 92.7607 32.8368 -9
      vertex 57.25 33 -9
      vertex 92.75 33 -9
    endloop
  endfacet
  facet normal 0 0 -1
    outer loop
      vertex 57.2393 32.8368 -9
      vertex 92.7607 32.8368 -9
      vertex 92.7926 32.6765 -9
    endloop
  endfacet
  facet normal 0 0 -1
    outer loop
      vertex 57.2074 32.6765 -9
      vertex 92.7926 32.6765 -9
      vertex 92.8452 32.5216 -9
    endloop
  endfacet
  facet normal 0 0 -1
    outer loop
      vertex 57.1549 32.5216 -9
      vertex 92.8452 32.5216 -9
      vertex 92.9175 32.375 -9
    endloop
  endfacet
  facet normal 0 0 -1
    outer loop
      vertex 57.0825 32.375 -9
      vertex 92.9175 32.375 -9
      vertex 93.0083 32.239 -9
    endloop
  endfacet
  facet normal 0 0 -1
    outer loop
      vertex 56.9917 32.239 -9
      vertex 93.0083 32.239 -9
      vertex 93.1161 32.1161 -9
    endloop
  endfacet
  facet normal 0 0 -1
    outer loop
      vertex 56.8839 32.1161 -9
      vertex 93.1161 32.1161 -9
      vertex 93.239 32.0083 -9
    endloop
  endfacet
  facet normal 0 0 -1
    outer loop
      vertex 93.375 31.9175 -9
      vertex 56.625 31.9175 -9
      vertex 93.239 32.0083 -9
    endloop
  endfacet
  facet normal 0 0 -1
    outer loop
      vertex 45 23 -9
      vertex 105 23 -9
      vertex 153.3 -3.3 -9
    endloop
  endfacet
  facet normal 0 0 -1
    outer loop
      vertex 92.7607 32.8368 -9
      vertex 57.2393 32.8368 -9
      vertex 57.25 33 -9
    endloop
  endfacet
  facet normal 0 0 -1
    outer loop
      vertex 92.7926 32.6765 -9
      vertex 57.2074 32.6765 -9
      vertex 57.2393 32.8368 -9
    endloop
  endfacet
  facet normal 0 0 -1
    outer loop
      vertex 92.8452 32.5216 -9
      vertex 57.1549 32.5216 -9
      vertex 57.2074 32.6765 -9
    endloop
  endfacet
  facet normal 0 0 -1
    outer loop
      vertex 92.9175 32.375 -9
      vertex 57.0825 32.375 -9
      vertex 57.1549 32.5216 -9
    endloop
  endfacet
  facet normal 0 0 -1
    outer loop
      vertex 93.0083 32.239 -9
      vertex 56.9917 32.239 -9
      vertex 57.0825 32.375 -9
    endloop
  endfacet
  facet normal 0 0 -1
    outer loop
      vertex 93.1161 32.1161 -9
      vertex 56.8839 32.1161 -9
      vertex 56.9917 32.239 -9
    endloop
  endfacet
  facet normal 0 0 -1
    outer loop
      vertex 93.239 32.0083 -9
      vertex 56.761 32.0083 -9
      vertex 56.8839 32.1161 -9
    endloop
  endfacet
  facet normal -0 0 -1
    outer loop
      vertex 93.239 32.0083 -9
      vertex 56.625 31.9175 -9
      vertex 56.761 32.0083 -9
    endloop
  endfacet
  facet normal 0 0 -1
    outer loop
      vertex 105 23 -9
      vertex 45 23 -9
      vertex 56.625 31.9175 -9
    endloop
  endfacet
  facet normal 0 0 -1
    outer loop
      vertex 56.625 31.9175 -9
      vertex 45 23 -9
      vertex 56.4784 31.8451 -9
    endloop
  endfacet
  facet normal 0 0 -1
    outer loop
      vertex 56.4784 31.8451 -9
      vertex 45 23 -9
      vertex 56.3235 31.7926 -9
    endloop
  endfacet
  facet normal 0 0 -1
    outer loop
      vertex 56.3235 31.7926 -9
      vertex 45 23 -9
      vertex 56.1632 31.7607 -9
    endloop
  endfacet
  facet normal 0 0 -1
    outer loop
      vertex 56.1632 31.7607 -9
      vertex 45 23 -9
      vertex 56 31.75 -9
    endloop
  endfacet
  facet normal -0 0 -1
    outer loop
      vertex 56 31.75 -9
      vertex 45 23 -9
      vertex 55.8368 31.7607 -9
    endloop
  endfacet
  facet normal -0 0 -1
    outer loop
      vertex 55.8368 31.7607 -9
      vertex 45 23 -9
      vertex 55.6765 31.7926 -9
    endloop
  endfacet
  facet normal 0 0 -1
    outer loop
      vertex 54.7926 56.6765 -9
      vertex 45 67 -9
      vertex 54.7607 56.8368 -9
    endloop
  endfacet
  facet normal -0 0 -1
    outer loop
      vertex 54.7607 32.8368 -9
      vertex 45 23 -9
      vertex 54.75 33 -9
    endloop
  endfacet
  facet normal -0 0 -1
    outer loop
      vertex 54.7926 32.6765 -9
      vertex 45 23 -9
      vertex 54.7607 32.8368 -9
    endloop
  endfacet
  facet normal -0 0 -1
    outer loop
      vertex 54.8451 32.5216 -9
      vertex 45 23 -9
      vertex 54.7926 32.6765 -9
    endloop
  endfacet
  facet normal -0 0 -1
    outer loop
      vertex 54.9175 32.375 -9
      vertex 45 23 -9
      vertex 54.8451 32.5216 -9
    endloop
  endfacet
  facet normal -0 0 -1
    outer loop
      vertex 55.0083 32.239 -9
      vertex 45 23 -9
      vertex 54.9175 32.375 -9
    endloop
  endfacet
  facet normal -0 0 -1
    outer loop
      vertex 55.1161 32.1161 -9
      vertex 45 23 -9
      vertex 55.0083 32.239 -9
    endloop
  endfacet
  facet normal -0 0 -1
    outer loop
      vertex 55.239 32.0083 -9
      vertex 45 23 -9
      vertex 55.1161 32.1161 -9
    endloop
  endfacet
  facet normal -0 0 -1
    outer loop
      vertex 55.375 31.9175 -9
      vertex 45 23 -9
      vertex 55.239 32.0083 -9
    endloop
  endfacet
  facet normal -0 0 -1
    outer loop
      vertex 55.5216 31.8451 -9
      vertex 45 23 -9
      vertex 55.375 31.9175 -9
    endloop
  endfacet
  facet normal -0 0 -1
    outer loop
      vertex 55.6765 31.7926 -9
      vertex 45 23 -9
      vertex 55.5216 31.8451 -9
    endloop
  endfacet
  facet normal 0 0 -1
    outer loop
      vertex -3.3 -3.3 -9
      vertex 45 23 -9
      vertex 153.3 -3.3 -9
    endloop
  endfacet
  facet normal -0 0 -1
    outer loop
      vertex 1 23 -9
      vertex -3.3 -3.3 -9
      vertex 1 67 -9
    endloop
  endfacet
  facet normal -0 0 -1
    outer loop
      vertex 45 23 -9
      vertex -3.3 -3.3 -9
      vertex 1 23 -9
    endloop
  endfacet
  facet normal 0 0 -1
    outer loop
      vertex 149 67 -9
      vertex 153.3 93.3 -9
      vertex 149 23 -9
    endloop
  endfacet
  facet normal 0 0 -1
    outer loop
      vertex 105 67 -9
      vertex 153.3 93.3 -9
      vertex 149 67 -9
    endloop
  endfacet
  facet normal 0 0 -1
    outer loop
      vertex 95.2074 33.3235 -9
      vertex 105 23 -9
      vertex 95.2393 33.1632 -9
    endloop
  endfacet
  facet normal 0 0 -1
    outer loop
      vertex 95.2393 57.1632 -9
      vertex 105 67 -9
      vertex 95.25 57 -9
    endloop
  endfacet
  facet normal 0 0 -1
    outer loop
      vertex 95.2074 57.3235 -9
      vertex 105 67 -9
      vertex 95.2393 57.1632 -9
    endloop
  endfacet
  facet normal 0 0 -1
    outer loop
      vertex 95.1548 57.4784 -9
      vertex 105 67 -9
      vertex 95.2074 57.3235 -9
    endloop
  endfacet
  facet normal 0 0 -1
    outer loop
      vertex 95.0825 57.625 -9
      vertex 105 67 -9
      vertex 95.1548 57.4784 -9
    endloop
  endfacet
  facet normal 0 0 -1
    outer loop
      vertex 94.9917 57.761 -9
      vertex 105 67 -9
      vertex 95.0825 57.625 -9
    endloop
  endfacet
  facet normal 0 0 -1
    outer loop
      vertex 94.8839 57.8839 -9
      vertex 105 67 -9
      vertex 94.9917 57.761 -9
    endloop
  endfacet
  facet normal 0 0 -1
    outer loop
      vertex 94.7609 57.9917 -9
      vertex 105 67 -9
      vertex 94.8839 57.8839 -9
    endloop
  endfacet
  facet normal 0 0 -1
    outer loop
      vertex 94.625 58.0825 -9
      vertex 105 67 -9
      vertex 94.7609 57.9917 -9
    endloop
  endfacet
  facet normal 0 0 -1
    outer loop
      vertex 94.4784 58.1549 -9
      vertex 105 67 -9
      vertex 94.625 58.0825 -9
    endloop
  endfacet
  facet normal 0 0 -1
    outer loop
      vertex 94.3235 58.2074 -9
      vertex 105 67 -9
      vertex 94.4784 58.1549 -9
    endloop
  endfacet
  facet normal 0 0 -1
    outer loop
      vertex 94.1632 58.2393 -9
      vertex 105 67 -9
      vertex 94.3235 58.2074 -9
    endloop
  endfacet
  facet normal 0 0 -1
    outer loop
      vertex 94 58.25 -9
      vertex 105 67 -9
      vertex 94.1632 58.2393 -9
    endloop
  endfacet
  facet normal 0 0 -1
    outer loop
      vertex 93.8368 58.2393 -9
      vertex 105 67 -9
      vertex 94 58.25 -9
    endloop
  endfacet
  facet normal 0 0 -1
    outer loop
      vertex 93.6765 58.2074 -9
      vertex 105 67 -9
      vertex 93.8368 58.2393 -9
    endloop
  endfacet
  facet normal 0 0 -1
    outer loop
      vertex 93.5216 58.1549 -9
      vertex 105 67 -9
      vertex 93.6765 58.2074 -9
    endloop
  endfacet
  facet normal 0 0 -1
    outer loop
      vertex 93.375 58.0825 -9
      vertex 105 67 -9
      vertex 93.5216 58.1549 -9
    endloop
  endfacet
  facet normal 0 0 -1
    outer loop
      vertex 56.625 58.0825 -9
      vertex 93.375 58.0825 -9
      vertex 93.239 57.9917 -9
    endloop
  endfacet
  facet normal 0 0 -1
    outer loop
      vertex 92.7607 56.8368 -9
      vertex 57.25 57 -9
      vertex 92.75 57 -9
    endloop
  endfacet
  facet normal 0 0 -1
    outer loop
      vertex 92.75 57 -9
      vertex 57.25 57 -9
      vertex 92.7607 57.1632 -9
    endloop
  endfacet
  facet normal 0 0 -1
    outer loop
      vertex 57.2393 57.1632 -9
      vertex 92.7607 57.1632 -9
      vertex 57.25 57 -9
    endloop
  endfacet
  facet normal 0 0 -1
    outer loop
      vertex 92.7607 57.1632 -9
      vertex 57.2393 57.1632 -9
      vertex 92.7926 57.3235 -9
    endloop
  endfacet
  facet normal 0 0 -1
    outer loop
      vertex 57.2074 57.3235 -9
      vertex 92.7926 57.3235 -9
      vertex 57.2393 57.1632 -9
    endloop
  endfacet
  facet normal 0 0 -1
    outer loop
      vertex 92.7926 57.3235 -9
      vertex 57.2074 57.3235 -9
      vertex 92.8452 57.4784 -9
    endloop
  endfacet
  facet normal 0 0 -1
    outer loop
      vertex 57.1549 57.4784 -9
      vertex 92.8452 57.4784 -9
      vertex 57.2074 57.3235 -9
    endloop
  endfacet
  facet normal 0 0 -1
    outer loop
      vertex 92.8452 57.4784 -9
      vertex 57.1549 57.4784 -9
      vertex 92.9175 57.625 -9
    endloop
  endfacet
  facet normal 0 0 -1
    outer loop
      vertex 57.0825 57.625 -9
      vertex 92.9175 57.625 -9
      vertex 57.1549 57.4784 -9
    endloop
  endfacet
  facet normal 0 0 -1
    outer loop
      vertex 92.9175 57.625 -9
      vertex 57.0825 57.625 -9
      vertex 93.0083 57.761 -9
    endloop
  endfacet
  facet normal 0 0 -1
    outer loop
      vertex 56.9917 57.761 -9
      vertex 93.0083 57.761 -9
      vertex 57.0825 57.625 -9
    endloop
  endfacet
  facet normal 0 0 -1
    outer loop
      vertex 93.0083 57.761 -9
      vertex 56.9917 57.761 -9
      vertex 93.1161 57.8839 -9
    endloop
  endfacet
  facet normal 0 0 -1
    outer loop
      vertex 56.8839 57.8839 -9
      vertex 93.1161 57.8839 -9
      vertex 56.9917 57.761 -9
    endloop
  endfacet
  facet normal 0 0 -1
    outer loop
      vertex 93.1161 57.8839 -9
      vertex 56.8839 57.8839 -9
      vertex 93.239 57.9917 -9
    endloop
  endfacet
  facet normal 0 0 -1
    outer loop
      vertex 56.761 57.9917 -9
      vertex 93.239 57.9917 -9
      vertex 56.8839 57.8839 -9
    endloop
  endfacet
  facet normal 0 0 -1
    outer loop
      vertex 56.625 58.0825 -9
      vertex 93.239 57.9917 -9
      vertex 56.761 57.9917 -9
    endloop
  endfacet
  facet normal 0 0 -1
    outer loop
      vertex 93.375 58.0825 -9
      vertex 56.625 58.0825 -9
      vertex 105 67 -9
    endloop
  endfacet
  facet normal 0 0 -1
    outer loop
      vertex 45 67 -9
      vertex 105 67 -9
      vertex 56.625 58.0825 -9
    endloop
  endfacet
  facet normal 0 0 -1
    outer loop
      vertex 45 67 -9
      vertex 56.625 58.0825 -9
      vertex 56.4784 58.1549 -9
    endloop
  endfacet
  facet normal 0 0 -1
    outer loop
      vertex 45 67 -9
      vertex 56.4784 58.1549 -9
      vertex 56.3235 58.2074 -9
    endloop
  endfacet
  facet normal 0 0 -1
    outer loop
      vertex 45 67 -9
      vertex 56.3235 58.2074 -9
      vertex 56.1632 58.2393 -9
    endloop
  endfacet
  facet normal 0 0 -1
    outer loop
      vertex 45 67 -9
      vertex 56.1632 58.2393 -9
      vertex 56 58.25 -9
    endloop
  endfacet
  facet normal 0 0 -1
    outer loop
      vertex 45 67 -9
      vertex 56 58.25 -9
      vertex 55.8368 58.2393 -9
    endloop
  endfacet
  facet normal 0 0 -1
    outer loop
      vertex 45 67 -9
      vertex 55.8368 58.2393 -9
      vertex 55.6765 58.2074 -9
    endloop
  endfacet
  facet normal 0 0 -1
    outer loop
      vertex 45 67 -9
      vertex 55.6765 58.2074 -9
      vertex 55.5216 58.1549 -9
    endloop
  endfacet
  facet normal 0 0 -1
    outer loop
      vertex 54.7607 56.8368 -9
      vertex 45 67 -9
      vertex 54.75 57 -9
    endloop
  endfacet
  facet normal 0 0 -1
    outer loop
      vertex 54.75 57 -9
      vertex 45 67 -9
      vertex 54.7607 57.1632 -9
    endloop
  endfacet
  facet normal 0 0 -1
    outer loop
      vertex 54.7607 57.1632 -9
      vertex 45 67 -9
      vertex 54.7926 57.3235 -9
    endloop
  endfacet
  facet normal 0 0 -1
    outer loop
      vertex 45 67 -9
      vertex 54.8451 57.4784 -9
      vertex 54.7926 57.3235 -9
    endloop
  endfacet
  facet normal 0 0 -1
    outer loop
      vertex 45 67 -9
      vertex 54.9175 57.625 -9
      vertex 54.8451 57.4784 -9
    endloop
  endfacet
  facet normal 0 0 -1
    outer loop
      vertex 45 67 -9
      vertex 55.0083 57.761 -9
      vertex 54.9175 57.625 -9
    endloop
  endfacet
  facet normal 0 0 -1
    outer loop
      vertex 45 67 -9
      vertex 55.1161 57.8839 -9
      vertex 55.0083 57.761 -9
    endloop
  endfacet
  facet normal 0 0 -1
    outer loop
      vertex 45 67 -9
      vertex 55.239 57.9917 -9
      vertex 55.1161 57.8839 -9
    endloop
  endfacet
  facet normal 0 0 -1
    outer loop
      vertex 45 67 -9
      vertex 55.375 58.0825 -9
      vertex 55.239 57.9917 -9
    endloop
  endfacet
  facet normal 0 0 -1
    outer loop
      vertex 45 67 -9
      vertex 55.5216 58.1549 -9
      vertex 55.375 58.0825 -9
    endloop
  endfacet
  facet normal 0 0 -1
    outer loop
      vertex 105 67 -9
      vertex 45 67 -9
      vertex 153.3 93.3 -9
    endloop
  endfacet
  facet normal 0 0 -1
    outer loop
      vertex -3.3 93.3 -9
      vertex 45 67 -9
      vertex 1 67 -9
    endloop
  endfacet
  facet normal 0 0 -1
    outer loop
      vertex 45 67 -9
      vertex -3.3 93.3 -9
      vertex 153.3 93.3 -9
    endloop
  endfacet
  facet normal 0 0 -1
    outer loop
      vertex -3.3 93.3 -9
      vertex 1 67 -9
      vertex -3.3 -3.3 -9
    endloop
  endfacet
  facet normal -1 0 0
    outer loop
      vertex -3.3 81.2393 -3.83684
      vertex -3.3 93.3 -9
      vertex -3.3 81.25 -4
    endloop
  endfacet
  facet normal -1 0 0
    outer loop
      vertex -3.3 93.3 -9
      vertex -3.3 81.2393 -4.16316
      vertex -3.3 81.25 -4
    endloop
  endfacet
  facet normal -1 0 0
    outer loop
      vertex -3.3 93.3 -9
      vertex -3.3 81.2074 -4.32352
      vertex -3.3 81.2393 -4.16316
    endloop
  endfacet
  facet normal -1 0 0
    outer loop
      vertex -3.3 93.3 -9
      vertex -3.3 81.1548 -4.47835
      vertex -3.3 81.2074 -4.32352
    endloop
  endfacet
  facet normal -1 0 0
    outer loop
      vertex -3.3 93.3 -9
      vertex -3.3 81.0825 -4.625
      vertex -3.3 81.1548 -4.47835
    endloop
  endfacet
  facet normal -1 0 0
    outer loop
      vertex -3.3 93.3 -9
      vertex -3.3 80.9917 -4.76095
      vertex -3.3 81.0825 -4.625
    endloop
  endfacet
  facet normal -1 0 0
    outer loop
      vertex -3.3 93.3 -9
      vertex -3.3 80.8839 -4.88388
      vertex -3.3 80.9917 -4.76095
    endloop
  endfacet
  facet normal -1 0 0
    outer loop
      vertex -3.3 93.3 -9
      vertex -3.3 80.7609 -4.99169
      vertex -3.3 80.8839 -4.88388
    endloop
  endfacet
  facet normal -1 0 0
    outer loop
      vertex -3.3 93.3 -9
      vertex -3.3 80.625 -5.08253
      vertex -3.3 80.7609 -4.99169
    endloop
  endfacet
  facet normal -1 0 0
    outer loop
      vertex -3.3 93.3 -9
      vertex -3.3 80.4784 -5.15485
      vertex -3.3 80.625 -5.08253
    endloop
  endfacet
  facet normal -1 0 0
    outer loop
      vertex -3.3 93.3 -9
      vertex -3.3 80.3235 -5.20741
      vertex -3.3 80.4784 -5.15485
    endloop
  endfacet
  facet normal -1 0 0
    outer loop
      vertex -3.3 93.3 -9
      vertex -3.3 80.1632 -5.23931
      vertex -3.3 80.3235 -5.20741
    endloop
  endfacet
  facet normal -1 0 0
    outer loop
      vertex -3.3 93.3 -9
      vertex -3.3 80 -5.25
      vertex -3.3 80.1632 -5.23931
    endloop
  endfacet
  facet normal -1 0 0
    outer loop
      vertex -3.3 93.3 -9
      vertex -3.3 79.8368 -5.23931
      vertex -3.3 80 -5.25
    endloop
  endfacet
  facet normal -1 0 0
    outer loop
      vertex -3.3 93.3 -9
      vertex -3.3 79.6765 -5.20741
      vertex -3.3 79.8368 -5.23931
    endloop
  endfacet
  facet normal -1 0 0
    outer loop
      vertex -3.3 78.7607 -4.16316
      vertex -3.3 47.25 -1
      vertex -3.3 78.75 -4
    endloop
  endfacet
  facet normal -1 0 0
    outer loop
      vertex -3.3 78.7926 -4.32352
      vertex -3.3 47.25 -1
      vertex -3.3 78.7607 -4.16316
    endloop
  endfacet
  facet normal -1 0 0
    outer loop
      vertex -3.3 78.8452 -4.47835
      vertex -3.3 47.25 -1
      vertex -3.3 78.7926 -4.32352
    endloop
  endfacet
  facet normal -1 0 0
    outer loop
      vertex -3.3 78.9175 -4.625
      vertex -3.3 47.25 -1
      vertex -3.3 78.8452 -4.47835
    endloop
  endfacet
  facet normal -1 0 0
    outer loop
      vertex -3.3 79.0083 -4.76095
      vertex -3.3 47.25 -1
      vertex -3.3 78.9175 -4.625
    endloop
  endfacet
  facet normal -1 0 0
    outer loop
      vertex -3.3 79.1161 -4.88388
      vertex -3.3 47.25 -1
      vertex -3.3 79.0083 -4.76095
    endloop
  endfacet
  facet normal -1 0 0
    outer loop
      vertex -3.3 79.239 -4.99169
      vertex -3.3 47.25 -1
      vertex -3.3 79.1161 -4.88388
    endloop
  endfacet
  facet normal -1 0 0
    outer loop
      vertex -3.3 79.375 -5.08253
      vertex -3.3 47.25 -1
      vertex -3.3 79.239 -4.99169
    endloop
  endfacet
  facet normal -1 0 0
    outer loop
      vertex -3.3 79.5216 -5.15485
      vertex -3.3 47.25 -1
      vertex -3.3 79.375 -5.08253
    endloop
  endfacet
  facet normal -1 0 0
    outer loop
      vertex -3.3 79.6765 -5.20741
      vertex -3.3 47.25 -1
      vertex -3.3 79.5216 -5.15485
    endloop
  endfacet
  facet normal -1 0 0
    outer loop
      vertex -3.3 -3.3 -9
      vertex -3.3 79.6765 -5.20741
      vertex -3.3 93.3 -9
    endloop
  endfacet
  facet normal -1 -0 0
    outer loop
      vertex -3.3 79.6765 -5.20741
      vertex -3.3 -3.3 -9
      vertex -3.3 47.25 -1
    endloop
  endfacet
  facet normal -1 -0 0
    outer loop
      vertex -3.3 47.25 -1
      vertex -3.3 -3.3 -9
      vertex -3.3 33.75 -1
    endloop
  endfacet
  facet normal -1 0 0
    outer loop
      vertex -3.3 -3.3 7.6
      vertex -3.3 33.75 -1
      vertex -3.3 -3.3 -9
    endloop
  endfacet
  facet normal -1 0 0
    outer loop
      vertex -3.3 33.75 -1
      vertex -3.3 -3.3 7.6
      vertex -3.3 33.75 7.6
    endloop
  endfacet
  facet normal -1 0 0
    outer loop
      vertex -3.3 81.2074 -3.67648
      vertex -3.3 93.3 -9
      vertex -3.3 81.2393 -3.83684
    endloop
  endfacet
  facet normal -1 0 0
    outer loop
      vertex -3.3 93.3 -9
      vertex -3.3 81.2074 -3.67648
      vertex -3.3 93.3 7.6
    endloop
  endfacet
  facet normal -1 0 0
    outer loop
      vertex -3.3 81.1548 -3.52165
      vertex -3.3 93.3 7.6
      vertex -3.3 81.2074 -3.67648
    endloop
  endfacet
  facet normal -1 0 0
    outer loop
      vertex -3.3 81.0825 -3.375
      vertex -3.3 93.3 7.6
      vertex -3.3 81.1548 -3.52165
    endloop
  endfacet
  facet normal -1 0 0
    outer loop
      vertex -3.3 80.9917 -3.23905
      vertex -3.3 93.3 7.6
      vertex -3.3 81.0825 -3.375
    endloop
  endfacet
  facet normal -1 0 0
    outer loop
      vertex -3.3 80.8839 -3.11612
      vertex -3.3 93.3 7.6
      vertex -3.3 80.9917 -3.23905
    endloop
  endfacet
  facet normal -1 0 0
    outer loop
      vertex -3.3 80.7609 -3.00831
      vertex -3.3 93.3 7.6
      vertex -3.3 80.8839 -3.11612
    endloop
  endfacet
  facet normal -1 0 0
    outer loop
      vertex -3.3 80.625 -2.91747
      vertex -3.3 93.3 7.6
      vertex -3.3 80.7609 -3.00831
    endloop
  endfacet
  facet normal -1 0 0
    outer loop
      vertex -3.3 80.4784 -2.84515
      vertex -3.3 93.3 7.6
      vertex -3.3 80.625 -2.91747
    endloop
  endfacet
  facet normal -1 0 0
    outer loop
      vertex -3.3 80.3235 -2.79259
      vertex -3.3 93.3 7.6
      vertex -3.3 80.4784 -2.84515
    endloop
  endfacet
  facet normal -1 0 0
    outer loop
      vertex -3.3 80.1632 -2.76069
      vertex -3.3 93.3 7.6
      vertex -3.3 80.3235 -2.79259
    endloop
  endfacet
  facet normal -1 0 0
    outer loop
      vertex -3.3 80 -2.75
      vertex -3.3 93.3 7.6
      vertex -3.3 80.1632 -2.76069
    endloop
  endfacet
  facet normal -1 0 0
    outer loop
      vertex -3.3 79.8368 -2.76069
      vertex -3.3 93.3 7.6
      vertex -3.3 80 -2.75
    endloop
  endfacet
  facet normal -1 0 0
    outer loop
      vertex -3.3 79.6765 -2.79259
      vertex -3.3 93.3 7.6
      vertex -3.3 79.8368 -2.76069
    endloop
  endfacet
  facet normal -1 0 0
    outer loop
      vertex -3.3 79.5216 -2.84515
      vertex -3.3 93.3 7.6
      vertex -3.3 79.6765 -2.79259
    endloop
  endfacet
  facet normal -1 0 0
    outer loop
      vertex -3.3 47.25 7.6
      vertex -3.3 79.5216 -2.84515
      vertex -3.3 79.375 -2.91747
    endloop
  endfacet
  facet normal -1 0 0
    outer loop
      vertex -3.3 47.25 7.6
      vertex -3.3 79.375 -2.91747
      vertex -3.3 79.239 -3.00831
    endloop
  endfacet
  facet normal -1 0 0
    outer loop
      vertex -3.3 47.25 -1
      vertex -3.3 78.7607 -3.83684
      vertex -3.3 78.75 -4
    endloop
  endfacet
  facet normal -1 0 0
    outer loop
      vertex -3.3 47.25 -1
      vertex -3.3 78.7926 -3.67648
      vertex -3.3 78.7607 -3.83684
    endloop
  endfacet
  facet normal -1 0 0
    outer loop
      vertex -3.3 47.25 -1
      vertex -3.3 78.8452 -3.52165
      vertex -3.3 78.7926 -3.67648
    endloop
  endfacet
  facet normal -1 0 0
    outer loop
      vertex -3.3 47.25 7.6
      vertex -3.3 78.8452 -3.52165
      vertex -3.3 47.25 -1
    endloop
  endfacet
  facet normal -1 0 0
    outer loop
      vertex -3.3 78.8452 -3.52165
      vertex -3.3 47.25 7.6
      vertex -3.3 78.9175 -3.375
    endloop
  endfacet
  facet normal -1 0 0
    outer loop
      vertex -3.3 78.9175 -3.375
      vertex -3.3 47.25 7.6
      vertex -3.3 79.0083 -3.23905
    endloop
  endfacet
  facet normal -1 0 0
    outer loop
      vertex -3.3 79.0083 -3.23905
      vertex -3.3 47.25 7.6
      vertex -3.3 79.1161 -3.11612
    endloop
  endfacet
  facet normal -1 0 0
    outer loop
      vertex -3.3 79.1161 -3.11612
      vertex -3.3 47.25 7.6
      vertex -3.3 79.239 -3.00831
    endloop
  endfacet
  facet normal -1 0 0
    outer loop
      vertex -3.3 79.5216 -2.84515
      vertex -3.3 47.25 7.6
      vertex -3.3 93.3 7.6
    endloop
  endfacet
  facet normal 0 1 0
    outer loop
      vertex 153.3 93.3 7.6
      vertex 75 93.3 -2.75
      vertex -3.3 93.3 7.6
    endloop
  endfacet
  facet normal 0 1 0
    outer loop
      vertex 153.3 93.3 7.6
      vertex 75.1632 93.3 -2.76069
      vertex 75 93.3 -2.75
    endloop
  endfacet
  facet normal 0 1 0
    outer loop
      vertex 153.3 93.3 7.6
      vertex 75.3235 93.3 -2.79259
      vertex 75.1632 93.3 -2.76069
    endloop
  endfacet
  facet normal 0 1 0
    outer loop
      vertex 153.3 93.3 7.6
      vertex 75.4784 93.3 -2.84515
      vertex 75.3235 93.3 -2.79259
    endloop
  endfacet
  facet normal 0 1 0
    outer loop
      vertex 153.3 93.3 7.6
      vertex 75.625 93.3 -2.91747
      vertex 75.4784 93.3 -2.84515
    endloop
  endfacet
  facet normal 0 1 0
    outer loop
      vertex 153.3 93.3 7.6
      vertex 75.7609 93.3 -3.00831
      vertex 75.625 93.3 -2.91747
    endloop
  endfacet
  facet normal 0 1 0
    outer loop
      vertex 153.3 93.3 7.6
      vertex 75.8839 93.3 -3.11612
      vertex 75.7609 93.3 -3.00831
    endloop
  endfacet
  facet normal 0 1 0
    outer loop
      vertex 153.3 93.3 7.6
      vertex 75.9917 93.3 -3.23905
      vertex 75.8839 93.3 -3.11612
    endloop
  endfacet
  facet normal 0 1 0
    outer loop
      vertex 153.3 93.3 7.6
      vertex 76.0825 93.3 -3.375
      vertex 75.9917 93.3 -3.23905
    endloop
  endfacet
  facet normal 0 1 0
    outer loop
      vertex 153.3 93.3 7.6
      vertex 76.1548 93.3 -3.52165
      vertex 76.0825 93.3 -3.375
    endloop
  endfacet
  facet normal 0 1 0
    outer loop
      vertex 153.3 93.3 7.6
      vertex 76.2074 93.3 -3.67648
      vertex 76.1548 93.3 -3.52165
    endloop
  endfacet
  facet normal 0 1 0
    outer loop
      vertex 153.3 93.3 7.6
      vertex 76.2393 93.3 -3.83684
      vertex 76.2074 93.3 -3.67648
    endloop
  endfacet
  facet normal 0 1 -0
    outer loop
      vertex 153.3 93.3 -9
      vertex 76.2393 93.3 -3.83684
      vertex 153.3 93.3 7.6
    endloop
  endfacet
  facet normal 0 1 0
    outer loop
      vertex 76.2393 93.3 -3.83684
      vertex 153.3 93.3 -9
      vertex 76.25 93.3 -4
    endloop
  endfacet
  facet normal 0 1 0
    outer loop
      vertex 76.25 93.3 -4
      vertex 153.3 93.3 -9
      vertex 76.2393 93.3 -4.16316
    endloop
  endfacet
  facet normal 0 1 0
    outer loop
      vertex 76.2393 93.3 -4.16316
      vertex 153.3 93.3 -9
      vertex 76.2074 93.3 -4.32352
    endloop
  endfacet
  facet normal 0 1 0
    outer loop
      vertex 76.2074 93.3 -4.32352
      vertex 153.3 93.3 -9
      vertex 76.1548 93.3 -4.47835
    endloop
  endfacet
  facet normal 0 1 0
    outer loop
      vertex 76.1548 93.3 -4.47835
      vertex 153.3 93.3 -9
      vertex 76.0825 93.3 -4.625
    endloop
  endfacet
  facet normal 0 1 0
    outer loop
      vertex 76.0825 93.3 -4.625
      vertex 153.3 93.3 -9
      vertex 75.9917 93.3 -4.76095
    endloop
  endfacet
  facet normal 0 1 0
    outer loop
      vertex 75.9917 93.3 -4.76095
      vertex 153.3 93.3 -9
      vertex 75.8839 93.3 -4.88388
    endloop
  endfacet
  facet normal 0 1 0
    outer loop
      vertex 75.8839 93.3 -4.88388
      vertex 153.3 93.3 -9
      vertex 75.7609 93.3 -4.99169
    endloop
  endfacet
  facet normal 0 1 0
    outer loop
      vertex 75.7609 93.3 -4.99169
      vertex 153.3 93.3 -9
      vertex 75.625 93.3 -5.08253
    endloop
  endfacet
  facet normal 0 1 0
    outer loop
      vertex 75.625 93.3 -5.08253
      vertex 153.3 93.3 -9
      vertex 75.4784 93.3 -5.15485
    endloop
  endfacet
  facet normal 0 1 0
    outer loop
      vertex 75.4784 93.3 -5.15485
      vertex 153.3 93.3 -9
      vertex 75.3235 93.3 -5.20741
    endloop
  endfacet
  facet normal 0 1 0
    outer loop
      vertex 75.1632 93.3 -5.23931
      vertex 153.3 93.3 -9
      vertex 75 93.3 -5.25
    endloop
  endfacet
  facet normal 0 1 0
    outer loop
      vertex 75.3235 93.3 -5.20741
      vertex 153.3 93.3 -9
      vertex 75.1632 93.3 -5.23931
    endloop
  endfacet
  facet normal 0 1 -0
    outer loop
      vertex 74.8368 93.3 -2.76069
      vertex -3.3 93.3 7.6
      vertex 75 93.3 -2.75
    endloop
  endfacet
  facet normal 0 1 -0
    outer loop
      vertex 74.6765 93.3 -2.79259
      vertex -3.3 93.3 7.6
      vertex 74.8368 93.3 -2.76069
    endloop
  endfacet
  facet normal 0 1 -0
    outer loop
      vertex 74.5216 93.3 -2.84515
      vertex -3.3 93.3 7.6
      vertex 74.6765 93.3 -2.79259
    endloop
  endfacet
  facet normal 0 1 -0
    outer loop
      vertex 74.375 93.3 -2.91747
      vertex -3.3 93.3 7.6
      vertex 74.5216 93.3 -2.84515
    endloop
  endfacet
  facet normal 0 1 -0
    outer loop
      vertex 74.239 93.3 -3.00831
      vertex -3.3 93.3 7.6
      vertex 74.375 93.3 -2.91747
    endloop
  endfacet
  facet normal 0 1 -0
    outer loop
      vertex 74.1161 93.3 -3.11612
      vertex -3.3 93.3 7.6
      vertex 74.239 93.3 -3.00831
    endloop
  endfacet
  facet normal 0 1 -0
    outer loop
      vertex 74.0083 93.3 -3.23905
      vertex -3.3 93.3 7.6
      vertex 74.1161 93.3 -3.11612
    endloop
  endfacet
  facet normal 0 1 -0
    outer loop
      vertex 73.9175 93.3 -3.375
      vertex -3.3 93.3 7.6
      vertex 74.0083 93.3 -3.23905
    endloop
  endfacet
  facet normal 0 1 -0
    outer loop
      vertex 73.8452 93.3 -3.52165
      vertex -3.3 93.3 7.6
      vertex 73.9175 93.3 -3.375
    endloop
  endfacet
  facet normal 0 1 -0
    outer loop
      vertex 73.7926 93.3 -3.67648
      vertex -3.3 93.3 7.6
      vertex 73.8452 93.3 -3.52165
    endloop
  endfacet
  facet normal 0 1 -0
    outer loop
      vertex 73.7607 93.3 -3.83684
      vertex -3.3 93.3 7.6
      vertex 73.7926 93.3 -3.67648
    endloop
  endfacet
  facet normal 0 1 0
    outer loop
      vertex -3.3 93.3 -9
      vertex 73.7607 93.3 -3.83684
      vertex 73.75 93.3 -4
    endloop
  endfacet
  facet normal 0 1 0
    outer loop
      vertex -3.3 93.3 -9
      vertex 73.75 93.3 -4
      vertex 73.7607 93.3 -4.16316
    endloop
  endfacet
  facet normal 0 1 0
    outer loop
      vertex -3.3 93.3 -9
      vertex 73.7607 93.3 -4.16316
      vertex 73.7926 93.3 -4.32352
    endloop
  endfacet
  facet normal 0 1 0
    outer loop
      vertex -3.3 93.3 -9
      vertex 73.7926 93.3 -4.32352
      vertex 73.8452 93.3 -4.47835
    endloop
  endfacet
  facet normal 0 1 0
    outer loop
      vertex -3.3 93.3 -9
      vertex 73.8452 93.3 -4.47835
      vertex 73.9175 93.3 -4.625
    endloop
  endfacet
  facet normal 0 1 0
    outer loop
      vertex -3.3 93.3 -9
      vertex 73.9175 93.3 -4.625
      vertex 74.0083 93.3 -4.76095
    endloop
  endfacet
  facet normal 0 1 0
    outer loop
      vertex -3.3 93.3 -9
      vertex 74.0083 93.3 -4.76095
      vertex 74.1161 93.3 -4.88388
    endloop
  endfacet
  facet normal 0 1 0
    outer loop
      vertex -3.3 93.3 -9
      vertex 74.1161 93.3 -4.88388
      vertex 74.239 93.3 -4.99169
    endloop
  endfacet
  facet normal 0 1 0
    outer loop
      vertex -3.3 93.3 -9
      vertex 74.239 93.3 -4.99169
      vertex 74.375 93.3 -5.08253
    endloop
  endfacet
  facet normal 0 1 0
    outer loop
      vertex -3.3 93.3 -9
      vertex 74.375 93.3 -5.08253
      vertex 74.5216 93.3 -5.15485
    endloop
  endfacet
  facet normal 0 1 0
    outer loop
      vertex -3.3 93.3 -9
      vertex 74.5216 93.3 -5.15485
      vertex 74.6765 93.3 -5.20741
    endloop
  endfacet
  facet normal 0 1 0
    outer loop
      vertex -3.3 93.3 -9
      vertex 74.6765 93.3 -5.20741
      vertex 74.8368 93.3 -5.23931
    endloop
  endfacet
  facet normal 0 1 0
    outer loop
      vertex 73.7607 93.3 -3.83684
      vertex -3.3 93.3 -9
      vertex -3.3 93.3 7.6
    endloop
  endfacet
  facet normal 0 1 0
    outer loop
      vertex 75 93.3 -5.25
      vertex -3.3 93.3 -9
      vertex 74.8368 93.3 -5.23931
    endloop
  endfacet
  facet normal 0 1 0
    outer loop
      vertex -3.3 93.3 -9
      vertex 75 93.3 -5.25
      vertex 153.3 93.3 -9
    endloop
  endfacet
  facet normal 0 -1 0
    outer loop
      vertex 30.1632 -3.3 -2.76069
      vertex -3.3 -3.3 7.6
      vertex 30 -3.3 -2.75
    endloop
  endfacet
  facet normal 0 -1 0
    outer loop
      vertex -3.3 -3.3 7.6
      vertex 29.8368 -3.3 -2.76069
      vertex 30 -3.3 -2.75
    endloop
  endfacet
  facet normal 0 -1 0
    outer loop
      vertex -3.3 -3.3 7.6
      vertex 29.6765 -3.3 -2.79259
      vertex 29.8368 -3.3 -2.76069
    endloop
  endfacet
  facet normal 0 -1 0
    outer loop
      vertex -3.3 -3.3 7.6
      vertex 29.5216 -3.3 -2.84515
      vertex 29.6765 -3.3 -2.79259
    endloop
  endfacet
  facet normal 0 -1 0
    outer loop
      vertex -3.3 -3.3 7.6
      vertex 29.375 -3.3 -2.91747
      vertex 29.5216 -3.3 -2.84515
    endloop
  endfacet
  facet normal 0 -1 0
    outer loop
      vertex -3.3 -3.3 7.6
      vertex 29.239 -3.3 -3.00831
      vertex 29.375 -3.3 -2.91747
    endloop
  endfacet
  facet normal 0 -1 0
    outer loop
      vertex -3.3 -3.3 7.6
      vertex 29.1161 -3.3 -3.11612
      vertex 29.239 -3.3 -3.00831
    endloop
  endfacet
  facet normal 0 -1 0
    outer loop
      vertex -3.3 -3.3 7.6
      vertex 29.0083 -3.3 -3.23905
      vertex 29.1161 -3.3 -3.11612
    endloop
  endfacet
  facet normal 0 -1 0
    outer loop
      vertex -3.3 -3.3 7.6
      vertex 28.9175 -3.3 -3.375
      vertex 29.0083 -3.3 -3.23905
    endloop
  endfacet
  facet normal 0 -1 0
    outer loop
      vertex -3.3 -3.3 7.6
      vertex 28.8451 -3.3 -3.52165
      vertex 28.9175 -3.3 -3.375
    endloop
  endfacet
  facet normal 0 -1 0
    outer loop
      vertex -3.3 -3.3 7.6
      vertex 28.7926 -3.3 -3.67648
      vertex 28.8451 -3.3 -3.52165
    endloop
  endfacet
  facet normal 0 -1 0
    outer loop
      vertex -3.3 -3.3 7.6
      vertex 28.7607 -3.3 -3.83684
      vertex 28.7926 -3.3 -3.67648
    endloop
  endfacet
  facet normal 0 -1 0
    outer loop
      vertex -3.3 -3.3 -9
      vertex 28.7607 -3.3 -3.83684
      vertex -3.3 -3.3 7.6
    endloop
  endfacet
  facet normal 0 -1 0
    outer loop
      vertex 28.7607 -3.3 -3.83684
      vertex -3.3 -3.3 -9
      vertex 28.75 -3.3 -4
    endloop
  endfacet
  facet normal 0 -1 -0
    outer loop
      vertex 28.75 -3.3 -4
      vertex -3.3 -3.3 -9
      vertex 28.7607 -3.3 -4.16316
    endloop
  endfacet
  facet normal 0 -1 -0
    outer loop
      vertex 28.7607 -3.3 -4.16316
      vertex -3.3 -3.3 -9
      vertex 28.7926 -3.3 -4.32352
    endloop
  endfacet
  facet normal 0 -1 -0
    outer loop
      vertex 28.7926 -3.3 -4.32352
      vertex -3.3 -3.3 -9
      vertex 28.8451 -3.3 -4.47835
    endloop
  endfacet
  facet normal 0 -1 -0
    outer loop
      vertex 28.8451 -3.3 -4.47835
      vertex -3.3 -3.3 -9
      vertex 28.9175 -3.3 -4.625
    endloop
  endfacet
  facet normal 0 -1 -0
    outer loop
      vertex 28.9175 -3.3 -4.625
      vertex -3.3 -3.3 -9
      vertex 29.0083 -3.3 -4.76095
    endloop
  endfacet
  facet normal 0 -1 -0
    outer loop
      vertex 29.0083 -3.3 -4.76095
      vertex -3.3 -3.3 -9
      vertex 29.1161 -3.3 -4.88388
    endloop
  endfacet
  facet normal 0 -1 -0
    outer loop
      vertex 29.1161 -3.3 -4.88388
      vertex -3.3 -3.3 -9
      vertex 29.239 -3.3 -4.99169
    endloop
  endfacet
  facet normal 0 -1 -0
    outer loop
      vertex 29.239 -3.3 -4.99169
      vertex -3.3 -3.3 -9
      vertex 29.375 -3.3 -5.08253
    endloop
  endfacet
  facet normal 0 -1 -0
    outer loop
      vertex 29.8368 -3.3 -5.23931
      vertex -3.3 -3.3 -9
      vertex 30 -3.3 -5.25
    endloop
  endfacet
  facet normal 0 -1 -0
    outer loop
      vertex 29.6765 -3.3 -5.20741
      vertex -3.3 -3.3 -9
      vertex 29.8368 -3.3 -5.23931
    endloop
  endfacet
  facet normal 0 -1 -0
    outer loop
      vertex 29.5216 -3.3 -5.15485
      vertex -3.3 -3.3 -9
      vertex 29.6765 -3.3 -5.20741
    endloop
  endfacet
  facet normal 0 -1 -0
    outer loop
      vertex 29.375 -3.3 -5.08253
      vertex -3.3 -3.3 -9
      vertex 29.5216 -3.3 -5.15485
    endloop
  endfacet
  facet normal 0 -1 0
    outer loop
      vertex 30.3235 -3.3 -2.79259
      vertex -3.3 -3.3 7.6
      vertex 30.1632 -3.3 -2.76069
    endloop
  endfacet
  facet normal 0 -1 0
    outer loop
      vertex -3.3 -3.3 7.6
      vertex 30.3235 -3.3 -2.79259
      vertex 153.3 -3.3 7.6
    endloop
  endfacet
  facet normal 0 -1 0
    outer loop
      vertex 30.4784 -3.3 -2.84515
      vertex 153.3 -3.3 7.6
      vertex 30.3235 -3.3 -2.79259
    endloop
  endfacet
  facet normal 0 -1 0
    outer loop
      vertex 30.625 -3.3 -2.91747
      vertex 153.3 -3.3 7.6
      vertex 30.4784 -3.3 -2.84515
    endloop
  endfacet
  facet normal 0 -1 0
    outer loop
      vertex 30.761 -3.3 -3.00831
      vertex 153.3 -3.3 7.6
      vertex 30.625 -3.3 -2.91747
    endloop
  endfacet
  facet normal 0 -1 0
    outer loop
      vertex 30.8839 -3.3 -3.11612
      vertex 153.3 -3.3 7.6
      vertex 30.761 -3.3 -3.00831
    endloop
  endfacet
  facet normal 0 -1 0
    outer loop
      vertex 30.9917 -3.3 -3.23905
      vertex 153.3 -3.3 7.6
      vertex 30.8839 -3.3 -3.11612
    endloop
  endfacet
  facet normal 0 -1 0
    outer loop
      vertex 31.0825 -3.3 -3.375
      vertex 153.3 -3.3 7.6
      vertex 30.9917 -3.3 -3.23905
    endloop
  endfacet
  facet normal 0 -1 0
    outer loop
      vertex 31.1549 -3.3 -3.52165
      vertex 153.3 -3.3 7.6
      vertex 31.0825 -3.3 -3.375
    endloop
  endfacet
  facet normal 0 -1 0
    outer loop
      vertex 31.2074 -3.3 -3.67648
      vertex 153.3 -3.3 7.6
      vertex 31.1549 -3.3 -3.52165
    endloop
  endfacet
  facet normal 0 -1 0
    outer loop
      vertex 31.2393 -3.3 -3.83684
      vertex 153.3 -3.3 7.6
      vertex 31.2074 -3.3 -3.67648
    endloop
  endfacet
  facet normal 0 -1 0
    outer loop
      vertex 31.25 -3.3 -4
      vertex 153.3 -3.3 7.6
      vertex 31.2393 -3.3 -3.83684
    endloop
  endfacet
  facet normal 0 -1 0
    outer loop
      vertex 153.3 -3.3 -9
      vertex 31.25 -3.3 -4
      vertex 31.2393 -3.3 -4.16316
    endloop
  endfacet
  facet normal 0 -1 0
    outer loop
      vertex 153.3 -3.3 -9
      vertex 31.2393 -3.3 -4.16316
      vertex 31.2074 -3.3 -4.32352
    endloop
  endfacet
  facet normal 0 -1 0
    outer loop
      vertex 153.3 -3.3 -9
      vertex 31.2074 -3.3 -4.32352
      vertex 31.1549 -3.3 -4.47835
    endloop
  endfacet
  facet normal 0 -1 0
    outer loop
      vertex 153.3 -3.3 -9
      vertex 31.1549 -3.3 -4.47835
      vertex 31.0825 -3.3 -4.625
    endloop
  endfacet
  facet normal 0 -1 0
    outer loop
      vertex 153.3 -3.3 -9
      vertex 31.0825 -3.3 -4.625
      vertex 30.9917 -3.3 -4.76095
    endloop
  endfacet
  facet normal 0 -1 0
    outer loop
      vertex 153.3 -3.3 -9
      vertex 30.9917 -3.3 -4.76095
      vertex 30.8839 -3.3 -4.88388
    endloop
  endfacet
  facet normal 0 -1 0
    outer loop
      vertex 153.3 -3.3 -9
      vertex 30.8839 -3.3 -4.88388
      vertex 30.761 -3.3 -4.99169
    endloop
  endfacet
  facet normal 0 -1 0
    outer loop
      vertex 153.3 -3.3 -9
      vertex 30.761 -3.3 -4.99169
      vertex 30.625 -3.3 -5.08253
    endloop
  endfacet
  facet normal 0 -1 0
    outer loop
      vertex 153.3 -3.3 -9
      vertex 30.625 -3.3 -5.08253
      vertex 30.4784 -3.3 -5.15485
    endloop
  endfacet
  facet normal 0 -1 0
    outer loop
      vertex 153.3 -3.3 -9
      vertex 30.4784 -3.3 -5.15485
      vertex 30.3235 -3.3 -5.20741
    endloop
  endfacet
  facet normal 0 -1 0
    outer loop
      vertex 153.3 -3.3 -9
      vertex 30.3235 -3.3 -5.20741
      vertex 30.1632 -3.3 -5.23931
    endloop
  endfacet
  facet normal 0 -1 0
    outer loop
      vertex -3.3 -3.3 -9
      vertex 30.1632 -3.3 -5.23931
      vertex 30 -3.3 -5.25
    endloop
  endfacet
  facet normal 0 -1 0
    outer loop
      vertex 153.3 -3.3 -9
      vertex 30.1632 -3.3 -5.23931
      vertex -3.3 -3.3 -9
    endloop
  endfacet
  facet normal 0 -1 0
    outer loop
      vertex 31.25 -3.3 -4
      vertex 153.3 -3.3 -9
      vertex 153.3 -3.3 7.6
    endloop
  endfacet
  facet normal -1 0 0
    outer loop
      vertex 150.3 87.7229 0
      vertex 150.3 90.3 7.6
      vertex 150.3 90.3 0
    endloop
  endfacet
  facet normal -1 0 0
    outer loop
      vertex 150.3 85.2771 0
      vertex 150.3 90.3 7.6
      vertex 150.3 87.7229 0
    endloop
  endfacet
  facet normal -1 0 0
    outer loop
      vertex 150.3 4.72294 0
      vertex 150.3 90.3 7.6
      vertex 150.3 85.2771 0
    endloop
  endfacet
  facet normal -1 0 0
    outer loop
      vertex 150.3 -0.299999 7.6
      vertex 150.3 4.72294 0
      vertex 150.3 2.27706 0
    endloop
  endfacet
  facet normal -1 0 0
    outer loop
      vertex 150.3 -0.299999 7.6
      vertex 150.3 2.27706 0
      vertex 150.3 -0.299999 0
    endloop
  endfacet
  facet normal -1 0 0
    outer loop
      vertex 150.3 4.72294 0
      vertex 150.3 -0.299999 7.6
      vertex 150.3 90.3 7.6
    endloop
  endfacet
  facet normal 0 0 1
    outer loop
      vertex 4.75 3.5 0
      vertex 7.5 3.5 0
      vertex 7.46578 4.0221 0
    endloop
  endfacet
  facet normal 0 0 1
    outer loop
      vertex 4.73931 3.66316 0
      vertex 7.46578 4.0221 0
      vertex 7.3637 4.53528 0
    endloop
  endfacet
  facet normal 0 0 1
    outer loop
      vertex 7.5 3.5 0
      vertex 4.75 3.5 0
      vertex 7.46578 2.97789 0
    endloop
  endfacet
  facet normal -0 0 1
    outer loop
      vertex 4.73931 3.33684 0
      vertex 7.46578 2.97789 0
      vertex 4.75 3.5 0
    endloop
  endfacet
  facet normal 0 0 1
    outer loop
      vertex 4.70741 3.82352 0
      vertex 7.3637 4.53528 0
      vertex 7.19552 5.03073 0
    endloop
  endfacet
  facet normal 0 0 1
    outer loop
      vertex 7.46578 2.97789 0
      vertex 4.73931 3.33684 0
      vertex 7.3637 2.46472 0
    endloop
  endfacet
  facet normal 0 0 1
    outer loop
      vertex 4.65485 3.97835 0
      vertex 7.19552 5.03073 0
      vertex 6.9641 5.5 0
    endloop
  endfacet
  facet normal -0 0 1
    outer loop
      vertex 4.70741 3.17648 0
      vertex 7.3637 2.46472 0
      vertex 4.73931 3.33684 0
    endloop
  endfacet
  facet normal 0 0 1
    outer loop
      vertex 4.58253 4.125 0
      vertex 6.9641 5.5 0
      vertex 6.67341 5.93505 0
    endloop
  endfacet
  facet normal 0 0 1
    outer loop
      vertex 7.3637 2.46472 0
      vertex 4.70741 3.17648 0
      vertex 7.27384 2.2 0
    endloop
  endfacet
  facet normal 0 0 1
    outer loop
      vertex 4.49169 4.26095 0
      vertex 6.67341 5.93505 0
      vertex 6.32843 6.32843 0
    endloop
  endfacet
  facet normal -0 0 1
    outer loop
      vertex 4.65485 3.02165 0
      vertex 7.27384 2.2 0
      vertex 4.70741 3.17648 0
    endloop
  endfacet
  facet normal 0 0 1
    outer loop
      vertex 4.38388 4.38388 0
      vertex 6.32843 6.32843 0
      vertex 5.93505 6.67341 0
    endloop
  endfacet
  facet normal 0 0 1
    outer loop
      vertex 7.27384 2.2 0
      vertex 4.65485 3.02165 0
      vertex 7.19552 1.96927 0
    endloop
  endfacet
  facet normal 0 0 1
    outer loop
      vertex 4.26095 4.49169 0
      vertex 5.93505 6.67341 0
      vertex 5.5 6.9641 0
    endloop
  endfacet
  facet normal 0 0 1
    outer loop
      vertex 7.19552 1.96927 0
      vertex 4.65485 3.02165 0
      vertex 6.9641 1.5 0
    endloop
  endfacet
  facet normal 0 0 1
    outer loop
      vertex 4.125 4.58253 0
      vertex 5.5 6.9641 0
      vertex 5.03073 7.19552 0
    endloop
  endfacet
  facet normal -0 0 1
    outer loop
      vertex 4.58253 2.875 0
      vertex 6.9641 1.5 0
      vertex 4.65485 3.02165 0
    endloop
  endfacet
  facet normal 0 0 1
    outer loop
      vertex 6.9641 1.5 0
      vertex 4.58253 2.875 0
      vertex 6.67341 1.06495 0
    endloop
  endfacet
  facet normal 0 0 1
    outer loop
      vertex 7.46578 4.0221 0
      vertex 4.73931 3.66316 0
      vertex 4.75 3.5 0
    endloop
  endfacet
  facet normal 0 0 1
    outer loop
      vertex 7.3637 4.53528 0
      vertex 4.70741 3.82352 0
      vertex 4.73931 3.66316 0
    endloop
  endfacet
  facet normal 0 0 1
    outer loop
      vertex 7.19552 5.03073 0
      vertex 4.65485 3.97835 0
      vertex 4.70741 3.82352 0
    endloop
  endfacet
  facet normal 0 0 1
    outer loop
      vertex 6.9641 5.5 0
      vertex 4.58253 4.125 0
      vertex 4.65485 3.97835 0
    endloop
  endfacet
  facet normal 0 0 1
    outer loop
      vertex 3.97835 4.65485 0
      vertex 5.03073 7.19552 0
      vertex 4.53528 7.3637 0
    endloop
  endfacet
  facet normal 0 0 1
    outer loop
      vertex 6.67341 5.93505 0
      vertex 4.49169 4.26095 0
      vertex 4.58253 4.125 0
    endloop
  endfacet
  facet normal 0 0 1
    outer loop
      vertex 6.32843 6.32843 0
      vertex 4.38388 4.38388 0
      vertex 4.49169 4.26095 0
    endloop
  endfacet
  facet normal 0 0 1
    outer loop
      vertex 5.93505 6.67341 0
      vertex 4.26095 4.49169 0
      vertex 4.38388 4.38388 0
    endloop
  endfacet
  facet normal 0 0 1
    outer loop
      vertex 5.5 6.9641 0
      vertex 4.125 4.58253 0
      vertex 4.26095 4.49169 0
    endloop
  endfacet
  facet normal 0 0 1
    outer loop
      vertex 3.82352 4.70741 0
      vertex 4.53528 7.3637 0
      vertex 4.0221 7.46578 0
    endloop
  endfacet
  facet normal 0 0 1
    outer loop
      vertex 5.03073 7.19552 0
      vertex 3.97835 4.65485 0
      vertex 4.125 4.58253 0
    endloop
  endfacet
  facet normal 0 0 1
    outer loop
      vertex 4.53528 7.3637 0
      vertex 3.82352 4.70741 0
      vertex 3.97835 4.65485 0
    endloop
  endfacet
  facet normal 0 0 1
    outer loop
      vertex 4.0221 7.46578 0
      vertex 3.66316 4.73931 0
      vertex 3.82352 4.70741 0
    endloop
  endfacet
  facet normal 0 0 1
    outer loop
      vertex 3.5 7.5 0
      vertex 3.66316 4.73931 0
      vertex 4.0221 7.46578 0
    endloop
  endfacet
  facet normal 0 0 1
    outer loop
      vertex 3.5 7.5 0
      vertex 3.5 4.75 0
      vertex 3.66316 4.73931 0
    endloop
  endfacet
  facet normal 0 0 1
    outer loop
      vertex 3.5 7.5 0
      vertex 3.33684 4.73931 0
      vertex 3.5 4.75 0
    endloop
  endfacet
  facet normal -0 0 1
    outer loop
      vertex 2.97789 7.46578 0
      vertex 3.33684 4.73931 0
      vertex 3.5 7.5 0
    endloop
  endfacet
  facet normal 0 0 1
    outer loop
      vertex 3.33684 4.73931 0
      vertex 2.97789 7.46578 0
      vertex 3.17648 4.70741 0
    endloop
  endfacet
  facet normal -0 0 1
    outer loop
      vertex 2.46472 7.3637 0
      vertex 3.17648 4.70741 0
      vertex 2.97789 7.46578 0
    endloop
  endfacet
  facet normal -0 0 1
    outer loop
      vertex 2.2 7.27384 0
      vertex 3.17648 4.70741 0
      vertex 2.46472 7.3637 0
    endloop
  endfacet
  facet normal 0 0 1
    outer loop
      vertex 3.17648 4.70741 0
      vertex 2.2 7.27384 0
      vertex 3.02165 4.65485 0
    endloop
  endfacet
  facet normal -0 0 1
    outer loop
      vertex 1.96927 7.19552 0
      vertex 3.02165 4.65485 0
      vertex 2.2 7.27384 0
    endloop
  endfacet
  facet normal 0 0 1
    outer loop
      vertex 3.02165 4.65485 0
      vertex 1.96927 7.19552 0
      vertex 2.875 4.58253 0
    endloop
  endfacet
  facet normal -0 0 1
    outer loop
      vertex 1.5 6.9641 0
      vertex 2.875 4.58253 0
      vertex 1.96927 7.19552 0
    endloop
  endfacet
  facet normal 0 0 1
    outer loop
      vertex 2.875 4.58253 0
      vertex 1.5 6.9641 0
      vertex 2.73905 4.49169 0
    endloop
  endfacet
  facet normal -0 0 1
    outer loop
      vertex 1.06495 6.67341 0
      vertex 2.73905 4.49169 0
      vertex 1.5 6.9641 0
    endloop
  endfacet
  facet normal 0 0 1
    outer loop
      vertex 2.73905 4.49169 0
      vertex 1.06495 6.67341 0
      vertex 2.61612 4.38388 0
    endloop
  endfacet
  facet normal -0 0 1
    outer loop
      vertex 0.671573 6.32843 0
      vertex 2.61612 4.38388 0
      vertex 1.06495 6.67341 0
    endloop
  endfacet
  facet normal 0 0 1
    outer loop
      vertex 2.61612 4.38388 0
      vertex 0.671573 6.32843 0
      vertex 2.50831 4.26095 0
    endloop
  endfacet
  facet normal -0 0 1
    outer loop
      vertex 0.326586 5.93505 0
      vertex 2.50831 4.26095 0
      vertex 0.671573 6.32843 0
    endloop
  endfacet
  facet normal -0 0 1
    outer loop
      vertex 4.49169 2.73905 0
      vertex 6.67341 1.06495 0
      vertex 4.58253 2.875 0
    endloop
  endfacet
  facet normal 0 0 1
    outer loop
      vertex 6.67341 1.06495 0
      vertex 4.49169 2.73905 0
      vertex 6.32843 0.671573 0
    endloop
  endfacet
  facet normal -0 0 1
    outer loop
      vertex 4.38388 2.61612 0
      vertex 6.32843 0.671573 0
      vertex 4.49169 2.73905 0
    endloop
  endfacet
  facet normal 0 0 1
    outer loop
      vertex 6.32843 0.671573 0
      vertex 4.38388 2.61612 0
      vertex 5.93505 0.326586 0
    endloop
  endfacet
  facet normal -0 0 1
    outer loop
      vertex 4.26095 2.50831 0
      vertex 5.93505 0.326586 0
      vertex 4.38388 2.61612 0
    endloop
  endfacet
  facet normal 0 0 1
    outer loop
      vertex 5.93505 0.326586 0
      vertex 4.26095 2.50831 0
      vertex 5.5 0.0358982 0
    endloop
  endfacet
  facet normal -0 0 1
    outer loop
      vertex 4.125 2.41747 0
      vertex 5.5 0.0358982 0
      vertex 4.26095 2.50831 0
    endloop
  endfacet
  facet normal 0 0 1
    outer loop
      vertex 5.5 0.0358982 0
      vertex 4.125 2.41747 0
      vertex 5.03073 -0.195518 0
    endloop
  endfacet
  facet normal -0 0 1
    outer loop
      vertex 3.97835 2.34515 0
      vertex 5.03073 -0.195518 0
      vertex 4.125 2.41747 0
    endloop
  endfacet
  facet normal 0 0 1
    outer loop
      vertex 5.03073 -0.195518 0
      vertex 3.97835 2.34515 0
      vertex 4.72294 -0.299999 0
    endloop
  endfacet
  facet normal -0 0 1
    outer loop
      vertex 3.82352 2.29259 0
      vertex 4.72294 -0.299999 0
      vertex 3.97835 2.34515 0
    endloop
  endfacet
  facet normal -0 0 1
    outer loop
      vertex 3.66316 2.26069 0
      vertex 4.72294 -0.299999 0
      vertex 3.82352 2.29259 0
    endloop
  endfacet
  facet normal -0 0 1
    outer loop
      vertex 3.5 2.25 0
      vertex 4.72294 -0.299999 0
      vertex 3.66316 2.26069 0
    endloop
  endfacet
  facet normal 0 0 1
    outer loop
      vertex 2.27706 -0.299999 0
      vertex 3.5 2.25 0
      vertex 3.33684 2.26069 0
    endloop
  endfacet
  facet normal 0 0 1
    outer loop
      vertex 2.27706 -0.299999 0
      vertex 3.33684 2.26069 0
      vertex 3.17648 2.29259 0
    endloop
  endfacet
  facet normal 0 0 1
    outer loop
      vertex 2.27706 -0.299999 0
      vertex 3.17648 2.29259 0
      vertex 3.02165 2.34515 0
    endloop
  endfacet
  facet normal 0 0 1
    outer loop
      vertex 1.96927 -0.195518 0
      vertex 3.02165 2.34515 0
      vertex 2.875 2.41747 0
    endloop
  endfacet
  facet normal 0 0 1
    outer loop
      vertex 1.5 0.0358982 0
      vertex 2.875 2.41747 0
      vertex 2.73905 2.50831 0
    endloop
  endfacet
  facet normal 0 0 1
    outer loop
      vertex 1.06495 0.326586 0
      vertex 2.73905 2.50831 0
      vertex 2.61612 2.61612 0
    endloop
  endfacet
  facet normal 0 0 1
    outer loop
      vertex 0.671573 0.671573 0
      vertex 2.61612 2.61612 0
      vertex 2.50831 2.73905 0
    endloop
  endfacet
  facet normal 0 0 1
    outer loop
      vertex 3.5 2.25 0
      vertex 2.27706 -0.299999 0
      vertex 4.72294 -0.299999 0
    endloop
  endfacet
  facet normal 0 0 1
    outer loop
      vertex 0.326586 1.06495 0
      vertex 2.50831 2.73905 0
      vertex 2.41747 2.875 0
    endloop
  endfacet
  facet normal 0 0 1
    outer loop
      vertex 0.0358982 1.5 0
      vertex 2.41747 2.875 0
      vertex 2.34515 3.02165 0
    endloop
  endfacet
  facet normal 0 0 1
    outer loop
      vertex -0.299999 2.27706 0
      vertex 2.34515 3.02165 0
      vertex 2.29259 3.17648 0
    endloop
  endfacet
  facet normal 0 0 1
    outer loop
      vertex -0.299999 2.27706 0
      vertex 2.29259 3.17648 0
      vertex 2.26069 3.33684 0
    endloop
  endfacet
  facet normal 0 0 1
    outer loop
      vertex -0.299999 2.27706 0
      vertex 2.26069 3.33684 0
      vertex 2.25 3.5 0
    endloop
  endfacet
  facet normal 0 0 1
    outer loop
      vertex 2.50831 4.26095 0
      vertex 0.326586 5.93505 0
      vertex 2.41747 4.125 0
    endloop
  endfacet
  facet normal -0 0 1
    outer loop
      vertex 0.0358982 5.5 0
      vertex 2.41747 4.125 0
      vertex 0.326586 5.93505 0
    endloop
  endfacet
  facet normal 0 0 1
    outer loop
      vertex 2.41747 4.125 0
      vertex 0.0358982 5.5 0
      vertex 2.34515 3.97835 0
    endloop
  endfacet
  facet normal 0 0 1
    outer loop
      vertex 2.875 2.41747 0
      vertex 1.5 0.0358982 0
      vertex 1.96927 -0.195518 0
    endloop
  endfacet
  facet normal 0 0 1
    outer loop
      vertex 3.02165 2.34515 0
      vertex 1.96927 -0.195518 0
      vertex 2.27706 -0.299999 0
    endloop
  endfacet
  facet normal -0 0 1
    outer loop
      vertex -0.195518 5.03073 0
      vertex 2.34515 3.97835 0
      vertex 0.0358982 5.5 0
    endloop
  endfacet
  facet normal 0 0 1
    outer loop
      vertex 2.73905 2.50831 0
      vertex 1.06495 0.326586 0
      vertex 1.5 0.0358982 0
    endloop
  endfacet
  facet normal -0 0 1
    outer loop
      vertex -0.299999 4.72294 0
      vertex 2.34515 3.97835 0
      vertex -0.195518 5.03073 0
    endloop
  endfacet
  facet normal 0 0 1
    outer loop
      vertex 2.61612 2.61612 0
      vertex 0.671573 0.671573 0
      vertex 1.06495 0.326586 0
    endloop
  endfacet
  facet normal 0 0 1
    outer loop
      vertex 2.34515 3.97835 0
      vertex -0.299999 4.72294 0
      vertex 2.29259 3.82352 0
    endloop
  endfacet
  facet normal 0 0 1
    outer loop
      vertex 2.50831 2.73905 0
      vertex 0.326586 1.06495 0
      vertex 0.671573 0.671573 0
    endloop
  endfacet
  facet normal 0 0 1
    outer loop
      vertex 2.29259 3.82352 0
      vertex -0.299999 4.72294 0
      vertex 2.26069 3.66316 0
    endloop
  endfacet
  facet normal 0 0 1
    outer loop
      vertex -0.299999 2.27706 0
      vertex 2.25 3.5 0
      vertex -0.299999 4.72294 0
    endloop
  endfacet
  facet normal 0 0 1
    outer loop
      vertex 2.26069 3.66316 0
      vertex -0.299999 4.72294 0
      vertex 2.25 3.5 0
    endloop
  endfacet
  facet normal 0 0 1
    outer loop
      vertex 2.34515 3.02165 0
      vertex -0.299999 2.27706 0
      vertex -0.195518 1.96927 0
    endloop
  endfacet
  facet normal 0 0 1
    outer loop
      vertex 2.41747 2.875 0
      vertex 0.0358982 1.5 0
      vertex 0.326586 1.06495 0
    endloop
  endfacet
  facet normal 0 0 1
    outer loop
      vertex 2.34515 3.02165 0
      vertex -0.195518 1.96927 0
      vertex 0.0358982 1.5 0
    endloop
  endfacet
  facet normal 0 0 1
    outer loop
      vertex 1.96927 -0.195518 0
      vertex -0.299999 -0.299999 0
      vertex 2.27706 -0.299999 0
    endloop
  endfacet
  facet normal 0 0 1
    outer loop
      vertex 1.5 0.0358982 0
      vertex -0.299999 -0.299999 0
      vertex 1.96927 -0.195518 0
    endloop
  endfacet
  facet normal 0 0 1
    outer loop
      vertex 1.06495 0.326586 0
      vertex -0.299999 -0.299999 0
      vertex 1.5 0.0358982 0
    endloop
  endfacet
  facet normal 0 0 1
    outer loop
      vertex 0.671573 0.671573 0
      vertex -0.299999 -0.299999 0
      vertex 1.06495 0.326586 0
    endloop
  endfacet
  facet normal 0 0 1
    outer loop
      vertex 0.326586 1.06495 0
      vertex -0.299999 -0.299999 0
      vertex 0.671573 0.671573 0
    endloop
  endfacet
  facet normal 0 0 1
    outer loop
      vertex 0.0358982 1.5 0
      vertex -0.299999 -0.299999 0
      vertex 0.326586 1.06495 0
    endloop
  endfacet
  facet normal 0 0 1
    outer loop
      vertex -0.195518 1.96927 0
      vertex -0.299999 -0.299999 0
      vertex 0.0358982 1.5 0
    endloop
  endfacet
  facet normal 0 0 1
    outer loop
      vertex -0.299999 -0.299999 0
      vertex -0.195518 1.96927 0
      vertex -0.299999 2.27706 0
    endloop
  endfacet
  facet normal -0 0 1
    outer loop
      vertex 7.27384 2.2 0
      vertex 142.804 1.96927 0
      vertex 142.726 2.2 0
    endloop
  endfacet
  facet normal 0 0 1
    outer loop
      vertex 7.19552 1.96927 0
      vertex 142.804 1.96927 0
      vertex 7.27384 2.2 0
    endloop
  endfacet
  facet normal 0 0 1
    outer loop
      vertex 142.804 1.96927 0
      vertex 7.19552 1.96927 0
      vertex 143.036 1.5 0
    endloop
  endfacet
  facet normal 0 0 1
    outer loop
      vertex 6.9641 1.5 0
      vertex 143.036 1.5 0
      vertex 7.19552 1.96927 0
    endloop
  endfacet
  facet normal 0 0 1
    outer loop
      vertex 143.036 1.5 0
      vertex 6.9641 1.5 0
      vertex 143.327 1.06495 0
    endloop
  endfacet
  facet normal 0 0 1
    outer loop
      vertex 6.67341 1.06495 0
      vertex 143.327 1.06495 0
      vertex 6.9641 1.5 0
    endloop
  endfacet
  facet normal 0 0 1
    outer loop
      vertex 143.327 1.06495 0
      vertex 6.67341 1.06495 0
      vertex 143.672 0.671573 0
    endloop
  endfacet
  facet normal 0 0 1
    outer loop
      vertex 6.32843 0.671573 0
      vertex 143.672 0.671573 0
      vertex 6.67341 1.06495 0
    endloop
  endfacet
  facet normal 0 0 1
    outer loop
      vertex 143.672 0.671573 0
      vertex 6.32843 0.671573 0
      vertex 144.065 0.326586 0
    endloop
  endfacet
  facet normal 0 0 1
    outer loop
      vertex 5.93505 0.326586 0
      vertex 144.065 0.326586 0
      vertex 6.32843 0.671573 0
    endloop
  endfacet
  facet normal 0 0 1
    outer loop
      vertex 144.065 0.326586 0
      vertex 5.93505 0.326586 0
      vertex 144.5 0.0358982 0
    endloop
  endfacet
  facet normal 0 0 1
    outer loop
      vertex 5.5 0.0358982 0
      vertex 144.5 0.0358982 0
      vertex 5.93505 0.326586 0
    endloop
  endfacet
  facet normal 0 0 1
    outer loop
      vertex 144.5 0.0358982 0
      vertex 5.5 0.0358982 0
      vertex 144.969 -0.195518 0
    endloop
  endfacet
  facet normal 0 0 1
    outer loop
      vertex 5.03073 -0.195518 0
      vertex 144.969 -0.195518 0
      vertex 5.5 0.0358982 0
    endloop
  endfacet
  facet normal 0 0 1
    outer loop
      vertex 144.969 -0.195518 0
      vertex 5.03073 -0.195518 0
      vertex 145.277 -0.299999 0
    endloop
  endfacet
  facet normal 0 0 1
    outer loop
      vertex 145.277 -0.299999 0
      vertex 5.03073 -0.195518 0
      vertex 4.72294 -0.299999 0
    endloop
  endfacet
  facet normal 0 0 1
    outer loop
      vertex -0.299999 47.25 0
      vertex 2.2 82.7262 0
      vertex 1.96927 82.8045 0
    endloop
  endfacet
  facet normal 0 0 1
    outer loop
      vertex 2.2 82.7262 0
      vertex 0 47.25 0
      vertex 2.2 7.27384 0
    endloop
  endfacet
  facet normal 0 0 1
    outer loop
      vertex -0.299999 47.25 0
      vertex 1.96927 82.8045 0
      vertex 1.5 83.0359 0
    endloop
  endfacet
  facet normal -0 0 1
    outer loop
      vertex 0 33.75 0
      vertex 2.2 7.27384 0
      vertex 0 47.25 0
    endloop
  endfacet
  facet normal 0 0 1
    outer loop
      vertex -0.299999 47.25 0
      vertex 1.5 83.0359 0
      vertex 1.06495 83.3266 0
    endloop
  endfacet
  facet normal -0 0 1
    outer loop
      vertex -0.299999 33.75 0
      vertex 2.2 7.27384 0
      vertex 0 33.75 0
    endloop
  endfacet
  facet normal 0 0 1
    outer loop
      vertex -0.299999 47.25 0
      vertex 1.06495 83.3266 0
      vertex 0.671573 83.6716 0
    endloop
  endfacet
  facet normal 0 0 1
    outer loop
      vertex 2.2 7.27384 0
      vertex -0.299999 33.75 0
      vertex 1.96927 7.19552 0
    endloop
  endfacet
  facet normal 0 0 1
    outer loop
      vertex -0.299999 47.25 0
      vertex 0.671573 83.6716 0
      vertex 0.326586 84.065 0
    endloop
  endfacet
  facet normal 0 0 1
    outer loop
      vertex 1.96927 7.19552 0
      vertex -0.299999 33.75 0
      vertex 1.5 6.9641 0
    endloop
  endfacet
  facet normal 0 0 1
    outer loop
      vertex -0.299999 47.25 0
      vertex 0.326586 84.065 0
      vertex 0.0358982 84.5 0
    endloop
  endfacet
  facet normal 0 0 1
    outer loop
      vertex 1.5 6.9641 0
      vertex -0.299999 33.75 0
      vertex 1.06495 6.67341 0
    endloop
  endfacet
  facet normal 0 0 1
    outer loop
      vertex 1.06495 6.67341 0
      vertex -0.299999 33.75 0
      vertex 0.671573 6.32843 0
    endloop
  endfacet
  facet normal 0 0 1
    outer loop
      vertex -0.299999 47.25 0
      vertex 0.0358982 84.5 0
      vertex -0.195518 84.9693 0
    endloop
  endfacet
  facet normal 0 0 1
    outer loop
      vertex -0.299999 47.25 0
      vertex -0.195518 84.9693 0
      vertex -0.299999 85.2771 0
    endloop
  endfacet
  facet normal 0 0 1
    outer loop
      vertex 2.2 82.7262 0
      vertex -0.299999 47.25 0
      vertex 0 47.25 0
    endloop
  endfacet
  facet normal 0 0 1
    outer loop
      vertex 0.671573 6.32843 0
      vertex -0.299999 33.75 0
      vertex 0.326586 5.93505 0
    endloop
  endfacet
  facet normal 0 0 1
    outer loop
      vertex 0.326586 5.93505 0
      vertex -0.299999 33.75 0
      vertex 0.0358982 5.5 0
    endloop
  endfacet
  facet normal 0 0 1
    outer loop
      vertex 0.0358982 5.5 0
      vertex -0.299999 33.75 0
      vertex -0.195518 5.03073 0
    endloop
  endfacet
  facet normal 0 0 1
    outer loop
      vertex -0.195518 5.03073 0
      vertex -0.299999 33.75 0
      vertex -0.299999 4.72294 0
    endloop
  endfacet
  facet normal 0 0 1
    outer loop
      vertex 4.75 86.5 0
      vertex 7.5 86.5 0
      vertex 7.46578 87.0221 0
    endloop
  endfacet
  facet normal 0 0 1
    outer loop
      vertex 4.73931 86.6632 0
      vertex 7.46578 87.0221 0
      vertex 7.3637 87.5353 0
    endloop
  endfacet
  facet normal 0 0 1
    outer loop
      vertex 7.5 86.5 0
      vertex 4.75 86.5 0
      vertex 7.46578 85.9779 0
    endloop
  endfacet
  facet normal 0 0 1
    outer loop
      vertex 4.70741 86.8235 0
      vertex 7.3637 87.5353 0
      vertex 7.27384 87.8 0
    endloop
  endfacet
  facet normal 0 0 1
    outer loop
      vertex 4.65485 86.9784 0
      vertex 7.27384 87.8 0
      vertex 7.19552 88.0307 0
    endloop
  endfacet
  facet normal -0 0 1
    outer loop
      vertex 4.73931 86.3368 0
      vertex 7.46578 85.9779 0
      vertex 4.75 86.5 0
    endloop
  endfacet
  facet normal 0 0 1
    outer loop
      vertex 4.65485 86.9784 0
      vertex 7.19552 88.0307 0
      vertex 6.9641 88.5 0
    endloop
  endfacet
  facet normal 0 0 1
    outer loop
      vertex 7.46578 85.9779 0
      vertex 4.73931 86.3368 0
      vertex 7.3637 85.4647 0
    endloop
  endfacet
  facet normal 0 0 1
    outer loop
      vertex 4.58253 87.125 0
      vertex 6.9641 88.5 0
      vertex 6.67341 88.935 0
    endloop
  endfacet
  facet normal -0 0 1
    outer loop
      vertex 4.70741 86.1765 0
      vertex 7.3637 85.4647 0
      vertex 4.73931 86.3368 0
    endloop
  endfacet
  facet normal 0 0 1
    outer loop
      vertex 4.49169 87.2609 0
      vertex 6.67341 88.935 0
      vertex 6.32843 89.3284 0
    endloop
  endfacet
  facet normal 0 0 1
    outer loop
      vertex 7.3637 85.4647 0
      vertex 4.70741 86.1765 0
      vertex 7.19552 84.9693 0
    endloop
  endfacet
  facet normal 0 0 1
    outer loop
      vertex 4.38388 87.3839 0
      vertex 6.32843 89.3284 0
      vertex 5.93505 89.6734 0
    endloop
  endfacet
  facet normal -0 0 1
    outer loop
      vertex 4.65485 86.0216 0
      vertex 7.19552 84.9693 0
      vertex 4.70741 86.1765 0
    endloop
  endfacet
  facet normal 0 0 1
    outer loop
      vertex 4.26095 87.4917 0
      vertex 5.93505 89.6734 0
      vertex 5.5 89.9641 0
    endloop
  endfacet
  facet normal 0 0 1
    outer loop
      vertex 7.19552 84.9693 0
      vertex 4.65485 86.0216 0
      vertex 6.9641 84.5 0
    endloop
  endfacet
  facet normal 0 0 1
    outer loop
      vertex 4.125 87.5825 0
      vertex 5.5 89.9641 0
      vertex 5.03073 90.1955 0
    endloop
  endfacet
  facet normal -0 0 1
    outer loop
      vertex 4.58253 85.875 0
      vertex 6.9641 84.5 0
      vertex 4.65485 86.0216 0
    endloop
  endfacet
  facet normal 0 0 1
    outer loop
      vertex 6.9641 84.5 0
      vertex 4.58253 85.875 0
      vertex 6.67341 84.065 0
    endloop
  endfacet
  facet normal 0 0 1
    outer loop
      vertex 7.46578 87.0221 0
      vertex 4.73931 86.6632 0
      vertex 4.75 86.5 0
    endloop
  endfacet
  facet normal 0 0 1
    outer loop
      vertex 3.97835 87.6548 0
      vertex 5.03073 90.1955 0
      vertex 4.72294 90.3 0
    endloop
  endfacet
  facet normal 0 0 1
    outer loop
      vertex 7.3637 87.5353 0
      vertex 4.70741 86.8235 0
      vertex 4.73931 86.6632 0
    endloop
  endfacet
  facet normal 0 0 1
    outer loop
      vertex 7.27384 87.8 0
      vertex 4.65485 86.9784 0
      vertex 4.70741 86.8235 0
    endloop
  endfacet
  facet normal 0 0 1
    outer loop
      vertex 6.9641 88.5 0
      vertex 4.58253 87.125 0
      vertex 4.65485 86.9784 0
    endloop
  endfacet
  facet normal 0 0 1
    outer loop
      vertex 6.67341 88.935 0
      vertex 4.49169 87.2609 0
      vertex 4.58253 87.125 0
    endloop
  endfacet
  facet normal 0 0 1
    outer loop
      vertex 6.32843 89.3284 0
      vertex 4.38388 87.3839 0
      vertex 4.49169 87.2609 0
    endloop
  endfacet
  facet normal 0 0 1
    outer loop
      vertex 5.93505 89.6734 0
      vertex 4.26095 87.4917 0
      vertex 4.38388 87.3839 0
    endloop
  endfacet
  facet normal 0 0 1
    outer loop
      vertex 5.5 89.9641 0
      vertex 4.125 87.5825 0
      vertex 4.26095 87.4917 0
    endloop
  endfacet
  facet normal 0 0 1
    outer loop
      vertex 5.03073 90.1955 0
      vertex 3.97835 87.6548 0
      vertex 4.125 87.5825 0
    endloop
  endfacet
  facet normal 0 0 1
    outer loop
      vertex 4.72294 90.3 0
      vertex 3.82352 87.7074 0
      vertex 3.97835 87.6548 0
    endloop
  endfacet
  facet normal 0 0 1
    outer loop
      vertex 4.72294 90.3 0
      vertex 3.66316 87.7393 0
      vertex 3.82352 87.7074 0
    endloop
  endfacet
  facet normal 0 0 1
    outer loop
      vertex 4.72294 90.3 0
      vertex 3.5 87.75 0
      vertex 3.66316 87.7393 0
    endloop
  endfacet
  facet normal -0 0 1
    outer loop
      vertex 2.27706 90.3 0
      vertex 3.5 87.75 0
      vertex 4.72294 90.3 0
    endloop
  endfacet
  facet normal 0 0 1
    outer loop
      vertex 3.5 87.75 0
      vertex 2.27706 90.3 0
      vertex 3.33684 87.7393 0
    endloop
  endfacet
  facet normal 0 0 1
    outer loop
      vertex 3.33684 87.7393 0
      vertex 2.27706 90.3 0
      vertex 3.17648 87.7074 0
    endloop
  endfacet
  facet normal 0 0 1
    outer loop
      vertex 3.17648 87.7074 0
      vertex 2.27706 90.3 0
      vertex 3.02165 87.6548 0
    endloop
  endfacet
  facet normal -0 0 1
    outer loop
      vertex 1.96927 90.1955 0
      vertex 3.02165 87.6548 0
      vertex 2.27706 90.3 0
    endloop
  endfacet
  facet normal 0 0 1
    outer loop
      vertex 3.02165 87.6548 0
      vertex 1.96927 90.1955 0
      vertex 2.875 87.5825 0
    endloop
  endfacet
  facet normal -0 0 1
    outer loop
      vertex 1.5 89.9641 0
      vertex 2.875 87.5825 0
      vertex 1.96927 90.1955 0
    endloop
  endfacet
  facet normal 0 0 1
    outer loop
      vertex 2.875 87.5825 0
      vertex 1.5 89.9641 0
      vertex 2.73905 87.4917 0
    endloop
  endfacet
  facet normal -0 0 1
    outer loop
      vertex 1.06495 89.6734 0
      vertex 2.73905 87.4917 0
      vertex 1.5 89.9641 0
    endloop
  endfacet
  facet normal 0 0 1
    outer loop
      vertex 2.73905 87.4917 0
      vertex 1.06495 89.6734 0
      vertex 2.61612 87.3839 0
    endloop
  endfacet
  facet normal -0 0 1
    outer loop
      vertex 0.671573 89.3284 0
      vertex 2.61612 87.3839 0
      vertex 1.06495 89.6734 0
    endloop
  endfacet
  facet normal 0 0 1
    outer loop
      vertex 2.61612 87.3839 0
      vertex 0.671573 89.3284 0
      vertex 2.50831 87.2609 0
    endloop
  endfacet
  facet normal -0 0 1
    outer loop
      vertex 0.326586 88.935 0
      vertex 2.50831 87.2609 0
      vertex 0.671573 89.3284 0
    endloop
  endfacet
  facet normal 0 0 1
    outer loop
      vertex 2.50831 87.2609 0
      vertex 0.326586 88.935 0
      vertex 2.41747 87.125 0
    endloop
  endfacet
  facet normal -0 0 1
    outer loop
      vertex 0.0358982 88.5 0
      vertex 2.41747 87.125 0
      vertex 0.326586 88.935 0
    endloop
  endfacet
  facet normal 0 0 1
    outer loop
      vertex 2.41747 87.125 0
      vertex 0.0358982 88.5 0
      vertex 2.34515 86.9784 0
    endloop
  endfacet
  facet normal -0 0 1
    outer loop
      vertex -0.195518 88.0307 0
      vertex 2.34515 86.9784 0
      vertex 0.0358982 88.5 0
    endloop
  endfacet
  facet normal 0 0 1
    outer loop
      vertex 2.25 86.5 0
      vertex 1.96927 82.8045 0
      vertex 2.2 82.7262 0
    endloop
  endfacet
  facet normal 0 -0 1
    outer loop
      vertex 1.5 83.0359 0
      vertex 2.25 86.5 0
      vertex 1.06495 83.3266 0
    endloop
  endfacet
  facet normal 0 -0 1
    outer loop
      vertex 1.96927 82.8045 0
      vertex 2.25 86.5 0
      vertex 1.5 83.0359 0
    endloop
  endfacet
  facet normal -0 0 1
    outer loop
      vertex -0.299999 87.7229 0
      vertex 2.34515 86.9784 0
      vertex -0.195518 88.0307 0
    endloop
  endfacet
  facet normal 0 0 1
    outer loop
      vertex 2.25 86.5 0
      vertex 0.671573 83.6716 0
      vertex 1.06495 83.3266 0
    endloop
  endfacet
  facet normal 0 0 1
    outer loop
      vertex 2.34515 86.9784 0
      vertex -0.299999 87.7229 0
      vertex 2.29259 86.8235 0
    endloop
  endfacet
  facet normal 0 0 1
    outer loop
      vertex 2.25 86.5 0
      vertex 0.326586 84.065 0
      vertex 0.671573 83.6716 0
    endloop
  endfacet
  facet normal 0 0 1
    outer loop
      vertex 2.29259 86.8235 0
      vertex -0.299999 87.7229 0
      vertex 2.26069 86.6632 0
    endloop
  endfacet
  facet normal 0 0 1
    outer loop
      vertex -0.299999 85.2771 0
      vertex 2.25 86.5 0
      vertex -0.299999 87.7229 0
    endloop
  endfacet
  facet normal 0 0 1
    outer loop
      vertex 2.26069 86.6632 0
      vertex -0.299999 87.7229 0
      vertex 2.25 86.5 0
    endloop
  endfacet
  facet normal 0 -0 1
    outer loop
      vertex -0.195518 84.9693 0
      vertex 2.25 86.5 0
      vertex -0.299999 85.2771 0
    endloop
  endfacet
  facet normal 0 0 1
    outer loop
      vertex 2.25 86.5 0
      vertex 0.0358982 84.5 0
      vertex 0.326586 84.065 0
    endloop
  endfacet
  facet normal 0 0 1
    outer loop
      vertex 2.25 86.5 0
      vertex -0.195518 84.9693 0
      vertex 0.0358982 84.5 0
    endloop
  endfacet
  facet normal -0 0 1
    outer loop
      vertex 4.49169 85.739 0
      vertex 6.67341 84.065 0
      vertex 4.58253 85.875 0
    endloop
  endfacet
  facet normal 0 0 1
    outer loop
      vertex 6.67341 84.065 0
      vertex 4.49169 85.739 0
      vertex 6.32843 83.6716 0
    endloop
  endfacet
  facet normal -0 0 1
    outer loop
      vertex 4.38388 85.6161 0
      vertex 6.32843 83.6716 0
      vertex 4.49169 85.739 0
    endloop
  endfacet
  facet normal 0 0 1
    outer loop
      vertex 6.32843 83.6716 0
      vertex 4.38388 85.6161 0
      vertex 5.93505 83.3266 0
    endloop
  endfacet
  facet normal -0 0 1
    outer loop
      vertex 4.26095 85.5083 0
      vertex 5.93505 83.3266 0
      vertex 4.38388 85.6161 0
    endloop
  endfacet
  facet normal 0 0 1
    outer loop
      vertex 5.93505 83.3266 0
      vertex 4.26095 85.5083 0
      vertex 5.5 83.0359 0
    endloop
  endfacet
  facet normal -0 0 1
    outer loop
      vertex 4.125 85.4175 0
      vertex 5.5 83.0359 0
      vertex 4.26095 85.5083 0
    endloop
  endfacet
  facet normal 0 0 1
    outer loop
      vertex 5.5 83.0359 0
      vertex 4.125 85.4175 0
      vertex 5.03073 82.8045 0
    endloop
  endfacet
  facet normal -0 0 1
    outer loop
      vertex 3.97835 85.3452 0
      vertex 5.03073 82.8045 0
      vertex 4.125 85.4175 0
    endloop
  endfacet
  facet normal 0 0 1
    outer loop
      vertex 5.03073 82.8045 0
      vertex 3.97835 85.3452 0
      vertex 4.53528 82.6363 0
    endloop
  endfacet
  facet normal -0 0 1
    outer loop
      vertex 3.82352 85.2926 0
      vertex 4.53528 82.6363 0
      vertex 3.97835 85.3452 0
    endloop
  endfacet
  facet normal 0 0 1
    outer loop
      vertex 4.53528 82.6363 0
      vertex 3.82352 85.2926 0
      vertex 4.0221 82.5342 0
    endloop
  endfacet
  facet normal -0 0 1
    outer loop
      vertex 3.66316 85.2607 0
      vertex 4.0221 82.5342 0
      vertex 3.82352 85.2926 0
    endloop
  endfacet
  facet normal -0 0 1
    outer loop
      vertex 3.5 85.25 0
      vertex 4.0221 82.5342 0
      vertex 3.66316 85.2607 0
    endloop
  endfacet
  facet normal 0 0 1
    outer loop
      vertex 3.5 85.25 0
      vertex 3.5 82.5 0
      vertex 4.0221 82.5342 0
    endloop
  endfacet
  facet normal 0 0 1
    outer loop
      vertex 3.33684 85.2607 0
      vertex 3.5 82.5 0
      vertex 3.5 85.25 0
    endloop
  endfacet
  facet normal 0 0 1
    outer loop
      vertex 2.97789 82.5342 0
      vertex 3.33684 85.2607 0
      vertex 3.17648 85.2926 0
    endloop
  endfacet
  facet normal 0 0 1
    outer loop
      vertex 2.2 82.7262 0
      vertex 3.17648 85.2926 0
      vertex 3.02165 85.3452 0
    endloop
  endfacet
  facet normal 0 0 1
    outer loop
      vertex 3.33684 85.2607 0
      vertex 2.97789 82.5342 0
      vertex 3.5 82.5 0
    endloop
  endfacet
  facet normal 0 0 1
    outer loop
      vertex 2.2 82.7262 0
      vertex 3.02165 85.3452 0
      vertex 2.875 85.4175 0
    endloop
  endfacet
  facet normal 0 0 1
    outer loop
      vertex 2.2 82.7262 0
      vertex 2.875 85.4175 0
      vertex 2.73905 85.5083 0
    endloop
  endfacet
  facet normal 0 0 1
    outer loop
      vertex 2.2 82.7262 0
      vertex 2.73905 85.5083 0
      vertex 2.61612 85.6161 0
    endloop
  endfacet
  facet normal 0 0 1
    outer loop
      vertex 2.2 82.7262 0
      vertex 2.61612 85.6161 0
      vertex 2.50831 85.739 0
    endloop
  endfacet
  facet normal 0 0 1
    outer loop
      vertex 3.17648 85.2926 0
      vertex 2.46472 82.6363 0
      vertex 2.97789 82.5342 0
    endloop
  endfacet
  facet normal 0 0 1
    outer loop
      vertex 2.2 82.7262 0
      vertex 2.50831 85.739 0
      vertex 2.41747 85.875 0
    endloop
  endfacet
  facet normal 0 0 1
    outer loop
      vertex 2.2 82.7262 0
      vertex 2.41747 85.875 0
      vertex 2.34515 86.0216 0
    endloop
  endfacet
  facet normal 0 0 1
    outer loop
      vertex 2.2 82.7262 0
      vertex 2.34515 86.0216 0
      vertex 2.29259 86.1765 0
    endloop
  endfacet
  facet normal 0 0 1
    outer loop
      vertex 2.2 82.7262 0
      vertex 2.29259 86.1765 0
      vertex 2.26069 86.3368 0
    endloop
  endfacet
  facet normal 0 0 1
    outer loop
      vertex 2.2 82.7262 0
      vertex 2.26069 86.3368 0
      vertex 2.25 86.5 0
    endloop
  endfacet
  facet normal 0 0 1
    outer loop
      vertex 3.17648 85.2926 0
      vertex 2.2 82.7262 0
      vertex 2.46472 82.6363 0
    endloop
  endfacet
  facet normal 0 0 1
    outer loop
      vertex 142.804 88.0307 0
      vertex 7.27384 87.8 0
      vertex 142.726 87.8 0
    endloop
  endfacet
  facet normal 0 0 1
    outer loop
      vertex 7.19552 88.0307 0
      vertex 142.804 88.0307 0
      vertex 143.036 88.5 0
    endloop
  endfacet
  facet normal 0 0 1
    outer loop
      vertex 6.9641 88.5 0
      vertex 143.036 88.5 0
      vertex 143.327 88.935 0
    endloop
  endfacet
  facet normal 0 0 1
    outer loop
      vertex 6.67341 88.935 0
      vertex 143.327 88.935 0
      vertex 143.672 89.3284 0
    endloop
  endfacet
  facet normal 0 0 1
    outer loop
      vertex 6.32843 89.3284 0
      vertex 143.672 89.3284 0
      vertex 144.065 89.6734 0
    endloop
  endfacet
  facet normal 0 0 1
    outer loop
      vertex 5.93505 89.6734 0
      vertex 144.065 89.6734 0
      vertex 144.5 89.9641 0
    endloop
  endfacet
  facet normal 0 0 1
    outer loop
      vertex 5.5 89.9641 0
      vertex 144.5 89.9641 0
      vertex 144.969 90.1955 0
    endloop
  endfacet
  facet normal 0 0 1
    outer loop
      vertex 5.03073 90.1955 0
      vertex 144.969 90.1955 0
      vertex 145.277 90.3 0
    endloop
  endfacet
  facet normal 0 0 1
    outer loop
      vertex 142.804 88.0307 0
      vertex 7.19552 88.0307 0
      vertex 7.27384 87.8 0
    endloop
  endfacet
  facet normal 0 0 1
    outer loop
      vertex 143.036 88.5 0
      vertex 6.9641 88.5 0
      vertex 7.19552 88.0307 0
    endloop
  endfacet
  facet normal 0 0 1
    outer loop
      vertex 143.327 88.935 0
      vertex 6.67341 88.935 0
      vertex 6.9641 88.5 0
    endloop
  endfacet
  facet normal 0 0 1
    outer loop
      vertex 143.672 89.3284 0
      vertex 6.32843 89.3284 0
      vertex 6.67341 88.935 0
    endloop
  endfacet
  facet normal 0 0 1
    outer loop
      vertex 144.065 89.6734 0
      vertex 5.93505 89.6734 0
      vertex 6.32843 89.3284 0
    endloop
  endfacet
  facet normal 0 0 1
    outer loop
      vertex 144.5 89.9641 0
      vertex 5.5 89.9641 0
      vertex 5.93505 89.6734 0
    endloop
  endfacet
  facet normal 0 0 1
    outer loop
      vertex 144.969 90.1955 0
      vertex 5.03073 90.1955 0
      vertex 5.5 89.9641 0
    endloop
  endfacet
  facet normal 0 -0 1
    outer loop
      vertex 5.03073 90.1955 0
      vertex 145.277 90.3 0
      vertex 4.72294 90.3 0
    endloop
  endfacet
  facet normal -0 0 1
    outer loop
      vertex -0.299999 90.3 0
      vertex 1.96927 90.1955 0
      vertex 2.27706 90.3 0
    endloop
  endfacet
  facet normal 0 0 1
    outer loop
      vertex -0.299999 90.3 0
      vertex 1.5 89.9641 0
      vertex 1.96927 90.1955 0
    endloop
  endfacet
  facet normal 0 0 1
    outer loop
      vertex -0.299999 90.3 0
      vertex 1.06495 89.6734 0
      vertex 1.5 89.9641 0
    endloop
  endfacet
  facet normal 0 0 1
    outer loop
      vertex -0.299999 90.3 0
      vertex 0.671573 89.3284 0
      vertex 1.06495 89.6734 0
    endloop
  endfacet
  facet normal 0 0 1
    outer loop
      vertex -0.299999 90.3 0
      vertex 0.326586 88.935 0
      vertex 0.671573 89.3284 0
    endloop
  endfacet
  facet normal 0 0 1
    outer loop
      vertex -0.299999 90.3 0
      vertex 0.0358982 88.5 0
      vertex 0.326586 88.935 0
    endloop
  endfacet
  facet normal 0 0 1
    outer loop
      vertex -0.299999 90.3 0
      vertex -0.195518 88.0307 0
      vertex 0.0358982 88.5 0
    endloop
  endfacet
  facet normal 0 0 1
    outer loop
      vertex -0.195518 88.0307 0
      vertex -0.299999 90.3 0
      vertex -0.299999 87.7229 0
    endloop
  endfacet
  facet normal 0 0 1
    outer loop
      vertex 150.3 4.72294 0
      vertex 147.739 3.66316 0
      vertex 147.75 3.5 0
    endloop
  endfacet
  facet normal 0 0 1
    outer loop
      vertex 148.031 7.19552 0
      vertex 147.707 3.82352 0
      vertex 147.739 3.66316 0
    endloop
  endfacet
  facet normal 0 0 1
    outer loop
      vertex 148.031 7.19552 0
      vertex 147.655 3.97835 0
      vertex 147.707 3.82352 0
    endloop
  endfacet
  facet normal 0 0 1
    outer loop
      vertex 148.031 7.19552 0
      vertex 147.583 4.125 0
      vertex 147.655 3.97835 0
    endloop
  endfacet
  facet normal 0 0 1
    outer loop
      vertex 146.824 4.70741 0
      vertex 147.8 7.27384 0
      vertex 147.535 7.3637 0
    endloop
  endfacet
  facet normal 0 0 1
    outer loop
      vertex 148.031 7.19552 0
      vertex 147.492 4.26095 0
      vertex 147.583 4.125 0
    endloop
  endfacet
  facet normal 0 0 1
    outer loop
      vertex 148.031 7.19552 0
      vertex 147.384 4.38388 0
      vertex 147.492 4.26095 0
    endloop
  endfacet
  facet normal 0 0 1
    outer loop
      vertex 148.031 7.19552 0
      vertex 147.261 4.49169 0
      vertex 147.384 4.38388 0
    endloop
  endfacet
  facet normal 0 0 1
    outer loop
      vertex 148.031 7.19552 0
      vertex 147.125 4.58253 0
      vertex 147.261 4.49169 0
    endloop
  endfacet
  facet normal 0 0 1
    outer loop
      vertex 146.824 4.70741 0
      vertex 147.535 7.3637 0
      vertex 147.022 7.46578 0
    endloop
  endfacet
  facet normal 0 0 1
    outer loop
      vertex 148.031 7.19552 0
      vertex 146.978 4.65485 0
      vertex 147.125 4.58253 0
    endloop
  endfacet
  facet normal 0 0 1
    outer loop
      vertex 147.8 7.27384 0
      vertex 146.824 4.70741 0
      vertex 146.978 4.65485 0
    endloop
  endfacet
  facet normal 0 0 1
    outer loop
      vertex 147.022 7.46578 0
      vertex 146.663 4.73931 0
      vertex 146.824 4.70741 0
    endloop
  endfacet
  facet normal 0 0 1
    outer loop
      vertex 146.5 7.5 0
      vertex 146.663 4.73931 0
      vertex 147.022 7.46578 0
    endloop
  endfacet
  facet normal 0 0 1
    outer loop
      vertex 146.5 7.5 0
      vertex 146.5 4.75 0
      vertex 146.663 4.73931 0
    endloop
  endfacet
  facet normal 0 0 1
    outer loop
      vertex 146.5 7.5 0
      vertex 146.337 4.73931 0
      vertex 146.5 4.75 0
    endloop
  endfacet
  facet normal -0 0 1
    outer loop
      vertex 145.978 7.46578 0
      vertex 146.337 4.73931 0
      vertex 146.5 7.5 0
    endloop
  endfacet
  facet normal 0 0 1
    outer loop
      vertex 146.337 4.73931 0
      vertex 145.978 7.46578 0
      vertex 146.176 4.70741 0
    endloop
  endfacet
  facet normal -0 0 1
    outer loop
      vertex 145.465 7.3637 0
      vertex 146.176 4.70741 0
      vertex 145.978 7.46578 0
    endloop
  endfacet
  facet normal 0 0 1
    outer loop
      vertex 146.176 4.70741 0
      vertex 145.465 7.3637 0
      vertex 146.022 4.65485 0
    endloop
  endfacet
  facet normal -0 0 1
    outer loop
      vertex 144.969 7.19552 0
      vertex 146.022 4.65485 0
      vertex 145.465 7.3637 0
    endloop
  endfacet
  facet normal 0 0 1
    outer loop
      vertex 146.022 4.65485 0
      vertex 144.969 7.19552 0
      vertex 145.875 4.58253 0
    endloop
  endfacet
  facet normal -0 0 1
    outer loop
      vertex 144.5 6.9641 0
      vertex 145.875 4.58253 0
      vertex 144.969 7.19552 0
    endloop
  endfacet
  facet normal 0 0 1
    outer loop
      vertex 145.875 4.58253 0
      vertex 144.5 6.9641 0
      vertex 145.739 4.49169 0
    endloop
  endfacet
  facet normal -0 0 1
    outer loop
      vertex 144.065 6.67341 0
      vertex 145.739 4.49169 0
      vertex 144.5 6.9641 0
    endloop
  endfacet
  facet normal 0 0 1
    outer loop
      vertex 145.739 4.49169 0
      vertex 144.065 6.67341 0
      vertex 145.616 4.38388 0
    endloop
  endfacet
  facet normal -0 0 1
    outer loop
      vertex 143.672 6.32843 0
      vertex 145.616 4.38388 0
      vertex 144.065 6.67341 0
    endloop
  endfacet
  facet normal 0 0 1
    outer loop
      vertex 145.616 4.38388 0
      vertex 143.672 6.32843 0
      vertex 145.508 4.26095 0
    endloop
  endfacet
  facet normal -0 0 1
    outer loop
      vertex 143.327 5.93505 0
      vertex 145.508 4.26095 0
      vertex 143.672 6.32843 0
    endloop
  endfacet
  facet normal 0 0 1
    outer loop
      vertex 145.508 4.26095 0
      vertex 143.327 5.93505 0
      vertex 145.417 4.125 0
    endloop
  endfacet
  facet normal 0 0 1
    outer loop
      vertex 147.739 3.66316 0
      vertex 150.3 4.72294 0
      vertex 150.196 5.03073 0
    endloop
  endfacet
  facet normal 0 0 1
    outer loop
      vertex 150.3 4.72294 0
      vertex 147.75 3.5 0
      vertex 150.3 2.27706 0
    endloop
  endfacet
  facet normal 0 0 1
    outer loop
      vertex 147.739 3.66316 0
      vertex 150.196 5.03073 0
      vertex 149.964 5.5 0
    endloop
  endfacet
  facet normal -0 0 1
    outer loop
      vertex 147.739 3.33684 0
      vertex 150.3 2.27706 0
      vertex 147.75 3.5 0
    endloop
  endfacet
  facet normal 0 0 1
    outer loop
      vertex 147.739 3.66316 0
      vertex 149.964 5.5 0
      vertex 149.673 5.93505 0
    endloop
  endfacet
  facet normal -0 0 1
    outer loop
      vertex 147.707 3.17648 0
      vertex 150.3 2.27706 0
      vertex 147.739 3.33684 0
    endloop
  endfacet
  facet normal 0 0 1
    outer loop
      vertex 147.739 3.66316 0
      vertex 149.673 5.93505 0
      vertex 149.328 6.32843 0
    endloop
  endfacet
  facet normal -0 0 1
    outer loop
      vertex 147.655 3.02165 0
      vertex 150.3 2.27706 0
      vertex 147.707 3.17648 0
    endloop
  endfacet
  facet normal 0 0 1
    outer loop
      vertex 147.739 3.66316 0
      vertex 149.328 6.32843 0
      vertex 148.935 6.67341 0
    endloop
  endfacet
  facet normal 0 0 1
    outer loop
      vertex 150.3 2.27706 0
      vertex 147.655 3.02165 0
      vertex 150.196 1.96927 0
    endloop
  endfacet
  facet normal 0 0 1
    outer loop
      vertex 147.739 3.66316 0
      vertex 148.935 6.67341 0
      vertex 148.5 6.9641 0
    endloop
  endfacet
  facet normal 0 0 1
    outer loop
      vertex 150.196 1.96927 0
      vertex 147.655 3.02165 0
      vertex 149.964 1.5 0
    endloop
  endfacet
  facet normal 0 0 1
    outer loop
      vertex 147.739 3.66316 0
      vertex 148.5 6.9641 0
      vertex 148.031 7.19552 0
    endloop
  endfacet
  facet normal -0 0 1
    outer loop
      vertex 147.583 2.875 0
      vertex 149.964 1.5 0
      vertex 147.655 3.02165 0
    endloop
  endfacet
  facet normal 0 0 1
    outer loop
      vertex 146.978 4.65485 0
      vertex 148.031 7.19552 0
      vertex 147.8 7.27384 0
    endloop
  endfacet
  facet normal 0 0 1
    outer loop
      vertex 149.964 1.5 0
      vertex 147.583 2.875 0
      vertex 149.673 1.06495 0
    endloop
  endfacet
  facet normal -0 0 1
    outer loop
      vertex 147.492 2.73905 0
      vertex 149.673 1.06495 0
      vertex 147.583 2.875 0
    endloop
  endfacet
  facet normal 0 0 1
    outer loop
      vertex 149.673 1.06495 0
      vertex 147.492 2.73905 0
      vertex 149.328 0.671573 0
    endloop
  endfacet
  facet normal -0 0 1
    outer loop
      vertex 147.384 2.61612 0
      vertex 149.328 0.671573 0
      vertex 147.492 2.73905 0
    endloop
  endfacet
  facet normal 0 0 1
    outer loop
      vertex 149.328 0.671573 0
      vertex 147.384 2.61612 0
      vertex 148.935 0.326586 0
    endloop
  endfacet
  facet normal -0 0 1
    outer loop
      vertex 147.261 2.50831 0
      vertex 148.935 0.326586 0
      vertex 147.384 2.61612 0
    endloop
  endfacet
  facet normal 0 0 1
    outer loop
      vertex 148.935 0.326586 0
      vertex 147.261 2.50831 0
      vertex 148.5 0.0358982 0
    endloop
  endfacet
  facet normal -0 0 1
    outer loop
      vertex 147.125 2.41747 0
      vertex 148.5 0.0358982 0
      vertex 147.261 2.50831 0
    endloop
  endfacet
  facet normal 0 0 1
    outer loop
      vertex 148.5 0.0358982 0
      vertex 147.125 2.41747 0
      vertex 148.031 -0.195518 0
    endloop
  endfacet
  facet normal -0 0 1
    outer loop
      vertex 146.978 2.34515 0
      vertex 148.031 -0.195518 0
      vertex 147.125 2.41747 0
    endloop
  endfacet
  facet normal 0 0 1
    outer loop
      vertex 148.031 -0.195518 0
      vertex 146.978 2.34515 0
      vertex 147.723 -0.299999 0
    endloop
  endfacet
  facet normal -0 0 1
    outer loop
      vertex 146.824 2.29259 0
      vertex 147.723 -0.299999 0
      vertex 146.978 2.34515 0
    endloop
  endfacet
  facet normal -0 0 1
    outer loop
      vertex 146.663 2.26069 0
      vertex 147.723 -0.299999 0
      vertex 146.824 2.29259 0
    endloop
  endfacet
  facet normal -0 0 1
    outer loop
      vertex 146.5 2.25 0
      vertex 147.723 -0.299999 0
      vertex 146.663 2.26069 0
    endloop
  endfacet
  facet normal 0 0 1
    outer loop
      vertex 145.277 -0.299999 0
      vertex 146.5 2.25 0
      vertex 146.337 2.26069 0
    endloop
  endfacet
  facet normal 0 0 1
    outer loop
      vertex 145.277 -0.299999 0
      vertex 146.337 2.26069 0
      vertex 146.176 2.29259 0
    endloop
  endfacet
  facet normal 0 0 1
    outer loop
      vertex 145.277 -0.299999 0
      vertex 146.176 2.29259 0
      vertex 146.022 2.34515 0
    endloop
  endfacet
  facet normal 0 0 1
    outer loop
      vertex 144.969 -0.195518 0
      vertex 146.022 2.34515 0
      vertex 145.875 2.41747 0
    endloop
  endfacet
  facet normal 0 0 1
    outer loop
      vertex 144.5 0.0358982 0
      vertex 145.875 2.41747 0
      vertex 145.739 2.50831 0
    endloop
  endfacet
  facet normal 0 0 1
    outer loop
      vertex 144.065 0.326586 0
      vertex 145.739 2.50831 0
      vertex 145.616 2.61612 0
    endloop
  endfacet
  facet normal 0 0 1
    outer loop
      vertex 143.672 0.671573 0
      vertex 145.616 2.61612 0
      vertex 145.508 2.73905 0
    endloop
  endfacet
  facet normal 0 0 1
    outer loop
      vertex 146.5 2.25 0
      vertex 145.277 -0.299999 0
      vertex 147.723 -0.299999 0
    endloop
  endfacet
  facet normal 0 0 1
    outer loop
      vertex 143.327 1.06495 0
      vertex 145.508 2.73905 0
      vertex 145.417 2.875 0
    endloop
  endfacet
  facet normal 0 0 1
    outer loop
      vertex 143.036 1.5 0
      vertex 145.417 2.875 0
      vertex 145.345 3.02165 0
    endloop
  endfacet
  facet normal 0 0 1
    outer loop
      vertex 142.726 2.2 0
      vertex 145.345 3.02165 0
      vertex 145.293 3.17648 0
    endloop
  endfacet
  facet normal 0 0 1
    outer loop
      vertex 142.636 2.46472 0
      vertex 145.293 3.17648 0
      vertex 145.261 3.33684 0
    endloop
  endfacet
  facet normal 0 0 1
    outer loop
      vertex 142.534 2.97789 0
      vertex 145.261 3.33684 0
      vertex 145.25 3.5 0
    endloop
  endfacet
  facet normal -0 0 1
    outer loop
      vertex 143.036 5.5 0
      vertex 145.417 4.125 0
      vertex 143.327 5.93505 0
    endloop
  endfacet
  facet normal 0 0 1
    outer loop
      vertex 145.417 4.125 0
      vertex 143.036 5.5 0
      vertex 145.345 3.97835 0
    endloop
  endfacet
  facet normal 0 0 1
    outer loop
      vertex 145.875 2.41747 0
      vertex 144.5 0.0358982 0
      vertex 144.969 -0.195518 0
    endloop
  endfacet
  facet normal 0 0 1
    outer loop
      vertex 146.022 2.34515 0
      vertex 144.969 -0.195518 0
      vertex 145.277 -0.299999 0
    endloop
  endfacet
  facet normal -0 0 1
    outer loop
      vertex 142.804 5.03073 0
      vertex 145.345 3.97835 0
      vertex 143.036 5.5 0
    endloop
  endfacet
  facet normal 0 0 1
    outer loop
      vertex 145.739 2.50831 0
      vertex 144.065 0.326586 0
      vertex 144.5 0.0358982 0
    endloop
  endfacet
  facet normal 0 0 1
    outer loop
      vertex 145.345 3.97835 0
      vertex 142.804 5.03073 0
      vertex 145.293 3.82352 0
    endloop
  endfacet
  facet normal 0 0 1
    outer loop
      vertex 145.616 2.61612 0
      vertex 143.672 0.671573 0
      vertex 144.065 0.326586 0
    endloop
  endfacet
  facet normal -0 0 1
    outer loop
      vertex 142.636 4.53528 0
      vertex 145.293 3.82352 0
      vertex 142.804 5.03073 0
    endloop
  endfacet
  facet normal 0 0 1
    outer loop
      vertex 145.508 2.73905 0
      vertex 143.327 1.06495 0
      vertex 143.672 0.671573 0
    endloop
  endfacet
  facet normal 0 0 1
    outer loop
      vertex 145.293 3.82352 0
      vertex 142.636 4.53528 0
      vertex 145.261 3.66316 0
    endloop
  endfacet
  facet normal 0 0 1
    outer loop
      vertex 145.345 3.02165 0
      vertex 142.726 2.2 0
      vertex 142.804 1.96927 0
    endloop
  endfacet
  facet normal -0 0 1
    outer loop
      vertex 142.534 4.0221 0
      vertex 145.261 3.66316 0
      vertex 142.636 4.53528 0
    endloop
  endfacet
  facet normal 0 0 1
    outer loop
      vertex 145.417 2.875 0
      vertex 143.036 1.5 0
      vertex 143.327 1.06495 0
    endloop
  endfacet
  facet normal 0 0 1
    outer loop
      vertex 145.345 3.02165 0
      vertex 142.804 1.96927 0
      vertex 143.036 1.5 0
    endloop
  endfacet
  facet normal 0 0 1
    outer loop
      vertex 145.261 3.66316 0
      vertex 142.534 4.0221 0
      vertex 145.25 3.5 0
    endloop
  endfacet
  facet normal 0 0 1
    outer loop
      vertex 142.5 3.5 0
      vertex 145.25 3.5 0
      vertex 142.534 4.0221 0
    endloop
  endfacet
  facet normal 0 0 1
    outer loop
      vertex 145.261 3.33684 0
      vertex 142.534 2.97789 0
      vertex 142.636 2.46472 0
    endloop
  endfacet
  facet normal 0 0 1
    outer loop
      vertex 145.293 3.17648 0
      vertex 142.636 2.46472 0
      vertex 142.726 2.2 0
    endloop
  endfacet
  facet normal 0 0 1
    outer loop
      vertex 145.25 3.5 0
      vertex 142.5 3.5 0
      vertex 142.534 2.97789 0
    endloop
  endfacet
  facet normal -0 0 1
    outer loop
      vertex 150.196 1.96927 0
      vertex 150.3 -0.299999 0
      vertex 150.3 2.27706 0
    endloop
  endfacet
  facet normal -0 0 1
    outer loop
      vertex 149.964 1.5 0
      vertex 150.3 -0.299999 0
      vertex 150.196 1.96927 0
    endloop
  endfacet
  facet normal -0 0 1
    outer loop
      vertex 149.673 1.06495 0
      vertex 150.3 -0.299999 0
      vertex 149.964 1.5 0
    endloop
  endfacet
  facet normal -0 0 1
    outer loop
      vertex 149.328 0.671573 0
      vertex 150.3 -0.299999 0
      vertex 149.673 1.06495 0
    endloop
  endfacet
  facet normal -0 0 1
    outer loop
      vertex 148.935 0.326586 0
      vertex 150.3 -0.299999 0
      vertex 149.328 0.671573 0
    endloop
  endfacet
  facet normal -0 0 1
    outer loop
      vertex 148.5 0.0358982 0
      vertex 150.3 -0.299999 0
      vertex 148.935 0.326586 0
    endloop
  endfacet
  facet normal -0 0 1
    outer loop
      vertex 148.031 -0.195518 0
      vertex 150.3 -0.299999 0
      vertex 148.5 0.0358982 0
    endloop
  endfacet
  facet normal 0 0 1
    outer loop
      vertex 150.3 -0.299999 0
      vertex 148.031 -0.195518 0
      vertex 147.723 -0.299999 0
    endloop
  endfacet
  facet normal -0 0 1
    outer loop
      vertex 150.196 84.9693 0
      vertex 150.3 4.72294 0
      vertex 150.3 85.2771 0
    endloop
  endfacet
  facet normal 0 0 1
    outer loop
      vertex 150.196 84.9693 0
      vertex 150.196 5.03073 0
      vertex 150.3 4.72294 0
    endloop
  endfacet
  facet normal -0 0 1
    outer loop
      vertex 149.964 84.5 0
      vertex 150.196 5.03073 0
      vertex 150.196 84.9693 0
    endloop
  endfacet
  facet normal 0 0 1
    outer loop
      vertex 149.964 84.5 0
      vertex 149.964 5.5 0
      vertex 150.196 5.03073 0
    endloop
  endfacet
  facet normal -0 0 1
    outer loop
      vertex 149.673 84.065 0
      vertex 149.964 5.5 0
      vertex 149.964 84.5 0
    endloop
  endfacet
  facet normal 0 0 1
    outer loop
      vertex 149.673 84.065 0
      vertex 149.673 5.93505 0
      vertex 149.964 5.5 0
    endloop
  endfacet
  facet normal -0 0 1
    outer loop
      vertex 149.328 83.6716 0
      vertex 149.673 5.93505 0
      vertex 149.673 84.065 0
    endloop
  endfacet
  facet normal 0 0 1
    outer loop
      vertex 149.328 83.6716 0
      vertex 149.328 6.32843 0
      vertex 149.673 5.93505 0
    endloop
  endfacet
  facet normal -0 0 1
    outer loop
      vertex 148.935 83.3266 0
      vertex 149.328 6.32843 0
      vertex 149.328 83.6716 0
    endloop
  endfacet
  facet normal 0 0 1
    outer loop
      vertex 148.935 83.3266 0
      vertex 148.935 6.67341 0
      vertex 149.328 6.32843 0
    endloop
  endfacet
  facet normal -0 0 1
    outer loop
      vertex 148.5 83.0359 0
      vertex 148.935 6.67341 0
      vertex 148.935 83.3266 0
    endloop
  endfacet
  facet normal 0 0 1
    outer loop
      vertex 148.5 83.0359 0
      vertex 148.5 6.9641 0
      vertex 148.935 6.67341 0
    endloop
  endfacet
  facet normal -0 0 1
    outer loop
      vertex 148.031 82.8045 0
      vertex 148.5 6.9641 0
      vertex 148.5 83.0359 0
    endloop
  endfacet
  facet normal 0 0 1
    outer loop
      vertex 148.031 82.8045 0
      vertex 148.031 7.19552 0
      vertex 148.5 6.9641 0
    endloop
  endfacet
  facet normal -0 0 1
    outer loop
      vertex 147.8 82.7262 0
      vertex 148.031 7.19552 0
      vertex 148.031 82.8045 0
    endloop
  endfacet
  facet normal 0 0 1
    outer loop
      vertex 148.031 7.19552 0
      vertex 147.8 82.7262 0
      vertex 147.8 7.27384 0
    endloop
  endfacet
  facet normal 0 0 1
    outer loop
      vertex 147.655 86.9784 0
      vertex 150.3 87.7229 0
      vertex 150.196 88.0307 0
    endloop
  endfacet
  facet normal 0 0 1
    outer loop
      vertex 150.3 87.7229 0
      vertex 147.75 86.5 0
      vertex 150.3 85.2771 0
    endloop
  endfacet
  facet normal 0 0 1
    outer loop
      vertex 147.655 86.9784 0
      vertex 150.196 88.0307 0
      vertex 149.964 88.5 0
    endloop
  endfacet
  facet normal -0 0 1
    outer loop
      vertex 147.739 86.3368 0
      vertex 150.3 85.2771 0
      vertex 147.75 86.5 0
    endloop
  endfacet
  facet normal 0 0 1
    outer loop
      vertex 147.583 87.125 0
      vertex 149.964 88.5 0
      vertex 149.673 88.935 0
    endloop
  endfacet
  facet normal -0 0 1
    outer loop
      vertex 147.707 86.1765 0
      vertex 150.3 85.2771 0
      vertex 147.739 86.3368 0
    endloop
  endfacet
  facet normal 0 0 1
    outer loop
      vertex 147.492 87.2609 0
      vertex 149.673 88.935 0
      vertex 149.328 89.3284 0
    endloop
  endfacet
  facet normal -0 0 1
    outer loop
      vertex 147.655 86.0216 0
      vertex 150.3 85.2771 0
      vertex 147.707 86.1765 0
    endloop
  endfacet
  facet normal 0 0 1
    outer loop
      vertex 147.384 87.3839 0
      vertex 149.328 89.3284 0
      vertex 148.935 89.6734 0
    endloop
  endfacet
  facet normal 0 0 1
    outer loop
      vertex 150.3 85.2771 0
      vertex 147.655 86.0216 0
      vertex 150.196 84.9693 0
    endloop
  endfacet
  facet normal 0 0 1
    outer loop
      vertex 147.261 87.4917 0
      vertex 148.935 89.6734 0
      vertex 148.5 89.9641 0
    endloop
  endfacet
  facet normal 0 0 1
    outer loop
      vertex 150.196 84.9693 0
      vertex 147.655 86.0216 0
      vertex 149.964 84.5 0
    endloop
  endfacet
  facet normal 0 0 1
    outer loop
      vertex 147.125 87.5825 0
      vertex 148.5 89.9641 0
      vertex 148.031 90.1955 0
    endloop
  endfacet
  facet normal -0 0 1
    outer loop
      vertex 147.583 85.875 0
      vertex 149.964 84.5 0
      vertex 147.655 86.0216 0
    endloop
  endfacet
  facet normal 0 0 1
    outer loop
      vertex 149.964 84.5 0
      vertex 147.583 85.875 0
      vertex 149.673 84.065 0
    endloop
  endfacet
  facet normal -0 0 1
    outer loop
      vertex 147.492 85.739 0
      vertex 149.673 84.065 0
      vertex 147.583 85.875 0
    endloop
  endfacet
  facet normal 0 0 1
    outer loop
      vertex 150.3 87.7229 0
      vertex 147.739 86.6632 0
      vertex 147.75 86.5 0
    endloop
  endfacet
  facet normal 0 0 1
    outer loop
      vertex 146.978 87.6548 0
      vertex 148.031 90.1955 0
      vertex 147.723 90.3 0
    endloop
  endfacet
  facet normal 0 0 1
    outer loop
      vertex 150.3 87.7229 0
      vertex 147.707 86.8235 0
      vertex 147.739 86.6632 0
    endloop
  endfacet
  facet normal 0 0 1
    outer loop
      vertex 150.3 87.7229 0
      vertex 147.655 86.9784 0
      vertex 147.707 86.8235 0
    endloop
  endfacet
  facet normal 0 0 1
    outer loop
      vertex 149.964 88.5 0
      vertex 147.583 87.125 0
      vertex 147.655 86.9784 0
    endloop
  endfacet
  facet normal 0 0 1
    outer loop
      vertex 149.673 88.935 0
      vertex 147.492 87.2609 0
      vertex 147.583 87.125 0
    endloop
  endfacet
  facet normal 0 0 1
    outer loop
      vertex 149.328 89.3284 0
      vertex 147.384 87.3839 0
      vertex 147.492 87.2609 0
    endloop
  endfacet
  facet normal 0 0 1
    outer loop
      vertex 148.935 89.6734 0
      vertex 147.261 87.4917 0
      vertex 147.384 87.3839 0
    endloop
  endfacet
  facet normal 0 0 1
    outer loop
      vertex 148.5 89.9641 0
      vertex 147.125 87.5825 0
      vertex 147.261 87.4917 0
    endloop
  endfacet
  facet normal 0 0 1
    outer loop
      vertex 148.031 90.1955 0
      vertex 146.978 87.6548 0
      vertex 147.125 87.5825 0
    endloop
  endfacet
  facet normal 0 0 1
    outer loop
      vertex 147.723 90.3 0
      vertex 146.824 87.7074 0
      vertex 146.978 87.6548 0
    endloop
  endfacet
  facet normal 0 0 1
    outer loop
      vertex 147.723 90.3 0
      vertex 146.663 87.7393 0
      vertex 146.824 87.7074 0
    endloop
  endfacet
  facet normal 0 0 1
    outer loop
      vertex 147.723 90.3 0
      vertex 146.5 87.75 0
      vertex 146.663 87.7393 0
    endloop
  endfacet
  facet normal -0 0 1
    outer loop
      vertex 145.277 90.3 0
      vertex 146.5 87.75 0
      vertex 147.723 90.3 0
    endloop
  endfacet
  facet normal 0 0 1
    outer loop
      vertex 146.5 87.75 0
      vertex 145.277 90.3 0
      vertex 146.337 87.7393 0
    endloop
  endfacet
  facet normal 0 0 1
    outer loop
      vertex 146.337 87.7393 0
      vertex 145.277 90.3 0
      vertex 146.176 87.7074 0
    endloop
  endfacet
  facet normal 0 0 1
    outer loop
      vertex 146.176 87.7074 0
      vertex 145.277 90.3 0
      vertex 146.022 87.6548 0
    endloop
  endfacet
  facet normal -0 0 1
    outer loop
      vertex 144.969 90.1955 0
      vertex 146.022 87.6548 0
      vertex 145.277 90.3 0
    endloop
  endfacet
  facet normal 0 0 1
    outer loop
      vertex 146.022 87.6548 0
      vertex 144.969 90.1955 0
      vertex 145.875 87.5825 0
    endloop
  endfacet
  facet normal -0 0 1
    outer loop
      vertex 144.5 89.9641 0
      vertex 145.875 87.5825 0
      vertex 144.969 90.1955 0
    endloop
  endfacet
  facet normal 0 0 1
    outer loop
      vertex 145.875 87.5825 0
      vertex 144.5 89.9641 0
      vertex 145.739 87.4917 0
    endloop
  endfacet
  facet normal -0 0 1
    outer loop
      vertex 144.065 89.6734 0
      vertex 145.739 87.4917 0
      vertex 144.5 89.9641 0
    endloop
  endfacet
  facet normal 0 0 1
    outer loop
      vertex 145.739 87.4917 0
      vertex 144.065 89.6734 0
      vertex 145.616 87.3839 0
    endloop
  endfacet
  facet normal -0 0 1
    outer loop
      vertex 143.672 89.3284 0
      vertex 145.616 87.3839 0
      vertex 144.065 89.6734 0
    endloop
  endfacet
  facet normal 0 0 1
    outer loop
      vertex 145.616 87.3839 0
      vertex 143.672 89.3284 0
      vertex 145.508 87.2609 0
    endloop
  endfacet
  facet normal -0 0 1
    outer loop
      vertex 143.327 88.935 0
      vertex 145.508 87.2609 0
      vertex 143.672 89.3284 0
    endloop
  endfacet
  facet normal 0 0 1
    outer loop
      vertex 145.508 87.2609 0
      vertex 143.327 88.935 0
      vertex 145.417 87.125 0
    endloop
  endfacet
  facet normal 0 0 1
    outer loop
      vertex 149.673 84.065 0
      vertex 147.492 85.739 0
      vertex 149.328 83.6716 0
    endloop
  endfacet
  facet normal -0 0 1
    outer loop
      vertex 147.384 85.6161 0
      vertex 149.328 83.6716 0
      vertex 147.492 85.739 0
    endloop
  endfacet
  facet normal 0 0 1
    outer loop
      vertex 149.328 83.6716 0
      vertex 147.384 85.6161 0
      vertex 148.935 83.3266 0
    endloop
  endfacet
  facet normal -0 0 1
    outer loop
      vertex 147.261 85.5083 0
      vertex 148.935 83.3266 0
      vertex 147.384 85.6161 0
    endloop
  endfacet
  facet normal 0 0 1
    outer loop
      vertex 148.935 83.3266 0
      vertex 147.261 85.5083 0
      vertex 148.5 83.0359 0
    endloop
  endfacet
  facet normal -0 0 1
    outer loop
      vertex 147.125 85.4175 0
      vertex 148.5 83.0359 0
      vertex 147.261 85.5083 0
    endloop
  endfacet
  facet normal 0 0 1
    outer loop
      vertex 148.5 83.0359 0
      vertex 147.125 85.4175 0
      vertex 148.031 82.8045 0
    endloop
  endfacet
  facet normal -0 0 1
    outer loop
      vertex 146.978 85.3452 0
      vertex 148.031 82.8045 0
      vertex 147.125 85.4175 0
    endloop
  endfacet
  facet normal 0 0 1
    outer loop
      vertex 148.031 82.8045 0
      vertex 146.978 85.3452 0
      vertex 147.8 82.7262 0
    endloop
  endfacet
  facet normal -0 0 1
    outer loop
      vertex 146.824 85.2926 0
      vertex 147.8 82.7262 0
      vertex 146.978 85.3452 0
    endloop
  endfacet
  facet normal 0 0 1
    outer loop
      vertex 147.8 82.7262 0
      vertex 146.824 85.2926 0
      vertex 147.535 82.6363 0
    endloop
  endfacet
  facet normal 0 0 1
    outer loop
      vertex 147.535 82.6363 0
      vertex 146.824 85.2926 0
      vertex 147.022 82.5342 0
    endloop
  endfacet
  facet normal -0 0 1
    outer loop
      vertex 146.663 85.2607 0
      vertex 147.022 82.5342 0
      vertex 146.824 85.2926 0
    endloop
  endfacet
  facet normal -0 0 1
    outer loop
      vertex 146.5 85.25 0
      vertex 147.022 82.5342 0
      vertex 146.663 85.2607 0
    endloop
  endfacet
  facet normal 0 0 1
    outer loop
      vertex 146.5 85.25 0
      vertex 146.5 82.5 0
      vertex 147.022 82.5342 0
    endloop
  endfacet
  facet normal 0 0 1
    outer loop
      vertex 146.337 85.2607 0
      vertex 146.5 82.5 0
      vertex 146.5 85.25 0
    endloop
  endfacet
  facet normal 0 0 1
    outer loop
      vertex 145.978 82.5342 0
      vertex 146.337 85.2607 0
      vertex 146.176 85.2926 0
    endloop
  endfacet
  facet normal 0 0 1
    outer loop
      vertex 145.465 82.6363 0
      vertex 146.176 85.2926 0
      vertex 146.022 85.3452 0
    endloop
  endfacet
  facet normal 0 0 1
    outer loop
      vertex 146.337 85.2607 0
      vertex 145.978 82.5342 0
      vertex 146.5 82.5 0
    endloop
  endfacet
  facet normal 0 0 1
    outer loop
      vertex 144.969 82.8045 0
      vertex 146.022 85.3452 0
      vertex 145.875 85.4175 0
    endloop
  endfacet
  facet normal 0 0 1
    outer loop
      vertex 144.5 83.0359 0
      vertex 145.875 85.4175 0
      vertex 145.739 85.5083 0
    endloop
  endfacet
  facet normal 0 0 1
    outer loop
      vertex 144.065 83.3266 0
      vertex 145.739 85.5083 0
      vertex 145.616 85.6161 0
    endloop
  endfacet
  facet normal 0 0 1
    outer loop
      vertex 143.672 83.6716 0
      vertex 145.616 85.6161 0
      vertex 145.508 85.739 0
    endloop
  endfacet
  facet normal 0 0 1
    outer loop
      vertex 146.176 85.2926 0
      vertex 145.465 82.6363 0
      vertex 145.978 82.5342 0
    endloop
  endfacet
  facet normal 0 0 1
    outer loop
      vertex 143.327 84.065 0
      vertex 145.508 85.739 0
      vertex 145.417 85.875 0
    endloop
  endfacet
  facet normal 0 0 1
    outer loop
      vertex 143.036 84.5 0
      vertex 145.417 85.875 0
      vertex 145.345 86.0216 0
    endloop
  endfacet
  facet normal 0 0 1
    outer loop
      vertex 142.804 84.9693 0
      vertex 145.345 86.0216 0
      vertex 145.293 86.1765 0
    endloop
  endfacet
  facet normal 0 0 1
    outer loop
      vertex 142.636 85.4647 0
      vertex 145.293 86.1765 0
      vertex 145.261 86.3368 0
    endloop
  endfacet
  facet normal 0 0 1
    outer loop
      vertex 142.534 85.9779 0
      vertex 145.261 86.3368 0
      vertex 145.25 86.5 0
    endloop
  endfacet
  facet normal -0 0 1
    outer loop
      vertex 143.036 88.5 0
      vertex 145.417 87.125 0
      vertex 143.327 88.935 0
    endloop
  endfacet
  facet normal 0 0 1
    outer loop
      vertex 146.022 85.3452 0
      vertex 144.969 82.8045 0
      vertex 145.465 82.6363 0
    endloop
  endfacet
  facet normal 0 0 1
    outer loop
      vertex 145.417 87.125 0
      vertex 143.036 88.5 0
      vertex 145.345 86.9784 0
    endloop
  endfacet
  facet normal 0 0 1
    outer loop
      vertex 145.875 85.4175 0
      vertex 144.5 83.0359 0
      vertex 144.969 82.8045 0
    endloop
  endfacet
  facet normal -0 0 1
    outer loop
      vertex 142.804 88.0307 0
      vertex 145.345 86.9784 0
      vertex 143.036 88.5 0
    endloop
  endfacet
  facet normal 0 0 1
    outer loop
      vertex 145.739 85.5083 0
      vertex 144.065 83.3266 0
      vertex 144.5 83.0359 0
    endloop
  endfacet
  facet normal -0 0 1
    outer loop
      vertex 142.726 87.8 0
      vertex 145.345 86.9784 0
      vertex 142.804 88.0307 0
    endloop
  endfacet
  facet normal 0 0 1
    outer loop
      vertex 145.616 85.6161 0
      vertex 143.672 83.6716 0
      vertex 144.065 83.3266 0
    endloop
  endfacet
  facet normal 0 0 1
    outer loop
      vertex 145.345 86.9784 0
      vertex 142.726 87.8 0
      vertex 145.293 86.8235 0
    endloop
  endfacet
  facet normal 0 0 1
    outer loop
      vertex 145.508 85.739 0
      vertex 143.327 84.065 0
      vertex 143.672 83.6716 0
    endloop
  endfacet
  facet normal -0 0 1
    outer loop
      vertex 142.636 87.5353 0
      vertex 145.293 86.8235 0
      vertex 142.726 87.8 0
    endloop
  endfacet
  facet normal -0 0 1
    outer loop
      vertex 142.534 87.0221 0
      vertex 145.261 86.6632 0
      vertex 142.636 87.5353 0
    endloop
  endfacet
  facet normal 0 0 1
    outer loop
      vertex 145.293 86.8235 0
      vertex 142.636 87.5353 0
      vertex 145.261 86.6632 0
    endloop
  endfacet
  facet normal 0 0 1
    outer loop
      vertex 145.417 85.875 0
      vertex 143.036 84.5 0
      vertex 143.327 84.065 0
    endloop
  endfacet
  facet normal 0 0 1
    outer loop
      vertex 145.345 86.0216 0
      vertex 142.804 84.9693 0
      vertex 143.036 84.5 0
    endloop
  endfacet
  facet normal 0 0 1
    outer loop
      vertex 145.261 86.6632 0
      vertex 142.534 87.0221 0
      vertex 145.25 86.5 0
    endloop
  endfacet
  facet normal 0 0 1
    outer loop
      vertex 145.293 86.1765 0
      vertex 142.636 85.4647 0
      vertex 142.804 84.9693 0
    endloop
  endfacet
  facet normal 0 0 1
    outer loop
      vertex 142.5 86.5 0
      vertex 145.25 86.5 0
      vertex 142.534 87.0221 0
    endloop
  endfacet
  facet normal 0 0 1
    outer loop
      vertex 145.261 86.3368 0
      vertex 142.534 85.9779 0
      vertex 142.636 85.4647 0
    endloop
  endfacet
  facet normal 0 0 1
    outer loop
      vertex 145.25 86.5 0
      vertex 142.5 86.5 0
      vertex 142.534 85.9779 0
    endloop
  endfacet
  facet normal 0 0 1
    outer loop
      vertex 150.3 90.3 0
      vertex 150.196 88.0307 0
      vertex 150.3 87.7229 0
    endloop
  endfacet
  facet normal 0 0 1
    outer loop
      vertex 150.3 90.3 0
      vertex 149.964 88.5 0
      vertex 150.196 88.0307 0
    endloop
  endfacet
  facet normal 0 0 1
    outer loop
      vertex 150.3 90.3 0
      vertex 149.673 88.935 0
      vertex 149.964 88.5 0
    endloop
  endfacet
  facet normal 0 0 1
    outer loop
      vertex 150.3 90.3 0
      vertex 149.328 89.3284 0
      vertex 149.673 88.935 0
    endloop
  endfacet
  facet normal 0 0 1
    outer loop
      vertex 150.3 90.3 0
      vertex 148.935 89.6734 0
      vertex 149.328 89.3284 0
    endloop
  endfacet
  facet normal 0 0 1
    outer loop
      vertex 150.3 90.3 0
      vertex 148.5 89.9641 0
      vertex 148.935 89.6734 0
    endloop
  endfacet
  facet normal 0 0 1
    outer loop
      vertex 150.3 90.3 0
      vertex 148.031 90.1955 0
      vertex 148.5 89.9641 0
    endloop
  endfacet
  facet normal 0 -0 1
    outer loop
      vertex 148.031 90.1955 0
      vertex 150.3 90.3 0
      vertex 147.723 90.3 0
    endloop
  endfacet
  facet normal 1 0 0
    outer loop
      vertex -0.299999 33.75 7.6
      vertex -0.299999 4.72294 0
      vertex -0.299999 33.75 0
    endloop
  endfacet
  facet normal 1 -0 0
    outer loop
      vertex -0.299999 -0.299999 7.6
      vertex -0.299999 4.72294 0
      vertex -0.299999 33.75 7.6
    endloop
  endfacet
  facet normal 1 0 0
    outer loop
      vertex -0.299999 4.72294 0
      vertex -0.299999 -0.299999 7.6
      vertex -0.299999 2.27706 0
    endloop
  endfacet
  facet normal 1 0 0
    outer loop
      vertex -0.299999 2.27706 0
      vertex -0.299999 -0.299999 7.6
      vertex -0.299999 -0.299999 0
    endloop
  endfacet
  facet normal 1 0 0
    outer loop
      vertex -0.299999 90.3 7.6
      vertex -0.299999 87.7229 0
      vertex -0.299999 90.3 0
    endloop
  endfacet
  facet normal 1 0 0
    outer loop
      vertex -0.299999 90.3 7.6
      vertex -0.299999 85.2771 0
      vertex -0.299999 87.7229 0
    endloop
  endfacet
  facet normal 1 -0 0
    outer loop
      vertex -0.299999 47.25 7.6
      vertex -0.299999 85.2771 0
      vertex -0.299999 90.3 7.6
    endloop
  endfacet
  facet normal 1 0 0
    outer loop
      vertex -0.299999 85.2771 0
      vertex -0.299999 47.25 7.6
      vertex -0.299999 47.25 0
    endloop
  endfacet
  facet normal 0 -1 0
    outer loop
      vertex 2.27706 90.3 0
      vertex -0.299999 90.3 7.6
      vertex -0.299999 90.3 0
    endloop
  endfacet
  facet normal 0 -1 0
    outer loop
      vertex 4.72294 90.3 0
      vertex -0.299999 90.3 7.6
      vertex 2.27706 90.3 0
    endloop
  endfacet
  facet normal 0 -1 0
    outer loop
      vertex -0.299999 90.3 7.6
      vertex 4.72294 90.3 0
      vertex 150.3 90.3 7.6
    endloop
  endfacet
  facet normal 0 -1 0
    outer loop
      vertex 145.277 90.3 0
      vertex 150.3 90.3 7.6
      vertex 4.72294 90.3 0
    endloop
  endfacet
  facet normal 0 -1 0
    outer loop
      vertex 147.723 90.3 0
      vertex 150.3 90.3 7.6
      vertex 145.277 90.3 0
    endloop
  endfacet
  facet normal 0 -1 -0
    outer loop
      vertex 150.3 90.3 7.6
      vertex 147.723 90.3 0
      vertex 150.3 90.3 0
    endloop
  endfacet
  facet normal 0 1 0
    outer loop
      vertex 147.723 -0.299999 0
      vertex 150.3 -0.299999 7.6
      vertex 150.3 -0.299999 0
    endloop
  endfacet
  facet normal 0 1 0
    outer loop
      vertex 145.277 -0.299999 0
      vertex 150.3 -0.299999 7.6
      vertex 147.723 -0.299999 0
    endloop
  endfacet
  facet normal 0 1 0
    outer loop
      vertex 150.3 -0.299999 7.6
      vertex 145.277 -0.299999 0
      vertex -0.299999 -0.299999 7.6
    endloop
  endfacet
  facet normal 0 1 -0
    outer loop
      vertex 4.72294 -0.299999 0
      vertex -0.299999 -0.299999 7.6
      vertex 145.277 -0.299999 0
    endloop
  endfacet
  facet normal 0 1 -0
    outer loop
      vertex 2.27706 -0.299999 0
      vertex -0.299999 -0.299999 7.6
      vertex 4.72294 -0.299999 0
    endloop
  endfacet
  facet normal 0 1 0
    outer loop
      vertex -0.299999 -0.299999 7.6
      vertex 2.27706 -0.299999 0
      vertex -0.299999 -0.299999 0
    endloop
  endfacet
  facet normal -1 0 0
    outer loop
      vertex 147.8 23 -7
      vertex 147.8 7.27384 -7
      vertex 147.8 23 -6.99
    endloop
  endfacet
  facet normal -1 0 0
    outer loop
      vertex 147.8 67 -6.99
      vertex 147.8 74 -7
      vertex 147.8 67 -7
    endloop
  endfacet
  facet normal -1 0 0
    outer loop
      vertex 147.8 74 -0.5
      vertex 147.8 82.7262 0
      vertex 147.8 82.7262 -0.5
    endloop
  endfacet
  facet normal -1 0 0
    outer loop
      vertex 147.8 74 -7
      vertex 147.8 67 -6.99
      vertex 147.8 74 -0.5
    endloop
  endfacet
  facet normal -1 0 0
    outer loop
      vertex 147.8 23 -6.99
      vertex 147.8 74 -0.5
      vertex 147.8 67 -6.99
    endloop
  endfacet
  facet normal -1 0 0
    outer loop
      vertex 147.8 7.27384 0
      vertex 147.8 23 -6.99
      vertex 147.8 7.27384 -7
    endloop
  endfacet
  facet normal -1 0 0
    outer loop
      vertex 147.8 74 -0.5
      vertex 147.8 7.27384 0
      vertex 147.8 82.7262 0
    endloop
  endfacet
  facet normal -1 0 0
    outer loop
      vertex 147.8 23 -6.99
      vertex 147.8 7.27384 0
      vertex 147.8 74 -0.5
    endloop
  endfacet
  facet normal 0 0 1
    outer loop
      vertex 45 23 -7
      vertex 24 5.7 -7
      vertex 36 5.7 -7
    endloop
  endfacet
  facet normal 0 0 1
    outer loop
      vertex 24 5.7 -7
      vertex 7.5 3.5 -7
      vertex 24 2.2 -7
    endloop
  endfacet
  facet normal -0 0 1
    outer loop
      vertex 2.2 23 -7
      vertex 24 5.7 -7
      vertex 45 23 -7
    endloop
  endfacet
  facet normal 0 0 1
    outer loop
      vertex 24 5.7 -7
      vertex 7.46578 4.0221 -7
      vertex 7.5 3.5 -7
    endloop
  endfacet
  facet normal 0 0 1
    outer loop
      vertex 24 5.7 -7
      vertex 7.3637 4.53528 -7
      vertex 7.46578 4.0221 -7
    endloop
  endfacet
  facet normal 0 0 1
    outer loop
      vertex 24 5.7 -7
      vertex 7.19552 5.03073 -7
      vertex 7.3637 4.53528 -7
    endloop
  endfacet
  facet normal 0 0 1
    outer loop
      vertex 24 5.7 -7
      vertex 6.9641 5.5 -7
      vertex 7.19552 5.03073 -7
    endloop
  endfacet
  facet normal 0 0 1
    outer loop
      vertex 24 5.7 -7
      vertex 6.67341 5.93505 -7
      vertex 6.9641 5.5 -7
    endloop
  endfacet
  facet normal -0 -0 1
    outer loop
      vertex 6.32843 6.32843 -7
      vertex 24 5.7 -7
      vertex 2.2 23 -7
    endloop
  endfacet
  facet normal 0 0 1
    outer loop
      vertex 24 5.7 -7
      vertex 6.32843 6.32843 -7
      vertex 6.67341 5.93505 -7
    endloop
  endfacet
  facet normal 0 0 1
    outer loop
      vertex 6.32843 6.32843 -7
      vertex 2.2 23 -7
      vertex 5.93505 6.67341 -7
    endloop
  endfacet
  facet normal 0 0 1
    outer loop
      vertex 5.93505 6.67341 -7
      vertex 2.2 23 -7
      vertex 5.5 6.9641 -7
    endloop
  endfacet
  facet normal 0 0 1
    outer loop
      vertex 5.5 6.9641 -7
      vertex 2.2 23 -7
      vertex 5.03073 7.19552 -7
    endloop
  endfacet
  facet normal 0 0 1
    outer loop
      vertex 5.03073 7.19552 -7
      vertex 2.2 23 -7
      vertex 4.53528 7.3637 -7
    endloop
  endfacet
  facet normal 0 0 1
    outer loop
      vertex 4.53528 7.3637 -7
      vertex 2.2 23 -7
      vertex 4.0221 7.46578 -7
    endloop
  endfacet
  facet normal 0 0 1
    outer loop
      vertex 4.0221 7.46578 -7
      vertex 2.2 23 -7
      vertex 3.5 7.5 -7
    endloop
  endfacet
  facet normal 0 0 1
    outer loop
      vertex 3.5 7.5 -7
      vertex 2.2 23 -7
      vertex 2.97789 7.46578 -7
    endloop
  endfacet
  facet normal 0 0 1
    outer loop
      vertex 2.97789 7.46578 -7
      vertex 2.2 23 -7
      vertex 2.46472 7.3637 -7
    endloop
  endfacet
  facet normal 0 0 1
    outer loop
      vertex 2.46472 7.3637 -7
      vertex 2.2 23 -7
      vertex 2.2 7.27384 -7
    endloop
  endfacet
  facet normal -0 0 1
    outer loop
      vertex 59.4641 55 -7
      vertex 64.682 48.6311 -7
      vertex 59.6955 55.4693 -7
    endloop
  endfacet
  facet normal 0 0 1
    outer loop
      vertex 61.9383 41.5438 -7
      vertex 59.9658 33.5221 -7
      vertex 60 33 -7
    endloop
  endfacet
  facet normal 0 0 1
    outer loop
      vertex 64.682 48.6311 -7
      vertex 59.4641 55 -7
      vertex 61.9383 48.6311 -7
    endloop
  endfacet
  facet normal 0 0 1
    outer loop
      vertex 61.9383 41.5438 -7
      vertex 59.8637 34.0353 -7
      vertex 59.9658 33.5221 -7
    endloop
  endfacet
  facet normal -0 0 1
    outer loop
      vertex 59.1734 54.565 -7
      vertex 61.9383 48.6311 -7
      vertex 59.4641 55 -7
    endloop
  endfacet
  facet normal 0 0 1
    outer loop
      vertex 61.9383 41.5438 -7
      vertex 59.6955 34.5307 -7
      vertex 59.8637 34.0353 -7
    endloop
  endfacet
  facet normal -0 0 1
    outer loop
      vertex 58.8284 54.1716 -7
      vertex 61.9383 48.6311 -7
      vertex 59.1734 54.565 -7
    endloop
  endfacet
  facet normal 0 0 1
    outer loop
      vertex 61.9383 41.5438 -7
      vertex 59.4641 35 -7
      vertex 59.6955 34.5307 -7
    endloop
  endfacet
  facet normal -0 0 1
    outer loop
      vertex 58.435 53.8266 -7
      vertex 61.9383 48.6311 -7
      vertex 58.8284 54.1716 -7
    endloop
  endfacet
  facet normal 0 0 1
    outer loop
      vertex 61.9383 41.5438 -7
      vertex 59.1734 35.435 -7
      vertex 59.4641 35 -7
    endloop
  endfacet
  facet normal -0 0 1
    outer loop
      vertex 58 53.5359 -7
      vertex 61.9383 48.6311 -7
      vertex 58.435 53.8266 -7
    endloop
  endfacet
  facet normal 0 0 1
    outer loop
      vertex 61.9383 41.5438 -7
      vertex 58.8284 35.8284 -7
      vertex 59.1734 35.435 -7
    endloop
  endfacet
  facet normal -0 0 1
    outer loop
      vertex 57.5307 53.3045 -7
      vertex 61.9383 48.6311 -7
      vertex 58 53.5359 -7
    endloop
  endfacet
  facet normal 0 0 1
    outer loop
      vertex 61.9383 41.5438 -7
      vertex 58.435 36.1734 -7
      vertex 58.8284 35.8284 -7
    endloop
  endfacet
  facet normal -0 0 1
    outer loop
      vertex 57.0353 53.1363 -7
      vertex 61.9383 48.6311 -7
      vertex 57.5307 53.3045 -7
    endloop
  endfacet
  facet normal 0 0 1
    outer loop
      vertex 61.9383 41.5438 -7
      vertex 58 36.4641 -7
      vertex 58.435 36.1734 -7
    endloop
  endfacet
  facet normal -0 0 1
    outer loop
      vertex 56.5221 53.0342 -7
      vertex 61.9383 48.6311 -7
      vertex 57.0353 53.1363 -7
    endloop
  endfacet
  facet normal 0 0 1
    outer loop
      vertex 61.9383 41.5438 -7
      vertex 57.5307 36.6955 -7
      vertex 58 36.4641 -7
    endloop
  endfacet
  facet normal -0 0 1
    outer loop
      vertex 56 53 -7
      vertex 61.9383 48.6311 -7
      vertex 56.5221 53.0342 -7
    endloop
  endfacet
  facet normal 0 0 1
    outer loop
      vertex 61.9383 41.5438 -7
      vertex 57.0353 36.8637 -7
      vertex 57.5307 36.6955 -7
    endloop
  endfacet
  facet normal 0 0 1
    outer loop
      vertex 55.4779 53.0342 -7
      vertex 61.9383 48.6311 -7
      vertex 56 53 -7
    endloop
  endfacet
  facet normal 0 0 1
    outer loop
      vertex 61.9383 41.5438 -7
      vertex 56.5221 36.9658 -7
      vertex 57.0353 36.8637 -7
    endloop
  endfacet
  facet normal 0 0 1
    outer loop
      vertex 61.9383 48.6311 -7
      vertex 55.4779 53.0342 -7
      vertex 61.9383 41.5438 -7
    endloop
  endfacet
  facet normal 0 0 1
    outer loop
      vertex 61.9383 41.5438 -7
      vertex 56 37 -7
      vertex 56.5221 36.9658 -7
    endloop
  endfacet
  facet normal 0 0 1
    outer loop
      vertex 55.4779 36.9658 -7
      vertex 61.9383 41.5438 -7
      vertex 55.4779 53.0342 -7
    endloop
  endfacet
  facet normal 0 0 1
    outer loop
      vertex 61.9383 41.5438 -7
      vertex 55.4779 36.9658 -7
      vertex 56 37 -7
    endloop
  endfacet
  facet normal 0 0 1
    outer loop
      vertex 54.9647 53.1363 -7
      vertex 55.4779 36.9658 -7
      vertex 55.4779 53.0342 -7
    endloop
  endfacet
  facet normal 0 0 1
    outer loop
      vertex 54.9647 53.1363 -7
      vertex 54.9647 36.8637 -7
      vertex 55.4779 36.9658 -7
    endloop
  endfacet
  facet normal 0 0 1
    outer loop
      vertex 54.4693 53.3045 -7
      vertex 54.9647 36.8637 -7
      vertex 54.9647 53.1363 -7
    endloop
  endfacet
  facet normal 0 0 1
    outer loop
      vertex 54.4693 53.3045 -7
      vertex 54.4693 36.6955 -7
      vertex 54.9647 36.8637 -7
    endloop
  endfacet
  facet normal 0 0 1
    outer loop
      vertex 54 53.5359 -7
      vertex 54.4693 36.6955 -7
      vertex 54.4693 53.3045 -7
    endloop
  endfacet
  facet normal 0 0 1
    outer loop
      vertex 54 53.5359 -7
      vertex 54 36.4641 -7
      vertex 54.4693 36.6955 -7
    endloop
  endfacet
  facet normal 0 0 1
    outer loop
      vertex 53.565 53.8266 -7
      vertex 54 36.4641 -7
      vertex 54 53.5359 -7
    endloop
  endfacet
  facet normal 0 0 1
    outer loop
      vertex 53.565 53.8266 -7
      vertex 53.565 36.1734 -7
      vertex 54 36.4641 -7
    endloop
  endfacet
  facet normal 0 0 1
    outer loop
      vertex 53.1716 54.1716 -7
      vertex 53.565 36.1734 -7
      vertex 53.565 53.8266 -7
    endloop
  endfacet
  facet normal 0 0 1
    outer loop
      vertex 53.1716 54.1716 -7
      vertex 53.1716 35.8284 -7
      vertex 53.565 36.1734 -7
    endloop
  endfacet
  facet normal 0 0 1
    outer loop
      vertex 52.8266 54.565 -7
      vertex 53.1716 35.8284 -7
      vertex 53.1716 54.1716 -7
    endloop
  endfacet
  facet normal 0 0 1
    outer loop
      vertex 52.8266 54.565 -7
      vertex 52.8266 35.435 -7
      vertex 53.1716 35.8284 -7
    endloop
  endfacet
  facet normal 0 0 1
    outer loop
      vertex 52.5359 55 -7
      vertex 52.8266 35.435 -7
      vertex 52.8266 54.565 -7
    endloop
  endfacet
  facet normal 0 0 1
    outer loop
      vertex 52.5359 55 -7
      vertex 52.5359 35 -7
      vertex 52.8266 35.435 -7
    endloop
  endfacet
  facet normal 0 0 1
    outer loop
      vertex 52.3045 55.4693 -7
      vertex 52.5359 35 -7
      vertex 52.5359 55 -7
    endloop
  endfacet
  facet normal 0 0 1
    outer loop
      vertex 52.3045 55.4693 -7
      vertex 52.3045 34.5307 -7
      vertex 52.5359 35 -7
    endloop
  endfacet
  facet normal 0 0 1
    outer loop
      vertex 45 67 -7
      vertex 52.3045 55.4693 -7
      vertex 52.1363 55.9647 -7
    endloop
  endfacet
  facet normal 0 0 1
    outer loop
      vertex 52.3045 55.4693 -7
      vertex 45 67 -7
      vertex 52.3045 34.5307 -7
    endloop
  endfacet
  facet normal 0 0 1
    outer loop
      vertex 45 67 -7
      vertex 52.1363 55.9647 -7
      vertex 52.0342 56.4779 -7
    endloop
  endfacet
  facet normal 0 0 1
    outer loop
      vertex 45 23 -7
      vertex 52.3045 34.5307 -7
      vertex 45 67 -7
    endloop
  endfacet
  facet normal 0 0 1
    outer loop
      vertex 45 67 -7
      vertex 52.0342 56.4779 -7
      vertex 52 57 -7
    endloop
  endfacet
  facet normal 0 0 1
    outer loop
      vertex 52.3045 34.5307 -7
      vertex 45 23 -7
      vertex 52.1363 34.0353 -7
    endloop
  endfacet
  facet normal 0 0 1
    outer loop
      vertex 45 67 -7
      vertex 69 84.3 -7
      vertex 69 87.8 -7
    endloop
  endfacet
  facet normal 0 0 1
    outer loop
      vertex 69 84.3 -7
      vertex 67.4691 47.0265 -7
      vertex 68.33 41.5438 -7
    endloop
  endfacet
  facet normal 0 0 1
    outer loop
      vertex 68.33 41.5438 -7
      vertex 67.7656 43.7632 -7
      vertex 67.7722 43.5762 -7
    endloop
  endfacet
  facet normal -0 -0 1
    outer loop
      vertex 67.4827 46.7568 -7
      vertex 68.33 41.5438 -7
      vertex 67.4691 47.0265 -7
    endloop
  endfacet
  facet normal 0 0 1
    outer loop
      vertex 68.33 41.5438 -7
      vertex 67.7458 43.9418 -7
      vertex 67.7656 43.7632 -7
    endloop
  endfacet
  facet normal 0 0 1
    outer loop
      vertex 68.33 41.5438 -7
      vertex 67.4827 46.7568 -7
      vertex 67.7458 43.9418 -7
    endloop
  endfacet
  facet normal 0 0 1
    outer loop
      vertex 67.7458 43.9418 -7
      vertex 67.4827 46.7568 -7
      vertex 67.7129 44.1117 -7
    endloop
  endfacet
  facet normal 0 0 1
    outer loop
      vertex 67.7129 44.1117 -7
      vertex 67.4777 46.6122 -7
      vertex 67.6668 44.2732 -7
    endloop
  endfacet
  facet normal -0 0 1
    outer loop
      vertex 67.4629 46.4738 -7
      vertex 67.6668 44.2732 -7
      vertex 67.4777 46.6122 -7
    endloop
  endfacet
  facet normal -0 0 1
    outer loop
      vertex 67.4777 46.6122 -7
      vertex 67.7129 44.1117 -7
      vertex 67.4827 46.7568 -7
    endloop
  endfacet
  facet normal 0 0 1
    outer loop
      vertex 69 84.3 -7
      vertex 67.4286 47.2743 -7
      vertex 67.4691 47.0265 -7
    endloop
  endfacet
  facet normal 0 0 1
    outer loop
      vertex 69 84.3 -7
      vertex 67.361 47.5002 -7
      vertex 67.4286 47.2743 -7
    endloop
  endfacet
  facet normal 0 0 1
    outer loop
      vertex 69 84.3 -7
      vertex 67.2664 47.7043 -7
      vertex 67.361 47.5002 -7
    endloop
  endfacet
  facet normal 0 0 1
    outer loop
      vertex 69 84.3 -7
      vertex 67.1448 47.8864 -7
      vertex 67.2664 47.7043 -7
    endloop
  endfacet
  facet normal 0 0 1
    outer loop
      vertex 69 84.3 -7
      vertex 66.9961 48.0467 -7
      vertex 67.1448 47.8864 -7
    endloop
  endfacet
  facet normal 0 0 1
    outer loop
      vertex 69 84.3 -7
      vertex 59.6955 58.5307 -7
      vertex 66.9961 48.0467 -7
    endloop
  endfacet
  facet normal 0 0 1
    outer loop
      vertex 66.9961 48.0467 -7
      vertex 59.6955 58.5307 -7
      vertex 66.8204 48.1851 -7
    endloop
  endfacet
  facet normal -0 -0 1
    outer loop
      vertex 59.8637 58.0353 -7
      vertex 66.8204 48.1851 -7
      vertex 59.6955 58.5307 -7
    endloop
  endfacet
  facet normal 0 0 1
    outer loop
      vertex 66.8204 48.1851 -7
      vertex 59.8637 58.0353 -7
      vertex 66.6146 48.3034 -7
    endloop
  endfacet
  facet normal -0 -0 1
    outer loop
      vertex 59.9658 57.5221 -7
      vertex 66.6146 48.3034 -7
      vertex 59.8637 58.0353 -7
    endloop
  endfacet
  facet normal -0 -0 1
    outer loop
      vertex 60 57 -7
      vertex 66.3756 48.4035 -7
      vertex 59.9658 57.5221 -7
    endloop
  endfacet
  facet normal 0 0 1
    outer loop
      vertex 66.3756 48.4035 -7
      vertex 60 57 -7
      vertex 66.1033 48.4855 -7
    endloop
  endfacet
  facet normal -0 0 1
    outer loop
      vertex 59.9658 56.4779 -7
      vertex 66.1033 48.4855 -7
      vertex 60 57 -7
    endloop
  endfacet
  facet normal 0 0 1
    outer loop
      vertex 66.1033 48.4855 -7
      vertex 59.9658 56.4779 -7
      vertex 65.7978 48.5492 -7
    endloop
  endfacet
  facet normal 0 0 1
    outer loop
      vertex 65.0871 48.622 -7
      vertex 59.8637 55.9647 -7
      vertex 64.682 48.6311 -7
    endloop
  endfacet
  facet normal -0 0 1
    outer loop
      vertex 59.8637 55.9647 -7
      vertex 65.4591 48.5947 -7
      vertex 59.9658 56.4779 -7
    endloop
  endfacet
  facet normal 0 0 1
    outer loop
      vertex 65.4591 48.5947 -7
      vertex 59.8637 55.9647 -7
      vertex 65.0871 48.622 -7
    endloop
  endfacet
  facet normal 0 0 1
    outer loop
      vertex 65.7978 48.5492 -7
      vertex 59.9658 56.4779 -7
      vertex 65.4591 48.5947 -7
    endloop
  endfacet
  facet normal 0 0 1
    outer loop
      vertex 66.6146 48.3034 -7
      vertex 59.9658 57.5221 -7
      vertex 66.3756 48.4035 -7
    endloop
  endfacet
  facet normal 0 0 1
    outer loop
      vertex 69 84.3 -7
      vertex 59.4641 59 -7
      vertex 59.6955 58.5307 -7
    endloop
  endfacet
  facet normal 0 0 1
    outer loop
      vertex 69 84.3 -7
      vertex 59.1734 59.435 -7
      vertex 59.4641 59 -7
    endloop
  endfacet
  facet normal 0 0 1
    outer loop
      vertex 69 84.3 -7
      vertex 58.8284 59.8284 -7
      vertex 59.1734 59.435 -7
    endloop
  endfacet
  facet normal 0 0 1
    outer loop
      vertex 69 84.3 -7
      vertex 58.435 60.1734 -7
      vertex 58.8284 59.8284 -7
    endloop
  endfacet
  facet normal 0 0 1
    outer loop
      vertex 69 84.3 -7
      vertex 58 60.4641 -7
      vertex 58.435 60.1734 -7
    endloop
  endfacet
  facet normal 0 0 1
    outer loop
      vertex 69 84.3 -7
      vertex 57.5307 60.6955 -7
      vertex 58 60.4641 -7
    endloop
  endfacet
  facet normal 0 0 1
    outer loop
      vertex 69 84.3 -7
      vertex 57.0353 60.8637 -7
      vertex 57.5307 60.6955 -7
    endloop
  endfacet
  facet normal 0 0 1
    outer loop
      vertex 69 84.3 -7
      vertex 56.5221 60.9658 -7
      vertex 57.0353 60.8637 -7
    endloop
  endfacet
  facet normal 0 -0 1
    outer loop
      vertex 56 61 -7
      vertex 69 84.3 -7
      vertex 45 67 -7
    endloop
  endfacet
  facet normal 0 0 1
    outer loop
      vertex 69 84.3 -7
      vertex 56 61 -7
      vertex 56.5221 60.9658 -7
    endloop
  endfacet
  facet normal 0 0 1
    outer loop
      vertex 56 61 -7
      vertex 45 67 -7
      vertex 55.4779 60.9658 -7
    endloop
  endfacet
  facet normal 0 0 1
    outer loop
      vertex 55.4779 60.9658 -7
      vertex 45 67 -7
      vertex 54.9647 60.8637 -7
    endloop
  endfacet
  facet normal 0 0 1
    outer loop
      vertex 54.9647 60.8637 -7
      vertex 45 67 -7
      vertex 54.4693 60.6955 -7
    endloop
  endfacet
  facet normal 0 0 1
    outer loop
      vertex 54.4693 60.6955 -7
      vertex 45 67 -7
      vertex 54 60.4641 -7
    endloop
  endfacet
  facet normal 0 0 1
    outer loop
      vertex 54 60.4641 -7
      vertex 45 67 -7
      vertex 53.565 60.1734 -7
    endloop
  endfacet
  facet normal 0 0 1
    outer loop
      vertex 53.565 60.1734 -7
      vertex 45 67 -7
      vertex 53.1716 59.8284 -7
    endloop
  endfacet
  facet normal 0 0 1
    outer loop
      vertex 53.1716 59.8284 -7
      vertex 45 67 -7
      vertex 52.8266 59.435 -7
    endloop
  endfacet
  facet normal 0 0 1
    outer loop
      vertex 52.1363 34.0353 -7
      vertex 45 23 -7
      vertex 52.0342 33.5221 -7
    endloop
  endfacet
  facet normal 0 0 1
    outer loop
      vertex 52.0342 57.5221 -7
      vertex 45 67 -7
      vertex 52 57 -7
    endloop
  endfacet
  facet normal 0 0 1
    outer loop
      vertex 52.1363 58.0353 -7
      vertex 45 67 -7
      vertex 52.0342 57.5221 -7
    endloop
  endfacet
  facet normal 0 0 1
    outer loop
      vertex 52.3045 58.5307 -7
      vertex 45 67 -7
      vertex 52.1363 58.0353 -7
    endloop
  endfacet
  facet normal 0 0 1
    outer loop
      vertex 52.5359 59 -7
      vertex 45 67 -7
      vertex 52.3045 58.5307 -7
    endloop
  endfacet
  facet normal 0 0 1
    outer loop
      vertex 52.8266 59.435 -7
      vertex 45 67 -7
      vertex 52.5359 59 -7
    endloop
  endfacet
  facet normal -0 0 1
    outer loop
      vertex 7.27384 87.8 -7
      vertex 45 67 -7
      vertex 69 87.8 -7
    endloop
  endfacet
  facet normal 0 0 1
    outer loop
      vertex 45 67 -7
      vertex 7.46578 87.0221 -7
      vertex 7.5 86.5 -7
    endloop
  endfacet
  facet normal 0 0 1
    outer loop
      vertex 45 67 -7
      vertex 7.3637 87.5353 -7
      vertex 7.46578 87.0221 -7
    endloop
  endfacet
  facet normal 0 0 1
    outer loop
      vertex 45 67 -7
      vertex 7.27384 87.8 -7
      vertex 7.3637 87.5353 -7
    endloop
  endfacet
  facet normal 0 0 1
    outer loop
      vertex 79.7845 44.1118 -7
      vertex 80.159 43.4996 -7
      vertex 80.1546 43.5913 -7
    endloop
  endfacet
  facet normal 0 0 1
    outer loop
      vertex 79.8725 44.0626 -7
      vertex 80.1546 43.5913 -7
      vertex 80.1413 43.6769 -7
    endloop
  endfacet
  facet normal 0 -0 1
    outer loop
      vertex 79.8409 42.9302 -7
      vertex 80.159 43.4996 -7
      vertex 79.7845 44.1118 -7
    endloop
  endfacet
  facet normal 0 0 1
    outer loop
      vertex 79.8725 44.0626 -7
      vertex 80.1413 43.6769 -7
      vertex 80.1193 43.7563 -7
    endloop
  endfacet
  facet normal 0 0 1
    outer loop
      vertex 80.1546 43.5913 -7
      vertex 79.8725 44.0626 -7
      vertex 79.7845 44.1118 -7
    endloop
  endfacet
  facet normal 0 0 1
    outer loop
      vertex 79.8725 44.0626 -7
      vertex 80.1193 43.7563 -7
      vertex 80.0884 43.8295 -7
    endloop
  endfacet
  facet normal 0 0 1
    outer loop
      vertex 80.159 43.4996 -7
      vertex 79.8409 42.9302 -7
      vertex 80.1525 43.3973 -7
    endloop
  endfacet
  facet normal 0 0 1
    outer loop
      vertex 79.8725 44.0626 -7
      vertex 80.0884 43.8295 -7
      vertex 80.0488 43.8965 -7
    endloop
  endfacet
  facet normal 0 0 1
    outer loop
      vertex 79.943 44.0119 -7
      vertex 80.0488 43.8965 -7
      vertex 80.0003 43.9573 -7
    endloop
  endfacet
  facet normal 0 0 1
    outer loop
      vertex 79.8725 44.0626 -7
      vertex 80.0488 43.8965 -7
      vertex 79.943 44.0119 -7
    endloop
  endfacet
  facet normal 0 -0 1
    outer loop
      vertex 79.9967 43.058 -7
      vertex 80.133 43.302 -7
      vertex 79.9253 42.9906 -7
    endloop
  endfacet
  facet normal 0 0 1
    outer loop
      vertex 80.1006 43.2137 -7
      vertex 79.9967 43.058 -7
      vertex 80.0551 43.1324 -7
    endloop
  endfacet
  facet normal 0 0 1
    outer loop
      vertex 80.133 43.302 -7
      vertex 79.9967 43.058 -7
      vertex 80.1006 43.2137 -7
    endloop
  endfacet
  facet normal 0 0 1
    outer loop
      vertex 80.1525 43.3973 -7
      vertex 79.9253 42.9906 -7
      vertex 80.133 43.302 -7
    endloop
  endfacet
  facet normal 0 0 1
    outer loop
      vertex 80.1525 43.3973 -7
      vertex 79.8409 42.9302 -7
      vertex 79.9253 42.9906 -7
    endloop
  endfacet
  facet normal 0 0 1
    outer loop
      vertex 79.7845 44.1118 -7
      vertex 79.7443 42.8773 -7
      vertex 79.8409 42.9302 -7
    endloop
  endfacet
  facet normal 0 0 1
    outer loop
      vertex 79.679 44.1595 -7
      vertex 79.7443 42.8773 -7
      vertex 79.7845 44.1118 -7
    endloop
  endfacet
  facet normal 0 0 1
    outer loop
      vertex 79.679 44.1595 -7
      vertex 79.6363 42.8326 -7
      vertex 79.7443 42.8773 -7
    endloop
  endfacet
  facet normal 0 0 1
    outer loop
      vertex 79.5559 44.2056 -7
      vertex 79.6363 42.8326 -7
      vertex 79.679 44.1595 -7
    endloop
  endfacet
  facet normal 0 0 1
    outer loop
      vertex 79.5559 44.2056 -7
      vertex 79.5169 42.796 -7
      vertex 79.6363 42.8326 -7
    endloop
  endfacet
  facet normal 0 0 1
    outer loop
      vertex 79.386 42.7675 -7
      vertex 79.5559 44.2056 -7
      vertex 79.4153 44.2501 -7
    endloop
  endfacet
  facet normal 0 0 1
    outer loop
      vertex 79.5559 44.2056 -7
      vertex 79.386 42.7675 -7
      vertex 79.5169 42.796 -7
    endloop
  endfacet
  facet normal 0 0 1
    outer loop
      vertex 79.2437 42.7472 -7
      vertex 79.4153 44.2501 -7
      vertex 79.2571 44.2931 -7
    endloop
  endfacet
  facet normal 0 0 1
    outer loop
      vertex 79.4153 44.2501 -7
      vertex 79.2437 42.7472 -7
      vertex 79.386 42.7675 -7
    endloop
  endfacet
  facet normal 0 0 1
    outer loop
      vertex 79.2571 44.2931 -7
      vertex 79.09 42.735 -7
      vertex 79.2437 42.7472 -7
    endloop
  endfacet
  facet normal 0 0 1
    outer loop
      vertex 79.0815 44.3345 -7
      vertex 79.09 42.735 -7
      vertex 79.2571 44.2931 -7
    endloop
  endfacet
  facet normal 0 0 1
    outer loop
      vertex 79.0815 44.3345 -7
      vertex 78.9248 42.731 -7
      vertex 79.09 42.735 -7
    endloop
  endfacet
  facet normal 0 0 1
    outer loop
      vertex 79.0815 44.3345 -7
      vertex 78.7557 42.7347 -7
      vertex 78.9248 42.731 -7
    endloop
  endfacet
  facet normal 0 0 1
    outer loop
      vertex 79.0815 44.3345 -7
      vertex 78.5848 42.7459 -7
      vertex 78.7557 42.7347 -7
    endloop
  endfacet
  facet normal 0 0 1
    outer loop
      vertex 79.0815 44.3345 -7
      vertex 78.412 42.7645 -7
      vertex 78.5848 42.7459 -7
    endloop
  endfacet
  facet normal 0 0 1
    outer loop
      vertex 78.3742 44.4911 -7
      vertex 78.412 42.7645 -7
      vertex 79.0815 44.3345 -7
    endloop
  endfacet
  facet normal 0 0 1
    outer loop
      vertex 78.3742 44.4911 -7
      vertex 78.2374 42.7906 -7
      vertex 78.412 42.7645 -7
    endloop
  endfacet
  facet normal 0 0 1
    outer loop
      vertex 77.8826 42.8651 -7
      vertex 78.3742 44.4911 -7
      vertex 78.0821 44.5618 -7
    endloop
  endfacet
  facet normal 0 0 1
    outer loop
      vertex 78.3742 44.4911 -7
      vertex 78.0609 42.8241 -7
      vertex 78.2374 42.7906 -7
    endloop
  endfacet
  facet normal 0 0 1
    outer loop
      vertex 78.3742 44.4911 -7
      vertex 77.8826 42.8651 -7
      vertex 78.0609 42.8241 -7
    endloop
  endfacet
  facet normal 0 0 1
    outer loop
      vertex 77.5205 42.9694 -7
      vertex 78.0821 44.5618 -7
      vertex 77.8133 44.6435 -7
    endloop
  endfacet
  facet normal 0 0 1
    outer loop
      vertex 78.0821 44.5618 -7
      vertex 77.7025 42.9136 -7
      vertex 77.8826 42.8651 -7
    endloop
  endfacet
  facet normal 0 0 1
    outer loop
      vertex 77.151 43.1028 -7
      vertex 77.8133 44.6435 -7
      vertex 77.5678 44.7363 -7
    endloop
  endfacet
  facet normal 0 0 1
    outer loop
      vertex 78.0821 44.5618 -7
      vertex 77.5205 42.9694 -7
      vertex 77.7025 42.9136 -7
    endloop
  endfacet
  facet normal 0 0 1
    outer loop
      vertex 76.7742 43.2652 -7
      vertex 77.5678 44.7363 -7
      vertex 77.3458 44.8401 -7
    endloop
  endfacet
  facet normal 0 0 1
    outer loop
      vertex 77.8133 44.6435 -7
      vertex 77.3367 43.0325 -7
      vertex 77.5205 42.9694 -7
    endloop
  endfacet
  facet normal 0 0 1
    outer loop
      vertex 77.8133 44.6435 -7
      vertex 77.151 43.1028 -7
      vertex 77.3367 43.0325 -7
    endloop
  endfacet
  facet normal 0 0 1
    outer loop
      vertex 76.39 43.4567 -7
      vertex 77.3458 44.8401 -7
      vertex 77.147 44.9549 -7
    endloop
  endfacet
  facet normal 0 0 1
    outer loop
      vertex 76.39 43.4567 -7
      vertex 77.147 44.9549 -7
      vertex 76.9716 45.0808 -7
    endloop
  endfacet
  facet normal 0 0 1
    outer loop
      vertex 77.5678 44.7363 -7
      vertex 76.9635 43.1804 -7
      vertex 77.151 43.1028 -7
    endloop
  endfacet
  facet normal 0 0 1
    outer loop
      vertex 76.39 43.4567 -7
      vertex 76.9716 45.0808 -7
      vertex 76.8196 45.2178 -7
    endloop
  endfacet
  facet normal 0 0 1
    outer loop
      vertex 77.5678 44.7363 -7
      vertex 76.7742 43.2652 -7
      vertex 76.9635 43.1804 -7
    endloop
  endfacet
  facet normal 0 0 1
    outer loop
      vertex 76.39 43.4567 -7
      vertex 76.8196 45.2178 -7
      vertex 76.6892 45.3673 -7
    endloop
  endfacet
  facet normal 0 0 1
    outer loop
      vertex 77.3458 44.8401 -7
      vertex 76.583 43.3573 -7
      vertex 76.7742 43.2652 -7
    endloop
  endfacet
  facet normal 0 0 1
    outer loop
      vertex 76.39 43.4567 -7
      vertex 76.6892 45.3673 -7
      vertex 76.5789 45.5311 -7
    endloop
  endfacet
  facet normal 0 0 1
    outer loop
      vertex 76.39 43.4567 -7
      vertex 76.5789 45.5311 -7
      vertex 76.4887 45.7089 -7
    endloop
  endfacet
  facet normal 0 0 1
    outer loop
      vertex 76.39 43.4567 -7
      vertex 76.4887 45.7089 -7
      vertex 76.4185 45.901 -7
    endloop
  endfacet
  facet normal 0 0 1
    outer loop
      vertex 77.3458 44.8401 -7
      vertex 76.39 43.4567 -7
      vertex 76.583 43.3573 -7
    endloop
  endfacet
  facet normal 0 0 1
    outer loop
      vertex 75.7589 41.5438 -7
      vertex 76.39 43.4567 -7
      vertex 76.3683 46.1071 -7
    endloop
  endfacet
  facet normal 0 0 1
    outer loop
      vertex 76.3683 46.1071 -7
      vertex 76.39 43.4567 -7
      vertex 76.4185 45.901 -7
    endloop
  endfacet
  facet normal -0 0 1
    outer loop
      vertex 85.1884 47.2513 -7
      vertex 88.1077 45.9297 -7
      vertex 88.2929 47.2513 -7
    endloop
  endfacet
  facet normal 0 0 1
    outer loop
      vertex 88.1077 45.9297 -7
      vertex 85.1884 47.2513 -7
      vertex 85.1884 45.9297 -7
    endloop
  endfacet
  facet normal 0 0 1
    outer loop
      vertex 97.6955 55.4693 -7
      vertex 105 67 -7
      vertex 97.8637 55.9647 -7
    endloop
  endfacet
  facet normal 0 0 1
    outer loop
      vertex 105 23 -7
      vertex 97.9658 33.5221 -7
      vertex 98 33 -7
    endloop
  endfacet
  facet normal 0 0 1
    outer loop
      vertex 105 67 -7
      vertex 97.6955 55.4693 -7
      vertex 105 23 -7
    endloop
  endfacet
  facet normal 0 0 1
    outer loop
      vertex 105 23 -7
      vertex 97.8637 34.0353 -7
      vertex 97.9658 33.5221 -7
    endloop
  endfacet
  facet normal -0 0 1
    outer loop
      vertex 97.6955 34.5307 -7
      vertex 105 23 -7
      vertex 97.6955 55.4693 -7
    endloop
  endfacet
  facet normal 0 0 1
    outer loop
      vertex 105 23 -7
      vertex 97.6955 34.5307 -7
      vertex 97.8637 34.0353 -7
    endloop
  endfacet
  facet normal -0 0 1
    outer loop
      vertex 97.4641 55 -7
      vertex 97.6955 34.5307 -7
      vertex 97.6955 55.4693 -7
    endloop
  endfacet
  facet normal 0 0 1
    outer loop
      vertex 97.4641 55 -7
      vertex 97.4641 35 -7
      vertex 97.6955 34.5307 -7
    endloop
  endfacet
  facet normal -0 0 1
    outer loop
      vertex 97.1734 54.565 -7
      vertex 97.4641 35 -7
      vertex 97.4641 55 -7
    endloop
  endfacet
  facet normal 0 0 1
    outer loop
      vertex 97.1734 54.565 -7
      vertex 97.1734 35.435 -7
      vertex 97.4641 35 -7
    endloop
  endfacet
  facet normal -0 0 1
    outer loop
      vertex 96.8284 54.1716 -7
      vertex 97.1734 35.435 -7
      vertex 97.1734 54.565 -7
    endloop
  endfacet
  facet normal 0 0 1
    outer loop
      vertex 96.8284 54.1716 -7
      vertex 96.8284 35.8284 -7
      vertex 97.1734 35.435 -7
    endloop
  endfacet
  facet normal -0 0 1
    outer loop
      vertex 96.435 53.8266 -7
      vertex 96.8284 35.8284 -7
      vertex 96.8284 54.1716 -7
    endloop
  endfacet
  facet normal 0 0 1
    outer loop
      vertex 96.435 53.8266 -7
      vertex 96.435 36.1734 -7
      vertex 96.8284 35.8284 -7
    endloop
  endfacet
  facet normal -0 0 1
    outer loop
      vertex 96 53.5359 -7
      vertex 96.435 36.1734 -7
      vertex 96.435 53.8266 -7
    endloop
  endfacet
  facet normal 0 0 1
    outer loop
      vertex 96 53.5359 -7
      vertex 96 36.4641 -7
      vertex 96.435 36.1734 -7
    endloop
  endfacet
  facet normal -0 0 1
    outer loop
      vertex 95.5307 53.3045 -7
      vertex 96 36.4641 -7
      vertex 96 53.5359 -7
    endloop
  endfacet
  facet normal 0 0 1
    outer loop
      vertex 95.5307 53.3045 -7
      vertex 95.5307 36.6955 -7
      vertex 96 36.4641 -7
    endloop
  endfacet
  facet normal -0 0 1
    outer loop
      vertex 95.0353 53.1363 -7
      vertex 95.5307 36.6955 -7
      vertex 95.5307 53.3045 -7
    endloop
  endfacet
  facet normal 0 0 1
    outer loop
      vertex 95.0353 53.1363 -7
      vertex 95.0353 36.8637 -7
      vertex 95.5307 36.6955 -7
    endloop
  endfacet
  facet normal -0 0 1
    outer loop
      vertex 94.5221 53.0342 -7
      vertex 95.0353 36.8637 -7
      vertex 95.0353 53.1363 -7
    endloop
  endfacet
  facet normal 0 0 1
    outer loop
      vertex 94.5221 53.0342 -7
      vertex 94.5221 36.9658 -7
      vertex 95.0353 36.8637 -7
    endloop
  endfacet
  facet normal 0 0 1
    outer loop
      vertex 88.2929 47.2513 -7
      vertex 94.5221 53.0342 -7
      vertex 94 53 -7
    endloop
  endfacet
  facet normal 0 0 1
    outer loop
      vertex 94.5221 53.0342 -7
      vertex 88.3973 42.9236 -7
      vertex 94.5221 36.9658 -7
    endloop
  endfacet
  facet normal 0 0 1
    outer loop
      vertex 88.2929 47.2513 -7
      vertex 94 53 -7
      vertex 93.4779 53.0342 -7
    endloop
  endfacet
  facet normal 0 0 1
    outer loop
      vertex 94.5221 36.9658 -7
      vertex 88.3973 42.9236 -7
      vertex 94 37 -7
    endloop
  endfacet
  facet normal 0 0 1
    outer loop
      vertex 88.2929 48.6311 -7
      vertex 93.4779 53.0342 -7
      vertex 92.9647 53.1363 -7
    endloop
  endfacet
  facet normal -0 0 1
    outer loop
      vertex 88.3973 41.5438 -7
      vertex 94 37 -7
      vertex 88.3973 42.9236 -7
    endloop
  endfacet
  facet normal 0 0 1
    outer loop
      vertex 88.2929 48.6311 -7
      vertex 92.9647 53.1363 -7
      vertex 92.4693 53.3045 -7
    endloop
  endfacet
  facet normal 0 0 1
    outer loop
      vertex 94 37 -7
      vertex 88.3973 41.5438 -7
      vertex 93.4779 36.9658 -7
    endloop
  endfacet
  facet normal 0 0 1
    outer loop
      vertex 88.2929 48.6311 -7
      vertex 92.4693 53.3045 -7
      vertex 92 53.5359 -7
    endloop
  endfacet
  facet normal 0 0 1
    outer loop
      vertex 93.4779 36.9658 -7
      vertex 88.3973 41.5438 -7
      vertex 92.9647 36.8637 -7
    endloop
  endfacet
  facet normal 0 0 1
    outer loop
      vertex 88.2929 48.6311 -7
      vertex 92 53.5359 -7
      vertex 91.565 53.8266 -7
    endloop
  endfacet
  facet normal 0 0 1
    outer loop
      vertex 92.9647 36.8637 -7
      vertex 88.3973 41.5438 -7
      vertex 92.4693 36.6955 -7
    endloop
  endfacet
  facet normal 0 0 1
    outer loop
      vertex 88.2929 48.6311 -7
      vertex 91.565 53.8266 -7
      vertex 91.1716 54.1716 -7
    endloop
  endfacet
  facet normal 0 0 1
    outer loop
      vertex 92.4693 36.6955 -7
      vertex 88.3973 41.5438 -7
      vertex 92 36.4641 -7
    endloop
  endfacet
  facet normal 0 0 1
    outer loop
      vertex 88.2929 48.6311 -7
      vertex 91.1716 54.1716 -7
      vertex 90.8266 54.565 -7
    endloop
  endfacet
  facet normal 0 0 1
    outer loop
      vertex 92 36.4641 -7
      vertex 88.3973 41.5438 -7
      vertex 91.565 36.1734 -7
    endloop
  endfacet
  facet normal 0 0 1
    outer loop
      vertex 88.2929 48.6311 -7
      vertex 90.8266 54.565 -7
      vertex 90.5359 55 -7
    endloop
  endfacet
  facet normal 0 0 1
    outer loop
      vertex 91.565 36.1734 -7
      vertex 88.3973 41.5438 -7
      vertex 91.1716 35.8284 -7
    endloop
  endfacet
  facet normal 0 0 1
    outer loop
      vertex 88.2929 48.6311 -7
      vertex 90.5359 55 -7
      vertex 90.3045 55.4693 -7
    endloop
  endfacet
  facet normal 0 0 1
    outer loop
      vertex 91.1716 35.8284 -7
      vertex 88.3973 41.5438 -7
      vertex 90.8266 35.435 -7
    endloop
  endfacet
  facet normal 0 0 1
    outer loop
      vertex 83.3609 48.6311 -7
      vertex 90.3045 55.4693 -7
      vertex 90.1363 55.9647 -7
    endloop
  endfacet
  facet normal 0 0 1
    outer loop
      vertex 90.8266 35.435 -7
      vertex 88.3973 41.5438 -7
      vertex 90.5359 35 -7
    endloop
  endfacet
  facet normal 0 0 1
    outer loop
      vertex 83.3609 48.6311 -7
      vertex 90.1363 55.9647 -7
      vertex 90.0342 56.4779 -7
    endloop
  endfacet
  facet normal -0 0 1
    outer loop
      vertex 83.3609 41.5438 -7
      vertex 90.5359 35 -7
      vertex 88.3973 41.5438 -7
    endloop
  endfacet
  facet normal 0 0 1
    outer loop
      vertex 83.3609 48.6311 -7
      vertex 90.0342 56.4779 -7
      vertex 90 57 -7
    endloop
  endfacet
  facet normal 0 0 1
    outer loop
      vertex 90.5359 35 -7
      vertex 83.3609 41.5438 -7
      vertex 90.3045 34.5307 -7
    endloop
  endfacet
  facet normal 0 0 1
    outer loop
      vertex 142.534 87.0221 -7
      vertex 105 67 -7
      vertex 142.5 86.5 -7
    endloop
  endfacet
  facet normal 0 0 1
    outer loop
      vertex 142.636 87.5353 -7
      vertex 105 67 -7
      vertex 142.534 87.0221 -7
    endloop
  endfacet
  facet normal 0 0 1
    outer loop
      vertex 142.726 87.8 -7
      vertex 105 67 -7
      vertex 142.636 87.5353 -7
    endloop
  endfacet
  facet normal 0 0 1
    outer loop
      vertex 97.9658 56.4779 -7
      vertex 105 67 -7
      vertex 98 57 -7
    endloop
  endfacet
  facet normal 0 0 1
    outer loop
      vertex 105 67 -7
      vertex 97.9658 57.5221 -7
      vertex 98 57 -7
    endloop
  endfacet
  facet normal 0 0 1
    outer loop
      vertex 105 67 -7
      vertex 97.8637 58.0353 -7
      vertex 97.9658 57.5221 -7
    endloop
  endfacet
  facet normal 0 0 1
    outer loop
      vertex 105 67 -7
      vertex 97.6955 58.5307 -7
      vertex 97.8637 58.0353 -7
    endloop
  endfacet
  facet normal 0 0 1
    outer loop
      vertex 105 67 -7
      vertex 97.4641 59 -7
      vertex 97.6955 58.5307 -7
    endloop
  endfacet
  facet normal 0 0 1
    outer loop
      vertex 105 67 -7
      vertex 97.1734 59.435 -7
      vertex 97.4641 59 -7
    endloop
  endfacet
  facet normal 0 0 1
    outer loop
      vertex 105 67 -7
      vertex 96.8284 59.8284 -7
      vertex 97.1734 59.435 -7
    endloop
  endfacet
  facet normal 0 0 1
    outer loop
      vertex 105 67 -7
      vertex 96.435 60.1734 -7
      vertex 96.8284 59.8284 -7
    endloop
  endfacet
  facet normal 0 0 1
    outer loop
      vertex 105 67 -7
      vertex 96 60.4641 -7
      vertex 96.435 60.1734 -7
    endloop
  endfacet
  facet normal 0 0 1
    outer loop
      vertex 105 67 -7
      vertex 95.5307 60.6955 -7
      vertex 96 60.4641 -7
    endloop
  endfacet
  facet normal 0 0 1
    outer loop
      vertex 105 67 -7
      vertex 95.0353 60.8637 -7
      vertex 95.5307 60.6955 -7
    endloop
  endfacet
  facet normal 0 0 1
    outer loop
      vertex 105 67 -7
      vertex 94.5221 60.9658 -7
      vertex 95.0353 60.8637 -7
    endloop
  endfacet
  facet normal 0 0 1
    outer loop
      vertex 105 67 -7
      vertex 94 61 -7
      vertex 94.5221 60.9658 -7
    endloop
  endfacet
  facet normal -0 0 1
    outer loop
      vertex 81 87.8 -7
      vertex 105 67 -7
      vertex 142.726 87.8 -7
    endloop
  endfacet
  facet normal 0 0 1
    outer loop
      vertex 105 67 -7
      vertex 81 84.3 -7
      vertex 94 61 -7
    endloop
  endfacet
  facet normal 0 0 1
    outer loop
      vertex 94 61 -7
      vertex 81 84.3 -7
      vertex 93.4779 60.9658 -7
    endloop
  endfacet
  facet normal 0 0 1
    outer loop
      vertex 93.4779 60.9658 -7
      vertex 81 84.3 -7
      vertex 92.9647 60.8637 -7
    endloop
  endfacet
  facet normal 0 0 1
    outer loop
      vertex 92.9647 60.8637 -7
      vertex 81 84.3 -7
      vertex 92.4693 60.6955 -7
    endloop
  endfacet
  facet normal 0 0 1
    outer loop
      vertex 90.3045 34.5307 -7
      vertex 83.3609 41.5438 -7
      vertex 90.1363 34.0353 -7
    endloop
  endfacet
  facet normal 0 0 1
    outer loop
      vertex 79.8281 48.7162 -7
      vertex 90 57 -7
      vertex 90.0342 57.5221 -7
    endloop
  endfacet
  facet normal 0 0 1
    outer loop
      vertex 93.4779 53.0342 -7
      vertex 88.2929 48.6311 -7
      vertex 88.2929 47.2513 -7
    endloop
  endfacet
  facet normal 0 0 1
    outer loop
      vertex 90.3045 55.4693 -7
      vertex 83.3609 48.6311 -7
      vertex 88.2929 48.6311 -7
    endloop
  endfacet
  facet normal 0 0 1
    outer loop
      vertex 79.1445 48.7592 -7
      vertex 90.0342 57.5221 -7
      vertex 90.1363 58.0353 -7
    endloop
  endfacet
  facet normal 0 0 1
    outer loop
      vertex 78.2935 48.7145 -7
      vertex 90.1363 58.0353 -7
      vertex 90.3045 58.5307 -7
    endloop
  endfacet
  facet normal 0 0 1
    outer loop
      vertex 73.1338 48.6311 -7
      vertex 90.3045 58.5307 -7
      vertex 90.5359 59 -7
    endloop
  endfacet
  facet normal 0 0 1
    outer loop
      vertex 81 84.3 -7
      vertex 90.5359 59 -7
      vertex 90.8266 59.435 -7
    endloop
  endfacet
  facet normal -0 0 1
    outer loop
      vertex 81.8794 44.1981 -7
      vertex 83.3609 41.5438 -7
      vertex 83.3609 48.6311 -7
    endloop
  endfacet
  facet normal 0 0 1
    outer loop
      vertex 83.3609 41.5438 -7
      vertex 81.9099 43.9681 -7
      vertex 81.9201 43.7215 -7
    endloop
  endfacet
  facet normal 0 0 1
    outer loop
      vertex 83.3609 41.5438 -7
      vertex 81.8794 44.1981 -7
      vertex 81.9099 43.9681 -7
    endloop
  endfacet
  facet normal 0 0 1
    outer loop
      vertex 83.3609 48.6311 -7
      vertex 81.8286 44.4115 -7
      vertex 81.8794 44.1981 -7
    endloop
  endfacet
  facet normal 0 0 1
    outer loop
      vertex 83.3609 48.6311 -7
      vertex 81.7573 44.6081 -7
      vertex 81.8286 44.4115 -7
    endloop
  endfacet
  facet normal 0 0 1
    outer loop
      vertex 83.3609 48.6311 -7
      vertex 81.6658 44.7881 -7
      vertex 81.7573 44.6081 -7
    endloop
  endfacet
  facet normal -0 0 1
    outer loop
      vertex 81.4549 46.9063 -7
      vertex 81.6658 44.7881 -7
      vertex 83.3609 48.6311 -7
    endloop
  endfacet
  facet normal 0 0 1
    outer loop
      vertex 81.4549 46.9063 -7
      vertex 83.3609 48.6311 -7
      vertex 81.4549 48.4093 -7
    endloop
  endfacet
  facet normal 0 0 1
    outer loop
      vertex 90 57 -7
      vertex 80.5341 48.6157 -7
      vertex 83.3609 48.6311 -7
    endloop
  endfacet
  facet normal 0 0 1
    outer loop
      vertex 83.3609 48.6311 -7
      vertex 81.2672 48.4577 -7
      vertex 81.4549 48.4093 -7
    endloop
  endfacet
  facet normal 0 0 1
    outer loop
      vertex 83.3609 48.6311 -7
      vertex 81.0813 48.5026 -7
      vertex 81.2672 48.4577 -7
    endloop
  endfacet
  facet normal 0 0 1
    outer loop
      vertex 81 84.3 -7
      vertex 90.8266 59.435 -7
      vertex 91.1716 59.8284 -7
    endloop
  endfacet
  facet normal 0 0 1
    outer loop
      vertex 105 67 -7
      vertex 81 87.8 -7
      vertex 81 84.3 -7
    endloop
  endfacet
  facet normal 0 0 1
    outer loop
      vertex 92.4693 60.6955 -7
      vertex 81 84.3 -7
      vertex 92 60.4641 -7
    endloop
  endfacet
  facet normal 0 0 1
    outer loop
      vertex 92 60.4641 -7
      vertex 81 84.3 -7
      vertex 91.565 60.1734 -7
    endloop
  endfacet
  facet normal 0 0 1
    outer loop
      vertex 91.565 60.1734 -7
      vertex 81 84.3 -7
      vertex 91.1716 59.8284 -7
    endloop
  endfacet
  facet normal 0 0 1
    outer loop
      vertex 90.5359 59 -7
      vertex 81 84.3 -7
      vertex 69 84.3 -7
    endloop
  endfacet
  facet normal 0 0 1
    outer loop
      vertex 83.3609 48.6311 -7
      vertex 80.8972 48.5439 -7
      vertex 81.0813 48.5026 -7
    endloop
  endfacet
  facet normal 0 0 1
    outer loop
      vertex 83.3609 48.6311 -7
      vertex 80.7148 48.5816 -7
      vertex 80.8972 48.5439 -7
    endloop
  endfacet
  facet normal 0 0 1
    outer loop
      vertex 83.3609 48.6311 -7
      vertex 80.5341 48.6157 -7
      vertex 80.7148 48.5816 -7
    endloop
  endfacet
  facet normal 0 0 1
    outer loop
      vertex 90 57 -7
      vertex 80.3551 48.6462 -7
      vertex 80.5341 48.6157 -7
    endloop
  endfacet
  facet normal 0 0 1
    outer loop
      vertex 90 57 -7
      vertex 80.1779 48.6731 -7
      vertex 80.3551 48.6462 -7
    endloop
  endfacet
  facet normal 0 0 1
    outer loop
      vertex 90 57 -7
      vertex 80.0023 48.6964 -7
      vertex 80.1779 48.6731 -7
    endloop
  endfacet
  facet normal 0 0 1
    outer loop
      vertex 90 57 -7
      vertex 79.8281 48.7162 -7
      vertex 80.0023 48.6964 -7
    endloop
  endfacet
  facet normal 0 0 1
    outer loop
      vertex 90.0342 57.5221 -7
      vertex 79.6552 48.7323 -7
      vertex 79.8281 48.7162 -7
    endloop
  endfacet
  facet normal 0 0 1
    outer loop
      vertex 90.0342 57.5221 -7
      vertex 79.4836 48.7449 -7
      vertex 79.6552 48.7323 -7
    endloop
  endfacet
  facet normal 0 0 1
    outer loop
      vertex 90.0342 57.5221 -7
      vertex 79.3134 48.7538 -7
      vertex 79.4836 48.7449 -7
    endloop
  endfacet
  facet normal 0 0 1
    outer loop
      vertex 90.0342 57.5221 -7
      vertex 79.1445 48.7592 -7
      vertex 79.3134 48.7538 -7
    endloop
  endfacet
  facet normal 0 0 1
    outer loop
      vertex 90.1363 58.0353 -7
      vertex 78.977 48.761 -7
      vertex 79.1445 48.7592 -7
    endloop
  endfacet
  facet normal 0 0 1
    outer loop
      vertex 90.1363 58.0353 -7
      vertex 78.623 48.7494 -7
      vertex 78.977 48.761 -7
    endloop
  endfacet
  facet normal 0 0 1
    outer loop
      vertex 90.1363 58.0353 -7
      vertex 78.2935 48.7145 -7
      vertex 78.623 48.7494 -7
    endloop
  endfacet
  facet normal 0 0 1
    outer loop
      vertex 90.3045 58.5307 -7
      vertex 73.1338 48.6311 -7
      vertex 78.2935 48.7145 -7
    endloop
  endfacet
  facet normal 0 0 1
    outer loop
      vertex 78.2935 48.7145 -7
      vertex 73.1338 48.6311 -7
      vertex 77.9883 48.6563 -7
    endloop
  endfacet
  facet normal 0 0 1
    outer loop
      vertex 77.9883 48.6563 -7
      vertex 73.1338 48.6311 -7
      vertex 77.7076 48.5749 -7
    endloop
  endfacet
  facet normal 0 0 1
    outer loop
      vertex 77.7076 48.5749 -7
      vertex 73.1338 48.6311 -7
      vertex 77.4512 48.4702 -7
    endloop
  endfacet
  facet normal 0 0 1
    outer loop
      vertex 77.4512 48.4702 -7
      vertex 73.1338 48.6311 -7
      vertex 77.2193 48.3423 -7
    endloop
  endfacet
  facet normal 0 0 1
    outer loop
      vertex 77.2193 48.3423 -7
      vertex 73.1338 48.6311 -7
      vertex 77.0118 48.1911 -7
    endloop
  endfacet
  facet normal 0 0 1
    outer loop
      vertex 77.0118 48.1911 -7
      vertex 73.1338 48.6311 -7
      vertex 76.8304 48.0182 -7
    endloop
  endfacet
  facet normal 0 0 1
    outer loop
      vertex 76.8304 48.0182 -7
      vertex 73.1338 48.6311 -7
      vertex 76.677 47.8255 -7
    endloop
  endfacet
  facet normal 0 0 1
    outer loop
      vertex 76.677 47.8255 -7
      vertex 73.1338 48.6311 -7
      vertex 76.5514 47.6127 -7
    endloop
  endfacet
  facet normal 0 0 1
    outer loop
      vertex 76.5514 47.6127 -7
      vertex 73.1338 48.6311 -7
      vertex 76.4538 47.3799 -7
    endloop
  endfacet
  facet normal 0 0 1
    outer loop
      vertex 76.4538 47.3799 -7
      vertex 73.1338 48.6311 -7
      vertex 76.384 47.1272 -7
    endloop
  endfacet
  facet normal 0 0 1
    outer loop
      vertex 73.1338 48.6311 -7
      vertex 76.3282 46.5619 -7
      vertex 76.3422 46.8546 -7
    endloop
  endfacet
  facet normal 0 0 1
    outer loop
      vertex 76.3282 46.5619 -7
      vertex 73.1338 48.6311 -7
      vertex 75.7589 41.5438 -7
    endloop
  endfacet
  facet normal 0 0 1
    outer loop
      vertex 76.384 47.1272 -7
      vertex 73.1338 48.6311 -7
      vertex 76.3422 46.8546 -7
    endloop
  endfacet
  facet normal 0 0 1
    outer loop
      vertex 90.5359 59 -7
      vertex 69 84.3 -7
      vertex 73.1338 48.6311 -7
    endloop
  endfacet
  facet normal 0 0 1
    outer loop
      vertex 73.1338 48.6311 -7
      vertex 69 84.3 -7
      vertex 70.955 48.6311 -7
    endloop
  endfacet
  facet normal 0 0 1
    outer loop
      vertex 70.955 48.6311 -7
      vertex 69 84.3 -7
      vertex 68.33 41.5438 -7
    endloop
  endfacet
  facet normal 0 0 1
    outer loop
      vertex 147.8 23 -7
      vertex 147.535 7.3637 -7
      vertex 147.8 7.27384 -7
    endloop
  endfacet
  facet normal 0 0 1
    outer loop
      vertex 147.8 23 -7
      vertex 147.022 7.46578 -7
      vertex 147.535 7.3637 -7
    endloop
  endfacet
  facet normal 0 0 1
    outer loop
      vertex 147.8 23 -7
      vertex 146.5 7.5 -7
      vertex 147.022 7.46578 -7
    endloop
  endfacet
  facet normal 0 0 1
    outer loop
      vertex 147.8 23 -7
      vertex 145.978 7.46578 -7
      vertex 146.5 7.5 -7
    endloop
  endfacet
  facet normal 0 0 1
    outer loop
      vertex 147.8 23 -7
      vertex 145.465 7.3637 -7
      vertex 145.978 7.46578 -7
    endloop
  endfacet
  facet normal 0 0 1
    outer loop
      vertex 147.8 23 -7
      vertex 144.969 7.19552 -7
      vertex 145.465 7.3637 -7
    endloop
  endfacet
  facet normal 0 0 1
    outer loop
      vertex 147.8 23 -7
      vertex 144.5 6.9641 -7
      vertex 144.969 7.19552 -7
    endloop
  endfacet
  facet normal 0 0 1
    outer loop
      vertex 147.8 23 -7
      vertex 144.065 6.67341 -7
      vertex 144.5 6.9641 -7
    endloop
  endfacet
  facet normal 0 0 1
    outer loop
      vertex 147.8 23 -7
      vertex 143.672 6.32843 -7
      vertex 144.065 6.67341 -7
    endloop
  endfacet
  facet normal 0 0 1
    outer loop
      vertex 147.8 23 -7
      vertex 143.327 5.93505 -7
      vertex 143.672 6.32843 -7
    endloop
  endfacet
  facet normal -0 0 1
    outer loop
      vertex 105 23 -7
      vertex 143.327 5.93505 -7
      vertex 147.8 23 -7
    endloop
  endfacet
  facet normal 0 0 1
    outer loop
      vertex 143.327 5.93505 -7
      vertex 105 23 -7
      vertex 143.036 5.5 -7
    endloop
  endfacet
  facet normal 0 0 1
    outer loop
      vertex 143.036 5.5 -7
      vertex 105 23 -7
      vertex 142.804 5.03073 -7
    endloop
  endfacet
  facet normal 0 0 1
    outer loop
      vertex 142.534 4.0221 -7
      vertex 105 23 -7
      vertex 142.5 3.5 -7
    endloop
  endfacet
  facet normal 0 0 1
    outer loop
      vertex 142.636 4.53528 -7
      vertex 105 23 -7
      vertex 142.534 4.0221 -7
    endloop
  endfacet
  facet normal 0 0 1
    outer loop
      vertex 142.804 5.03073 -7
      vertex 105 23 -7
      vertex 142.636 4.53528 -7
    endloop
  endfacet
  facet normal 0 0 1
    outer loop
      vertex 144.3 83.1695 -7
      vertex 144.065 83.3266 -7
      vertex 144.3 74 -7
    endloop
  endfacet
  facet normal -0 0 1
    outer loop
      vertex 144.3 74 -7
      vertex 147.8 67 -7
      vertex 147.8 74 -7
    endloop
  endfacet
  facet normal 0 0 1
    outer loop
      vertex 143.672 83.6716 -7
      vertex 144.3 74 -7
      vertex 144.065 83.3266 -7
    endloop
  endfacet
  facet normal 0 0 1
    outer loop
      vertex 143.327 84.065 -7
      vertex 144.3 74 -7
      vertex 143.672 83.6716 -7
    endloop
  endfacet
  facet normal 0 0 1
    outer loop
      vertex 143.036 84.5 -7
      vertex 144.3 74 -7
      vertex 143.327 84.065 -7
    endloop
  endfacet
  facet normal 0 0 1
    outer loop
      vertex 142.804 84.9693 -7
      vertex 144.3 74 -7
      vertex 143.036 84.5 -7
    endloop
  endfacet
  facet normal 0 0 1
    outer loop
      vertex 105 67 -7
      vertex 142.804 84.9693 -7
      vertex 142.636 85.4647 -7
    endloop
  endfacet
  facet normal 0 0 1
    outer loop
      vertex 105 67 -7
      vertex 142.636 85.4647 -7
      vertex 142.534 85.9779 -7
    endloop
  endfacet
  facet normal 0 0 1
    outer loop
      vertex 144.3 74 -7
      vertex 105 67 -7
      vertex 147.8 67 -7
    endloop
  endfacet
  facet normal 0 0 1
    outer loop
      vertex 142.804 84.9693 -7
      vertex 105 67 -7
      vertex 144.3 74 -7
    endloop
  endfacet
  facet normal 0 0 1
    outer loop
      vertex 105 67 -7
      vertex 142.534 85.9779 -7
      vertex 142.5 86.5 -7
    endloop
  endfacet
  facet normal 0 0 1
    outer loop
      vertex 105 23 -7
      vertex 142.534 2.97789 -7
      vertex 142.5 3.5 -7
    endloop
  endfacet
  facet normal 0 0 1
    outer loop
      vertex 105 23 -7
      vertex 142.636 2.46472 -7
      vertex 142.534 2.97789 -7
    endloop
  endfacet
  facet normal 0 0 1
    outer loop
      vertex 105 23 -7
      vertex 142.726 2.2 -7
      vertex 142.636 2.46472 -7
    endloop
  endfacet
  facet normal 0 0 1
    outer loop
      vertex 97.8637 55.9647 -7
      vertex 105 67 -7
      vertex 97.9658 56.4779 -7
    endloop
  endfacet
  facet normal -0 0 1
    outer loop
      vertex 97.9658 32.4779 -7
      vertex 105 23 -7
      vertex 98 33 -7
    endloop
  endfacet
  facet normal -0 0 1
    outer loop
      vertex 97.8637 31.9647 -7
      vertex 105 23 -7
      vertex 97.9658 32.4779 -7
    endloop
  endfacet
  facet normal -0 0 1
    outer loop
      vertex 97.6955 31.4693 -7
      vertex 105 23 -7
      vertex 97.8637 31.9647 -7
    endloop
  endfacet
  facet normal -0 0 1
    outer loop
      vertex 97.4641 31 -7
      vertex 105 23 -7
      vertex 97.6955 31.4693 -7
    endloop
  endfacet
  facet normal -0 0 1
    outer loop
      vertex 97.1734 30.565 -7
      vertex 105 23 -7
      vertex 97.4641 31 -7
    endloop
  endfacet
  facet normal -0 0 1
    outer loop
      vertex 96.8284 30.1716 -7
      vertex 105 23 -7
      vertex 97.1734 30.565 -7
    endloop
  endfacet
  facet normal -0 0 1
    outer loop
      vertex 96.435 29.8266 -7
      vertex 105 23 -7
      vertex 96.8284 30.1716 -7
    endloop
  endfacet
  facet normal -0 0 1
    outer loop
      vertex 96 29.5359 -7
      vertex 105 23 -7
      vertex 96.435 29.8266 -7
    endloop
  endfacet
  facet normal -0 0 1
    outer loop
      vertex 95.5307 29.3045 -7
      vertex 105 23 -7
      vertex 96 29.5359 -7
    endloop
  endfacet
  facet normal -0 0 1
    outer loop
      vertex 95.0353 29.1363 -7
      vertex 105 23 -7
      vertex 95.5307 29.3045 -7
    endloop
  endfacet
  facet normal -0 0 1
    outer loop
      vertex 94.5221 29.0342 -7
      vertex 105 23 -7
      vertex 95.0353 29.1363 -7
    endloop
  endfacet
  facet normal -0 0 1
    outer loop
      vertex 94 29 -7
      vertex 105 23 -7
      vertex 94.5221 29.0342 -7
    endloop
  endfacet
  facet normal 0 0 1
    outer loop
      vertex 93.4779 29.0342 -7
      vertex 105 23 -7
      vertex 94 29 -7
    endloop
  endfacet
  facet normal 0 0 1
    outer loop
      vertex 92.9647 29.1363 -7
      vertex 105 23 -7
      vertex 93.4779 29.0342 -7
    endloop
  endfacet
  facet normal 0 0 1
    outer loop
      vertex 105 23 -7
      vertex 92.9647 29.1363 -7
      vertex 36 2.2 -7
    endloop
  endfacet
  facet normal 0 0 1
    outer loop
      vertex 36 2.2 -7
      vertex 92.9647 29.1363 -7
      vertex 92.4693 29.3045 -7
    endloop
  endfacet
  facet normal 0 0 1
    outer loop
      vertex 57.5307 29.3045 -7
      vertex 92.4693 29.3045 -7
      vertex 92 29.5359 -7
    endloop
  endfacet
  facet normal 0 0 1
    outer loop
      vertex 90.1363 34.0353 -7
      vertex 83.3609 41.5438 -7
      vertex 90.0342 33.5221 -7
    endloop
  endfacet
  facet normal 0 0 1
    outer loop
      vertex 90.0342 33.5221 -7
      vertex 83.3609 41.5438 -7
      vertex 90 33 -7
    endloop
  endfacet
  facet normal -0 0 1
    outer loop
      vertex 80.1904 41.5099 -7
      vertex 90 33 -7
      vertex 83.3609 41.5438 -7
    endloop
  endfacet
  facet normal -0 0 1
    outer loop
      vertex 79.857 41.4516 -7
      vertex 90 33 -7
      vertex 80.1904 41.5099 -7
    endloop
  endfacet
  facet normal 0 0 1
    outer loop
      vertex 90 33 -7
      vertex 79.857 41.4516 -7
      vertex 90.0342 32.4779 -7
    endloop
  endfacet
  facet normal -0 0 1
    outer loop
      vertex 79.4937 41.4165 -7
      vertex 90.0342 32.4779 -7
      vertex 79.857 41.4516 -7
    endloop
  endfacet
  facet normal -0 0 1
    outer loop
      vertex 79.1004 41.4049 -7
      vertex 90.0342 32.4779 -7
      vertex 79.4937 41.4165 -7
    endloop
  endfacet
  facet normal -0 0 1
    outer loop
      vertex 81.9059 43.3987 -7
      vertex 83.3609 41.5438 -7
      vertex 81.9201 43.7215 -7
    endloop
  endfacet
  facet normal -0 0 1
    outer loop
      vertex 81.8633 43.1005 -7
      vertex 83.3609 41.5438 -7
      vertex 81.9059 43.3987 -7
    endloop
  endfacet
  facet normal -0 0 1
    outer loop
      vertex 81.7924 42.8268 -7
      vertex 83.3609 41.5438 -7
      vertex 81.8633 43.1005 -7
    endloop
  endfacet
  facet normal -0 0 1
    outer loop
      vertex 81.693 42.5775 -7
      vertex 83.3609 41.5438 -7
      vertex 81.7924 42.8268 -7
    endloop
  endfacet
  facet normal -0 0 1
    outer loop
      vertex 81.5653 42.3528 -7
      vertex 83.3609 41.5438 -7
      vertex 81.693 42.5775 -7
    endloop
  endfacet
  facet normal -0 0 1
    outer loop
      vertex 81.4092 42.1526 -7
      vertex 83.3609 41.5438 -7
      vertex 81.5653 42.3528 -7
    endloop
  endfacet
  facet normal -0 0 1
    outer loop
      vertex 81.2247 41.9769 -7
      vertex 83.3609 41.5438 -7
      vertex 81.4092 42.1526 -7
    endloop
  endfacet
  facet normal -0 0 1
    outer loop
      vertex 81.011 41.8251 -7
      vertex 83.3609 41.5438 -7
      vertex 81.2247 41.9769 -7
    endloop
  endfacet
  facet normal -0 0 1
    outer loop
      vertex 80.7674 41.6967 -7
      vertex 83.3609 41.5438 -7
      vertex 81.011 41.8251 -7
    endloop
  endfacet
  facet normal -0 0 1
    outer loop
      vertex 80.4939 41.5917 -7
      vertex 83.3609 41.5438 -7
      vertex 80.7674 41.6967 -7
    endloop
  endfacet
  facet normal 0 0 1
    outer loop
      vertex 80.1904 41.5099 -7
      vertex 83.3609 41.5438 -7
      vertex 80.4939 41.5917 -7
    endloop
  endfacet
  facet normal 0 0 1
    outer loop
      vertex 90.0342 32.4779 -7
      vertex 79.1004 41.4049 -7
      vertex 90.1363 31.9647 -7
    endloop
  endfacet
  facet normal 0 0 1
    outer loop
      vertex 78.9078 41.4075 -7
      vertex 90.1363 31.9647 -7
      vertex 79.1004 41.4049 -7
    endloop
  endfacet
  facet normal 0 0 1
    outer loop
      vertex 78.7149 41.4154 -7
      vertex 90.1363 31.9647 -7
      vertex 78.9078 41.4075 -7
    endloop
  endfacet
  facet normal 0 0 1
    outer loop
      vertex 78.5218 41.4285 -7
      vertex 90.1363 31.9647 -7
      vertex 78.7149 41.4154 -7
    endloop
  endfacet
  facet normal 0 0 1
    outer loop
      vertex 78.3285 41.4468 -7
      vertex 90.1363 31.9647 -7
      vertex 78.5218 41.4285 -7
    endloop
  endfacet
  facet normal 0 0 1
    outer loop
      vertex 90.1363 31.9647 -7
      vertex 78.3285 41.4468 -7
      vertex 90.3045 31.4693 -7
    endloop
  endfacet
  facet normal 0 0 1
    outer loop
      vertex 78.1351 41.4703 -7
      vertex 90.3045 31.4693 -7
      vertex 78.3285 41.4468 -7
    endloop
  endfacet
  facet normal 0 0 1
    outer loop
      vertex 75.7589 41.5438 -7
      vertex 90.3045 31.4693 -7
      vertex 78.1351 41.4703 -7
    endloop
  endfacet
  facet normal 0 0 1
    outer loop
      vertex 59.6955 31.4693 -7
      vertex 90.3045 31.4693 -7
      vertex 75.7589 41.5438 -7
    endloop
  endfacet
  facet normal 0 0 1
    outer loop
      vertex 90.3045 31.4693 -7
      vertex 59.6955 31.4693 -7
      vertex 90.5359 31 -7
    endloop
  endfacet
  facet normal 0 0 1
    outer loop
      vertex 59.4641 31 -7
      vertex 90.5359 31 -7
      vertex 59.6955 31.4693 -7
    endloop
  endfacet
  facet normal 0 0 1
    outer loop
      vertex 75.7589 41.5438 -7
      vertex 78.1351 41.4703 -7
      vertex 77.9414 41.4991 -7
    endloop
  endfacet
  facet normal 0 0 1
    outer loop
      vertex 75.7589 41.5438 -7
      vertex 77.9414 41.4991 -7
      vertex 77.7475 41.5332 -7
    endloop
  endfacet
  facet normal -0 0 1
    outer loop
      vertex 75.7589 41.5438 -7
      vertex 77.7475 41.5332 -7
      vertex 77.5536 41.5724 -7
    endloop
  endfacet
  facet normal 0 0 1
    outer loop
      vertex 75.7589 41.5438 -7
      vertex 77.5536 41.5724 -7
      vertex 77.3597 41.6166 -7
    endloop
  endfacet
  facet normal 0 0 1
    outer loop
      vertex 75.7589 41.5438 -7
      vertex 77.3597 41.6166 -7
      vertex 77.1657 41.6659 -7
    endloop
  endfacet
  facet normal 0 0 1
    outer loop
      vertex 75.7589 41.5438 -7
      vertex 77.1657 41.6659 -7
      vertex 76.9718 41.7202 -7
    endloop
  endfacet
  facet normal 0 0 1
    outer loop
      vertex 75.7589 41.5438 -7
      vertex 76.9718 41.7202 -7
      vertex 76.7778 41.7796 -7
    endloop
  endfacet
  facet normal 0 0 1
    outer loop
      vertex 75.7589 41.5438 -7
      vertex 76.7778 41.7796 -7
      vertex 76.5839 41.844 -7
    endloop
  endfacet
  facet normal 0 0 1
    outer loop
      vertex 75.7589 41.5438 -7
      vertex 76.5839 41.844 -7
      vertex 76.39 41.9134 -7
    endloop
  endfacet
  facet normal 0 0 1
    outer loop
      vertex 75.7589 41.5438 -7
      vertex 76.3683 46.1071 -7
      vertex 76.3383 46.3274 -7
    endloop
  endfacet
  facet normal 0 0 1
    outer loop
      vertex 75.7589 41.5438 -7
      vertex 76.3383 46.3274 -7
      vertex 76.3282 46.5619 -7
    endloop
  endfacet
  facet normal 0 0 1
    outer loop
      vertex 76.39 43.4567 -7
      vertex 75.7589 41.5438 -7
      vertex 76.39 41.9134 -7
    endloop
  endfacet
  facet normal 0 0 1
    outer loop
      vertex 90.5359 31 -7
      vertex 59.4641 31 -7
      vertex 90.8266 30.565 -7
    endloop
  endfacet
  facet normal 0 0 1
    outer loop
      vertex 59.6955 31.4693 -7
      vertex 75.7589 41.5438 -7
      vertex 73.9218 41.5438 -7
    endloop
  endfacet
  facet normal 0 0 1
    outer loop
      vertex 59.1734 30.565 -7
      vertex 90.8266 30.565 -7
      vertex 59.4641 31 -7
    endloop
  endfacet
  facet normal -0 0 1
    outer loop
      vertex 70.618 42.834 -7
      vertex 73.9218 41.5438 -7
      vertex 73.4756 42.834 -7
    endloop
  endfacet
  facet normal 0 0 1
    outer loop
      vertex 70.1671 41.5438 -7
      vertex 73.9218 41.5438 -7
      vertex 70.618 42.834 -7
    endloop
  endfacet
  facet normal 0 0 1
    outer loop
      vertex 59.8637 31.9647 -7
      vertex 73.9218 41.5438 -7
      vertex 70.1671 41.5438 -7
    endloop
  endfacet
  facet normal 0 0 1
    outer loop
      vertex 60 33 -7
      vertex 70.1671 41.5438 -7
      vertex 68.33 41.5438 -7
    endloop
  endfacet
  facet normal 0 0 1
    outer loop
      vertex 73.9218 41.5438 -7
      vertex 59.8637 31.9647 -7
      vertex 59.6955 31.4693 -7
    endloop
  endfacet
  facet normal -0 0 1
    outer loop
      vertex 67.758 43.2938 -7
      vertex 68.33 41.5438 -7
      vertex 67.7722 43.5762 -7
    endloop
  endfacet
  facet normal -0 0 1
    outer loop
      vertex 67.7156 43.0327 -7
      vertex 68.33 41.5438 -7
      vertex 67.758 43.2938 -7
    endloop
  endfacet
  facet normal -0 0 1
    outer loop
      vertex 67.6449 42.793 -7
      vertex 68.33 41.5438 -7
      vertex 67.7156 43.0327 -7
    endloop
  endfacet
  facet normal -0 0 1
    outer loop
      vertex 67.5459 42.5745 -7
      vertex 68.33 41.5438 -7
      vertex 67.6449 42.793 -7
    endloop
  endfacet
  facet normal -0 0 1
    outer loop
      vertex 67.4186 42.3774 -7
      vertex 68.33 41.5438 -7
      vertex 67.5459 42.5745 -7
    endloop
  endfacet
  facet normal -0 0 1
    outer loop
      vertex 67.263 42.2016 -7
      vertex 68.33 41.5438 -7
      vertex 67.4186 42.3774 -7
    endloop
  endfacet
  facet normal -0 0 1
    outer loop
      vertex 67.0791 42.0471 -7
      vertex 68.33 41.5438 -7
      vertex 67.263 42.2016 -7
    endloop
  endfacet
  facet normal -0 0 1
    outer loop
      vertex 66.8664 41.9136 -7
      vertex 68.33 41.5438 -7
      vertex 67.0791 42.0471 -7
    endloop
  endfacet
  facet normal -0 0 1
    outer loop
      vertex 66.6242 41.8006 -7
      vertex 68.33 41.5438 -7
      vertex 66.8664 41.9136 -7
    endloop
  endfacet
  facet normal -0 0 1
    outer loop
      vertex 66.3526 41.7081 -7
      vertex 68.33 41.5438 -7
      vertex 66.6242 41.8006 -7
    endloop
  endfacet
  facet normal -0 0 1
    outer loop
      vertex 66.0515 41.6362 -7
      vertex 68.33 41.5438 -7
      vertex 66.3526 41.7081 -7
    endloop
  endfacet
  facet normal 0 0 1
    outer loop
      vertex 68.33 41.5438 -7
      vertex 66.0515 41.6362 -7
      vertex 60 33 -7
    endloop
  endfacet
  facet normal 0 0 1
    outer loop
      vertex 60 33 -7
      vertex 66.0515 41.6362 -7
      vertex 65.721 41.5849 -7
    endloop
  endfacet
  facet normal 0 0 1
    outer loop
      vertex 60 33 -7
      vertex 65.721 41.5849 -7
      vertex 65.361 41.554 -7
    endloop
  endfacet
  facet normal 0 0 1
    outer loop
      vertex 60 33 -7
      vertex 65.361 41.554 -7
      vertex 64.9715 41.5438 -7
    endloop
  endfacet
  facet normal 0 0 1
    outer loop
      vertex 60 33 -7
      vertex 64.9715 41.5438 -7
      vertex 61.9383 41.5438 -7
    endloop
  endfacet
  facet normal -0 0 1
    outer loop
      vertex 59.6955 55.4693 -7
      vertex 64.682 48.6311 -7
      vertex 59.8637 55.9647 -7
    endloop
  endfacet
  facet normal 0 0 1
    outer loop
      vertex 70.1671 41.5438 -7
      vertex 60 33 -7
      vertex 59.9658 32.4779 -7
    endloop
  endfacet
  facet normal 0 0 1
    outer loop
      vertex 70.1671 41.5438 -7
      vertex 59.9658 32.4779 -7
      vertex 59.8637 31.9647 -7
    endloop
  endfacet
  facet normal 0 0 1
    outer loop
      vertex 90.8266 30.565 -7
      vertex 59.1734 30.565 -7
      vertex 91.1716 30.1716 -7
    endloop
  endfacet
  facet normal 0 0 1
    outer loop
      vertex 58.8284 30.1716 -7
      vertex 91.1716 30.1716 -7
      vertex 59.1734 30.565 -7
    endloop
  endfacet
  facet normal 0 0 1
    outer loop
      vertex 91.1716 30.1716 -7
      vertex 58.8284 30.1716 -7
      vertex 91.565 29.8266 -7
    endloop
  endfacet
  facet normal 0 0 1
    outer loop
      vertex 58.435 29.8266 -7
      vertex 91.565 29.8266 -7
      vertex 58.8284 30.1716 -7
    endloop
  endfacet
  facet normal 0 0 1
    outer loop
      vertex 91.565 29.8266 -7
      vertex 58.435 29.8266 -7
      vertex 92 29.5359 -7
    endloop
  endfacet
  facet normal 0 0 1
    outer loop
      vertex 58 29.5359 -7
      vertex 92 29.5359 -7
      vertex 58.435 29.8266 -7
    endloop
  endfacet
  facet normal 0 0 1
    outer loop
      vertex 57.5307 29.3045 -7
      vertex 92 29.5359 -7
      vertex 58 29.5359 -7
    endloop
  endfacet
  facet normal 0 0 1
    outer loop
      vertex 92.4693 29.3045 -7
      vertex 57.5307 29.3045 -7
      vertex 36 2.2 -7
    endloop
  endfacet
  facet normal 0 0 1
    outer loop
      vertex 36 2.2 -7
      vertex 57.5307 29.3045 -7
      vertex 57.0353 29.1363 -7
    endloop
  endfacet
  facet normal 0 0 1
    outer loop
      vertex 45 23 -7
      vertex 57.0353 29.1363 -7
      vertex 56.5221 29.0342 -7
    endloop
  endfacet
  facet normal 0 0 1
    outer loop
      vertex 45 23 -7
      vertex 56.5221 29.0342 -7
      vertex 56 29 -7
    endloop
  endfacet
  facet normal 0 0 1
    outer loop
      vertex 45 23 -7
      vertex 56 29 -7
      vertex 55.4779 29.0342 -7
    endloop
  endfacet
  facet normal 0 0 1
    outer loop
      vertex 45 23 -7
      vertex 55.4779 29.0342 -7
      vertex 54.9647 29.1363 -7
    endloop
  endfacet
  facet normal 0 0 1
    outer loop
      vertex 52.0342 33.5221 -7
      vertex 45 23 -7
      vertex 52 33 -7
    endloop
  endfacet
  facet normal 0 0 1
    outer loop
      vertex 52 33 -7
      vertex 45 23 -7
      vertex 52.0342 32.4779 -7
    endloop
  endfacet
  facet normal 0 0 1
    outer loop
      vertex 52.0342 32.4779 -7
      vertex 45 23 -7
      vertex 52.1363 31.9647 -7
    endloop
  endfacet
  facet normal 0 0 1
    outer loop
      vertex 45 23 -7
      vertex 52.3045 31.4693 -7
      vertex 52.1363 31.9647 -7
    endloop
  endfacet
  facet normal 0 0 1
    outer loop
      vertex 45 23 -7
      vertex 52.5359 31 -7
      vertex 52.3045 31.4693 -7
    endloop
  endfacet
  facet normal 0 0 1
    outer loop
      vertex 45 23 -7
      vertex 52.8266 30.565 -7
      vertex 52.5359 31 -7
    endloop
  endfacet
  facet normal 0 0 1
    outer loop
      vertex 45 23 -7
      vertex 53.1716 30.1716 -7
      vertex 52.8266 30.565 -7
    endloop
  endfacet
  facet normal 0 0 1
    outer loop
      vertex 45 23 -7
      vertex 53.565 29.8266 -7
      vertex 53.1716 30.1716 -7
    endloop
  endfacet
  facet normal 0 0 1
    outer loop
      vertex 45 23 -7
      vertex 54 29.5359 -7
      vertex 53.565 29.8266 -7
    endloop
  endfacet
  facet normal 0 0 1
    outer loop
      vertex 45 23 -7
      vertex 54.4693 29.3045 -7
      vertex 54 29.5359 -7
    endloop
  endfacet
  facet normal 0 0 1
    outer loop
      vertex 45 23 -7
      vertex 54.9647 29.1363 -7
      vertex 54.4693 29.3045 -7
    endloop
  endfacet
  facet normal 0 0 1
    outer loop
      vertex 57.0353 29.1363 -7
      vertex 45 23 -7
      vertex 36 2.2 -7
    endloop
  endfacet
  facet normal 0 0 1
    outer loop
      vertex 36 2.2 -7
      vertex 45 23 -7
      vertex 36 5.7 -7
    endloop
  endfacet
  facet normal 0 0 1
    outer loop
      vertex 105 23 -7
      vertex 36 2.2 -7
      vertex 142.726 2.2 -7
    endloop
  endfacet
  facet normal 0 0 1
    outer loop
      vertex 94.5221 53.0342 -7
      vertex 88.2929 47.2513 -7
      vertex 88.1077 45.9297 -7
    endloop
  endfacet
  facet normal 0 0 1
    outer loop
      vertex 94.5221 53.0342 -7
      vertex 88.1077 45.9297 -7
      vertex 88.1077 44.5498 -7
    endloop
  endfacet
  facet normal 0 0 1
    outer loop
      vertex 94.5221 53.0342 -7
      vertex 88.1077 44.5498 -7
      vertex 88.3973 42.9236 -7
    endloop
  endfacet
  facet normal 0 0 1
    outer loop
      vertex 85.1884 42.9236 -7
      vertex 88.1077 44.5498 -7
      vertex 85.1884 44.5498 -7
    endloop
  endfacet
  facet normal 0 0 1
    outer loop
      vertex 88.1077 44.5498 -7
      vertex 85.1884 42.9236 -7
      vertex 88.3973 42.9236 -7
    endloop
  endfacet
  facet normal 0 0 1
    outer loop
      vertex 81.6658 44.7881 -7
      vertex 81.4549 46.9063 -7
      vertex 81.5539 44.9515 -7
    endloop
  endfacet
  facet normal 0 0 1
    outer loop
      vertex 81.4549 46.9063 -7
      vertex 81.4216 45.0981 -7
      vertex 81.5539 44.9515 -7
    endloop
  endfacet
  facet normal 0 0 1
    outer loop
      vertex 80.8689 45.4678 -7
      vertex 81.4549 46.9063 -7
      vertex 81.2887 46.9785 -7
    endloop
  endfacet
  facet normal 0 0 1
    outer loop
      vertex 81.4549 46.9063 -7
      vertex 81.2653 45.2314 -7
      vertex 81.4216 45.0981 -7
    endloop
  endfacet
  facet normal 0 0 1
    outer loop
      vertex 80.6288 45.5709 -7
      vertex 81.2887 46.9785 -7
      vertex 81.1236 47.0455 -7
    endloop
  endfacet
  facet normal 0 0 1
    outer loop
      vertex 81.4549 46.9063 -7
      vertex 81.081 45.3547 -7
      vertex 81.2653 45.2314 -7
    endloop
  endfacet
  facet normal 0 0 1
    outer loop
      vertex 80.6288 45.5709 -7
      vertex 81.1236 47.0455 -7
      vertex 80.9597 47.1072 -7
    endloop
  endfacet
  facet normal 0 0 1
    outer loop
      vertex 81.4549 46.9063 -7
      vertex 80.8689 45.4678 -7
      vertex 81.081 45.3547 -7
    endloop
  endfacet
  facet normal 0 0 1
    outer loop
      vertex 80.3609 45.6639 -7
      vertex 80.9597 47.1072 -7
      vertex 80.7969 47.1637 -7
    endloop
  endfacet
  facet normal 0 0 1
    outer loop
      vertex 80.3609 45.6639 -7
      vertex 80.7969 47.1637 -7
      vertex 80.6353 47.2149 -7
    endloop
  endfacet
  facet normal 0 0 1
    outer loop
      vertex 81.2887 46.9785 -7
      vertex 80.6288 45.5709 -7
      vertex 80.8689 45.4678 -7
    endloop
  endfacet
  facet normal 0 0 1
    outer loop
      vertex 80.065 45.7468 -7
      vertex 80.6353 47.2149 -7
      vertex 80.4749 47.2609 -7
    endloop
  endfacet
  facet normal 0 0 1
    outer loop
      vertex 80.9597 47.1072 -7
      vertex 80.3609 45.6639 -7
      vertex 80.6288 45.5709 -7
    endloop
  endfacet
  facet normal 0 0 1
    outer loop
      vertex 80.065 45.7468 -7
      vertex 80.4749 47.2609 -7
      vertex 80.3156 47.3016 -7
    endloop
  endfacet
  facet normal 0 0 1
    outer loop
      vertex 79.7413 45.8197 -7
      vertex 80.3156 47.3016 -7
      vertex 80.1582 47.337 -7
    endloop
  endfacet
  facet normal 0 0 1
    outer loop
      vertex 80.6353 47.2149 -7
      vertex 80.065 45.7468 -7
      vertex 80.3609 45.6639 -7
    endloop
  endfacet
  facet normal 0 0 1
    outer loop
      vertex 79.7413 45.8197 -7
      vertex 80.1582 47.337 -7
      vertex 80.0033 47.3669 -7
    endloop
  endfacet
  facet normal 0 0 1
    outer loop
      vertex 79.7413 45.8197 -7
      vertex 80.0033 47.3669 -7
      vertex 79.8509 47.3914 -7
    endloop
  endfacet
  facet normal 0 0 1
    outer loop
      vertex 80.3156 47.3016 -7
      vertex 79.7413 45.8197 -7
      vertex 80.065 45.7468 -7
    endloop
  endfacet
  facet normal 0 0 1
    outer loop
      vertex 79.7011 47.4104 -7
      vertex 79.7413 45.8197 -7
      vertex 79.8509 47.3914 -7
    endloop
  endfacet
  facet normal 0 0 1
    outer loop
      vertex 79.5537 47.4241 -7
      vertex 79.7413 45.8197 -7
      vertex 79.7011 47.4104 -7
    endloop
  endfacet
  facet normal 0 0 1
    outer loop
      vertex 78.9628 45.9763 -7
      vertex 79.5537 47.4241 -7
      vertex 79.4089 47.4322 -7
    endloop
  endfacet
  facet normal 0 0 1
    outer loop
      vertex 78.9628 45.9763 -7
      vertex 79.4089 47.4322 -7
      vertex 79.2666 47.4349 -7
    endloop
  endfacet
  facet normal 0 0 1
    outer loop
      vertex 78.9628 45.9763 -7
      vertex 79.2666 47.4349 -7
      vertex 79.0864 47.4313 -7
    endloop
  endfacet
  facet normal 0 0 1
    outer loop
      vertex 79.5537 47.4241 -7
      vertex 78.9628 45.9763 -7
      vertex 79.7413 45.8197 -7
    endloop
  endfacet
  facet normal -0 0 1
    outer loop
      vertex 78.9201 47.4202 -7
      vertex 78.9628 45.9763 -7
      vertex 79.0864 47.4313 -7
    endloop
  endfacet
  facet normal 0 0 1
    outer loop
      vertex 78.9201 47.4202 -7
      vertex 78.8111 46.0098 -7
      vertex 78.9628 45.9763 -7
    endloop
  endfacet
  facet normal -0 0 1
    outer loop
      vertex 78.7678 47.4018 -7
      vertex 78.8111 46.0098 -7
      vertex 78.9201 47.4202 -7
    endloop
  endfacet
  facet normal 0 0 1
    outer loop
      vertex 78.7678 47.4018 -7
      vertex 78.6735 46.0451 -7
      vertex 78.8111 46.0098 -7
    endloop
  endfacet
  facet normal -0 0 1
    outer loop
      vertex 78.6295 47.376 -7
      vertex 78.6735 46.0451 -7
      vertex 78.7678 47.4018 -7
    endloop
  endfacet
  facet normal 0 0 1
    outer loop
      vertex 78.6295 47.376 -7
      vertex 78.5499 46.0823 -7
      vertex 78.6735 46.0451 -7
    endloop
  endfacet
  facet normal -0 0 1
    outer loop
      vertex 78.5051 47.3428 -7
      vertex 78.5499 46.0823 -7
      vertex 78.6295 47.376 -7
    endloop
  endfacet
  facet normal 0 0 1
    outer loop
      vertex 78.5051 47.3428 -7
      vertex 78.4404 46.1213 -7
      vertex 78.5499 46.0823 -7
    endloop
  endfacet
  facet normal -0 0 1
    outer loop
      vertex 78.3947 47.3023 -7
      vertex 78.4404 46.1213 -7
      vertex 78.5051 47.3428 -7
    endloop
  endfacet
  facet normal 0 0 1
    outer loop
      vertex 78.3947 47.3023 -7
      vertex 78.3449 46.1622 -7
      vertex 78.4404 46.1213 -7
    endloop
  endfacet
  facet normal -0 0 1
    outer loop
      vertex 78.2982 47.2543 -7
      vertex 78.3449 46.1622 -7
      vertex 78.3947 47.3023 -7
    endloop
  endfacet
  facet normal -0 0 1
    outer loop
      vertex 78.2151 47.1987 -7
      vertex 78.3449 46.1622 -7
      vertex 78.2982 47.2543 -7
    endloop
  endfacet
  facet normal -0 0 1
    outer loop
      vertex 77.9913 46.7982 -7
      vertex 78.3449 46.1622 -7
      vertex 78.2151 47.1987 -7
    endloop
  endfacet
  facet normal 0 0 1
    outer loop
      vertex 78.3449 46.1622 -7
      vertex 77.9913 46.7982 -7
      vertex 78.2635 46.2049 -7
    endloop
  endfacet
  facet normal 0 0 1
    outer loop
      vertex 78.0105 46.8946 -7
      vertex 78.2151 47.1987 -7
      vertex 78.1447 47.1349 -7
    endloop
  endfacet
  facet normal -0 0 1
    outer loop
      vertex 77.9849 46.6937 -7
      vertex 78.2635 46.2049 -7
      vertex 77.9913 46.7982 -7
    endloop
  endfacet
  facet normal 0 0 1
    outer loop
      vertex 78.2635 46.2049 -7
      vertex 77.9849 46.6937 -7
      vertex 78.1961 46.2495 -7
    endloop
  endfacet
  facet normal 0 0 1
    outer loop
      vertex 78.0105 46.8946 -7
      vertex 78.1447 47.1349 -7
      vertex 78.0872 47.0629 -7
    endloop
  endfacet
  facet normal -0 -0 1
    outer loop
      vertex 77.9892 46.6148 -7
      vertex 78.1961 46.2495 -7
      vertex 77.9849 46.6937 -7
    endloop
  endfacet
  facet normal 0 0 1
    outer loop
      vertex 78.0105 46.8946 -7
      vertex 78.0872 47.0629 -7
      vertex 78.0424 46.9828 -7
    endloop
  endfacet
  facet normal 0 0 1
    outer loop
      vertex 78.1961 46.2495 -7
      vertex 77.9892 46.6148 -7
      vertex 78.1401 46.2975 -7
    endloop
  endfacet
  facet normal 0 0 1
    outer loop
      vertex 78.2151 47.1987 -7
      vertex 78.0105 46.8946 -7
      vertex 77.9913 46.7982 -7
    endloop
  endfacet
  facet normal 0 0 1
    outer loop
      vertex 78.1401 46.2975 -7
      vertex 77.9892 46.6148 -7
      vertex 78.0927 46.3507 -7
    endloop
  endfacet
  facet normal 0 0 1
    outer loop
      vertex 78.0927 46.3507 -7
      vertex 77.9892 46.6148 -7
      vertex 78.0539 46.409 -7
    endloop
  endfacet
  facet normal 0 0 1
    outer loop
      vertex 78.0539 46.409 -7
      vertex 77.9892 46.6148 -7
      vertex 78.0237 46.4725 -7
    endloop
  endfacet
  facet normal 0 0 1
    outer loop
      vertex 78.0237 46.4725 -7
      vertex 77.9892 46.6148 -7
      vertex 78.0022 46.5411 -7
    endloop
  endfacet
  facet normal 0 0 1
    outer loop
      vertex 67.6668 44.2732 -7
      vertex 67.4629 46.4738 -7
      vertex 67.6075 44.4261 -7
    endloop
  endfacet
  facet normal -0 0 1
    outer loop
      vertex 67.4382 46.3418 -7
      vertex 67.6075 44.4261 -7
      vertex 67.4629 46.4738 -7
    endloop
  endfacet
  facet normal -0 0 1
    outer loop
      vertex 67.4036 46.216 -7
      vertex 67.6075 44.4261 -7
      vertex 67.4382 46.3418 -7
    endloop
  endfacet
  facet normal 0 0 1
    outer loop
      vertex 67.6075 44.4261 -7
      vertex 67.4036 46.216 -7
      vertex 67.535 44.5705 -7
    endloop
  endfacet
  facet normal -0 0 1
    outer loop
      vertex 67.3591 46.0966 -7
      vertex 67.535 44.5705 -7
      vertex 67.4036 46.216 -7
    endloop
  endfacet
  facet normal 0 0 1
    outer loop
      vertex 67.535 44.5705 -7
      vertex 67.3591 46.0966 -7
      vertex 67.4494 44.7064 -7
    endloop
  endfacet
  facet normal -0 0 1
    outer loop
      vertex 67.3048 45.9834 -7
      vertex 67.4494 44.7064 -7
      vertex 67.3591 46.0966 -7
    endloop
  endfacet
  facet normal 0 0 1
    outer loop
      vertex 67.4494 44.7064 -7
      vertex 67.3048 45.9834 -7
      vertex 67.3518 44.8321 -7
    endloop
  endfacet
  facet normal -0 0 1
    outer loop
      vertex 67.2405 45.8765 -7
      vertex 67.3518 44.8321 -7
      vertex 67.3048 45.9834 -7
    endloop
  endfacet
  facet normal 0 0 1
    outer loop
      vertex 67.3518 44.8321 -7
      vertex 67.2405 45.8765 -7
      vertex 67.2433 44.946 -7
    endloop
  endfacet
  facet normal -0 0 1
    outer loop
      vertex 67.1669 45.7766 -7
      vertex 67.2433 44.946 -7
      vertex 67.2405 45.8765 -7
    endloop
  endfacet
  facet normal 0 0 1
    outer loop
      vertex 67.1669 45.7766 -7
      vertex 67.1239 45.048 -7
      vertex 67.2433 44.946 -7
    endloop
  endfacet
  facet normal -0 0 1
    outer loop
      vertex 67.0844 45.6844 -7
      vertex 67.1239 45.048 -7
      vertex 67.1669 45.7766 -7
    endloop
  endfacet
  facet normal -0 0 1
    outer loop
      vertex 66.9929 45.5998 -7
      vertex 67.1239 45.048 -7
      vertex 67.0844 45.6844 -7
    endloop
  endfacet
  facet normal 0 0 1
    outer loop
      vertex 67.1239 45.048 -7
      vertex 66.9929 45.5998 -7
      vertex 66.9937 45.1382 -7
    endloop
  endfacet
  facet normal -0 0 1
    outer loop
      vertex 66.8926 45.5229 -7
      vertex 66.9937 45.1382 -7
      vertex 66.9929 45.5998 -7
    endloop
  endfacet
  facet normal 0 0 1
    outer loop
      vertex 66.8926 45.5229 -7
      vertex 66.8527 45.2166 -7
      vertex 66.9937 45.1382 -7
    endloop
  endfacet
  facet normal -0 0 1
    outer loop
      vertex 66.7833 45.4536 -7
      vertex 66.8527 45.2166 -7
      vertex 66.8926 45.5229 -7
    endloop
  endfacet
  facet normal 0 0 1
    outer loop
      vertex 66.7833 45.4536 -7
      vertex 66.7008 45.2832 -7
      vertex 66.8527 45.2166 -7
    endloop
  endfacet
  facet normal -0 0 1
    outer loop
      vertex 66.6651 45.3919 -7
      vertex 66.7008 45.2832 -7
      vertex 66.7833 45.4536 -7
    endloop
  endfacet
  facet normal 0 0 1
    outer loop
      vertex 66.7008 45.2832 -7
      vertex 66.6651 45.3919 -7
      vertex 66.538 45.338 -7
    endloop
  endfacet
  facet normal -0 0 1
    outer loop
      vertex 7.46578 85.9779 -7
      vertex 45 67 -7
      vertex 7.5 86.5 -7
    endloop
  endfacet
  facet normal -0 0 1
    outer loop
      vertex 7.3637 85.4647 -7
      vertex 45 67 -7
      vertex 7.46578 85.9779 -7
    endloop
  endfacet
  facet normal -0 0 1
    outer loop
      vertex 7.19552 84.9693 -7
      vertex 45 67 -7
      vertex 7.3637 85.4647 -7
    endloop
  endfacet
  facet normal 0 0 1
    outer loop
      vertex 5.7 74 -7
      vertex 7.19552 84.9693 -7
      vertex 6.9641 84.5 -7
    endloop
  endfacet
  facet normal 0 0 1
    outer loop
      vertex 5.7 74 -7
      vertex 6.9641 84.5 -7
      vertex 6.67341 84.065 -7
    endloop
  endfacet
  facet normal 0 0 1
    outer loop
      vertex 5.7 74 -7
      vertex 6.67341 84.065 -7
      vertex 6.32843 83.6716 -7
    endloop
  endfacet
  facet normal 0 0 1
    outer loop
      vertex 5.7 74 -7
      vertex 6.32843 83.6716 -7
      vertex 5.93505 83.3266 -7
    endloop
  endfacet
  facet normal 0 0 1
    outer loop
      vertex 5.7 74 -7
      vertex 5.93505 83.3266 -7
      vertex 5.7 83.1695 -7
    endloop
  endfacet
  facet normal 0 0 1
    outer loop
      vertex 7.19552 84.9693 -7
      vertex 5.7 74 -7
      vertex 45 67 -7
    endloop
  endfacet
  facet normal 0 0 1
    outer loop
      vertex 2.2 67 -7
      vertex 5.7 74 -7
      vertex 2.2 74 -7
    endloop
  endfacet
  facet normal 0 0 1
    outer loop
      vertex 5.7 74 -7
      vertex 2.2 67 -7
      vertex 45 67 -7
    endloop
  endfacet
  facet normal -0 0 1
    outer loop
      vertex 7.46578 2.97789 -7
      vertex 24 2.2 -7
      vertex 7.5 3.5 -7
    endloop
  endfacet
  facet normal -0 0 1
    outer loop
      vertex 7.3637 2.46472 -7
      vertex 24 2.2 -7
      vertex 7.46578 2.97789 -7
    endloop
  endfacet
  facet normal 0 0 1
    outer loop
      vertex 24 2.2 -7
      vertex 7.3637 2.46472 -7
      vertex 7.27384 2.2 -7
    endloop
  endfacet
  facet normal 0 0 1
    outer loop
      vertex 65.1088 47.3504 -7
      vertex 65.6551 46.6375 -7
      vertex 65.6505 46.7382 -7
    endloop
  endfacet
  facet normal 0 0 1
    outer loop
      vertex 65.2024 47.323 -7
      vertex 65.6505 46.7382 -7
      vertex 65.6369 46.8317 -7
    endloop
  endfacet
  facet normal 0 0 1
    outer loop
      vertex 65.1088 45.9241 -7
      vertex 65.6551 46.6375 -7
      vertex 65.1088 47.3504 -7
    endloop
  endfacet
  facet normal 0 0 1
    outer loop
      vertex 65.2875 47.2878 -7
      vertex 65.6369 46.8317 -7
      vertex 65.6141 46.9183 -7
    endloop
  endfacet
  facet normal 0 0 1
    outer loop
      vertex 65.6551 46.6375 -7
      vertex 65.1088 45.9241 -7
      vertex 65.6505 46.5357 -7
    endloop
  endfacet
  facet normal 0 0 1
    outer loop
      vertex 65.2875 47.2878 -7
      vertex 65.6141 46.9183 -7
      vertex 65.5822 46.9978 -7
    endloop
  endfacet
  facet normal 0 0 1
    outer loop
      vertex 65.6505 46.7382 -7
      vertex 65.2024 47.323 -7
      vertex 65.1088 47.3504 -7
    endloop
  endfacet
  facet normal 0 0 1
    outer loop
      vertex 65.2875 47.2878 -7
      vertex 65.5822 46.9978 -7
      vertex 65.5413 47.0702 -7
    endloop
  endfacet
  facet normal 0 -0 1
    outer loop
      vertex 65.2024 45.9512 -7
      vertex 65.6505 46.5357 -7
      vertex 65.1088 45.9241 -7
    endloop
  endfacet
  facet normal 0 0 1
    outer loop
      vertex 65.2875 47.2878 -7
      vertex 65.5413 47.0702 -7
      vertex 65.4912 47.1356 -7
    endloop
  endfacet
  facet normal 0 0 1
    outer loop
      vertex 65.6369 46.8317 -7
      vertex 65.2875 47.2878 -7
      vertex 65.2024 47.323 -7
    endloop
  endfacet
  facet normal 0 0 1
    outer loop
      vertex 65.2875 47.2878 -7
      vertex 65.4912 47.1356 -7
      vertex 65.432 47.1939 -7
    endloop
  endfacet
  facet normal 0 0 1
    outer loop
      vertex 65.2875 47.2878 -7
      vertex 65.432 47.1939 -7
      vertex 65.364 47.2448 -7
    endloop
  endfacet
  facet normal 0 0 1
    outer loop
      vertex 65.6369 46.4411 -7
      vertex 65.2875 45.986 -7
      vertex 65.6141 46.354 -7
    endloop
  endfacet
  facet normal 0 0 1
    outer loop
      vertex 65.4912 46.1366 -7
      vertex 65.364 46.0285 -7
      vertex 65.432 46.0788 -7
    endloop
  endfacet
  facet normal 0 0 1
    outer loop
      vertex 65.5822 46.2742 -7
      vertex 65.364 46.0285 -7
      vertex 65.5413 46.2017 -7
    endloop
  endfacet
  facet normal 0 0 1
    outer loop
      vertex 65.5413 46.2017 -7
      vertex 65.364 46.0285 -7
      vertex 65.4912 46.1366 -7
    endloop
  endfacet
  facet normal 0 0 1
    outer loop
      vertex 65.6141 46.354 -7
      vertex 65.2875 45.986 -7
      vertex 65.5822 46.2742 -7
    endloop
  endfacet
  facet normal 0 -0 1
    outer loop
      vertex 65.364 46.0285 -7
      vertex 65.5822 46.2742 -7
      vertex 65.2875 45.986 -7
    endloop
  endfacet
  facet normal 0 0 1
    outer loop
      vertex 65.6505 46.5357 -7
      vertex 65.2024 45.9512 -7
      vertex 65.6369 46.4411 -7
    endloop
  endfacet
  facet normal 0 -0 1
    outer loop
      vertex 65.2875 45.986 -7
      vertex 65.6369 46.4411 -7
      vertex 65.2024 45.9512 -7
    endloop
  endfacet
  facet normal 0 0 1
    outer loop
      vertex 65.0067 47.37 -7
      vertex 65.1088 45.9241 -7
      vertex 65.1088 47.3504 -7
    endloop
  endfacet
  facet normal 0 0 1
    outer loop
      vertex 65.0067 47.37 -7
      vertex 65.0067 45.9048 -7
      vertex 65.1088 45.9241 -7
    endloop
  endfacet
  facet normal 0 0 1
    outer loop
      vertex 64.8961 47.3817 -7
      vertex 65.0067 45.9048 -7
      vertex 65.0067 47.37 -7
    endloop
  endfacet
  facet normal 0 0 1
    outer loop
      vertex 64.8961 47.3817 -7
      vertex 64.8961 45.8932 -7
      vertex 65.0067 45.9048 -7
    endloop
  endfacet
  facet normal 0 0 1
    outer loop
      vertex 64.7769 47.3857 -7
      vertex 64.8961 45.8932 -7
      vertex 64.8961 47.3817 -7
    endloop
  endfacet
  facet normal 0 0 1
    outer loop
      vertex 64.7769 47.3857 -7
      vertex 64.7769 45.8893 -7
      vertex 64.8961 45.8932 -7
    endloop
  endfacet
  facet normal -0 0 1
    outer loop
      vertex 63.7659 47.3857 -7
      vertex 64.7769 45.8893 -7
      vertex 64.7769 47.3857 -7
    endloop
  endfacet
  facet normal 0 0 1
    outer loop
      vertex 64.7769 45.8893 -7
      vertex 63.7659 47.3857 -7
      vertex 63.7659 45.8893 -7
    endloop
  endfacet
  facet normal 0 0 1
    outer loop
      vertex 65.2632 44.6017 -7
      vertex 65.9447 43.7237 -7
      vertex 65.9391 43.8505 -7
    endloop
  endfacet
  facet normal 0 0 1
    outer loop
      vertex 65.3819 44.5688 -7
      vertex 65.9391 43.8505 -7
      vertex 65.9222 43.9678 -7
    endloop
  endfacet
  facet normal 0 0 1
    outer loop
      vertex 65.2605 42.8319 -7
      vertex 65.9447 43.7237 -7
      vertex 65.2632 44.6017 -7
    endloop
  endfacet
  facet normal 0 0 1
    outer loop
      vertex 65.4891 44.5265 -7
      vertex 65.9222 43.9678 -7
      vertex 65.8941 44.0758 -7
    endloop
  endfacet
  facet normal 0 0 1
    outer loop
      vertex 65.9447 43.7237 -7
      vertex 65.2605 42.8319 -7
      vertex 65.939 43.5944 -7
    endloop
  endfacet
  facet normal 0 0 1
    outer loop
      vertex 65.4891 44.5265 -7
      vertex 65.8941 44.0758 -7
      vertex 65.8548 44.1744 -7
    endloop
  endfacet
  facet normal 0 0 1
    outer loop
      vertex 65.9391 43.8505 -7
      vertex 65.3819 44.5688 -7
      vertex 65.2632 44.6017 -7
    endloop
  endfacet
  facet normal 0 0 1
    outer loop
      vertex 65.4891 44.5265 -7
      vertex 65.8548 44.1744 -7
      vertex 65.8042 44.2636 -7
    endloop
  endfacet
  facet normal 0 -0 1
    outer loop
      vertex 65.3788 42.8651 -7
      vertex 65.939 43.5944 -7
      vertex 65.2605 42.8319 -7
    endloop
  endfacet
  facet normal 0 0 1
    outer loop
      vertex 65.4891 44.5265 -7
      vertex 65.8042 44.2636 -7
      vertex 65.7424 44.3434 -7
    endloop
  endfacet
  facet normal 0 0 1
    outer loop
      vertex 65.939 43.5944 -7
      vertex 65.3788 42.8651 -7
      vertex 65.922 43.4747 -7
    endloop
  endfacet
  facet normal 0 0 1
    outer loop
      vertex 65.4891 44.5265 -7
      vertex 65.7424 44.3434 -7
      vertex 65.6693 44.4138 -7
    endloop
  endfacet
  facet normal 0 0 1
    outer loop
      vertex 65.9222 43.9678 -7
      vertex 65.4891 44.5265 -7
      vertex 65.3819 44.5688 -7
    endloop
  endfacet
  facet normal 0 0 1
    outer loop
      vertex 65.4891 44.5265 -7
      vertex 65.6693 44.4138 -7
      vertex 65.5849 44.4749 -7
    endloop
  endfacet
  facet normal 0 0 1
    outer loop
      vertex 65.8937 43.3647 -7
      vertex 65.486 42.9078 -7
      vertex 65.854 43.2644 -7
    endloop
  endfacet
  facet normal 0 0 1
    outer loop
      vertex 65.7407 43.0929 -7
      vertex 65.486 42.9078 -7
      vertex 65.667 43.0216 -7
    endloop
  endfacet
  facet normal 0 0 1
    outer loop
      vertex 65.667 43.0216 -7
      vertex 65.486 42.9078 -7
      vertex 65.5821 42.9599 -7
    endloop
  endfacet
  facet normal 0 0 1
    outer loop
      vertex 65.803 43.1738 -7
      vertex 65.486 42.9078 -7
      vertex 65.7407 43.0929 -7
    endloop
  endfacet
  facet normal 0 0 1
    outer loop
      vertex 65.854 43.2644 -7
      vertex 65.486 42.9078 -7
      vertex 65.803 43.1738 -7
    endloop
  endfacet
  facet normal 0 0 1
    outer loop
      vertex 65.922 43.4747 -7
      vertex 65.486 42.9078 -7
      vertex 65.8937 43.3647 -7
    endloop
  endfacet
  facet normal 0 -0 1
    outer loop
      vertex 65.486 42.9078 -7
      vertex 65.922 43.4747 -7
      vertex 65.3788 42.8651 -7
    endloop
  endfacet
  facet normal 0 0 1
    outer loop
      vertex 65.1331 44.6251 -7
      vertex 65.2605 42.8319 -7
      vertex 65.2632 44.6017 -7
    endloop
  endfacet
  facet normal 0 0 1
    outer loop
      vertex 65.1331 44.6251 -7
      vertex 65.131 42.8082 -7
      vertex 65.2605 42.8319 -7
    endloop
  endfacet
  facet normal 0 0 1
    outer loop
      vertex 64.9916 44.6392 -7
      vertex 65.131 42.8082 -7
      vertex 65.1331 44.6251 -7
    endloop
  endfacet
  facet normal 0 0 1
    outer loop
      vertex 64.9916 44.6392 -7
      vertex 64.9904 42.7939 -7
      vertex 65.131 42.8082 -7
    endloop
  endfacet
  facet normal 0 0 1
    outer loop
      vertex 64.8386 44.6439 -7
      vertex 64.9904 42.7939 -7
      vertex 64.9916 44.6392 -7
    endloop
  endfacet
  facet normal 0 0 1
    outer loop
      vertex 64.8386 44.6439 -7
      vertex 64.8386 42.7892 -7
      vertex 64.9904 42.7939 -7
    endloop
  endfacet
  facet normal -0 0 1
    outer loop
      vertex 63.7659 44.6439 -7
      vertex 64.8386 42.7892 -7
      vertex 64.8386 44.6439 -7
    endloop
  endfacet
  facet normal 0 0 1
    outer loop
      vertex 64.8386 42.7892 -7
      vertex 63.7659 44.6439 -7
      vertex 63.7659 42.7892 -7
    endloop
  endfacet
  facet normal 0 0 1
    outer loop
      vertex 73.0152 44.1511 -7
      vertex 72.0468 46.9701 -7
      vertex 71.0737 44.1511 -7
    endloop
  endfacet
  facet normal 1 0 0
    outer loop
      vertex 2.2 82.7262 0
      vertex 2.2 74 -0.5
      vertex 2.2 82.7262 -0.5
    endloop
  endfacet
  facet normal 1 0 0
    outer loop
      vertex 2.2 74 -0.5
      vertex 2.2 67 -6.99
      vertex 2.2 74 -7
    endloop
  endfacet
  facet normal 1 0 0
    outer loop
      vertex 2.2 74 -0.5
      vertex 2.2 23 -6.99
      vertex 2.2 67 -6.99
    endloop
  endfacet
  facet normal 1 -0 0
    outer loop
      vertex 2.2 7.27384 0
      vertex 2.2 74 -0.5
      vertex 2.2 82.7262 0
    endloop
  endfacet
  facet normal 1 0 0
    outer loop
      vertex 2.2 7.27384 0
      vertex 2.2 23 -6.99
      vertex 2.2 74 -0.5
    endloop
  endfacet
  facet normal 1 0 0
    outer loop
      vertex 2.2 7.27384 -7
      vertex 2.2 23 -6.99
      vertex 2.2 7.27384 0
    endloop
  endfacet
  facet normal 1 0 0
    outer loop
      vertex 2.2 23 -6.99
      vertex 2.2 7.27384 -7
      vertex 2.2 23 -7
    endloop
  endfacet
  facet normal 1 0 0
    outer loop
      vertex 2.2 74 -7
      vertex 2.2 67 -6.99
      vertex 2.2 67 -7
    endloop
  endfacet
  facet normal 0 -1 0
    outer loop
      vertex 7.27384 87.8 0
      vertex 69 87.8 -0.5
      vertex 142.726 87.8 0
    endloop
  endfacet
  facet normal 0 -1 0
    outer loop
      vertex 7.27384 87.8 -7
      vertex 69 87.8 -0.5
      vertex 7.27384 87.8 0
    endloop
  endfacet
  facet normal 0 -1 -0
    outer loop
      vertex 69 87.8 -0.5
      vertex 7.27384 87.8 -7
      vertex 69 87.8 -7
    endloop
  endfacet
  facet normal 0 -1 0
    outer loop
      vertex 81 87.8 -0.5
      vertex 142.726 87.8 0
      vertex 69 87.8 -0.5
    endloop
  endfacet
  facet normal 0 -1 0
    outer loop
      vertex 81 87.8 -7
      vertex 142.726 87.8 0
      vertex 81 87.8 -0.5
    endloop
  endfacet
  facet normal 0 -1 -0
    outer loop
      vertex 142.726 87.8 0
      vertex 81 87.8 -7
      vertex 142.726 87.8 -7
    endloop
  endfacet
  facet normal 0 1 0
    outer loop
      vertex 142.726 2.2 0
      vertex 36 2.2 -0.5
      vertex 7.27384 2.2 0
    endloop
  endfacet
  facet normal 0 1 -0
    outer loop
      vertex 142.726 2.2 -7
      vertex 36 2.2 -0.5
      vertex 142.726 2.2 0
    endloop
  endfacet
  facet normal 0 1 0
    outer loop
      vertex 36 2.2 -0.5
      vertex 142.726 2.2 -7
      vertex 36 2.2 -7
    endloop
  endfacet
  facet normal 0 1 -0
    outer loop
      vertex 24 2.2 -0.5
      vertex 7.27384 2.2 0
      vertex 36 2.2 -0.5
    endloop
  endfacet
  facet normal 0 1 0
    outer loop
      vertex 7.27384 2.2 -7
      vertex 24 2.2 -0.5
      vertex 24 2.2 -7
    endloop
  endfacet
  facet normal 0 1 0
    outer loop
      vertex 24 2.2 -0.5
      vertex 7.27384 2.2 -7
      vertex 7.27384 2.2 0
    endloop
  endfacet
  facet normal -0.0654014 0.997859 0
    outer loop
      vertex 3.5 7.5 -7
      vertex 2.97789 7.46578 0
      vertex 3.5 7.5 0
    endloop
  endfacet
  facet normal -0.0654014 0.997859 0
    outer loop
      vertex 2.97789 7.46578 0
      vertex 3.5 7.5 -7
      vertex 2.97789 7.46578 -7
    endloop
  endfacet
  facet normal 0.980784 0.195094 0
    outer loop
      vertex 7.46578 4.0221 0
      vertex 7.3637 4.53528 -7
      vertex 7.3637 4.53528 0
    endloop
  endfacet
  facet normal 0.980784 0.195094 0
    outer loop
      vertex 7.3637 4.53528 -7
      vertex 7.46578 4.0221 0
      vertex 7.46578 4.0221 -7
    endloop
  endfacet
  facet normal 0.997859 0.0654027 0
    outer loop
      vertex 7.5 3.5 0
      vertex 7.46578 4.0221 -7
      vertex 7.46578 4.0221 0
    endloop
  endfacet
  facet normal 0.997859 0.0654027 0
    outer loop
      vertex 7.46578 4.0221 -7
      vertex 7.5 3.5 0
      vertex 7.5 3.5 -7
    endloop
  endfacet
  facet normal 0.946932 0.321435 0
    outer loop
      vertex 7.3637 4.53528 0
      vertex 7.19552 5.03073 -7
      vertex 7.19552 5.03073 0
    endloop
  endfacet
  facet normal 0.946932 0.321435 0
    outer loop
      vertex 7.19552 5.03073 -7
      vertex 7.3637 4.53528 0
      vertex 7.3637 4.53528 -7
    endloop
  endfacet
  facet normal 0.321435 0.946932 -0
    outer loop
      vertex 5.03073 7.19552 -7
      vertex 4.53528 7.3637 0
      vertex 5.03073 7.19552 0
    endloop
  endfacet
  facet normal 0.321435 0.946932 0
    outer loop
      vertex 4.53528 7.3637 0
      vertex 5.03073 7.19552 -7
      vertex 4.53528 7.3637 -7
    endloop
  endfacet
  facet normal 0.831471 0.555569 0
    outer loop
      vertex 6.9641 5.5 0
      vertex 6.67341 5.93505 -7
      vertex 6.67341 5.93505 0
    endloop
  endfacet
  facet normal 0.831471 0.555569 0
    outer loop
      vertex 6.67341 5.93505 -7
      vertex 6.9641 5.5 0
      vertex 6.9641 5.5 -7
    endloop
  endfacet
  facet normal 0.896871 0.442291 0
    outer loop
      vertex 7.19552 5.03073 0
      vertex 6.9641 5.5 -7
      vertex 6.9641 5.5 0
    endloop
  endfacet
  facet normal 0.896871 0.442291 0
    outer loop
      vertex 6.9641 5.5 -7
      vertex 7.19552 5.03073 0
      vertex 7.19552 5.03073 -7
    endloop
  endfacet
  facet normal 0.94693 -0.321438 0
    outer loop
      vertex 7.27384 2.2 0
      vertex 7.3637 2.46472 -7
      vertex 7.3637 2.46472 0
    endloop
  endfacet
  facet normal 0.94693 -0.321438 0
    outer loop
      vertex 7.3637 2.46472 -7
      vertex 7.27384 2.2 0
      vertex 7.27384 2.2 -7
    endloop
  endfacet
  facet normal 0.0654027 0.997859 -0
    outer loop
      vertex 4.0221 7.46578 -7
      vertex 3.5 7.5 0
      vertex 4.0221 7.46578 0
    endloop
  endfacet
  facet normal 0.0654027 0.997859 0
    outer loop
      vertex 3.5 7.5 0
      vertex 4.0221 7.46578 -7
      vertex 3.5 7.5 -7
    endloop
  endfacet
  facet normal -0.195098 0.980784 0
    outer loop
      vertex 2.97789 7.46578 -7
      vertex 2.46472 7.3637 0
      vertex 2.97789 7.46578 0
    endloop
  endfacet
  facet normal -0.195098 0.980784 0
    outer loop
      vertex 2.46472 7.3637 0
      vertex 2.97789 7.46578 -7
      vertex 2.46472 7.3637 -7
    endloop
  endfacet
  facet normal 0.555569 0.831471 -0
    outer loop
      vertex 5.93505 6.67341 -7
      vertex 5.5 6.9641 0
      vertex 5.93505 6.67341 0
    endloop
  endfacet
  facet normal 0.555569 0.831471 0
    outer loop
      vertex 5.5 6.9641 0
      vertex 5.93505 6.67341 -7
      vertex 5.5 6.9641 -7
    endloop
  endfacet
  facet normal 0.997859 -0.0654014 0
    outer loop
      vertex 7.46578 2.97789 0
      vertex 7.5 3.5 -7
      vertex 7.5 3.5 0
    endloop
  endfacet
  facet normal 0.997859 -0.0654014 0
    outer loop
      vertex 7.5 3.5 -7
      vertex 7.46578 2.97789 0
      vertex 7.46578 2.97789 -7
    endloop
  endfacet
  facet normal -0.321438 0.94693 0
    outer loop
      vertex 2.46472 7.3637 -7
      vertex 2.2 7.27384 0
      vertex 2.46472 7.3637 0
    endloop
  endfacet
  facet normal -0.321438 0.94693 0
    outer loop
      vertex 2.2 7.27384 0
      vertex 2.46472 7.3637 -7
      vertex 2.2 7.27384 -7
    endloop
  endfacet
  facet normal 0.65934 0.751845 -0
    outer loop
      vertex 6.32843 6.32843 -7
      vertex 5.93505 6.67341 0
      vertex 6.32843 6.32843 0
    endloop
  endfacet
  facet normal 0.65934 0.751845 0
    outer loop
      vertex 5.93505 6.67341 0
      vertex 6.32843 6.32843 -7
      vertex 5.93505 6.67341 -7
    endloop
  endfacet
  facet normal 0.980784 -0.195098 0
    outer loop
      vertex 7.3637 2.46472 0
      vertex 7.46578 2.97789 -7
      vertex 7.46578 2.97789 0
    endloop
  endfacet
  facet normal 0.980784 -0.195098 0
    outer loop
      vertex 7.46578 2.97789 -7
      vertex 7.3637 2.46472 0
      vertex 7.3637 2.46472 -7
    endloop
  endfacet
  facet normal 0.195094 0.980784 -0
    outer loop
      vertex 4.53528 7.3637 -7
      vertex 4.0221 7.46578 0
      vertex 4.53528 7.3637 0
    endloop
  endfacet
  facet normal 0.195094 0.980784 0
    outer loop
      vertex 4.0221 7.46578 0
      vertex 4.53528 7.3637 -7
      vertex 4.0221 7.46578 -7
    endloop
  endfacet
  facet normal 0.751845 0.65934 0
    outer loop
      vertex 6.67341 5.93505 0
      vertex 6.32843 6.32843 -7
      vertex 6.32843 6.32843 0
    endloop
  endfacet
  facet normal 0.751845 0.65934 0
    outer loop
      vertex 6.32843 6.32843 -7
      vertex 6.67341 5.93505 0
      vertex 6.67341 5.93505 -7
    endloop
  endfacet
  facet normal 0.442291 0.896871 -0
    outer loop
      vertex 5.5 6.9641 -7
      vertex 5.03073 7.19552 0
      vertex 5.5 6.9641 0
    endloop
  endfacet
  facet normal 0.442291 0.896871 0
    outer loop
      vertex 5.03073 7.19552 0
      vertex 5.5 6.9641 -7
      vertex 5.03073 7.19552 -7
    endloop
  endfacet
  facet normal 0.321134 0.947034 -0
    outer loop
      vertex 147.8 7.27384 -7
      vertex 147.535 7.3637 0
      vertex 147.8 7.27384 0
    endloop
  endfacet
  facet normal 0.321134 0.947034 0
    outer loop
      vertex 147.535 7.3637 0
      vertex 147.8 7.27384 -7
      vertex 147.535 7.3637 -7
    endloop
  endfacet
  facet normal -0.659701 0.751529 0
    outer loop
      vertex 144.065 6.67341 -7
      vertex 143.672 6.32843 0
      vertex 144.065 6.67341 0
    endloop
  endfacet
  facet normal -0.659701 0.751529 0
    outer loop
      vertex 143.672 6.32843 0
      vertex 144.065 6.67341 -7
      vertex 143.672 6.32843 -7
    endloop
  endfacet
  facet normal -0.946778 -0.321887 0
    outer loop
      vertex 142.726 2.2 -7
      vertex 142.636 2.46472 0
      vertex 142.636 2.46472 -7
    endloop
  endfacet
  facet normal -0.946778 -0.321887 0
    outer loop
      vertex 142.636 2.46472 0
      vertex 142.726 2.2 -7
      vertex 142.726 2.2 0
    endloop
  endfacet
  facet normal -0.442496 0.89677 0
    outer loop
      vertex 144.969 7.19552 -7
      vertex 144.5 6.9641 0
      vertex 144.969 7.19552 0
    endloop
  endfacet
  facet normal -0.442496 0.89677 0
    outer loop
      vertex 144.5 6.9641 0
      vertex 144.969 7.19552 -7
      vertex 144.5 6.9641 -7
    endloop
  endfacet
  facet normal -0.321115 0.94704 0
    outer loop
      vertex 145.465 7.3637 -7
      vertex 144.969 7.19552 0
      vertex 145.465 7.3637 0
    endloop
  endfacet
  facet normal -0.321115 0.94704 0
    outer loop
      vertex 144.969 7.19552 0
      vertex 145.465 7.3637 -7
      vertex 144.969 7.19552 -7
    endloop
  endfacet
  facet normal -0.19516 0.980771 0
    outer loop
      vertex 145.978 7.46578 -7
      vertex 145.465 7.3637 0
      vertex 145.978 7.46578 0
    endloop
  endfacet
  facet normal -0.19516 0.980771 0
    outer loop
      vertex 145.465 7.3637 0
      vertex 145.978 7.46578 -7
      vertex 145.465 7.3637 -7
    endloop
  endfacet
  facet normal -0.555613 0.831441 0
    outer loop
      vertex 144.5 6.9641 -7
      vertex 144.065 6.67341 0
      vertex 144.5 6.9641 0
    endloop
  endfacet
  facet normal -0.555613 0.831441 0
    outer loop
      vertex 144.065 6.67341 0
      vertex 144.5 6.9641 -7
      vertex 144.065 6.67341 -7
    endloop
  endfacet
  facet normal -0.896432 0.443182 0
    outer loop
      vertex 142.804 5.03073 -7
      vertex 143.036 5.5 0
      vertex 143.036 5.5 -7
    endloop
  endfacet
  facet normal -0.896432 0.443182 0
    outer loop
      vertex 143.036 5.5 0
      vertex 142.804 5.03073 -7
      vertex 142.804 5.03073 0
    endloop
  endfacet
  facet normal -0.997886 0.064984 0
    outer loop
      vertex 142.5 3.5 -7
      vertex 142.534 4.0221 0
      vertex 142.534 4.0221 -7
    endloop
  endfacet
  facet normal -0.997886 0.064984 0
    outer loop
      vertex 142.534 4.0221 0
      vertex 142.5 3.5 -7
      vertex 142.5 3.5 0
    endloop
  endfacet
  facet normal -0.947036 0.321126 0
    outer loop
      vertex 142.636 4.53528 -7
      vertex 142.804 5.03073 0
      vertex 142.804 5.03073 -7
    endloop
  endfacet
  facet normal -0.947036 0.321126 0
    outer loop
      vertex 142.804 5.03073 0
      vertex 142.636 4.53528 -7
      vertex 142.636 4.53528 0
    endloop
  endfacet
  facet normal 0.0654151 0.997858 -0
    outer loop
      vertex 147.022 7.46578 -7
      vertex 146.5 7.5 0
      vertex 147.022 7.46578 0
    endloop
  endfacet
  facet normal 0.0654151 0.997858 0
    outer loop
      vertex 146.5 7.5 0
      vertex 147.022 7.46578 -7
      vertex 146.5 7.5 -7
    endloop
  endfacet
  facet normal -0.751826 0.659362 0
    outer loop
      vertex 143.327 5.93505 -7
      vertex 143.672 6.32843 0
      vertex 143.672 6.32843 -7
    endloop
  endfacet
  facet normal -0.751826 0.659362 0
    outer loop
      vertex 143.672 6.32843 0
      vertex 143.327 5.93505 -7
      vertex 143.327 5.93505 0
    endloop
  endfacet
  facet normal -0.980814 0.194947 0
    outer loop
      vertex 142.534 4.0221 -7
      vertex 142.636 4.53528 0
      vertex 142.636 4.53528 -7
    endloop
  endfacet
  facet normal -0.980814 0.194947 0
    outer loop
      vertex 142.636 4.53528 0
      vertex 142.534 4.0221 -7
      vertex 142.534 4.0221 0
    endloop
  endfacet
  facet normal -0.0654151 0.997858 0
    outer loop
      vertex 146.5 7.5 -7
      vertex 145.978 7.46578 0
      vertex 146.5 7.5 0
    endloop
  endfacet
  facet normal -0.0654151 0.997858 0
    outer loop
      vertex 145.978 7.46578 0
      vertex 146.5 7.5 -7
      vertex 145.978 7.46578 -7
    endloop
  endfacet
  facet normal -0.980813 -0.194951 0
    outer loop
      vertex 142.636 2.46472 -7
      vertex 142.534 2.97789 0
      vertex 142.534 2.97789 -7
    endloop
  endfacet
  facet normal -0.980813 -0.194951 0
    outer loop
      vertex 142.534 2.97789 0
      vertex 142.636 2.46472 -7
      vertex 142.636 2.46472 0
    endloop
  endfacet
  facet normal 0.19516 0.980771 -0
    outer loop
      vertex 147.535 7.3637 -7
      vertex 147.022 7.46578 0
      vertex 147.535 7.3637 0
    endloop
  endfacet
  facet normal 0.19516 0.980771 0
    outer loop
      vertex 147.022 7.46578 0
      vertex 147.535 7.3637 -7
      vertex 147.022 7.46578 -7
    endloop
  endfacet
  facet normal -0.831197 0.555978 0
    outer loop
      vertex 143.036 5.5 -7
      vertex 143.327 5.93505 0
      vertex 143.327 5.93505 -7
    endloop
  endfacet
  facet normal -0.831197 0.555978 0
    outer loop
      vertex 143.327 5.93505 0
      vertex 143.036 5.5 -7
      vertex 143.036 5.5 0
    endloop
  endfacet
  facet normal -0.997886 -0.0649827 0
    outer loop
      vertex 142.534 2.97789 -7
      vertex 142.5 3.5 0
      vertex 142.5 3.5 -7
    endloop
  endfacet
  facet normal -0.997886 -0.0649827 0
    outer loop
      vertex 142.5 3.5 0
      vertex 142.534 2.97789 -7
      vertex 142.534 2.97789 0
    endloop
  endfacet
  facet normal 0.659362 -0.751826 0
    outer loop
      vertex 5.93505 83.3266 -7
      vertex 6.32843 83.6716 0
      vertex 5.93505 83.3266 0
    endloop
  endfacet
  facet normal 0.659362 -0.751826 0
    outer loop
      vertex 6.32843 83.6716 0
      vertex 5.93505 83.3266 -7
      vertex 6.32843 83.6716 -7
    endloop
  endfacet
  facet normal 0.980786 0.195087 0
    outer loop
      vertex 7.46578 87.0221 0
      vertex 7.3637 87.5353 -7
      vertex 7.3637 87.5353 0
    endloop
  endfacet
  facet normal 0.980786 0.195087 0
    outer loop
      vertex 7.3637 87.5353 -7
      vertex 7.46578 87.0221 0
      vertex 7.46578 87.0221 -7
    endloop
  endfacet
  facet normal 0.997859 0.0654027 0
    outer loop
      vertex 7.5 86.5 0
      vertex 7.46578 87.0221 -7
      vertex 7.46578 87.0221 0
    endloop
  endfacet
  facet normal 0.997859 0.0654027 0
    outer loop
      vertex 7.46578 87.0221 -7
      vertex 7.5 86.5 0
      vertex 7.5 86.5 -7
    endloop
  endfacet
  facet normal 0.946923 0.32146 0
    outer loop
      vertex 7.3637 87.5353 0
      vertex 7.27384 87.8 -7
      vertex 7.27384 87.8 0
    endloop
  endfacet
  facet normal 0.946923 0.32146 0
    outer loop
      vertex 7.27384 87.8 -7
      vertex 7.3637 87.5353 0
      vertex 7.3637 87.5353 -7
    endloop
  endfacet
  facet normal 0.831441 -0.555613 0
    outer loop
      vertex 6.67341 84.065 0
      vertex 6.9641 84.5 -7
      vertex 6.9641 84.5 0
    endloop
  endfacet
  facet normal 0.831441 -0.555613 0
    outer loop
      vertex 6.9641 84.5 -7
      vertex 6.67341 84.065 0
      vertex 6.67341 84.065 -7
    endloop
  endfacet
  facet normal 0.980786 -0.195087 0
    outer loop
      vertex 7.3637 85.4647 0
      vertex 7.46578 85.9779 -7
      vertex 7.46578 85.9779 0
    endloop
  endfacet
  facet normal 0.980786 -0.195087 0
    outer loop
      vertex 7.46578 85.9779 -7
      vertex 7.3637 85.4647 0
      vertex 7.3637 85.4647 -7
    endloop
  endfacet
  facet normal 0.946922 -0.321464 0
    outer loop
      vertex 7.19552 84.9693 0
      vertex 7.3637 85.4647 -7
      vertex 7.3637 85.4647 0
    endloop
  endfacet
  facet normal 0.946922 -0.321464 0
    outer loop
      vertex 7.3637 85.4647 -7
      vertex 7.19552 84.9693 0
      vertex 7.19552 84.9693 -7
    endloop
  endfacet
  facet normal 0.44226 -0.896887 0
    outer loop
      vertex 5.03073 82.8045 -0.5
      vertex 5.5 83.0359 0
      vertex 5.03073 82.8045 0
    endloop
  endfacet
  facet normal 0.44226 -0.896887 0
    outer loop
      vertex 5.5 83.0359 0
      vertex 5.03073 82.8045 -0.5
      vertex 5.5 83.0359 -0.5
    endloop
  endfacet
  facet normal -0.321567 -0.946887 0
    outer loop
      vertex 2.2 82.7262 -0.5
      vertex 2.46472 82.6363 0
      vertex 2.2 82.7262 0
    endloop
  endfacet
  facet normal -0.321567 -0.946887 -0
    outer loop
      vertex 2.46472 82.6363 0
      vertex 2.2 82.7262 -0.5
      vertex 2.46472 82.6363 -0.5
    endloop
  endfacet
  facet normal 0.555468 -0.831538 0
    outer loop
      vertex 5.7 83.1695 -0.5
      vertex 5.5 83.0359 0
      vertex 5.5 83.0359 -0.5
    endloop
  endfacet
  facet normal 0.555582 -0.831462 6.62035e-05
    outer loop
      vertex 5.5 83.0359 0
      vertex 5.7 83.1695 -0.5
      vertex 5.93505 83.3266 0
    endloop
  endfacet
  facet normal 0.555679 -0.831397 0
    outer loop
      vertex 5.93505 83.3266 -7
      vertex 5.7 83.1695 -0.5
      vertex 5.7 83.1695 -7
    endloop
  endfacet
  facet normal 0.555679 -0.831397 0
    outer loop
      vertex 5.7 83.1695 -0.5
      vertex 5.93505 83.3266 -7
      vertex 5.93505 83.3266 0
    endloop
  endfacet
  facet normal 0.195131 -0.980777 0
    outer loop
      vertex 4.0221 82.5342 -0.5
      vertex 4.53528 82.6363 0
      vertex 4.0221 82.5342 0
    endloop
  endfacet
  facet normal 0.195131 -0.980777 0
    outer loop
      vertex 4.53528 82.6363 0
      vertex 4.0221 82.5342 -0.5
      vertex 4.53528 82.6363 -0.5
    endloop
  endfacet
  facet normal 0.321469 -0.94692 0
    outer loop
      vertex 4.53528 82.6363 -0.5
      vertex 5.03073 82.8045 0
      vertex 4.53528 82.6363 0
    endloop
  endfacet
  facet normal 0.321469 -0.94692 0
    outer loop
      vertex 5.03073 82.8045 0
      vertex 4.53528 82.6363 -0.5
      vertex 5.03073 82.8045 -0.5
    endloop
  endfacet
  facet normal -0.0653634 -0.997862 0
    outer loop
      vertex 2.97789 82.5342 -0.5
      vertex 3.5 82.5 0
      vertex 2.97789 82.5342 0
    endloop
  endfacet
  facet normal -0.0653634 -0.997862 -0
    outer loop
      vertex 3.5 82.5 0
      vertex 2.97789 82.5342 -0.5
      vertex 3.5 82.5 -0.5
    endloop
  endfacet
  facet normal 0.896883 -0.442268 0
    outer loop
      vertex 6.9641 84.5 0
      vertex 7.19552 84.9693 -7
      vertex 7.19552 84.9693 0
    endloop
  endfacet
  facet normal 0.896883 -0.442268 0
    outer loop
      vertex 7.19552 84.9693 -7
      vertex 6.9641 84.5 0
      vertex 6.9641 84.5 -7
    endloop
  endfacet
  facet normal 0.997859 -0.0654027 0
    outer loop
      vertex 7.46578 85.9779 0
      vertex 7.5 86.5 -7
      vertex 7.5 86.5 0
    endloop
  endfacet
  facet normal 0.997859 -0.0654027 0
    outer loop
      vertex 7.5 86.5 -7
      vertex 7.46578 85.9779 0
      vertex 7.46578 85.9779 -7
    endloop
  endfacet
  facet normal 0.751861 -0.659321 0
    outer loop
      vertex 6.32843 83.6716 0
      vertex 6.67341 84.065 -7
      vertex 6.67341 84.065 0
    endloop
  endfacet
  facet normal 0.751861 -0.659321 0
    outer loop
      vertex 6.67341 84.065 -7
      vertex 6.32843 83.6716 0
      vertex 6.32843 83.6716 -7
    endloop
  endfacet
  facet normal 0.0653646 -0.997861 0
    outer loop
      vertex 3.5 82.5 -0.5
      vertex 4.0221 82.5342 0
      vertex 3.5 82.5 0
    endloop
  endfacet
  facet normal 0.0653646 -0.997861 0
    outer loop
      vertex 4.0221 82.5342 0
      vertex 3.5 82.5 -0.5
      vertex 4.0221 82.5342 -0.5
    endloop
  endfacet
  facet normal -0.195135 -0.980776 0
    outer loop
      vertex 2.46472 82.6363 -0.5
      vertex 2.97789 82.5342 0
      vertex 2.46472 82.6363 0
    endloop
  endfacet
  facet normal -0.195135 -0.980776 -0
    outer loop
      vertex 2.97789 82.5342 0
      vertex 2.46472 82.6363 -0.5
      vertex 2.97789 82.5342 -0.5
    endloop
  endfacet
  facet normal -0.555626 -0.831432 9.17443e-05
    outer loop
      vertex 144.065 83.3266 0
      vertex 144.3 83.1695 -0.5
      vertex 144.5 83.0359 0
    endloop
  endfacet
  facet normal -0.555761 -0.831342 0
    outer loop
      vertex 144.065 83.3266 -7
      vertex 144.3 83.1695 -0.5
      vertex 144.065 83.3266 0
    endloop
  endfacet
  facet normal -0.555761 -0.831342 -0
    outer loop
      vertex 144.3 83.1695 -0.5
      vertex 144.065 83.3266 -7
      vertex 144.3 83.1695 -7
    endloop
  endfacet
  facet normal -0.555468 -0.831538 -0
    outer loop
      vertex 144.5 83.0359 0
      vertex 144.3 83.1695 -0.5
      vertex 144.5 83.0359 -0.5
    endloop
  endfacet
  facet normal -0.997886 0.064984 0
    outer loop
      vertex 142.5 86.5 -7
      vertex 142.534 87.0221 0
      vertex 142.534 87.0221 -7
    endloop
  endfacet
  facet normal -0.997886 0.064984 0
    outer loop
      vertex 142.534 87.0221 0
      vertex 142.5 86.5 -7
      vertex 142.5 86.5 0
    endloop
  endfacet
  facet normal -0.947026 -0.321156 0
    outer loop
      vertex 142.804 84.9693 -7
      vertex 142.636 85.4647 0
      vertex 142.636 85.4647 -7
    endloop
  endfacet
  facet normal -0.947026 -0.321156 0
    outer loop
      vertex 142.636 85.4647 0
      vertex 142.804 84.9693 -7
      vertex 142.804 84.9693 0
    endloop
  endfacet
  facet normal -0.896443 -0.443159 0
    outer loop
      vertex 143.036 84.5 -7
      vertex 142.804 84.9693 0
      vertex 142.804 84.9693 -7
    endloop
  endfacet
  facet normal -0.896443 -0.443159 0
    outer loop
      vertex 142.804 84.9693 0
      vertex 143.036 84.5 -7
      vertex 143.036 84.5 0
    endloop
  endfacet
  facet normal -0.32115 -0.947028 0
    outer loop
      vertex 144.969 82.8045 -0.5
      vertex 145.465 82.6363 0
      vertex 144.969 82.8045 0
    endloop
  endfacet
  facet normal -0.32115 -0.947028 -0
    outer loop
      vertex 145.465 82.6363 0
      vertex 144.969 82.8045 -0.5
      vertex 145.465 82.6363 -0.5
    endloop
  endfacet
  facet normal 0.195197 -0.980764 0
    outer loop
      vertex 147.022 82.5342 -0.5
      vertex 147.535 82.6363 0
      vertex 147.022 82.5342 0
    endloop
  endfacet
  facet normal 0.195197 -0.980764 0
    outer loop
      vertex 147.535 82.6363 0
      vertex 147.022 82.5342 -0.5
      vertex 147.535 82.6363 -0.5
    endloop
  endfacet
  facet normal -0.751842 -0.659343 0
    outer loop
      vertex 143.672 83.6716 -7
      vertex 143.327 84.065 0
      vertex 143.327 84.065 -7
    endloop
  endfacet
  facet normal -0.751842 -0.659343 0
    outer loop
      vertex 143.327 84.065 0
      vertex 143.672 83.6716 -7
      vertex 143.672 83.6716 0
    endloop
  endfacet
  facet normal -0.0653771 -0.997861 0
    outer loop
      vertex 145.978 82.5342 -0.5
      vertex 146.5 82.5 0
      vertex 145.978 82.5342 0
    endloop
  endfacet
  facet normal -0.0653771 -0.997861 -0
    outer loop
      vertex 146.5 82.5 0
      vertex 145.978 82.5342 -0.5
      vertex 146.5 82.5 -0.5
    endloop
  endfacet
  facet normal 0.321262 -0.94699 0
    outer loop
      vertex 147.535 82.6363 -0.5
      vertex 147.8 82.7262 0
      vertex 147.535 82.6363 0
    endloop
  endfacet
  facet normal 0.321262 -0.94699 0
    outer loop
      vertex 147.8 82.7262 0
      vertex 147.535 82.6363 -0.5
      vertex 147.8 82.7262 -0.5
    endloop
  endfacet
  facet normal -0.831167 -0.556022 0
    outer loop
      vertex 143.327 84.065 -7
      vertex 143.036 84.5 0
      vertex 143.036 84.5 -7
    endloop
  endfacet
  facet normal -0.831167 -0.556022 0
    outer loop
      vertex 143.036 84.5 0
      vertex 143.327 84.065 -7
      vertex 143.327 84.065 0
    endloop
  endfacet
  facet normal -0.442465 -0.896786 0
    outer loop
      vertex 144.5 83.0359 -0.5
      vertex 144.969 82.8045 0
      vertex 144.5 83.0359 0
    endloop
  endfacet
  facet normal -0.442465 -0.896786 -0
    outer loop
      vertex 144.969 82.8045 0
      vertex 144.5 83.0359 -0.5
      vertex 144.969 82.8045 -0.5
    endloop
  endfacet
  facet normal -0.980815 0.19494 0
    outer loop
      vertex 142.534 87.0221 -7
      vertex 142.636 87.5353 0
      vertex 142.636 87.5353 -7
    endloop
  endfacet
  facet normal -0.980815 0.19494 0
    outer loop
      vertex 142.636 87.5353 0
      vertex 142.534 87.0221 -7
      vertex 142.534 87.0221 0
    endloop
  endfacet
  facet normal -0.195197 -0.980764 0
    outer loop
      vertex 145.465 82.6363 -0.5
      vertex 145.978 82.5342 0
      vertex 145.465 82.6363 0
    endloop
  endfacet
  facet normal -0.195197 -0.980764 -0
    outer loop
      vertex 145.978 82.5342 0
      vertex 145.465 82.6363 -0.5
      vertex 145.978 82.5342 -0.5
    endloop
  endfacet
  facet normal 0.0653771 -0.997861 0
    outer loop
      vertex 146.5 82.5 -0.5
      vertex 147.022 82.5342 0
      vertex 146.5 82.5 0
    endloop
  endfacet
  facet normal 0.0653771 -0.997861 0
    outer loop
      vertex 147.022 82.5342 0
      vertex 146.5 82.5 -0.5
      vertex 147.022 82.5342 -0.5
    endloop
  endfacet
  facet normal -0.997886 -0.064984 0
    outer loop
      vertex 142.534 85.9779 -7
      vertex 142.5 86.5 0
      vertex 142.5 86.5 -7
    endloop
  endfacet
  facet normal -0.997886 -0.064984 0
    outer loop
      vertex 142.5 86.5 0
      vertex 142.534 85.9779 -7
      vertex 142.534 85.9779 0
    endloop
  endfacet
  facet normal -0.980815 -0.19494 0
    outer loop
      vertex 142.636 85.4647 -7
      vertex 142.534 85.9779 0
      vertex 142.534 85.9779 -7
    endloop
  endfacet
  facet normal -0.980815 -0.19494 0
    outer loop
      vertex 142.534 85.9779 0
      vertex 142.636 85.4647 -7
      vertex 142.636 85.4647 0
    endloop
  endfacet
  facet normal -0.659722 -0.75151 0
    outer loop
      vertex 143.672 83.6716 -7
      vertex 144.065 83.3266 0
      vertex 143.672 83.6716 0
    endloop
  endfacet
  facet normal -0.659722 -0.75151 -0
    outer loop
      vertex 144.065 83.3266 0
      vertex 143.672 83.6716 -7
      vertex 144.065 83.3266 -7
    endloop
  endfacet
  facet normal -0.946771 0.321909 0
    outer loop
      vertex 142.636 87.5353 -7
      vertex 142.726 87.8 0
      vertex 142.726 87.8 -7
    endloop
  endfacet
  facet normal -0.946771 0.321909 0
    outer loop
      vertex 142.726 87.8 0
      vertex 142.636 87.5353 -7
      vertex 142.636 87.5353 0
    endloop
  endfacet
  facet normal 1 -0 0
    outer loop
      vertex 36 2.2 -0.5
      vertex 36 5.7 -7
      vertex 36 5.7 -0.5
    endloop
  endfacet
  facet normal 1 0 0
    outer loop
      vertex 36 5.7 -7
      vertex 36 2.2 -0.5
      vertex 36 2.2 -7
    endloop
  endfacet
  facet normal -0 0 1
    outer loop
      vertex 24 5.7 -0.5
      vertex 36 2.2 -0.5
      vertex 36 5.7 -0.5
    endloop
  endfacet
  facet normal 0 0 1
    outer loop
      vertex 36 2.2 -0.5
      vertex 24 5.7 -0.5
      vertex 24 2.2 -0.5
    endloop
  endfacet
  facet normal -1 0 0
    outer loop
      vertex 24 2.2 -7
      vertex 24 5.7 -0.5
      vertex 24 5.7 -7
    endloop
  endfacet
  facet normal -1 -0 0
    outer loop
      vertex 24 5.7 -0.5
      vertex 24 2.2 -7
      vertex 24 2.2 -0.5
    endloop
  endfacet
  facet normal 0 1 0
    outer loop
      vertex 36 5.7 -0.5
      vertex 30 5.7 -2.75
      vertex 24 5.7 -0.5
    endloop
  endfacet
  facet normal 0 1 0
    outer loop
      vertex 36 5.7 -0.5
      vertex 30.1632 5.7 -2.76069
      vertex 30 5.7 -2.75
    endloop
  endfacet
  facet normal 0 1 0
    outer loop
      vertex 36 5.7 -0.5
      vertex 30.3235 5.7 -2.79259
      vertex 30.1632 5.7 -2.76069
    endloop
  endfacet
  facet normal 0 1 0
    outer loop
      vertex 36 5.7 -0.5
      vertex 30.4784 5.7 -2.84515
      vertex 30.3235 5.7 -2.79259
    endloop
  endfacet
  facet normal 0 1 0
    outer loop
      vertex 36 5.7 -0.5
      vertex 30.625 5.7 -2.91747
      vertex 30.4784 5.7 -2.84515
    endloop
  endfacet
  facet normal 0 1 0
    outer loop
      vertex 36 5.7 -0.5
      vertex 30.761 5.7 -3.00831
      vertex 30.625 5.7 -2.91747
    endloop
  endfacet
  facet normal 0 1 0
    outer loop
      vertex 36 5.7 -0.5
      vertex 30.8839 5.7 -3.11612
      vertex 30.761 5.7 -3.00831
    endloop
  endfacet
  facet normal 0 1 0
    outer loop
      vertex 36 5.7 -0.5
      vertex 30.9917 5.7 -3.23905
      vertex 30.8839 5.7 -3.11612
    endloop
  endfacet
  facet normal 0 1 0
    outer loop
      vertex 36 5.7 -0.5
      vertex 31.0825 5.7 -3.375
      vertex 30.9917 5.7 -3.23905
    endloop
  endfacet
  facet normal 0 1 0
    outer loop
      vertex 36 5.7 -0.5
      vertex 31.1549 5.7 -3.52165
      vertex 31.0825 5.7 -3.375
    endloop
  endfacet
  facet normal 0 1 0
    outer loop
      vertex 36 5.7 -0.5
      vertex 31.2074 5.7 -3.67648
      vertex 31.1549 5.7 -3.52165
    endloop
  endfacet
  facet normal 0 1 0
    outer loop
      vertex 36 5.7 -0.5
      vertex 31.2393 5.7 -3.83684
      vertex 31.2074 5.7 -3.67648
    endloop
  endfacet
  facet normal 0 1 0
    outer loop
      vertex 36 5.7 -0.5
      vertex 31.25 5.7 -4
      vertex 31.2393 5.7 -3.83684
    endloop
  endfacet
  facet normal 0 1 -0
    outer loop
      vertex 36 5.7 -7
      vertex 31.25 5.7 -4
      vertex 36 5.7 -0.5
    endloop
  endfacet
  facet normal 0 1 0
    outer loop
      vertex 31.25 5.7 -4
      vertex 36 5.7 -7
      vertex 31.2393 5.7 -4.16316
    endloop
  endfacet
  facet normal 0 1 0
    outer loop
      vertex 31.2393 5.7 -4.16316
      vertex 36 5.7 -7
      vertex 31.2074 5.7 -4.32352
    endloop
  endfacet
  facet normal 0 1 0
    outer loop
      vertex 31.2074 5.7 -4.32352
      vertex 36 5.7 -7
      vertex 31.1549 5.7 -4.47835
    endloop
  endfacet
  facet normal 0 1 0
    outer loop
      vertex 31.1549 5.7 -4.47835
      vertex 36 5.7 -7
      vertex 31.0825 5.7 -4.625
    endloop
  endfacet
  facet normal 0 1 0
    outer loop
      vertex 31.0825 5.7 -4.625
      vertex 36 5.7 -7
      vertex 30.9917 5.7 -4.76095
    endloop
  endfacet
  facet normal 0 1 0
    outer loop
      vertex 30.9917 5.7 -4.76095
      vertex 36 5.7 -7
      vertex 30.8839 5.7 -4.88388
    endloop
  endfacet
  facet normal 0 1 0
    outer loop
      vertex 30.1632 5.7 -5.23931
      vertex 36 5.7 -7
      vertex 30 5.7 -5.25
    endloop
  endfacet
  facet normal 0 1 0
    outer loop
      vertex 30.3235 5.7 -5.20741
      vertex 36 5.7 -7
      vertex 30.1632 5.7 -5.23931
    endloop
  endfacet
  facet normal 0 1 0
    outer loop
      vertex 30.4784 5.7 -5.15485
      vertex 36 5.7 -7
      vertex 30.3235 5.7 -5.20741
    endloop
  endfacet
  facet normal 0 1 0
    outer loop
      vertex 30.625 5.7 -5.08253
      vertex 36 5.7 -7
      vertex 30.4784 5.7 -5.15485
    endloop
  endfacet
  facet normal 0 1 0
    outer loop
      vertex 30.761 5.7 -4.99169
      vertex 36 5.7 -7
      vertex 30.625 5.7 -5.08253
    endloop
  endfacet
  facet normal 0 1 0
    outer loop
      vertex 30.8839 5.7 -4.88388
      vertex 36 5.7 -7
      vertex 30.761 5.7 -4.99169
    endloop
  endfacet
  facet normal 0 1 -0
    outer loop
      vertex 29.8368 5.7 -2.76069
      vertex 24 5.7 -0.5
      vertex 30 5.7 -2.75
    endloop
  endfacet
  facet normal 0 1 -0
    outer loop
      vertex 29.6765 5.7 -2.79259
      vertex 24 5.7 -0.5
      vertex 29.8368 5.7 -2.76069
    endloop
  endfacet
  facet normal 0 1 -0
    outer loop
      vertex 29.5216 5.7 -2.84515
      vertex 24 5.7 -0.5
      vertex 29.6765 5.7 -2.79259
    endloop
  endfacet
  facet normal 0 1 -0
    outer loop
      vertex 29.375 5.7 -2.91747
      vertex 24 5.7 -0.5
      vertex 29.5216 5.7 -2.84515
    endloop
  endfacet
  facet normal 0 1 -0
    outer loop
      vertex 29.239 5.7 -3.00831
      vertex 24 5.7 -0.5
      vertex 29.375 5.7 -2.91747
    endloop
  endfacet
  facet normal 0 1 -0
    outer loop
      vertex 29.1161 5.7 -3.11612
      vertex 24 5.7 -0.5
      vertex 29.239 5.7 -3.00831
    endloop
  endfacet
  facet normal 0 1 -0
    outer loop
      vertex 29.0083 5.7 -3.23905
      vertex 24 5.7 -0.5
      vertex 29.1161 5.7 -3.11612
    endloop
  endfacet
  facet normal 0 1 -0
    outer loop
      vertex 28.9175 5.7 -3.375
      vertex 24 5.7 -0.5
      vertex 29.0083 5.7 -3.23905
    endloop
  endfacet
  facet normal 0 1 -0
    outer loop
      vertex 28.8451 5.7 -3.52165
      vertex 24 5.7 -0.5
      vertex 28.9175 5.7 -3.375
    endloop
  endfacet
  facet normal 0 1 -0
    outer loop
      vertex 28.7926 5.7 -3.67648
      vertex 24 5.7 -0.5
      vertex 28.8451 5.7 -3.52165
    endloop
  endfacet
  facet normal 0 1 -0
    outer loop
      vertex 28.7607 5.7 -3.83684
      vertex 24 5.7 -0.5
      vertex 28.7926 5.7 -3.67648
    endloop
  endfacet
  facet normal 0 1 -0
    outer loop
      vertex 28.75 5.7 -4
      vertex 24 5.7 -0.5
      vertex 28.7607 5.7 -3.83684
    endloop
  endfacet
  facet normal 0 1 0
    outer loop
      vertex 24 5.7 -7
      vertex 28.75 5.7 -4
      vertex 28.7607 5.7 -4.16316
    endloop
  endfacet
  facet normal 0 1 0
    outer loop
      vertex 24 5.7 -7
      vertex 28.7607 5.7 -4.16316
      vertex 28.7926 5.7 -4.32352
    endloop
  endfacet
  facet normal 0 1 0
    outer loop
      vertex 24 5.7 -7
      vertex 28.7926 5.7 -4.32352
      vertex 28.8451 5.7 -4.47835
    endloop
  endfacet
  facet normal 0 1 0
    outer loop
      vertex 24 5.7 -7
      vertex 28.8451 5.7 -4.47835
      vertex 28.9175 5.7 -4.625
    endloop
  endfacet
  facet normal 0 1 0
    outer loop
      vertex 24 5.7 -7
      vertex 28.9175 5.7 -4.625
      vertex 29.0083 5.7 -4.76095
    endloop
  endfacet
  facet normal 0 1 0
    outer loop
      vertex 24 5.7 -7
      vertex 29.0083 5.7 -4.76095
      vertex 29.1161 5.7 -4.88388
    endloop
  endfacet
  facet normal 0 1 0
    outer loop
      vertex 24 5.7 -7
      vertex 29.1161 5.7 -4.88388
      vertex 29.239 5.7 -4.99169
    endloop
  endfacet
  facet normal 0 1 0
    outer loop
      vertex 24 5.7 -7
      vertex 30 5.7 -5.25
      vertex 36 5.7 -7
    endloop
  endfacet
  facet normal 0 1 0
    outer loop
      vertex 30 5.7 -5.25
      vertex 24 5.7 -7
      vertex 29.8368 5.7 -5.23931
    endloop
  endfacet
  facet normal 0 1 0
    outer loop
      vertex 28.75 5.7 -4
      vertex 24 5.7 -7
      vertex 24 5.7 -0.5
    endloop
  endfacet
  facet normal 0 1 0
    outer loop
      vertex 29.375 5.7 -5.08253
      vertex 24 5.7 -7
      vertex 29.239 5.7 -4.99169
    endloop
  endfacet
  facet normal 0 1 0
    outer loop
      vertex 29.5216 5.7 -5.15485
      vertex 24 5.7 -7
      vertex 29.375 5.7 -5.08253
    endloop
  endfacet
  facet normal 0 1 0
    outer loop
      vertex 29.6765 5.7 -5.20741
      vertex 24 5.7 -7
      vertex 29.5216 5.7 -5.15485
    endloop
  endfacet
  facet normal 0 1 0
    outer loop
      vertex 29.8368 5.7 -5.23931
      vertex 24 5.7 -7
      vertex 29.6765 5.7 -5.20741
    endloop
  endfacet
  facet normal 1 -0 0
    outer loop
      vertex 81 84.3 -0.5
      vertex 81 87.8 -7
      vertex 81 87.8 -0.5
    endloop
  endfacet
  facet normal 1 0 0
    outer loop
      vertex 81 87.8 -7
      vertex 81 84.3 -0.5
      vertex 81 84.3 -7
    endloop
  endfacet
  facet normal -0 0 1
    outer loop
      vertex 69 87.8 -0.5
      vertex 81 84.3 -0.5
      vertex 81 87.8 -0.5
    endloop
  endfacet
  facet normal 0 0 1
    outer loop
      vertex 81 84.3 -0.5
      vertex 69 87.8 -0.5
      vertex 69 84.3 -0.5
    endloop
  endfacet
  facet normal -1 0 0
    outer loop
      vertex 69 84.3 -7
      vertex 69 87.8 -0.5
      vertex 69 87.8 -7
    endloop
  endfacet
  facet normal -1 -0 0
    outer loop
      vertex 69 87.8 -0.5
      vertex 69 84.3 -7
      vertex 69 84.3 -0.5
    endloop
  endfacet
  facet normal 0 -1 0
    outer loop
      vertex 69 84.3 -0.5
      vertex 75 84.3 -2.75
      vertex 81 84.3 -0.5
    endloop
  endfacet
  facet normal 0 -1 0
    outer loop
      vertex 69 84.3 -0.5
      vertex 74.8368 84.3 -2.76069
      vertex 75 84.3 -2.75
    endloop
  endfacet
  facet normal 0 -1 0
    outer loop
      vertex 69 84.3 -0.5
      vertex 74.6765 84.3 -2.79259
      vertex 74.8368 84.3 -2.76069
    endloop
  endfacet
  facet normal 0 -1 0
    outer loop
      vertex 69 84.3 -0.5
      vertex 74.5216 84.3 -2.84515
      vertex 74.6765 84.3 -2.79259
    endloop
  endfacet
  facet normal 0 -1 0
    outer loop
      vertex 69 84.3 -0.5
      vertex 74.375 84.3 -2.91747
      vertex 74.5216 84.3 -2.84515
    endloop
  endfacet
  facet normal 0 -1 0
    outer loop
      vertex 69 84.3 -0.5
      vertex 74.239 84.3 -3.00831
      vertex 74.375 84.3 -2.91747
    endloop
  endfacet
  facet normal 0 -1 0
    outer loop
      vertex 69 84.3 -0.5
      vertex 74.1161 84.3 -3.11612
      vertex 74.239 84.3 -3.00831
    endloop
  endfacet
  facet normal 0 -1 0
    outer loop
      vertex 69 84.3 -0.5
      vertex 74.0083 84.3 -3.23905
      vertex 74.1161 84.3 -3.11612
    endloop
  endfacet
  facet normal 0 -1 0
    outer loop
      vertex 69 84.3 -0.5
      vertex 73.9175 84.3 -3.375
      vertex 74.0083 84.3 -3.23905
    endloop
  endfacet
  facet normal 0 -1 0
    outer loop
      vertex 69 84.3 -0.5
      vertex 73.8452 84.3 -3.52165
      vertex 73.9175 84.3 -3.375
    endloop
  endfacet
  facet normal 0 -1 0
    outer loop
      vertex 69 84.3 -0.5
      vertex 73.7926 84.3 -3.67648
      vertex 73.8452 84.3 -3.52165
    endloop
  endfacet
  facet normal 0 -1 0
    outer loop
      vertex 69 84.3 -0.5
      vertex 73.7607 84.3 -3.83684
      vertex 73.7926 84.3 -3.67648
    endloop
  endfacet
  facet normal 0 -1 0
    outer loop
      vertex 69 84.3 -0.5
      vertex 73.75 84.3 -4
      vertex 73.7607 84.3 -3.83684
    endloop
  endfacet
  facet normal 0 -1 0
    outer loop
      vertex 69 84.3 -7
      vertex 73.75 84.3 -4
      vertex 69 84.3 -0.5
    endloop
  endfacet
  facet normal 0 -1 -0
    outer loop
      vertex 73.75 84.3 -4
      vertex 69 84.3 -7
      vertex 73.7607 84.3 -4.16316
    endloop
  endfacet
  facet normal 0 -1 -0
    outer loop
      vertex 73.7607 84.3 -4.16316
      vertex 69 84.3 -7
      vertex 73.7926 84.3 -4.32352
    endloop
  endfacet
  facet normal 0 -1 -0
    outer loop
      vertex 73.7926 84.3 -4.32352
      vertex 69 84.3 -7
      vertex 73.8452 84.3 -4.47835
    endloop
  endfacet
  facet normal 0 -1 -0
    outer loop
      vertex 73.8452 84.3 -4.47835
      vertex 69 84.3 -7
      vertex 73.9175 84.3 -4.625
    endloop
  endfacet
  facet normal 0 -1 -0
    outer loop
      vertex 73.9175 84.3 -4.625
      vertex 69 84.3 -7
      vertex 74.0083 84.3 -4.76095
    endloop
  endfacet
  facet normal 0 -1 -0
    outer loop
      vertex 74.0083 84.3 -4.76095
      vertex 69 84.3 -7
      vertex 74.1161 84.3 -4.88388
    endloop
  endfacet
  facet normal 0 -1 -0
    outer loop
      vertex 74.8368 84.3 -5.23931
      vertex 69 84.3 -7
      vertex 75 84.3 -5.25
    endloop
  endfacet
  facet normal 0 -1 -0
    outer loop
      vertex 74.6765 84.3 -5.20741
      vertex 69 84.3 -7
      vertex 74.8368 84.3 -5.23931
    endloop
  endfacet
  facet normal 0 -1 -0
    outer loop
      vertex 74.5216 84.3 -5.15485
      vertex 69 84.3 -7
      vertex 74.6765 84.3 -5.20741
    endloop
  endfacet
  facet normal 0 -1 -0
    outer loop
      vertex 74.375 84.3 -5.08253
      vertex 69 84.3 -7
      vertex 74.5216 84.3 -5.15485
    endloop
  endfacet
  facet normal 0 -1 -0
    outer loop
      vertex 74.239 84.3 -4.99169
      vertex 69 84.3 -7
      vertex 74.375 84.3 -5.08253
    endloop
  endfacet
  facet normal 0 -1 -0
    outer loop
      vertex 74.1161 84.3 -4.88388
      vertex 69 84.3 -7
      vertex 74.239 84.3 -4.99169
    endloop
  endfacet
  facet normal 0 -1 0
    outer loop
      vertex 75.1632 84.3 -2.76069
      vertex 81 84.3 -0.5
      vertex 75 84.3 -2.75
    endloop
  endfacet
  facet normal 0 -1 0
    outer loop
      vertex 75.3235 84.3 -2.79259
      vertex 81 84.3 -0.5
      vertex 75.1632 84.3 -2.76069
    endloop
  endfacet
  facet normal 0 -1 0
    outer loop
      vertex 75.4784 84.3 -2.84515
      vertex 81 84.3 -0.5
      vertex 75.3235 84.3 -2.79259
    endloop
  endfacet
  facet normal 0 -1 0
    outer loop
      vertex 75.625 84.3 -2.91747
      vertex 81 84.3 -0.5
      vertex 75.4784 84.3 -2.84515
    endloop
  endfacet
  facet normal 0 -1 0
    outer loop
      vertex 75.7609 84.3 -3.00831
      vertex 81 84.3 -0.5
      vertex 75.625 84.3 -2.91747
    endloop
  endfacet
  facet normal 0 -1 0
    outer loop
      vertex 75.8839 84.3 -3.11612
      vertex 81 84.3 -0.5
      vertex 75.7609 84.3 -3.00831
    endloop
  endfacet
  facet normal 0 -1 0
    outer loop
      vertex 75.9917 84.3 -3.23905
      vertex 81 84.3 -0.5
      vertex 75.8839 84.3 -3.11612
    endloop
  endfacet
  facet normal 0 -1 0
    outer loop
      vertex 76.0825 84.3 -3.375
      vertex 81 84.3 -0.5
      vertex 75.9917 84.3 -3.23905
    endloop
  endfacet
  facet normal 0 -1 0
    outer loop
      vertex 76.1548 84.3 -3.52165
      vertex 81 84.3 -0.5
      vertex 76.0825 84.3 -3.375
    endloop
  endfacet
  facet normal 0 -1 0
    outer loop
      vertex 76.2074 84.3 -3.67648
      vertex 81 84.3 -0.5
      vertex 76.1548 84.3 -3.52165
    endloop
  endfacet
  facet normal 0 -1 0
    outer loop
      vertex 76.2393 84.3 -3.83684
      vertex 81 84.3 -0.5
      vertex 76.2074 84.3 -3.67648
    endloop
  endfacet
  facet normal 0 -1 0
    outer loop
      vertex 76.25 84.3 -4
      vertex 81 84.3 -0.5
      vertex 76.2393 84.3 -3.83684
    endloop
  endfacet
  facet normal 0 -1 0
    outer loop
      vertex 81 84.3 -7
      vertex 76.25 84.3 -4
      vertex 76.2393 84.3 -4.16316
    endloop
  endfacet
  facet normal 0 -1 0
    outer loop
      vertex 81 84.3 -7
      vertex 76.2393 84.3 -4.16316
      vertex 76.2074 84.3 -4.32352
    endloop
  endfacet
  facet normal 0 -1 0
    outer loop
      vertex 81 84.3 -7
      vertex 76.2074 84.3 -4.32352
      vertex 76.1548 84.3 -4.47835
    endloop
  endfacet
  facet normal 0 -1 0
    outer loop
      vertex 81 84.3 -7
      vertex 76.1548 84.3 -4.47835
      vertex 76.0825 84.3 -4.625
    endloop
  endfacet
  facet normal 0 -1 0
    outer loop
      vertex 81 84.3 -7
      vertex 76.0825 84.3 -4.625
      vertex 75.9917 84.3 -4.76095
    endloop
  endfacet
  facet normal 0 -1 0
    outer loop
      vertex 81 84.3 -7
      vertex 75.9917 84.3 -4.76095
      vertex 75.8839 84.3 -4.88388
    endloop
  endfacet
  facet normal 0 -1 0
    outer loop
      vertex 81 84.3 -7
      vertex 75.8839 84.3 -4.88388
      vertex 75.7609 84.3 -4.99169
    endloop
  endfacet
  facet normal 0 -1 0
    outer loop
      vertex 81 84.3 -7
      vertex 75 84.3 -5.25
      vertex 69 84.3 -7
    endloop
  endfacet
  facet normal 0 -1 0
    outer loop
      vertex 75 84.3 -5.25
      vertex 81 84.3 -7
      vertex 75.1632 84.3 -5.23931
    endloop
  endfacet
  facet normal 0 -1 0
    outer loop
      vertex 76.25 84.3 -4
      vertex 81 84.3 -7
      vertex 81 84.3 -0.5
    endloop
  endfacet
  facet normal 0 -1 0
    outer loop
      vertex 75.625 84.3 -5.08253
      vertex 81 84.3 -7
      vertex 75.7609 84.3 -4.99169
    endloop
  endfacet
  facet normal 0 -1 0
    outer loop
      vertex 75.4784 84.3 -5.15485
      vertex 81 84.3 -7
      vertex 75.625 84.3 -5.08253
    endloop
  endfacet
  facet normal 0 -1 0
    outer loop
      vertex 75.3235 84.3 -5.20741
      vertex 81 84.3 -7
      vertex 75.4784 84.3 -5.15485
    endloop
  endfacet
  facet normal 0 -1 0
    outer loop
      vertex 75.1632 84.3 -5.23931
      vertex 81 84.3 -7
      vertex 75.3235 84.3 -5.20741
    endloop
  endfacet
  facet normal 1 0 0
    outer loop
      vertex 5.7 83.1695 -0.5
      vertex 5.7 81.25 -4
      vertex 5.7 83.1695 -7
    endloop
  endfacet
  facet normal 1 0 0
    outer loop
      vertex 5.7 83.1695 -0.5
      vertex 5.7 81.2393 -3.83684
      vertex 5.7 81.25 -4
    endloop
  endfacet
  facet normal 1 0 0
    outer loop
      vertex 5.7 83.1695 -0.5
      vertex 5.7 81.2074 -3.67648
      vertex 5.7 81.2393 -3.83684
    endloop
  endfacet
  facet normal 1 0 0
    outer loop
      vertex 5.7 83.1695 -0.5
      vertex 5.7 81.1548 -3.52165
      vertex 5.7 81.2074 -3.67648
    endloop
  endfacet
  facet normal 1 0 0
    outer loop
      vertex 5.7 83.1695 -0.5
      vertex 5.7 81.0825 -3.375
      vertex 5.7 81.1548 -3.52165
    endloop
  endfacet
  facet normal 1 0 0
    outer loop
      vertex 5.7 83.1695 -0.5
      vertex 5.7 80.9917 -3.23905
      vertex 5.7 81.0825 -3.375
    endloop
  endfacet
  facet normal 1 0 0
    outer loop
      vertex 5.7 83.1695 -0.5
      vertex 5.7 80.8839 -3.11612
      vertex 5.7 80.9917 -3.23905
    endloop
  endfacet
  facet normal 1 0 0
    outer loop
      vertex 5.7 83.1695 -0.5
      vertex 5.7 80.7609 -3.00831
      vertex 5.7 80.8839 -3.11612
    endloop
  endfacet
  facet normal 1 0 0
    outer loop
      vertex 5.7 83.1695 -0.5
      vertex 5.7 80.625 -2.91747
      vertex 5.7 80.7609 -3.00831
    endloop
  endfacet
  facet normal 1 0 0
    outer loop
      vertex 5.7 83.1695 -0.5
      vertex 5.7 80.4784 -2.84515
      vertex 5.7 80.625 -2.91747
    endloop
  endfacet
  facet normal 1 0 0
    outer loop
      vertex 5.7 83.1695 -0.5
      vertex 5.7 80.3235 -2.79259
      vertex 5.7 80.4784 -2.84515
    endloop
  endfacet
  facet normal 1 0 0
    outer loop
      vertex 5.7 83.1695 -0.5
      vertex 5.7 80.1632 -2.76069
      vertex 5.7 80.3235 -2.79259
    endloop
  endfacet
  facet normal 1 0 0
    outer loop
      vertex 5.7 83.1695 -0.5
      vertex 5.7 80 -2.75
      vertex 5.7 80.1632 -2.76069
    endloop
  endfacet
  facet normal 1 0 0
    outer loop
      vertex 5.7 83.1695 -0.5
      vertex 5.7 79.8368 -2.76069
      vertex 5.7 80 -2.75
    endloop
  endfacet
  facet normal 1 0 0
    outer loop
      vertex 5.7 83.1695 -0.5
      vertex 5.7 79.6765 -2.79259
      vertex 5.7 79.8368 -2.76069
    endloop
  endfacet
  facet normal 1 -0 0
    outer loop
      vertex 5.7 74 -0.5
      vertex 5.7 79.6765 -2.79259
      vertex 5.7 83.1695 -0.5
    endloop
  endfacet
  facet normal 1 0 0
    outer loop
      vertex 5.7 79.6765 -2.79259
      vertex 5.7 74 -0.5
      vertex 5.7 79.5216 -2.84515
    endloop
  endfacet
  facet normal 1 0 0
    outer loop
      vertex 5.7 78.7607 -3.83684
      vertex 5.7 74 -0.5
      vertex 5.7 78.75 -4
    endloop
  endfacet
  facet normal 1 0 0
    outer loop
      vertex 5.7 78.7926 -3.67648
      vertex 5.7 74 -0.5
      vertex 5.7 78.7607 -3.83684
    endloop
  endfacet
  facet normal 1 0 0
    outer loop
      vertex 5.7 78.8452 -3.52165
      vertex 5.7 74 -0.5
      vertex 5.7 78.7926 -3.67648
    endloop
  endfacet
  facet normal 1 0 0
    outer loop
      vertex 5.7 78.9175 -3.375
      vertex 5.7 74 -0.5
      vertex 5.7 78.8452 -3.52165
    endloop
  endfacet
  facet normal 1 0 0
    outer loop
      vertex 5.7 79.0083 -3.23905
      vertex 5.7 74 -0.5
      vertex 5.7 78.9175 -3.375
    endloop
  endfacet
  facet normal 1 0 0
    outer loop
      vertex 5.7 79.1161 -3.11612
      vertex 5.7 74 -0.5
      vertex 5.7 79.0083 -3.23905
    endloop
  endfacet
  facet normal 1 0 0
    outer loop
      vertex 5.7 79.239 -3.00831
      vertex 5.7 74 -0.5
      vertex 5.7 79.1161 -3.11612
    endloop
  endfacet
  facet normal 1 0 0
    outer loop
      vertex 5.7 79.375 -2.91747
      vertex 5.7 74 -0.5
      vertex 5.7 79.239 -3.00831
    endloop
  endfacet
  facet normal 1 0 0
    outer loop
      vertex 5.7 79.5216 -2.84515
      vertex 5.7 74 -0.5
      vertex 5.7 79.375 -2.91747
    endloop
  endfacet
  facet normal 1 -0 0
    outer loop
      vertex 5.7 81.2393 -4.16316
      vertex 5.7 83.1695 -7
      vertex 5.7 81.25 -4
    endloop
  endfacet
  facet normal 1 -0 0
    outer loop
      vertex 5.7 81.2074 -4.32352
      vertex 5.7 83.1695 -7
      vertex 5.7 81.2393 -4.16316
    endloop
  endfacet
  facet normal 1 -0 0
    outer loop
      vertex 5.7 81.1548 -4.47835
      vertex 5.7 83.1695 -7
      vertex 5.7 81.2074 -4.32352
    endloop
  endfacet
  facet normal 1 -0 0
    outer loop
      vertex 5.7 81.0825 -4.625
      vertex 5.7 83.1695 -7
      vertex 5.7 81.1548 -4.47835
    endloop
  endfacet
  facet normal 1 -0 0
    outer loop
      vertex 5.7 80.9917 -4.76095
      vertex 5.7 83.1695 -7
      vertex 5.7 81.0825 -4.625
    endloop
  endfacet
  facet normal 1 -0 0
    outer loop
      vertex 5.7 80.8839 -4.88388
      vertex 5.7 83.1695 -7
      vertex 5.7 80.9917 -4.76095
    endloop
  endfacet
  facet normal 1 -0 0
    outer loop
      vertex 5.7 80.7609 -4.99169
      vertex 5.7 83.1695 -7
      vertex 5.7 80.8839 -4.88388
    endloop
  endfacet
  facet normal 1 -0 0
    outer loop
      vertex 5.7 80.625 -5.08253
      vertex 5.7 83.1695 -7
      vertex 5.7 80.7609 -4.99169
    endloop
  endfacet
  facet normal 1 -0 0
    outer loop
      vertex 5.7 80.4784 -5.15485
      vertex 5.7 83.1695 -7
      vertex 5.7 80.625 -5.08253
    endloop
  endfacet
  facet normal 1 -0 0
    outer loop
      vertex 5.7 80.3235 -5.20741
      vertex 5.7 83.1695 -7
      vertex 5.7 80.4784 -5.15485
    endloop
  endfacet
  facet normal 1 -0 0
    outer loop
      vertex 5.7 80.1632 -5.23931
      vertex 5.7 83.1695 -7
      vertex 5.7 80.3235 -5.20741
    endloop
  endfacet
  facet normal 1 -0 0
    outer loop
      vertex 5.7 80 -5.25
      vertex 5.7 83.1695 -7
      vertex 5.7 80.1632 -5.23931
    endloop
  endfacet
  facet normal 1 0 0
    outer loop
      vertex 5.7 79.8368 -5.23931
      vertex 5.7 83.1695 -7
      vertex 5.7 80 -5.25
    endloop
  endfacet
  facet normal 1 0 0
    outer loop
      vertex 5.7 74 -7
      vertex 5.7 79.8368 -5.23931
      vertex 5.7 79.6765 -5.20741
    endloop
  endfacet
  facet normal 1 0 0
    outer loop
      vertex 5.7 74 -7
      vertex 5.7 79.6765 -5.20741
      vertex 5.7 79.5216 -5.15485
    endloop
  endfacet
  facet normal 1 0 0
    outer loop
      vertex 5.7 74 -7
      vertex 5.7 79.5216 -5.15485
      vertex 5.7 79.375 -5.08253
    endloop
  endfacet
  facet normal 1 0 0
    outer loop
      vertex 5.7 74 -7
      vertex 5.7 78.75 -4
      vertex 5.7 74 -0.5
    endloop
  endfacet
  facet normal 1 0 0
    outer loop
      vertex 5.7 78.75 -4
      vertex 5.7 74 -7
      vertex 5.7 78.7607 -4.16316
    endloop
  endfacet
  facet normal 1 0 0
    outer loop
      vertex 5.7 78.7607 -4.16316
      vertex 5.7 74 -7
      vertex 5.7 78.7926 -4.32352
    endloop
  endfacet
  facet normal 1 0 0
    outer loop
      vertex 5.7 78.7926 -4.32352
      vertex 5.7 74 -7
      vertex 5.7 78.8452 -4.47835
    endloop
  endfacet
  facet normal 1 0 0
    outer loop
      vertex 5.7 78.8452 -4.47835
      vertex 5.7 74 -7
      vertex 5.7 78.9175 -4.625
    endloop
  endfacet
  facet normal 1 0 0
    outer loop
      vertex 5.7 78.9175 -4.625
      vertex 5.7 74 -7
      vertex 5.7 79.0083 -4.76095
    endloop
  endfacet
  facet normal 1 0 0
    outer loop
      vertex 5.7 79.0083 -4.76095
      vertex 5.7 74 -7
      vertex 5.7 79.1161 -4.88388
    endloop
  endfacet
  facet normal 1 0 0
    outer loop
      vertex 5.7 79.8368 -5.23931
      vertex 5.7 74 -7
      vertex 5.7 83.1695 -7
    endloop
  endfacet
  facet normal 1 0 0
    outer loop
      vertex 5.7 79.239 -4.99169
      vertex 5.7 74 -7
      vertex 5.7 79.375 -5.08253
    endloop
  endfacet
  facet normal 1 0 0
    outer loop
      vertex 5.7 79.1161 -4.88388
      vertex 5.7 74 -7
      vertex 5.7 79.239 -4.99169
    endloop
  endfacet
  facet normal -0 0 1
    outer loop
      vertex 5.5 83.0359 -0.5
      vertex 5.7 74 -0.5
      vertex 5.7 83.1695 -0.5
    endloop
  endfacet
  facet normal -0 0 1
    outer loop
      vertex 5.03073 82.8045 -0.5
      vertex 5.7 74 -0.5
      vertex 5.5 83.0359 -0.5
    endloop
  endfacet
  facet normal -0 0 1
    outer loop
      vertex 4.53528 82.6363 -0.5
      vertex 5.7 74 -0.5
      vertex 5.03073 82.8045 -0.5
    endloop
  endfacet
  facet normal -0 0 1
    outer loop
      vertex 4.0221 82.5342 -0.5
      vertex 5.7 74 -0.5
      vertex 4.53528 82.6363 -0.5
    endloop
  endfacet
  facet normal -0 0 1
    outer loop
      vertex 3.5 82.5 -0.5
      vertex 5.7 74 -0.5
      vertex 4.0221 82.5342 -0.5
    endloop
  endfacet
  facet normal 0 0 1
    outer loop
      vertex 2.2 74 -0.5
      vertex 3.5 82.5 -0.5
      vertex 2.97789 82.5342 -0.5
    endloop
  endfacet
  facet normal 0 0 1
    outer loop
      vertex 2.2 74 -0.5
      vertex 2.97789 82.5342 -0.5
      vertex 2.46472 82.6363 -0.5
    endloop
  endfacet
  facet normal 0 0 1
    outer loop
      vertex 2.2 74 -0.5
      vertex 2.46472 82.6363 -0.5
      vertex 2.2 82.7262 -0.5
    endloop
  endfacet
  facet normal 0 0 1
    outer loop
      vertex 3.5 82.5 -0.5
      vertex 2.2 74 -0.5
      vertex 5.7 74 -0.5
    endloop
  endfacet
  facet normal 0 -1 0
    outer loop
      vertex 2.2 74 -7
      vertex 5.7 74 -0.5
      vertex 2.2 74 -0.5
    endloop
  endfacet
  facet normal 0 -1 -0
    outer loop
      vertex 5.7 74 -0.5
      vertex 2.2 74 -7
      vertex 5.7 74 -7
    endloop
  endfacet
  facet normal -0 0 1
    outer loop
      vertex 147.535 82.6363 -0.5
      vertex 147.8 74 -0.5
      vertex 147.8 82.7262 -0.5
    endloop
  endfacet
  facet normal -0 0 1
    outer loop
      vertex 147.022 82.5342 -0.5
      vertex 147.8 74 -0.5
      vertex 147.535 82.6363 -0.5
    endloop
  endfacet
  facet normal -0 0 1
    outer loop
      vertex 146.5 82.5 -0.5
      vertex 147.8 74 -0.5
      vertex 147.022 82.5342 -0.5
    endloop
  endfacet
  facet normal 0 0 1
    outer loop
      vertex 144.3 74 -0.5
      vertex 146.5 82.5 -0.5
      vertex 145.978 82.5342 -0.5
    endloop
  endfacet
  facet normal 0 0 1
    outer loop
      vertex 144.3 74 -0.5
      vertex 145.978 82.5342 -0.5
      vertex 145.465 82.6363 -0.5
    endloop
  endfacet
  facet normal 0 0 1
    outer loop
      vertex 144.3 74 -0.5
      vertex 145.465 82.6363 -0.5
      vertex 144.969 82.8045 -0.5
    endloop
  endfacet
  facet normal 0 0 1
    outer loop
      vertex 144.3 74 -0.5
      vertex 144.969 82.8045 -0.5
      vertex 144.5 83.0359 -0.5
    endloop
  endfacet
  facet normal 0 0 1
    outer loop
      vertex 144.3 74 -0.5
      vertex 144.5 83.0359 -0.5
      vertex 144.3 83.1695 -0.5
    endloop
  endfacet
  facet normal 0 0 1
    outer loop
      vertex 146.5 82.5 -0.5
      vertex 144.3 74 -0.5
      vertex 147.8 74 -0.5
    endloop
  endfacet
  facet normal -1 0 0
    outer loop
      vertex 144.3 83.1695 -7
      vertex 144.3 81.25 -4
      vertex 144.3 83.1695 -0.5
    endloop
  endfacet
  facet normal -1 0 0
    outer loop
      vertex 144.3 83.1695 -7
      vertex 144.3 81.2393 -4.16316
      vertex 144.3 81.25 -4
    endloop
  endfacet
  facet normal -1 0 0
    outer loop
      vertex 144.3 83.1695 -7
      vertex 144.3 81.2074 -4.32352
      vertex 144.3 81.2393 -4.16316
    endloop
  endfacet
  facet normal -1 0 0
    outer loop
      vertex 144.3 83.1695 -7
      vertex 144.3 81.1548 -4.47835
      vertex 144.3 81.2074 -4.32352
    endloop
  endfacet
  facet normal -1 0 0
    outer loop
      vertex 144.3 83.1695 -7
      vertex 144.3 81.0825 -4.625
      vertex 144.3 81.1548 -4.47835
    endloop
  endfacet
  facet normal -1 0 0
    outer loop
      vertex 144.3 83.1695 -7
      vertex 144.3 80.9917 -4.76095
      vertex 144.3 81.0825 -4.625
    endloop
  endfacet
  facet normal -1 0 0
    outer loop
      vertex 144.3 83.1695 -7
      vertex 144.3 80.8839 -4.88388
      vertex 144.3 80.9917 -4.76095
    endloop
  endfacet
  facet normal -1 0 0
    outer loop
      vertex 144.3 83.1695 -7
      vertex 144.3 80.7609 -4.99169
      vertex 144.3 80.8839 -4.88388
    endloop
  endfacet
  facet normal -1 0 0
    outer loop
      vertex 144.3 83.1695 -7
      vertex 144.3 80.625 -5.08253
      vertex 144.3 80.7609 -4.99169
    endloop
  endfacet
  facet normal -1 0 0
    outer loop
      vertex 144.3 83.1695 -7
      vertex 144.3 80.4784 -5.15485
      vertex 144.3 80.625 -5.08253
    endloop
  endfacet
  facet normal -1 0 0
    outer loop
      vertex 144.3 83.1695 -7
      vertex 144.3 80.3235 -5.20741
      vertex 144.3 80.4784 -5.15485
    endloop
  endfacet
  facet normal -1 0 0
    outer loop
      vertex 144.3 83.1695 -7
      vertex 144.3 80.1632 -5.23931
      vertex 144.3 80.3235 -5.20741
    endloop
  endfacet
  facet normal -1 0 0
    outer loop
      vertex 144.3 83.1695 -7
      vertex 144.3 80 -5.25
      vertex 144.3 80.1632 -5.23931
    endloop
  endfacet
  facet normal -1 0 0
    outer loop
      vertex 144.3 83.1695 -7
      vertex 144.3 79.8368 -5.23931
      vertex 144.3 80 -5.25
    endloop
  endfacet
  facet normal -1 0 0
    outer loop
      vertex 144.3 74 -7
      vertex 144.3 79.8368 -5.23931
      vertex 144.3 83.1695 -7
    endloop
  endfacet
  facet normal -1 -0 0
    outer loop
      vertex 144.3 79.8368 -5.23931
      vertex 144.3 74 -7
      vertex 144.3 79.6765 -5.20741
    endloop
  endfacet
  facet normal -1 -0 0
    outer loop
      vertex 144.3 79.6765 -5.20741
      vertex 144.3 74 -7
      vertex 144.3 79.5216 -5.15485
    endloop
  endfacet
  facet normal -1 -0 0
    outer loop
      vertex 144.3 78.7607 -4.16316
      vertex 144.3 74 -7
      vertex 144.3 78.75 -4
    endloop
  endfacet
  facet normal -1 -0 0
    outer loop
      vertex 144.3 78.7926 -4.32352
      vertex 144.3 74 -7
      vertex 144.3 78.7607 -4.16316
    endloop
  endfacet
  facet normal -1 -0 0
    outer loop
      vertex 144.3 78.8452 -4.47835
      vertex 144.3 74 -7
      vertex 144.3 78.7926 -4.32352
    endloop
  endfacet
  facet normal -1 -0 0
    outer loop
      vertex 144.3 78.9175 -4.625
      vertex 144.3 74 -7
      vertex 144.3 78.8452 -4.47835
    endloop
  endfacet
  facet normal -1 -0 0
    outer loop
      vertex 144.3 79.0083 -4.76095
      vertex 144.3 74 -7
      vertex 144.3 78.9175 -4.625
    endloop
  endfacet
  facet normal -1 -0 0
    outer loop
      vertex 144.3 79.1161 -4.88388
      vertex 144.3 74 -7
      vertex 144.3 79.0083 -4.76095
    endloop
  endfacet
  facet normal -1 -0 0
    outer loop
      vertex 144.3 79.239 -4.99169
      vertex 144.3 74 -7
      vertex 144.3 79.1161 -4.88388
    endloop
  endfacet
  facet normal -1 -0 0
    outer loop
      vertex 144.3 79.375 -5.08253
      vertex 144.3 74 -7
      vertex 144.3 79.239 -4.99169
    endloop
  endfacet
  facet normal -1 -0 0
    outer loop
      vertex 144.3 79.5216 -5.15485
      vertex 144.3 74 -7
      vertex 144.3 79.375 -5.08253
    endloop
  endfacet
  facet normal -1 0 0
    outer loop
      vertex 144.3 81.2393 -3.83684
      vertex 144.3 83.1695 -0.5
      vertex 144.3 81.25 -4
    endloop
  endfacet
  facet normal -1 0 0
    outer loop
      vertex 144.3 81.2074 -3.67648
      vertex 144.3 83.1695 -0.5
      vertex 144.3 81.2393 -3.83684
    endloop
  endfacet
  facet normal -1 0 0
    outer loop
      vertex 144.3 81.1548 -3.52165
      vertex 144.3 83.1695 -0.5
      vertex 144.3 81.2074 -3.67648
    endloop
  endfacet
  facet normal -1 0 0
    outer loop
      vertex 144.3 81.0825 -3.375
      vertex 144.3 83.1695 -0.5
      vertex 144.3 81.1548 -3.52165
    endloop
  endfacet
  facet normal -1 0 0
    outer loop
      vertex 144.3 80.9917 -3.23905
      vertex 144.3 83.1695 -0.5
      vertex 144.3 81.0825 -3.375
    endloop
  endfacet
  facet normal -1 0 0
    outer loop
      vertex 144.3 80.8839 -3.11612
      vertex 144.3 83.1695 -0.5
      vertex 144.3 80.9917 -3.23905
    endloop
  endfacet
  facet normal -1 0 0
    outer loop
      vertex 144.3 80.7609 -3.00831
      vertex 144.3 83.1695 -0.5
      vertex 144.3 80.8839 -3.11612
    endloop
  endfacet
  facet normal -1 0 0
    outer loop
      vertex 144.3 80.625 -2.91747
      vertex 144.3 83.1695 -0.5
      vertex 144.3 80.7609 -3.00831
    endloop
  endfacet
  facet normal -1 0 0
    outer loop
      vertex 144.3 80.4784 -2.84515
      vertex 144.3 83.1695 -0.5
      vertex 144.3 80.625 -2.91747
    endloop
  endfacet
  facet normal -1 0 0
    outer loop
      vertex 144.3 80.3235 -2.79259
      vertex 144.3 83.1695 -0.5
      vertex 144.3 80.4784 -2.84515
    endloop
  endfacet
  facet normal -1 0 0
    outer loop
      vertex 144.3 80.1632 -2.76069
      vertex 144.3 83.1695 -0.5
      vertex 144.3 80.3235 -2.79259
    endloop
  endfacet
  facet normal -1 0 0
    outer loop
      vertex 144.3 80 -2.75
      vertex 144.3 83.1695 -0.5
      vertex 144.3 80.1632 -2.76069
    endloop
  endfacet
  facet normal -1 0 0
    outer loop
      vertex 144.3 79.8368 -2.76069
      vertex 144.3 83.1695 -0.5
      vertex 144.3 80 -2.75
    endloop
  endfacet
  facet normal -1 0 0
    outer loop
      vertex 144.3 79.6765 -2.79259
      vertex 144.3 83.1695 -0.5
      vertex 144.3 79.8368 -2.76069
    endloop
  endfacet
  facet normal -1 0 0
    outer loop
      vertex 144.3 74 -0.5
      vertex 144.3 79.6765 -2.79259
      vertex 144.3 79.5216 -2.84515
    endloop
  endfacet
  facet normal -1 0 0
    outer loop
      vertex 144.3 74 -0.5
      vertex 144.3 79.5216 -2.84515
      vertex 144.3 79.375 -2.91747
    endloop
  endfacet
  facet normal -1 0 0
    outer loop
      vertex 144.3 74 -0.5
      vertex 144.3 78.75 -4
      vertex 144.3 74 -7
    endloop
  endfacet
  facet normal -1 0 0
    outer loop
      vertex 144.3 78.75 -4
      vertex 144.3 74 -0.5
      vertex 144.3 78.7607 -3.83684
    endloop
  endfacet
  facet normal -1 0 0
    outer loop
      vertex 144.3 78.7607 -3.83684
      vertex 144.3 74 -0.5
      vertex 144.3 78.7926 -3.67648
    endloop
  endfacet
  facet normal -1 0 0
    outer loop
      vertex 144.3 78.7926 -3.67648
      vertex 144.3 74 -0.5
      vertex 144.3 78.8452 -3.52165
    endloop
  endfacet
  facet normal -1 0 0
    outer loop
      vertex 144.3 78.8452 -3.52165
      vertex 144.3 74 -0.5
      vertex 144.3 78.9175 -3.375
    endloop
  endfacet
  facet normal -1 0 0
    outer loop
      vertex 144.3 78.9175 -3.375
      vertex 144.3 74 -0.5
      vertex 144.3 79.0083 -3.23905
    endloop
  endfacet
  facet normal -1 0 0
    outer loop
      vertex 144.3 79.0083 -3.23905
      vertex 144.3 74 -0.5
      vertex 144.3 79.1161 -3.11612
    endloop
  endfacet
  facet normal -1 0 0
    outer loop
      vertex 144.3 79.6765 -2.79259
      vertex 144.3 74 -0.5
      vertex 144.3 83.1695 -0.5
    endloop
  endfacet
  facet normal -1 0 0
    outer loop
      vertex 144.3 79.239 -3.00831
      vertex 144.3 74 -0.5
      vertex 144.3 79.375 -2.91747
    endloop
  endfacet
  facet normal -1 0 0
    outer loop
      vertex 144.3 79.1161 -3.11612
      vertex 144.3 74 -0.5
      vertex 144.3 79.239 -3.00831
    endloop
  endfacet
  facet normal 0 -1 0
    outer loop
      vertex 144.3 74 -7
      vertex 147.8 74 -0.5
      vertex 144.3 74 -0.5
    endloop
  endfacet
  facet normal 0 -1 -0
    outer loop
      vertex 147.8 74 -0.5
      vertex 144.3 74 -7
      vertex 147.8 74 -7
    endloop
  endfacet
  facet normal 0.980779 0.195124 0
    outer loop
      vertex 59.9658 33.5221 -3
      vertex 59.8637 34.0353 -7
      vertex 59.8637 34.0353 -3
    endloop
  endfacet
  facet normal 0.980779 0.195124 0
    outer loop
      vertex 59.8637 34.0353 -7
      vertex 59.9658 33.5221 -3
      vertex 59.9658 33.5221 -7
    endloop
  endfacet
  facet normal 0.997861 0.0653646 0
    outer loop
      vertex 60 33 -3
      vertex 59.9658 33.5221 -7
      vertex 59.9658 33.5221 -3
    endloop
  endfacet
  facet normal 0.997861 0.0653646 0
    outer loop
      vertex 59.9658 33.5221 -7
      vertex 60 33 -3
      vertex 60 33 -7
    endloop
  endfacet
  facet normal 0.94691 0.321498 0
    outer loop
      vertex 59.8637 34.0353 -3
      vertex 59.6955 34.5307 -7
      vertex 59.6955 34.5307 -3
    endloop
  endfacet
  facet normal 0.94691 0.321498 0
    outer loop
      vertex 59.6955 34.5307 -7
      vertex 59.8637 34.0353 -3
      vertex 59.8637 34.0353 -7
    endloop
  endfacet
  facet normal -0.555626 -0.831432 0
    outer loop
      vertex 53.565 29.8266 -7
      vertex 54 29.5359 -3
      vertex 53.565 29.8266 -3
    endloop
  endfacet
  facet normal -0.555626 -0.831432 -0
    outer loop
      vertex 54 29.5359 -3
      vertex 53.565 29.8266 -7
      vertex 54 29.5359 -7
    endloop
  endfacet
  facet normal -0.896898 0.442238 0
    outer loop
      vertex 52.3045 34.5307 -7
      vertex 52.5359 35 -3
      vertex 52.5359 35 -7
    endloop
  endfacet
  facet normal -0.896898 0.442238 0
    outer loop
      vertex 52.5359 35 -3
      vertex 52.3045 34.5307 -7
      vertex 52.3045 34.5307 -3
    endloop
  endfacet
  facet normal 0.980779 -0.195124 0
    outer loop
      vertex 59.8637 31.9647 -3
      vertex 59.9658 32.4779 -7
      vertex 59.9658 32.4779 -3
    endloop
  endfacet
  facet normal 0.980779 -0.195124 0
    outer loop
      vertex 59.9658 32.4779 -7
      vertex 59.8637 31.9647 -3
      vertex 59.8637 31.9647 -7
    endloop
  endfacet
  facet normal -0.555626 0.831432 0
    outer loop
      vertex 54 36.4641 -7
      vertex 53.565 36.1734 -3
      vertex 54 36.4641 -3
    endloop
  endfacet
  facet normal -0.555626 0.831432 0
    outer loop
      vertex 53.565 36.1734 -3
      vertex 54 36.4641 -7
      vertex 53.565 36.1734 -7
    endloop
  endfacet
  facet normal -0.997861 0.0653646 0
    outer loop
      vertex 52 33 -7
      vertex 52.0342 33.5221 -3
      vertex 52.0342 33.5221 -7
    endloop
  endfacet
  facet normal -0.997861 0.0653646 0
    outer loop
      vertex 52.0342 33.5221 -3
      vertex 52 33 -7
      vertex 52 33 -3
    endloop
  endfacet
  facet normal 0.321498 0.94691 -0
    outer loop
      vertex 57.5307 36.6955 -7
      vertex 57.0353 36.8637 -3
      vertex 57.5307 36.6955 -3
    endloop
  endfacet
  facet normal 0.321498 0.94691 0
    outer loop
      vertex 57.0353 36.8637 -3
      vertex 57.5307 36.6955 -7
      vertex 57.0353 36.8637 -7
    endloop
  endfacet
  facet normal 0.94691 -0.321498 0
    outer loop
      vertex 59.6955 31.4693 -3
      vertex 59.8637 31.9647 -7
      vertex 59.8637 31.9647 -3
    endloop
  endfacet
  facet normal 0.94691 -0.321498 0
    outer loop
      vertex 59.8637 31.9647 -7
      vertex 59.6955 31.4693 -3
      vertex 59.6955 31.4693 -7
    endloop
  endfacet
  facet normal 0.442238 -0.896898 0
    outer loop
      vertex 57.5307 29.3045 -7
      vertex 58 29.5359 -3
      vertex 57.5307 29.3045 -3
    endloop
  endfacet
  facet normal 0.442238 -0.896898 0
    outer loop
      vertex 58 29.5359 -3
      vertex 57.5307 29.3045 -7
      vertex 58 29.5359 -7
    endloop
  endfacet
  facet normal -0.94691 -0.321498 0
    outer loop
      vertex 52.3045 31.4693 -7
      vertex 52.1363 31.9647 -3
      vertex 52.1363 31.9647 -7
    endloop
  endfacet
  facet normal -0.94691 -0.321498 0
    outer loop
      vertex 52.1363 31.9647 -3
      vertex 52.3045 31.4693 -7
      vertex 52.3045 31.4693 -3
    endloop
  endfacet
  facet normal 0.896898 0.442238 0
    outer loop
      vertex 59.6955 34.5307 -3
      vertex 59.4641 35 -7
      vertex 59.4641 35 -3
    endloop
  endfacet
  facet normal 0.896898 0.442238 0
    outer loop
      vertex 59.4641 35 -7
      vertex 59.6955 34.5307 -3
      vertex 59.6955 34.5307 -7
    endloop
  endfacet
  facet normal 0.195124 0.980779 -0
    outer loop
      vertex 57.0353 36.8637 -7
      vertex 56.5221 36.9658 -3
      vertex 57.0353 36.8637 -3
    endloop
  endfacet
  facet normal 0.195124 0.980779 0
    outer loop
      vertex 56.5221 36.9658 -3
      vertex 57.0353 36.8637 -7
      vertex 56.5221 36.9658 -7
    endloop
  endfacet
  facet normal 0.555626 0.831432 -0
    outer loop
      vertex 58.435 36.1734 -7
      vertex 58 36.4641 -3
      vertex 58.435 36.1734 -3
    endloop
  endfacet
  facet normal 0.555626 0.831432 0
    outer loop
      vertex 58 36.4641 -3
      vertex 58.435 36.1734 -7
      vertex 58 36.4641 -7
    endloop
  endfacet
  facet normal 0.659343 0.751842 -0
    outer loop
      vertex 58.8284 35.8284 -7
      vertex 58.435 36.1734 -3
      vertex 58.8284 35.8284 -3
    endloop
  endfacet
  facet normal 0.659343 0.751842 0
    outer loop
      vertex 58.435 36.1734 -3
      vertex 58.8284 35.8284 -7
      vertex 58.435 36.1734 -7
    endloop
  endfacet
  facet normal 0.831432 -0.555626 0
    outer loop
      vertex 59.1734 30.565 -3
      vertex 59.4641 31 -7
      vertex 59.4641 31 -3
    endloop
  endfacet
  facet normal 0.831432 -0.555626 0
    outer loop
      vertex 59.4641 31 -7
      vertex 59.1734 30.565 -3
      vertex 59.1734 30.565 -7
    endloop
  endfacet
  facet normal -0.896898 -0.442238 0
    outer loop
      vertex 52.5359 31 -7
      vertex 52.3045 31.4693 -3
      vertex 52.3045 31.4693 -7
    endloop
  endfacet
  facet normal -0.896898 -0.442238 0
    outer loop
      vertex 52.3045 31.4693 -3
      vertex 52.5359 31 -7
      vertex 52.5359 31 -3
    endloop
  endfacet
  facet normal -0.0653646 0.997861 0
    outer loop
      vertex 56 37 -7
      vertex 55.4779 36.9658 -3
      vertex 56 37 -3
    endloop
  endfacet
  facet normal -0.0653646 0.997861 0
    outer loop
      vertex 55.4779 36.9658 -3
      vertex 56 37 -7
      vertex 55.4779 36.9658 -7
    endloop
  endfacet
  facet normal -0.751842 0.659343 0
    outer loop
      vertex 52.8266 35.435 -7
      vertex 53.1716 35.8284 -3
      vertex 53.1716 35.8284 -7
    endloop
  endfacet
  facet normal -0.751842 0.659343 0
    outer loop
      vertex 53.1716 35.8284 -3
      vertex 52.8266 35.435 -7
      vertex 52.8266 35.435 -3
    endloop
  endfacet
  facet normal -0.321498 -0.94691 0
    outer loop
      vertex 54.4693 29.3045 -7
      vertex 54.9647 29.1363 -3
      vertex 54.4693 29.3045 -3
    endloop
  endfacet
  facet normal -0.321498 -0.94691 -0
    outer loop
      vertex 54.9647 29.1363 -3
      vertex 54.4693 29.3045 -7
      vertex 54.9647 29.1363 -7
    endloop
  endfacet
  facet normal 0.751842 0.659343 0
    outer loop
      vertex 59.1734 35.435 -3
      vertex 58.8284 35.8284 -7
      vertex 58.8284 35.8284 -3
    endloop
  endfacet
  facet normal 0.751842 0.659343 0
    outer loop
      vertex 58.8284 35.8284 -7
      vertex 59.1734 35.435 -3
      vertex 59.1734 35.435 -7
    endloop
  endfacet
  facet normal -0.659343 0.751842 0
    outer loop
      vertex 53.565 36.1734 -7
      vertex 53.1716 35.8284 -3
      vertex 53.565 36.1734 -3
    endloop
  endfacet
  facet normal -0.659343 0.751842 0
    outer loop
      vertex 53.1716 35.8284 -3
      vertex 53.565 36.1734 -7
      vertex 53.1716 35.8284 -7
    endloop
  endfacet
  facet normal -0.442238 0.896898 0
    outer loop
      vertex 54.4693 36.6955 -7
      vertex 54 36.4641 -3
      vertex 54.4693 36.6955 -3
    endloop
  endfacet
  facet normal -0.442238 0.896898 0
    outer loop
      vertex 54 36.4641 -3
      vertex 54.4693 36.6955 -7
      vertex 54 36.4641 -7
    endloop
  endfacet
  facet normal 0.195124 -0.980779 0
    outer loop
      vertex 56.5221 29.0342 -7
      vertex 57.0353 29.1363 -3
      vertex 56.5221 29.0342 -3
    endloop
  endfacet
  facet normal 0.195124 -0.980779 0
    outer loop
      vertex 57.0353 29.1363 -3
      vertex 56.5221 29.0342 -7
      vertex 57.0353 29.1363 -7
    endloop
  endfacet
  facet normal -0.831432 0.555626 0
    outer loop
      vertex 52.5359 35 -7
      vertex 52.8266 35.435 -3
      vertex 52.8266 35.435 -7
    endloop
  endfacet
  facet normal -0.831432 0.555626 0
    outer loop
      vertex 52.8266 35.435 -3
      vertex 52.5359 35 -7
      vertex 52.5359 35 -3
    endloop
  endfacet
  facet normal 0.442238 0.896898 -0
    outer loop
      vertex 58 36.4641 -7
      vertex 57.5307 36.6955 -3
      vertex 58 36.4641 -3
    endloop
  endfacet
  facet normal 0.442238 0.896898 0
    outer loop
      vertex 57.5307 36.6955 -3
      vertex 58 36.4641 -7
      vertex 57.5307 36.6955 -7
    endloop
  endfacet
  facet normal 0.997861 -0.0653646 0
    outer loop
      vertex 59.9658 32.4779 -3
      vertex 60 33 -7
      vertex 60 33 -3
    endloop
  endfacet
  facet normal 0.997861 -0.0653646 0
    outer loop
      vertex 60 33 -7
      vertex 59.9658 32.4779 -3
      vertex 59.9658 32.4779 -7
    endloop
  endfacet
  facet normal 0.831432 0.555626 0
    outer loop
      vertex 59.4641 35 -3
      vertex 59.1734 35.435 -7
      vertex 59.1734 35.435 -3
    endloop
  endfacet
  facet normal 0.831432 0.555626 0
    outer loop
      vertex 59.1734 35.435 -7
      vertex 59.4641 35 -3
      vertex 59.4641 35 -7
    endloop
  endfacet
  facet normal -0.321498 0.94691 0
    outer loop
      vertex 54.9647 36.8637 -7
      vertex 54.4693 36.6955 -3
      vertex 54.9647 36.8637 -3
    endloop
  endfacet
  facet normal -0.321498 0.94691 0
    outer loop
      vertex 54.4693 36.6955 -3
      vertex 54.9647 36.8637 -7
      vertex 54.4693 36.6955 -7
    endloop
  endfacet
  facet normal -0.751842 -0.659343 0
    outer loop
      vertex 53.1716 30.1716 -7
      vertex 52.8266 30.565 -3
      vertex 52.8266 30.565 -7
    endloop
  endfacet
  facet normal -0.751842 -0.659343 0
    outer loop
      vertex 52.8266 30.565 -3
      vertex 53.1716 30.1716 -7
      vertex 53.1716 30.1716 -3
    endloop
  endfacet
  facet normal 0.659343 -0.751842 0
    outer loop
      vertex 58.435 29.8266 -7
      vertex 58.8284 30.1716 -3
      vertex 58.435 29.8266 -3
    endloop
  endfacet
  facet normal 0.659343 -0.751842 0
    outer loop
      vertex 58.8284 30.1716 -3
      vertex 58.435 29.8266 -7
      vertex 58.8284 30.1716 -7
    endloop
  endfacet
  facet normal -0.0653646 -0.997861 0
    outer loop
      vertex 55.4779 29.0342 -7
      vertex 56 29 -3
      vertex 55.4779 29.0342 -3
    endloop
  endfacet
  facet normal -0.0653646 -0.997861 -0
    outer loop
      vertex 56 29 -3
      vertex 55.4779 29.0342 -7
      vertex 56 29 -7
    endloop
  endfacet
  facet normal 0.321498 -0.94691 0
    outer loop
      vertex 57.0353 29.1363 -7
      vertex 57.5307 29.3045 -3
      vertex 57.0353 29.1363 -3
    endloop
  endfacet
  facet normal 0.321498 -0.94691 0
    outer loop
      vertex 57.5307 29.3045 -3
      vertex 57.0353 29.1363 -7
      vertex 57.5307 29.3045 -7
    endloop
  endfacet
  facet normal 0.555626 -0.831432 0
    outer loop
      vertex 58 29.5359 -7
      vertex 58.435 29.8266 -3
      vertex 58 29.5359 -3
    endloop
  endfacet
  facet normal 0.555626 -0.831432 0
    outer loop
      vertex 58.435 29.8266 -3
      vertex 58 29.5359 -7
      vertex 58.435 29.8266 -7
    endloop
  endfacet
  facet normal 0.0653646 0.997861 -0
    outer loop
      vertex 56.5221 36.9658 -7
      vertex 56 37 -3
      vertex 56.5221 36.9658 -3
    endloop
  endfacet
  facet normal 0.0653646 0.997861 0
    outer loop
      vertex 56 37 -3
      vertex 56.5221 36.9658 -7
      vertex 56 37 -7
    endloop
  endfacet
  facet normal 0.751842 -0.659343 0
    outer loop
      vertex 58.8284 30.1716 -3
      vertex 59.1734 30.565 -7
      vertex 59.1734 30.565 -3
    endloop
  endfacet
  facet normal 0.751842 -0.659343 0
    outer loop
      vertex 59.1734 30.565 -7
      vertex 58.8284 30.1716 -3
      vertex 58.8284 30.1716 -7
    endloop
  endfacet
  facet normal -0.831432 -0.555626 0
    outer loop
      vertex 52.8266 30.565 -7
      vertex 52.5359 31 -3
      vertex 52.5359 31 -7
    endloop
  endfacet
  facet normal -0.831432 -0.555626 0
    outer loop
      vertex 52.5359 31 -3
      vertex 52.8266 30.565 -7
      vertex 52.8266 30.565 -3
    endloop
  endfacet
  facet normal -0.442238 -0.896898 0
    outer loop
      vertex 54 29.5359 -7
      vertex 54.4693 29.3045 -3
      vertex 54 29.5359 -3
    endloop
  endfacet
  facet normal -0.442238 -0.896898 -0
    outer loop
      vertex 54.4693 29.3045 -3
      vertex 54 29.5359 -7
      vertex 54.4693 29.3045 -7
    endloop
  endfacet
  facet normal 0.896898 -0.442238 0
    outer loop
      vertex 59.4641 31 -3
      vertex 59.6955 31.4693 -7
      vertex 59.6955 31.4693 -3
    endloop
  endfacet
  facet normal 0.896898 -0.442238 0
    outer loop
      vertex 59.6955 31.4693 -7
      vertex 59.4641 31 -3
      vertex 59.4641 31 -7
    endloop
  endfacet
  facet normal -0.980779 0.195124 0
    outer loop
      vertex 52.0342 33.5221 -7
      vertex 52.1363 34.0353 -3
      vertex 52.1363 34.0353 -7
    endloop
  endfacet
  facet normal -0.980779 0.195124 0
    outer loop
      vertex 52.1363 34.0353 -3
      vertex 52.0342 33.5221 -7
      vertex 52.0342 33.5221 -3
    endloop
  endfacet
  facet normal -0.195124 -0.980779 0
    outer loop
      vertex 54.9647 29.1363 -7
      vertex 55.4779 29.0342 -3
      vertex 54.9647 29.1363 -3
    endloop
  endfacet
  facet normal -0.195124 -0.980779 -0
    outer loop
      vertex 55.4779 29.0342 -3
      vertex 54.9647 29.1363 -7
      vertex 55.4779 29.0342 -7
    endloop
  endfacet
  facet normal 0.0653646 -0.997861 0
    outer loop
      vertex 56 29 -7
      vertex 56.5221 29.0342 -3
      vertex 56 29 -3
    endloop
  endfacet
  facet normal 0.0653646 -0.997861 0
    outer loop
      vertex 56.5221 29.0342 -3
      vertex 56 29 -7
      vertex 56.5221 29.0342 -7
    endloop
  endfacet
  facet normal -0.997861 -0.0653646 0
    outer loop
      vertex 52.0342 32.4779 -7
      vertex 52 33 -3
      vertex 52 33 -7
    endloop
  endfacet
  facet normal -0.997861 -0.0653646 0
    outer loop
      vertex 52 33 -3
      vertex 52.0342 32.4779 -7
      vertex 52.0342 32.4779 -3
    endloop
  endfacet
  facet normal -0.195124 0.980779 0
    outer loop
      vertex 55.4779 36.9658 -7
      vertex 54.9647 36.8637 -3
      vertex 55.4779 36.9658 -3
    endloop
  endfacet
  facet normal -0.195124 0.980779 0
    outer loop
      vertex 54.9647 36.8637 -3
      vertex 55.4779 36.9658 -7
      vertex 54.9647 36.8637 -7
    endloop
  endfacet
  facet normal -0.980779 -0.195124 0
    outer loop
      vertex 52.1363 31.9647 -7
      vertex 52.0342 32.4779 -3
      vertex 52.0342 32.4779 -7
    endloop
  endfacet
  facet normal -0.980779 -0.195124 0
    outer loop
      vertex 52.0342 32.4779 -3
      vertex 52.1363 31.9647 -7
      vertex 52.1363 31.9647 -3
    endloop
  endfacet
  facet normal -0.659343 -0.751842 0
    outer loop
      vertex 53.1716 30.1716 -7
      vertex 53.565 29.8266 -3
      vertex 53.1716 30.1716 -3
    endloop
  endfacet
  facet normal -0.659343 -0.751842 -0
    outer loop
      vertex 53.565 29.8266 -3
      vertex 53.1716 30.1716 -7
      vertex 53.565 29.8266 -7
    endloop
  endfacet
  facet normal -0.94691 0.321498 0
    outer loop
      vertex 52.1363 34.0353 -7
      vertex 52.3045 34.5307 -3
      vertex 52.3045 34.5307 -7
    endloop
  endfacet
  facet normal -0.94691 0.321498 0
    outer loop
      vertex 52.3045 34.5307 -3
      vertex 52.1363 34.0353 -7
      vertex 52.1363 34.0353 -3
    endloop
  endfacet
  facet normal 0 0 1
    outer loop
      vertex 57.25 33 -3
      vertex 60 33 -3
      vertex 59.9658 33.5221 -3
    endloop
  endfacet
  facet normal 0 0 1
    outer loop
      vertex 57.2393 33.1632 -3
      vertex 59.9658 33.5221 -3
      vertex 59.8637 34.0353 -3
    endloop
  endfacet
  facet normal 0 0 1
    outer loop
      vertex 60 33 -3
      vertex 57.25 33 -3
      vertex 59.9658 32.4779 -3
    endloop
  endfacet
  facet normal 0 0 1
    outer loop
      vertex 57.2074 33.3235 -3
      vertex 59.8637 34.0353 -3
      vertex 59.6955 34.5307 -3
    endloop
  endfacet
  facet normal -0 0 1
    outer loop
      vertex 57.2393 32.8368 -3
      vertex 59.9658 32.4779 -3
      vertex 57.25 33 -3
    endloop
  endfacet
  facet normal 0 0 1
    outer loop
      vertex 57.1549 33.4784 -3
      vertex 59.6955 34.5307 -3
      vertex 59.4641 35 -3
    endloop
  endfacet
  facet normal 0 0 1
    outer loop
      vertex 59.9658 32.4779 -3
      vertex 57.2393 32.8368 -3
      vertex 59.8637 31.9647 -3
    endloop
  endfacet
  facet normal 0 0 1
    outer loop
      vertex 57.0825 33.625 -3
      vertex 59.4641 35 -3
      vertex 59.1734 35.435 -3
    endloop
  endfacet
  facet normal -0 0 1
    outer loop
      vertex 57.2074 32.6765 -3
      vertex 59.8637 31.9647 -3
      vertex 57.2393 32.8368 -3
    endloop
  endfacet
  facet normal 0 0 1
    outer loop
      vertex 56.9917 33.761 -3
      vertex 59.1734 35.435 -3
      vertex 58.8284 35.8284 -3
    endloop
  endfacet
  facet normal 0 0 1
    outer loop
      vertex 59.8637 31.9647 -3
      vertex 57.2074 32.6765 -3
      vertex 59.6955 31.4693 -3
    endloop
  endfacet
  facet normal 0 0 1
    outer loop
      vertex 56.8839 33.8839 -3
      vertex 58.8284 35.8284 -3
      vertex 58.435 36.1734 -3
    endloop
  endfacet
  facet normal -0 0 1
    outer loop
      vertex 57.1549 32.5216 -3
      vertex 59.6955 31.4693 -3
      vertex 57.2074 32.6765 -3
    endloop
  endfacet
  facet normal 0 0 1
    outer loop
      vertex 56.761 33.9917 -3
      vertex 58.435 36.1734 -3
      vertex 58 36.4641 -3
    endloop
  endfacet
  facet normal 0 0 1
    outer loop
      vertex 59.6955 31.4693 -3
      vertex 57.1549 32.5216 -3
      vertex 59.4641 31 -3
    endloop
  endfacet
  facet normal 0 0 1
    outer loop
      vertex 56.625 34.0825 -3
      vertex 58 36.4641 -3
      vertex 57.5307 36.6955 -3
    endloop
  endfacet
  facet normal -0 0 1
    outer loop
      vertex 57.0825 32.375 -3
      vertex 59.4641 31 -3
      vertex 57.1549 32.5216 -3
    endloop
  endfacet
  facet normal 0 0 1
    outer loop
      vertex 59.4641 31 -3
      vertex 57.0825 32.375 -3
      vertex 59.1734 30.565 -3
    endloop
  endfacet
  facet normal 0 0 1
    outer loop
      vertex 59.9658 33.5221 -3
      vertex 57.2393 33.1632 -3
      vertex 57.25 33 -3
    endloop
  endfacet
  facet normal 0 0 1
    outer loop
      vertex 59.8637 34.0353 -3
      vertex 57.2074 33.3235 -3
      vertex 57.2393 33.1632 -3
    endloop
  endfacet
  facet normal 0 0 1
    outer loop
      vertex 59.6955 34.5307 -3
      vertex 57.1549 33.4784 -3
      vertex 57.2074 33.3235 -3
    endloop
  endfacet
  facet normal 0 0 1
    outer loop
      vertex 59.4641 35 -3
      vertex 57.0825 33.625 -3
      vertex 57.1549 33.4784 -3
    endloop
  endfacet
  facet normal 0 0 1
    outer loop
      vertex 56.4784 34.1549 -3
      vertex 57.5307 36.6955 -3
      vertex 57.0353 36.8637 -3
    endloop
  endfacet
  facet normal 0 0 1
    outer loop
      vertex 59.1734 35.435 -3
      vertex 56.9917 33.761 -3
      vertex 57.0825 33.625 -3
    endloop
  endfacet
  facet normal 0 0 1
    outer loop
      vertex 58.8284 35.8284 -3
      vertex 56.8839 33.8839 -3
      vertex 56.9917 33.761 -3
    endloop
  endfacet
  facet normal 0 0 1
    outer loop
      vertex 58.435 36.1734 -3
      vertex 56.761 33.9917 -3
      vertex 56.8839 33.8839 -3
    endloop
  endfacet
  facet normal 0 0 1
    outer loop
      vertex 58 36.4641 -3
      vertex 56.625 34.0825 -3
      vertex 56.761 33.9917 -3
    endloop
  endfacet
  facet normal 0 0 1
    outer loop
      vertex 56.3235 34.2074 -3
      vertex 57.0353 36.8637 -3
      vertex 56.5221 36.9658 -3
    endloop
  endfacet
  facet normal 0 0 1
    outer loop
      vertex 57.5307 36.6955 -3
      vertex 56.4784 34.1549 -3
      vertex 56.625 34.0825 -3
    endloop
  endfacet
  facet normal 0 0 1
    outer loop
      vertex 57.0353 36.8637 -3
      vertex 56.3235 34.2074 -3
      vertex 56.4784 34.1549 -3
    endloop
  endfacet
  facet normal 0 0 1
    outer loop
      vertex 56.5221 36.9658 -3
      vertex 56.1632 34.2393 -3
      vertex 56.3235 34.2074 -3
    endloop
  endfacet
  facet normal 0 0 1
    outer loop
      vertex 56 37 -3
      vertex 56.1632 34.2393 -3
      vertex 56.5221 36.9658 -3
    endloop
  endfacet
  facet normal 0 0 1
    outer loop
      vertex 56 37 -3
      vertex 56 34.25 -3
      vertex 56.1632 34.2393 -3
    endloop
  endfacet
  facet normal 0 0 1
    outer loop
      vertex 56 37 -3
      vertex 55.8368 34.2393 -3
      vertex 56 34.25 -3
    endloop
  endfacet
  facet normal -0 0 1
    outer loop
      vertex 55.4779 36.9658 -3
      vertex 55.8368 34.2393 -3
      vertex 56 37 -3
    endloop
  endfacet
  facet normal 0 0 1
    outer loop
      vertex 55.8368 34.2393 -3
      vertex 55.4779 36.9658 -3
      vertex 55.6765 34.2074 -3
    endloop
  endfacet
  facet normal -0 0 1
    outer loop
      vertex 54.9647 36.8637 -3
      vertex 55.6765 34.2074 -3
      vertex 55.4779 36.9658 -3
    endloop
  endfacet
  facet normal 0 0 1
    outer loop
      vertex 55.6765 34.2074 -3
      vertex 54.9647 36.8637 -3
      vertex 55.5216 34.1549 -3
    endloop
  endfacet
  facet normal -0 0 1
    outer loop
      vertex 54.4693 36.6955 -3
      vertex 55.5216 34.1549 -3
      vertex 54.9647 36.8637 -3
    endloop
  endfacet
  facet normal 0 0 1
    outer loop
      vertex 55.5216 34.1549 -3
      vertex 54.4693 36.6955 -3
      vertex 55.375 34.0825 -3
    endloop
  endfacet
  facet normal -0 0 1
    outer loop
      vertex 54 36.4641 -3
      vertex 55.375 34.0825 -3
      vertex 54.4693 36.6955 -3
    endloop
  endfacet
  facet normal 0 0 1
    outer loop
      vertex 55.375 34.0825 -3
      vertex 54 36.4641 -3
      vertex 55.239 33.9917 -3
    endloop
  endfacet
  facet normal -0 0 1
    outer loop
      vertex 53.565 36.1734 -3
      vertex 55.239 33.9917 -3
      vertex 54 36.4641 -3
    endloop
  endfacet
  facet normal 0 0 1
    outer loop
      vertex 55.239 33.9917 -3
      vertex 53.565 36.1734 -3
      vertex 55.1161 33.8839 -3
    endloop
  endfacet
  facet normal -0 0 1
    outer loop
      vertex 53.1716 35.8284 -3
      vertex 55.1161 33.8839 -3
      vertex 53.565 36.1734 -3
    endloop
  endfacet
  facet normal 0 0 1
    outer loop
      vertex 55.1161 33.8839 -3
      vertex 53.1716 35.8284 -3
      vertex 55.0083 33.761 -3
    endloop
  endfacet
  facet normal -0 0 1
    outer loop
      vertex 52.8266 35.435 -3
      vertex 55.0083 33.761 -3
      vertex 53.1716 35.8284 -3
    endloop
  endfacet
  facet normal 0 0 1
    outer loop
      vertex 55.0083 33.761 -3
      vertex 52.8266 35.435 -3
      vertex 54.9175 33.625 -3
    endloop
  endfacet
  facet normal -0 0 1
    outer loop
      vertex 56.9917 32.239 -3
      vertex 59.1734 30.565 -3
      vertex 57.0825 32.375 -3
    endloop
  endfacet
  facet normal 0 0 1
    outer loop
      vertex 59.1734 30.565 -3
      vertex 56.9917 32.239 -3
      vertex 58.8284 30.1716 -3
    endloop
  endfacet
  facet normal -0 0 1
    outer loop
      vertex 56.8839 32.1161 -3
      vertex 58.8284 30.1716 -3
      vertex 56.9917 32.239 -3
    endloop
  endfacet
  facet normal 0 0 1
    outer loop
      vertex 58.8284 30.1716 -3
      vertex 56.8839 32.1161 -3
      vertex 58.435 29.8266 -3
    endloop
  endfacet
  facet normal -0 0 1
    outer loop
      vertex 56.761 32.0083 -3
      vertex 58.435 29.8266 -3
      vertex 56.8839 32.1161 -3
    endloop
  endfacet
  facet normal 0 0 1
    outer loop
      vertex 58.435 29.8266 -3
      vertex 56.761 32.0083 -3
      vertex 58 29.5359 -3
    endloop
  endfacet
  facet normal -0 0 1
    outer loop
      vertex 56.625 31.9175 -3
      vertex 58 29.5359 -3
      vertex 56.761 32.0083 -3
    endloop
  endfacet
  facet normal 0 0 1
    outer loop
      vertex 58 29.5359 -3
      vertex 56.625 31.9175 -3
      vertex 57.5307 29.3045 -3
    endloop
  endfacet
  facet normal -0 0 1
    outer loop
      vertex 56.4784 31.8451 -3
      vertex 57.5307 29.3045 -3
      vertex 56.625 31.9175 -3
    endloop
  endfacet
  facet normal 0 0 1
    outer loop
      vertex 57.5307 29.3045 -3
      vertex 56.4784 31.8451 -3
      vertex 57.0353 29.1363 -3
    endloop
  endfacet
  facet normal -0 0 1
    outer loop
      vertex 56.3235 31.7926 -3
      vertex 57.0353 29.1363 -3
      vertex 56.4784 31.8451 -3
    endloop
  endfacet
  facet normal 0 0 1
    outer loop
      vertex 57.0353 29.1363 -3
      vertex 56.3235 31.7926 -3
      vertex 56.5221 29.0342 -3
    endloop
  endfacet
  facet normal -0 0 1
    outer loop
      vertex 56.1632 31.7607 -3
      vertex 56.5221 29.0342 -3
      vertex 56.3235 31.7926 -3
    endloop
  endfacet
  facet normal -0 0 1
    outer loop
      vertex 56 31.75 -3
      vertex 56.5221 29.0342 -3
      vertex 56.1632 31.7607 -3
    endloop
  endfacet
  facet normal 0 0 1
    outer loop
      vertex 56 31.75 -3
      vertex 56 29 -3
      vertex 56.5221 29.0342 -3
    endloop
  endfacet
  facet normal 0 0 1
    outer loop
      vertex 55.8368 31.7607 -3
      vertex 56 29 -3
      vertex 56 31.75 -3
    endloop
  endfacet
  facet normal 0 0 1
    outer loop
      vertex 55.4779 29.0342 -3
      vertex 55.8368 31.7607 -3
      vertex 55.6765 31.7926 -3
    endloop
  endfacet
  facet normal 0 0 1
    outer loop
      vertex 54.9647 29.1363 -3
      vertex 55.6765 31.7926 -3
      vertex 55.5216 31.8451 -3
    endloop
  endfacet
  facet normal 0 0 1
    outer loop
      vertex 55.8368 31.7607 -3
      vertex 55.4779 29.0342 -3
      vertex 56 29 -3
    endloop
  endfacet
  facet normal 0 0 1
    outer loop
      vertex 54.4693 29.3045 -3
      vertex 55.5216 31.8451 -3
      vertex 55.375 31.9175 -3
    endloop
  endfacet
  facet normal 0 0 1
    outer loop
      vertex 54 29.5359 -3
      vertex 55.375 31.9175 -3
      vertex 55.239 32.0083 -3
    endloop
  endfacet
  facet normal 0 0 1
    outer loop
      vertex 53.565 29.8266 -3
      vertex 55.239 32.0083 -3
      vertex 55.1161 32.1161 -3
    endloop
  endfacet
  facet normal 0 0 1
    outer loop
      vertex 53.1716 30.1716 -3
      vertex 55.1161 32.1161 -3
      vertex 55.0083 32.239 -3
    endloop
  endfacet
  facet normal 0 0 1
    outer loop
      vertex 55.6765 31.7926 -3
      vertex 54.9647 29.1363 -3
      vertex 55.4779 29.0342 -3
    endloop
  endfacet
  facet normal 0 0 1
    outer loop
      vertex 52.8266 30.565 -3
      vertex 55.0083 32.239 -3
      vertex 54.9175 32.375 -3
    endloop
  endfacet
  facet normal 0 0 1
    outer loop
      vertex 52.5359 31 -3
      vertex 54.9175 32.375 -3
      vertex 54.8451 32.5216 -3
    endloop
  endfacet
  facet normal 0 0 1
    outer loop
      vertex 52.3045 31.4693 -3
      vertex 54.8451 32.5216 -3
      vertex 54.7926 32.6765 -3
    endloop
  endfacet
  facet normal 0 0 1
    outer loop
      vertex 52.1363 31.9647 -3
      vertex 54.7926 32.6765 -3
      vertex 54.7607 32.8368 -3
    endloop
  endfacet
  facet normal 0 0 1
    outer loop
      vertex 52.0342 32.4779 -3
      vertex 54.7607 32.8368 -3
      vertex 54.75 33 -3
    endloop
  endfacet
  facet normal -0 0 1
    outer loop
      vertex 52.5359 35 -3
      vertex 54.9175 33.625 -3
      vertex 52.8266 35.435 -3
    endloop
  endfacet
  facet normal 0 0 1
    outer loop
      vertex 55.5216 31.8451 -3
      vertex 54.4693 29.3045 -3
      vertex 54.9647 29.1363 -3
    endloop
  endfacet
  facet normal 0 0 1
    outer loop
      vertex 54.9175 33.625 -3
      vertex 52.5359 35 -3
      vertex 54.8451 33.4784 -3
    endloop
  endfacet
  facet normal 0 0 1
    outer loop
      vertex 55.375 31.9175 -3
      vertex 54 29.5359 -3
      vertex 54.4693 29.3045 -3
    endloop
  endfacet
  facet normal -0 0 1
    outer loop
      vertex 52.3045 34.5307 -3
      vertex 54.8451 33.4784 -3
      vertex 52.5359 35 -3
    endloop
  endfacet
  facet normal 0 0 1
    outer loop
      vertex 55.239 32.0083 -3
      vertex 53.565 29.8266 -3
      vertex 54 29.5359 -3
    endloop
  endfacet
  facet normal 0 0 1
    outer loop
      vertex 54.8451 33.4784 -3
      vertex 52.3045 34.5307 -3
      vertex 54.7926 33.3235 -3
    endloop
  endfacet
  facet normal 0 0 1
    outer loop
      vertex 55.1161 32.1161 -3
      vertex 53.1716 30.1716 -3
      vertex 53.565 29.8266 -3
    endloop
  endfacet
  facet normal -0 0 1
    outer loop
      vertex 52.1363 34.0353 -3
      vertex 54.7926 33.3235 -3
      vertex 52.3045 34.5307 -3
    endloop
  endfacet
  facet normal 0 0 1
    outer loop
      vertex 55.0083 32.239 -3
      vertex 52.8266 30.565 -3
      vertex 53.1716 30.1716 -3
    endloop
  endfacet
  facet normal 0 0 1
    outer loop
      vertex 54.7926 33.3235 -3
      vertex 52.1363 34.0353 -3
      vertex 54.7607 33.1632 -3
    endloop
  endfacet
  facet normal 0 0 1
    outer loop
      vertex 54.9175 32.375 -3
      vertex 52.5359 31 -3
      vertex 52.8266 30.565 -3
    endloop
  endfacet
  facet normal -0 0 1
    outer loop
      vertex 52.0342 33.5221 -3
      vertex 54.7607 33.1632 -3
      vertex 52.1363 34.0353 -3
    endloop
  endfacet
  facet normal 0 0 1
    outer loop
      vertex 54.8451 32.5216 -3
      vertex 52.3045 31.4693 -3
      vertex 52.5359 31 -3
    endloop
  endfacet
  facet normal 0 0 1
    outer loop
      vertex 54.7607 33.1632 -3
      vertex 52.0342 33.5221 -3
      vertex 54.75 33 -3
    endloop
  endfacet
  facet normal 0 0 1
    outer loop
      vertex 54.7926 32.6765 -3
      vertex 52.1363 31.9647 -3
      vertex 52.3045 31.4693 -3
    endloop
  endfacet
  facet normal 0 0 1
    outer loop
      vertex 52 33 -3
      vertex 54.75 33 -3
      vertex 52.0342 33.5221 -3
    endloop
  endfacet
  facet normal 0 0 1
    outer loop
      vertex 54.7607 32.8368 -3
      vertex 52.0342 32.4779 -3
      vertex 52.1363 31.9647 -3
    endloop
  endfacet
  facet normal 0 0 1
    outer loop
      vertex 54.75 33 -3
      vertex 52 33 -3
      vertex 52.0342 32.4779 -3
    endloop
  endfacet
  facet normal 0.980779 0.195124 0
    outer loop
      vertex 59.9658 57.5221 -3
      vertex 59.8637 58.0353 -7
      vertex 59.8637 58.0353 -3
    endloop
  endfacet
  facet normal 0.980779 0.195124 0
    outer loop
      vertex 59.8637 58.0353 -7
      vertex 59.9658 57.5221 -3
      vertex 59.9658 57.5221 -7
    endloop
  endfacet
  facet normal 0.997861 0.0653646 0
    outer loop
      vertex 60 57 -3
      vertex 59.9658 57.5221 -7
      vertex 59.9658 57.5221 -3
    endloop
  endfacet
  facet normal 0.997861 0.0653646 0
    outer loop
      vertex 59.9658 57.5221 -7
      vertex 60 57 -3
      vertex 60 57 -7
    endloop
  endfacet
  facet normal 0.94691 0.321498 0
    outer loop
      vertex 59.8637 58.0353 -3
      vertex 59.6955 58.5307 -7
      vertex 59.6955 58.5307 -3
    endloop
  endfacet
  facet normal 0.94691 0.321498 0
    outer loop
      vertex 59.6955 58.5307 -7
      vertex 59.8637 58.0353 -3
      vertex 59.8637 58.0353 -7
    endloop
  endfacet
  facet normal -0.555626 -0.831432 0
    outer loop
      vertex 53.565 53.8266 -7
      vertex 54 53.5359 -3
      vertex 53.565 53.8266 -3
    endloop
  endfacet
  facet normal -0.555626 -0.831432 -0
    outer loop
      vertex 54 53.5359 -3
      vertex 53.565 53.8266 -7
      vertex 54 53.5359 -7
    endloop
  endfacet
  facet normal -0.896898 0.442238 0
    outer loop
      vertex 52.3045 58.5307 -7
      vertex 52.5359 59 -3
      vertex 52.5359 59 -7
    endloop
  endfacet
  facet normal -0.896898 0.442238 0
    outer loop
      vertex 52.5359 59 -3
      vertex 52.3045 58.5307 -7
      vertex 52.3045 58.5307 -3
    endloop
  endfacet
  facet normal 0.980779 -0.195124 0
    outer loop
      vertex 59.8637 55.9647 -3
      vertex 59.9658 56.4779 -7
      vertex 59.9658 56.4779 -3
    endloop
  endfacet
  facet normal 0.980779 -0.195124 0
    outer loop
      vertex 59.9658 56.4779 -7
      vertex 59.8637 55.9647 -3
      vertex 59.8637 55.9647 -7
    endloop
  endfacet
  facet normal -0.555626 0.831432 0
    outer loop
      vertex 54 60.4641 -7
      vertex 53.565 60.1734 -3
      vertex 54 60.4641 -3
    endloop
  endfacet
  facet normal -0.555626 0.831432 0
    outer loop
      vertex 53.565 60.1734 -3
      vertex 54 60.4641 -7
      vertex 53.565 60.1734 -7
    endloop
  endfacet
  facet normal -0.997861 0.0653646 0
    outer loop
      vertex 52 57 -7
      vertex 52.0342 57.5221 -3
      vertex 52.0342 57.5221 -7
    endloop
  endfacet
  facet normal -0.997861 0.0653646 0
    outer loop
      vertex 52.0342 57.5221 -3
      vertex 52 57 -7
      vertex 52 57 -3
    endloop
  endfacet
  facet normal 0.321498 0.94691 -0
    outer loop
      vertex 57.5307 60.6955 -7
      vertex 57.0353 60.8637 -3
      vertex 57.5307 60.6955 -3
    endloop
  endfacet
  facet normal 0.321498 0.94691 0
    outer loop
      vertex 57.0353 60.8637 -3
      vertex 57.5307 60.6955 -7
      vertex 57.0353 60.8637 -7
    endloop
  endfacet
  facet normal 0.94691 -0.321498 0
    outer loop
      vertex 59.6955 55.4693 -3
      vertex 59.8637 55.9647 -7
      vertex 59.8637 55.9647 -3
    endloop
  endfacet
  facet normal 0.94691 -0.321498 0
    outer loop
      vertex 59.8637 55.9647 -7
      vertex 59.6955 55.4693 -3
      vertex 59.6955 55.4693 -7
    endloop
  endfacet
  facet normal 0.442238 -0.896898 0
    outer loop
      vertex 57.5307 53.3045 -7
      vertex 58 53.5359 -3
      vertex 57.5307 53.3045 -3
    endloop
  endfacet
  facet normal 0.442238 -0.896898 0
    outer loop
      vertex 58 53.5359 -3
      vertex 57.5307 53.3045 -7
      vertex 58 53.5359 -7
    endloop
  endfacet
  facet normal -0.94691 -0.321498 0
    outer loop
      vertex 52.3045 55.4693 -7
      vertex 52.1363 55.9647 -3
      vertex 52.1363 55.9647 -7
    endloop
  endfacet
  facet normal -0.94691 -0.321498 0
    outer loop
      vertex 52.1363 55.9647 -3
      vertex 52.3045 55.4693 -7
      vertex 52.3045 55.4693 -3
    endloop
  endfacet
  facet normal 0.896898 0.442238 0
    outer loop
      vertex 59.6955 58.5307 -3
      vertex 59.4641 59 -7
      vertex 59.4641 59 -3
    endloop
  endfacet
  facet normal 0.896898 0.442238 0
    outer loop
      vertex 59.4641 59 -7
      vertex 59.6955 58.5307 -3
      vertex 59.6955 58.5307 -7
    endloop
  endfacet
  facet normal 0.195124 0.980779 -0
    outer loop
      vertex 57.0353 60.8637 -7
      vertex 56.5221 60.9658 -3
      vertex 57.0353 60.8637 -3
    endloop
  endfacet
  facet normal 0.195124 0.980779 0
    outer loop
      vertex 56.5221 60.9658 -3
      vertex 57.0353 60.8637 -7
      vertex 56.5221 60.9658 -7
    endloop
  endfacet
  facet normal 0.555626 0.831432 -0
    outer loop
      vertex 58.435 60.1734 -7
      vertex 58 60.4641 -3
      vertex 58.435 60.1734 -3
    endloop
  endfacet
  facet normal 0.555626 0.831432 0
    outer loop
      vertex 58 60.4641 -3
      vertex 58.435 60.1734 -7
      vertex 58 60.4641 -7
    endloop
  endfacet
  facet normal 0.659343 0.751842 -0
    outer loop
      vertex 58.8284 59.8284 -7
      vertex 58.435 60.1734 -3
      vertex 58.8284 59.8284 -3
    endloop
  endfacet
  facet normal 0.659343 0.751842 0
    outer loop
      vertex 58.435 60.1734 -3
      vertex 58.8284 59.8284 -7
      vertex 58.435 60.1734 -7
    endloop
  endfacet
  facet normal 0.831432 -0.555626 0
    outer loop
      vertex 59.1734 54.565 -3
      vertex 59.4641 55 -7
      vertex 59.4641 55 -3
    endloop
  endfacet
  facet normal 0.831432 -0.555626 0
    outer loop
      vertex 59.4641 55 -7
      vertex 59.1734 54.565 -3
      vertex 59.1734 54.565 -7
    endloop
  endfacet
  facet normal -0.896898 -0.442238 0
    outer loop
      vertex 52.5359 55 -7
      vertex 52.3045 55.4693 -3
      vertex 52.3045 55.4693 -7
    endloop
  endfacet
  facet normal -0.896898 -0.442238 0
    outer loop
      vertex 52.3045 55.4693 -3
      vertex 52.5359 55 -7
      vertex 52.5359 55 -3
    endloop
  endfacet
  facet normal -0.0653646 0.997861 0
    outer loop
      vertex 56 61 -7
      vertex 55.4779 60.9658 -3
      vertex 56 61 -3
    endloop
  endfacet
  facet normal -0.0653646 0.997861 0
    outer loop
      vertex 55.4779 60.9658 -3
      vertex 56 61 -7
      vertex 55.4779 60.9658 -7
    endloop
  endfacet
  facet normal -0.751842 0.659343 0
    outer loop
      vertex 52.8266 59.435 -7
      vertex 53.1716 59.8284 -3
      vertex 53.1716 59.8284 -7
    endloop
  endfacet
  facet normal -0.751842 0.659343 0
    outer loop
      vertex 53.1716 59.8284 -3
      vertex 52.8266 59.435 -7
      vertex 52.8266 59.435 -3
    endloop
  endfacet
  facet normal -0.321498 -0.94691 0
    outer loop
      vertex 54.4693 53.3045 -7
      vertex 54.9647 53.1363 -3
      vertex 54.4693 53.3045 -3
    endloop
  endfacet
  facet normal -0.321498 -0.94691 -0
    outer loop
      vertex 54.9647 53.1363 -3
      vertex 54.4693 53.3045 -7
      vertex 54.9647 53.1363 -7
    endloop
  endfacet
  facet normal 0.751842 0.659343 0
    outer loop
      vertex 59.1734 59.435 -3
      vertex 58.8284 59.8284 -7
      vertex 58.8284 59.8284 -3
    endloop
  endfacet
  facet normal 0.751842 0.659343 0
    outer loop
      vertex 58.8284 59.8284 -7
      vertex 59.1734 59.435 -3
      vertex 59.1734 59.435 -7
    endloop
  endfacet
  facet normal -0.659343 0.751842 0
    outer loop
      vertex 53.565 60.1734 -7
      vertex 53.1716 59.8284 -3
      vertex 53.565 60.1734 -3
    endloop
  endfacet
  facet normal -0.659343 0.751842 0
    outer loop
      vertex 53.1716 59.8284 -3
      vertex 53.565 60.1734 -7
      vertex 53.1716 59.8284 -7
    endloop
  endfacet
  facet normal -0.442238 0.896898 0
    outer loop
      vertex 54.4693 60.6955 -7
      vertex 54 60.4641 -3
      vertex 54.4693 60.6955 -3
    endloop
  endfacet
  facet normal -0.442238 0.896898 0
    outer loop
      vertex 54 60.4641 -3
      vertex 54.4693 60.6955 -7
      vertex 54 60.4641 -7
    endloop
  endfacet
  facet normal 0.195124 -0.980779 0
    outer loop
      vertex 56.5221 53.0342 -7
      vertex 57.0353 53.1363 -3
      vertex 56.5221 53.0342 -3
    endloop
  endfacet
  facet normal 0.195124 -0.980779 0
    outer loop
      vertex 57.0353 53.1363 -3
      vertex 56.5221 53.0342 -7
      vertex 57.0353 53.1363 -7
    endloop
  endfacet
  facet normal -0.831432 0.555626 0
    outer loop
      vertex 52.5359 59 -7
      vertex 52.8266 59.435 -3
      vertex 52.8266 59.435 -7
    endloop
  endfacet
  facet normal -0.831432 0.555626 0
    outer loop
      vertex 52.8266 59.435 -3
      vertex 52.5359 59 -7
      vertex 52.5359 59 -3
    endloop
  endfacet
  facet normal 0.442238 0.896898 -0
    outer loop
      vertex 58 60.4641 -7
      vertex 57.5307 60.6955 -3
      vertex 58 60.4641 -3
    endloop
  endfacet
  facet normal 0.442238 0.896898 0
    outer loop
      vertex 57.5307 60.6955 -3
      vertex 58 60.4641 -7
      vertex 57.5307 60.6955 -7
    endloop
  endfacet
  facet normal 0.997861 -0.0653646 0
    outer loop
      vertex 59.9658 56.4779 -3
      vertex 60 57 -7
      vertex 60 57 -3
    endloop
  endfacet
  facet normal 0.997861 -0.0653646 0
    outer loop
      vertex 60 57 -7
      vertex 59.9658 56.4779 -3
      vertex 59.9658 56.4779 -7
    endloop
  endfacet
  facet normal 0.831432 0.555626 0
    outer loop
      vertex 59.4641 59 -3
      vertex 59.1734 59.435 -7
      vertex 59.1734 59.435 -3
    endloop
  endfacet
  facet normal 0.831432 0.555626 0
    outer loop
      vertex 59.1734 59.435 -7
      vertex 59.4641 59 -3
      vertex 59.4641 59 -7
    endloop
  endfacet
  facet normal -0.321498 0.94691 0
    outer loop
      vertex 54.9647 60.8637 -7
      vertex 54.4693 60.6955 -3
      vertex 54.9647 60.8637 -3
    endloop
  endfacet
  facet normal -0.321498 0.94691 0
    outer loop
      vertex 54.4693 60.6955 -3
      vertex 54.9647 60.8637 -7
      vertex 54.4693 60.6955 -7
    endloop
  endfacet
  facet normal -0.751842 -0.659343 0
    outer loop
      vertex 53.1716 54.1716 -7
      vertex 52.8266 54.565 -3
      vertex 52.8266 54.565 -7
    endloop
  endfacet
  facet normal -0.751842 -0.659343 0
    outer loop
      vertex 52.8266 54.565 -3
      vertex 53.1716 54.1716 -7
      vertex 53.1716 54.1716 -3
    endloop
  endfacet
  facet normal 0.659343 -0.751842 0
    outer loop
      vertex 58.435 53.8266 -7
      vertex 58.8284 54.1716 -3
      vertex 58.435 53.8266 -3
    endloop
  endfacet
  facet normal 0.659343 -0.751842 0
    outer loop
      vertex 58.8284 54.1716 -3
      vertex 58.435 53.8266 -7
      vertex 58.8284 54.1716 -7
    endloop
  endfacet
  facet normal -0.0653646 -0.997861 0
    outer loop
      vertex 55.4779 53.0342 -7
      vertex 56 53 -3
      vertex 55.4779 53.0342 -3
    endloop
  endfacet
  facet normal -0.0653646 -0.997861 -0
    outer loop
      vertex 56 53 -3
      vertex 55.4779 53.0342 -7
      vertex 56 53 -7
    endloop
  endfacet
  facet normal 0.321498 -0.94691 0
    outer loop
      vertex 57.0353 53.1363 -7
      vertex 57.5307 53.3045 -3
      vertex 57.0353 53.1363 -3
    endloop
  endfacet
  facet normal 0.321498 -0.94691 0
    outer loop
      vertex 57.5307 53.3045 -3
      vertex 57.0353 53.1363 -7
      vertex 57.5307 53.3045 -7
    endloop
  endfacet
  facet normal 0.555626 -0.831432 0
    outer loop
      vertex 58 53.5359 -7
      vertex 58.435 53.8266 -3
      vertex 58 53.5359 -3
    endloop
  endfacet
  facet normal 0.555626 -0.831432 0
    outer loop
      vertex 58.435 53.8266 -3
      vertex 58 53.5359 -7
      vertex 58.435 53.8266 -7
    endloop
  endfacet
  facet normal 0.0653646 0.997861 -0
    outer loop
      vertex 56.5221 60.9658 -7
      vertex 56 61 -3
      vertex 56.5221 60.9658 -3
    endloop
  endfacet
  facet normal 0.0653646 0.997861 0
    outer loop
      vertex 56 61 -3
      vertex 56.5221 60.9658 -7
      vertex 56 61 -7
    endloop
  endfacet
  facet normal 0.751842 -0.659343 0
    outer loop
      vertex 58.8284 54.1716 -3
      vertex 59.1734 54.565 -7
      vertex 59.1734 54.565 -3
    endloop
  endfacet
  facet normal 0.751842 -0.659343 0
    outer loop
      vertex 59.1734 54.565 -7
      vertex 58.8284 54.1716 -3
      vertex 58.8284 54.1716 -7
    endloop
  endfacet
  facet normal -0.831432 -0.555626 0
    outer loop
      vertex 52.8266 54.565 -7
      vertex 52.5359 55 -3
      vertex 52.5359 55 -7
    endloop
  endfacet
  facet normal -0.831432 -0.555626 0
    outer loop
      vertex 52.5359 55 -3
      vertex 52.8266 54.565 -7
      vertex 52.8266 54.565 -3
    endloop
  endfacet
  facet normal -0.442238 -0.896898 0
    outer loop
      vertex 54 53.5359 -7
      vertex 54.4693 53.3045 -3
      vertex 54 53.5359 -3
    endloop
  endfacet
  facet normal -0.442238 -0.896898 -0
    outer loop
      vertex 54.4693 53.3045 -3
      vertex 54 53.5359 -7
      vertex 54.4693 53.3045 -7
    endloop
  endfacet
  facet normal 0.896898 -0.442238 0
    outer loop
      vertex 59.4641 55 -3
      vertex 59.6955 55.4693 -7
      vertex 59.6955 55.4693 -3
    endloop
  endfacet
  facet normal 0.896898 -0.442238 0
    outer loop
      vertex 59.6955 55.4693 -7
      vertex 59.4641 55 -3
      vertex 59.4641 55 -7
    endloop
  endfacet
  facet normal -0.980779 0.195124 0
    outer loop
      vertex 52.0342 57.5221 -7
      vertex 52.1363 58.0353 -3
      vertex 52.1363 58.0353 -7
    endloop
  endfacet
  facet normal -0.980779 0.195124 0
    outer loop
      vertex 52.1363 58.0353 -3
      vertex 52.0342 57.5221 -7
      vertex 52.0342 57.5221 -3
    endloop
  endfacet
  facet normal -0.195124 -0.980779 0
    outer loop
      vertex 54.9647 53.1363 -7
      vertex 55.4779 53.0342 -3
      vertex 54.9647 53.1363 -3
    endloop
  endfacet
  facet normal -0.195124 -0.980779 -0
    outer loop
      vertex 55.4779 53.0342 -3
      vertex 54.9647 53.1363 -7
      vertex 55.4779 53.0342 -7
    endloop
  endfacet
  facet normal 0.0653646 -0.997861 0
    outer loop
      vertex 56 53 -7
      vertex 56.5221 53.0342 -3
      vertex 56 53 -3
    endloop
  endfacet
  facet normal 0.0653646 -0.997861 0
    outer loop
      vertex 56.5221 53.0342 -3
      vertex 56 53 -7
      vertex 56.5221 53.0342 -7
    endloop
  endfacet
  facet normal -0.997861 -0.0653646 0
    outer loop
      vertex 52.0342 56.4779 -7
      vertex 52 57 -3
      vertex 52 57 -7
    endloop
  endfacet
  facet normal -0.997861 -0.0653646 0
    outer loop
      vertex 52 57 -3
      vertex 52.0342 56.4779 -7
      vertex 52.0342 56.4779 -3
    endloop
  endfacet
  facet normal -0.195124 0.980779 0
    outer loop
      vertex 55.4779 60.9658 -7
      vertex 54.9647 60.8637 -3
      vertex 55.4779 60.9658 -3
    endloop
  endfacet
  facet normal -0.195124 0.980779 0
    outer loop
      vertex 54.9647 60.8637 -3
      vertex 55.4779 60.9658 -7
      vertex 54.9647 60.8637 -7
    endloop
  endfacet
  facet normal -0.980779 -0.195124 0
    outer loop
      vertex 52.1363 55.9647 -7
      vertex 52.0342 56.4779 -3
      vertex 52.0342 56.4779 -7
    endloop
  endfacet
  facet normal -0.980779 -0.195124 0
    outer loop
      vertex 52.0342 56.4779 -3
      vertex 52.1363 55.9647 -7
      vertex 52.1363 55.9647 -3
    endloop
  endfacet
  facet normal -0.659343 -0.751842 0
    outer loop
      vertex 53.1716 54.1716 -7
      vertex 53.565 53.8266 -3
      vertex 53.1716 54.1716 -3
    endloop
  endfacet
  facet normal -0.659343 -0.751842 -0
    outer loop
      vertex 53.565 53.8266 -3
      vertex 53.1716 54.1716 -7
      vertex 53.565 53.8266 -7
    endloop
  endfacet
  facet normal -0.94691 0.321498 0
    outer loop
      vertex 52.1363 58.0353 -7
      vertex 52.3045 58.5307 -3
      vertex 52.3045 58.5307 -7
    endloop
  endfacet
  facet normal -0.94691 0.321498 0
    outer loop
      vertex 52.3045 58.5307 -3
      vertex 52.1363 58.0353 -7
      vertex 52.1363 58.0353 -3
    endloop
  endfacet
  facet normal 0 0 1
    outer loop
      vertex 57.25 57 -3
      vertex 60 57 -3
      vertex 59.9658 57.5221 -3
    endloop
  endfacet
  facet normal 0 0 1
    outer loop
      vertex 57.2393 57.1632 -3
      vertex 59.9658 57.5221 -3
      vertex 59.8637 58.0353 -3
    endloop
  endfacet
  facet normal 0 0 1
    outer loop
      vertex 60 57 -3
      vertex 57.25 57 -3
      vertex 59.9658 56.4779 -3
    endloop
  endfacet
  facet normal 0 0 1
    outer loop
      vertex 57.2074 57.3235 -3
      vertex 59.8637 58.0353 -3
      vertex 59.6955 58.5307 -3
    endloop
  endfacet
  facet normal -0 0 1
    outer loop
      vertex 57.2393 56.8368 -3
      vertex 59.9658 56.4779 -3
      vertex 57.25 57 -3
    endloop
  endfacet
  facet normal 0 0 1
    outer loop
      vertex 57.1549 57.4784 -3
      vertex 59.6955 58.5307 -3
      vertex 59.4641 59 -3
    endloop
  endfacet
  facet normal 0 0 1
    outer loop
      vertex 59.9658 56.4779 -3
      vertex 57.2393 56.8368 -3
      vertex 59.8637 55.9647 -3
    endloop
  endfacet
  facet normal 0 0 1
    outer loop
      vertex 57.0825 57.625 -3
      vertex 59.4641 59 -3
      vertex 59.1734 59.435 -3
    endloop
  endfacet
  facet normal -0 0 1
    outer loop
      vertex 57.2074 56.6765 -3
      vertex 59.8637 55.9647 -3
      vertex 57.2393 56.8368 -3
    endloop
  endfacet
  facet normal 0 0 1
    outer loop
      vertex 56.9917 57.761 -3
      vertex 59.1734 59.435 -3
      vertex 58.8284 59.8284 -3
    endloop
  endfacet
  facet normal 0 0 1
    outer loop
      vertex 59.8637 55.9647 -3
      vertex 57.2074 56.6765 -3
      vertex 59.6955 55.4693 -3
    endloop
  endfacet
  facet normal 0 0 1
    outer loop
      vertex 56.8839 57.8839 -3
      vertex 58.8284 59.8284 -3
      vertex 58.435 60.1734 -3
    endloop
  endfacet
  facet normal -0 0 1
    outer loop
      vertex 57.1549 56.5216 -3
      vertex 59.6955 55.4693 -3
      vertex 57.2074 56.6765 -3
    endloop
  endfacet
  facet normal 0 0 1
    outer loop
      vertex 56.761 57.9917 -3
      vertex 58.435 60.1734 -3
      vertex 58 60.4641 -3
    endloop
  endfacet
  facet normal 0 0 1
    outer loop
      vertex 59.6955 55.4693 -3
      vertex 57.1549 56.5216 -3
      vertex 59.4641 55 -3
    endloop
  endfacet
  facet normal 0 0 1
    outer loop
      vertex 56.625 58.0825 -3
      vertex 58 60.4641 -3
      vertex 57.5307 60.6955 -3
    endloop
  endfacet
  facet normal -0 0 1
    outer loop
      vertex 57.0825 56.375 -3
      vertex 59.4641 55 -3
      vertex 57.1549 56.5216 -3
    endloop
  endfacet
  facet normal 0 0 1
    outer loop
      vertex 59.4641 55 -3
      vertex 57.0825 56.375 -3
      vertex 59.1734 54.565 -3
    endloop
  endfacet
  facet normal 0 0 1
    outer loop
      vertex 59.9658 57.5221 -3
      vertex 57.2393 57.1632 -3
      vertex 57.25 57 -3
    endloop
  endfacet
  facet normal 0 0 1
    outer loop
      vertex 59.8637 58.0353 -3
      vertex 57.2074 57.3235 -3
      vertex 57.2393 57.1632 -3
    endloop
  endfacet
  facet normal 0 0 1
    outer loop
      vertex 59.6955 58.5307 -3
      vertex 57.1549 57.4784 -3
      vertex 57.2074 57.3235 -3
    endloop
  endfacet
  facet normal 0 0 1
    outer loop
      vertex 59.4641 59 -3
      vertex 57.0825 57.625 -3
      vertex 57.1549 57.4784 -3
    endloop
  endfacet
  facet normal 0 0 1
    outer loop
      vertex 56.4784 58.1549 -3
      vertex 57.5307 60.6955 -3
      vertex 57.0353 60.8637 -3
    endloop
  endfacet
  facet normal 0 0 1
    outer loop
      vertex 59.1734 59.435 -3
      vertex 56.9917 57.761 -3
      vertex 57.0825 57.625 -3
    endloop
  endfacet
  facet normal 0 0 1
    outer loop
      vertex 58.8284 59.8284 -3
      vertex 56.8839 57.8839 -3
      vertex 56.9917 57.761 -3
    endloop
  endfacet
  facet normal 0 0 1
    outer loop
      vertex 58.435 60.1734 -3
      vertex 56.761 57.9917 -3
      vertex 56.8839 57.8839 -3
    endloop
  endfacet
  facet normal 0 0 1
    outer loop
      vertex 58 60.4641 -3
      vertex 56.625 58.0825 -3
      vertex 56.761 57.9917 -3
    endloop
  endfacet
  facet normal 0 0 1
    outer loop
      vertex 56.3235 58.2074 -3
      vertex 57.0353 60.8637 -3
      vertex 56.5221 60.9658 -3
    endloop
  endfacet
  facet normal 0 0 1
    outer loop
      vertex 57.5307 60.6955 -3
      vertex 56.4784 58.1549 -3
      vertex 56.625 58.0825 -3
    endloop
  endfacet
  facet normal 0 0 1
    outer loop
      vertex 57.0353 60.8637 -3
      vertex 56.3235 58.2074 -3
      vertex 56.4784 58.1549 -3
    endloop
  endfacet
  facet normal 0 0 1
    outer loop
      vertex 56.5221 60.9658 -3
      vertex 56.1632 58.2393 -3
      vertex 56.3235 58.2074 -3
    endloop
  endfacet
  facet normal 0 0 1
    outer loop
      vertex 56 61 -3
      vertex 56.1632 58.2393 -3
      vertex 56.5221 60.9658 -3
    endloop
  endfacet
  facet normal 0 0 1
    outer loop
      vertex 56 61 -3
      vertex 56 58.25 -3
      vertex 56.1632 58.2393 -3
    endloop
  endfacet
  facet normal 0 0 1
    outer loop
      vertex 56 61 -3
      vertex 55.8368 58.2393 -3
      vertex 56 58.25 -3
    endloop
  endfacet
  facet normal -0 0 1
    outer loop
      vertex 55.4779 60.9658 -3
      vertex 55.8368 58.2393 -3
      vertex 56 61 -3
    endloop
  endfacet
  facet normal 0 0 1
    outer loop
      vertex 55.8368 58.2393 -3
      vertex 55.4779 60.9658 -3
      vertex 55.6765 58.2074 -3
    endloop
  endfacet
  facet normal -0 0 1
    outer loop
      vertex 54.9647 60.8637 -3
      vertex 55.6765 58.2074 -3
      vertex 55.4779 60.9658 -3
    endloop
  endfacet
  facet normal 0 0 1
    outer loop
      vertex 55.6765 58.2074 -3
      vertex 54.9647 60.8637 -3
      vertex 55.5216 58.1549 -3
    endloop
  endfacet
  facet normal -0 0 1
    outer loop
      vertex 54.4693 60.6955 -3
      vertex 55.5216 58.1549 -3
      vertex 54.9647 60.8637 -3
    endloop
  endfacet
  facet normal 0 0 1
    outer loop
      vertex 55.5216 58.1549 -3
      vertex 54.4693 60.6955 -3
      vertex 55.375 58.0825 -3
    endloop
  endfacet
  facet normal -0 0 1
    outer loop
      vertex 54 60.4641 -3
      vertex 55.375 58.0825 -3
      vertex 54.4693 60.6955 -3
    endloop
  endfacet
  facet normal 0 0 1
    outer loop
      vertex 55.375 58.0825 -3
      vertex 54 60.4641 -3
      vertex 55.239 57.9917 -3
    endloop
  endfacet
  facet normal -0 0 1
    outer loop
      vertex 53.565 60.1734 -3
      vertex 55.239 57.9917 -3
      vertex 54 60.4641 -3
    endloop
  endfacet
  facet normal 0 0 1
    outer loop
      vertex 55.239 57.9917 -3
      vertex 53.565 60.1734 -3
      vertex 55.1161 57.8839 -3
    endloop
  endfacet
  facet normal -0 0 1
    outer loop
      vertex 53.1716 59.8284 -3
      vertex 55.1161 57.8839 -3
      vertex 53.565 60.1734 -3
    endloop
  endfacet
  facet normal 0 0 1
    outer loop
      vertex 55.1161 57.8839 -3
      vertex 53.1716 59.8284 -3
      vertex 55.0083 57.761 -3
    endloop
  endfacet
  facet normal -0 0 1
    outer loop
      vertex 52.8266 59.435 -3
      vertex 55.0083 57.761 -3
      vertex 53.1716 59.8284 -3
    endloop
  endfacet
  facet normal 0 0 1
    outer loop
      vertex 55.0083 57.761 -3
      vertex 52.8266 59.435 -3
      vertex 54.9175 57.625 -3
    endloop
  endfacet
  facet normal -0 0 1
    outer loop
      vertex 56.9917 56.239 -3
      vertex 59.1734 54.565 -3
      vertex 57.0825 56.375 -3
    endloop
  endfacet
  facet normal 0 0 1
    outer loop
      vertex 59.1734 54.565 -3
      vertex 56.9917 56.239 -3
      vertex 58.8284 54.1716 -3
    endloop
  endfacet
  facet normal -0 0 1
    outer loop
      vertex 56.8839 56.1161 -3
      vertex 58.8284 54.1716 -3
      vertex 56.9917 56.239 -3
    endloop
  endfacet
  facet normal 0 0 1
    outer loop
      vertex 58.8284 54.1716 -3
      vertex 56.8839 56.1161 -3
      vertex 58.435 53.8266 -3
    endloop
  endfacet
  facet normal -0 0 1
    outer loop
      vertex 56.761 56.0083 -3
      vertex 58.435 53.8266 -3
      vertex 56.8839 56.1161 -3
    endloop
  endfacet
  facet normal 0 0 1
    outer loop
      vertex 58.435 53.8266 -3
      vertex 56.761 56.0083 -3
      vertex 58 53.5359 -3
    endloop
  endfacet
  facet normal -0 0 1
    outer loop
      vertex 56.625 55.9175 -3
      vertex 58 53.5359 -3
      vertex 56.761 56.0083 -3
    endloop
  endfacet
  facet normal 0 0 1
    outer loop
      vertex 58 53.5359 -3
      vertex 56.625 55.9175 -3
      vertex 57.5307 53.3045 -3
    endloop
  endfacet
  facet normal -0 0 1
    outer loop
      vertex 56.4784 55.8451 -3
      vertex 57.5307 53.3045 -3
      vertex 56.625 55.9175 -3
    endloop
  endfacet
  facet normal 0 0 1
    outer loop
      vertex 57.5307 53.3045 -3
      vertex 56.4784 55.8451 -3
      vertex 57.0353 53.1363 -3
    endloop
  endfacet
  facet normal -0 0 1
    outer loop
      vertex 56.3235 55.7926 -3
      vertex 57.0353 53.1363 -3
      vertex 56.4784 55.8451 -3
    endloop
  endfacet
  facet normal 0 0 1
    outer loop
      vertex 57.0353 53.1363 -3
      vertex 56.3235 55.7926 -3
      vertex 56.5221 53.0342 -3
    endloop
  endfacet
  facet normal -0 0 1
    outer loop
      vertex 56.1632 55.7607 -3
      vertex 56.5221 53.0342 -3
      vertex 56.3235 55.7926 -3
    endloop
  endfacet
  facet normal -0 0 1
    outer loop
      vertex 56 55.75 -3
      vertex 56.5221 53.0342 -3
      vertex 56.1632 55.7607 -3
    endloop
  endfacet
  facet normal 0 0 1
    outer loop
      vertex 56 55.75 -3
      vertex 56 53 -3
      vertex 56.5221 53.0342 -3
    endloop
  endfacet
  facet normal 0 0 1
    outer loop
      vertex 55.8368 55.7607 -3
      vertex 56 53 -3
      vertex 56 55.75 -3
    endloop
  endfacet
  facet normal 0 0 1
    outer loop
      vertex 55.4779 53.0342 -3
      vertex 55.8368 55.7607 -3
      vertex 55.6765 55.7926 -3
    endloop
  endfacet
  facet normal 0 0 1
    outer loop
      vertex 54.9647 53.1363 -3
      vertex 55.6765 55.7926 -3
      vertex 55.5216 55.8451 -3
    endloop
  endfacet
  facet normal 0 0 1
    outer loop
      vertex 55.8368 55.7607 -3
      vertex 55.4779 53.0342 -3
      vertex 56 53 -3
    endloop
  endfacet
  facet normal 0 0 1
    outer loop
      vertex 54.4693 53.3045 -3
      vertex 55.5216 55.8451 -3
      vertex 55.375 55.9175 -3
    endloop
  endfacet
  facet normal 0 0 1
    outer loop
      vertex 54 53.5359 -3
      vertex 55.375 55.9175 -3
      vertex 55.239 56.0083 -3
    endloop
  endfacet
  facet normal 0 0 1
    outer loop
      vertex 53.565 53.8266 -3
      vertex 55.239 56.0083 -3
      vertex 55.1161 56.1161 -3
    endloop
  endfacet
  facet normal 0 0 1
    outer loop
      vertex 53.1716 54.1716 -3
      vertex 55.1161 56.1161 -3
      vertex 55.0083 56.239 -3
    endloop
  endfacet
  facet normal 0 0 1
    outer loop
      vertex 55.6765 55.7926 -3
      vertex 54.9647 53.1363 -3
      vertex 55.4779 53.0342 -3
    endloop
  endfacet
  facet normal 0 0 1
    outer loop
      vertex 52.8266 54.565 -3
      vertex 55.0083 56.239 -3
      vertex 54.9175 56.375 -3
    endloop
  endfacet
  facet normal 0 0 1
    outer loop
      vertex 52.5359 55 -3
      vertex 54.9175 56.375 -3
      vertex 54.8451 56.5216 -3
    endloop
  endfacet
  facet normal 0 0 1
    outer loop
      vertex 52.3045 55.4693 -3
      vertex 54.8451 56.5216 -3
      vertex 54.7926 56.6765 -3
    endloop
  endfacet
  facet normal 0 0 1
    outer loop
      vertex 52.1363 55.9647 -3
      vertex 54.7926 56.6765 -3
      vertex 54.7607 56.8368 -3
    endloop
  endfacet
  facet normal 0 0 1
    outer loop
      vertex 52.0342 56.4779 -3
      vertex 54.7607 56.8368 -3
      vertex 54.75 57 -3
    endloop
  endfacet
  facet normal -0 0 1
    outer loop
      vertex 52.5359 59 -3
      vertex 54.9175 57.625 -3
      vertex 52.8266 59.435 -3
    endloop
  endfacet
  facet normal 0 0 1
    outer loop
      vertex 55.5216 55.8451 -3
      vertex 54.4693 53.3045 -3
      vertex 54.9647 53.1363 -3
    endloop
  endfacet
  facet normal 0 0 1
    outer loop
      vertex 54.9175 57.625 -3
      vertex 52.5359 59 -3
      vertex 54.8451 57.4784 -3
    endloop
  endfacet
  facet normal 0 0 1
    outer loop
      vertex 55.375 55.9175 -3
      vertex 54 53.5359 -3
      vertex 54.4693 53.3045 -3
    endloop
  endfacet
  facet normal -0 0 1
    outer loop
      vertex 52.3045 58.5307 -3
      vertex 54.8451 57.4784 -3
      vertex 52.5359 59 -3
    endloop
  endfacet
  facet normal 0 0 1
    outer loop
      vertex 55.239 56.0083 -3
      vertex 53.565 53.8266 -3
      vertex 54 53.5359 -3
    endloop
  endfacet
  facet normal 0 0 1
    outer loop
      vertex 54.8451 57.4784 -3
      vertex 52.3045 58.5307 -3
      vertex 54.7926 57.3235 -3
    endloop
  endfacet
  facet normal 0 0 1
    outer loop
      vertex 55.1161 56.1161 -3
      vertex 53.1716 54.1716 -3
      vertex 53.565 53.8266 -3
    endloop
  endfacet
  facet normal -0 0 1
    outer loop
      vertex 52.1363 58.0353 -3
      vertex 54.7926 57.3235 -3
      vertex 52.3045 58.5307 -3
    endloop
  endfacet
  facet normal 0 0 1
    outer loop
      vertex 55.0083 56.239 -3
      vertex 52.8266 54.565 -3
      vertex 53.1716 54.1716 -3
    endloop
  endfacet
  facet normal 0 0 1
    outer loop
      vertex 54.7926 57.3235 -3
      vertex 52.1363 58.0353 -3
      vertex 54.7607 57.1632 -3
    endloop
  endfacet
  facet normal 0 0 1
    outer loop
      vertex 54.9175 56.375 -3
      vertex 52.5359 55 -3
      vertex 52.8266 54.565 -3
    endloop
  endfacet
  facet normal -0 0 1
    outer loop
      vertex 52.0342 57.5221 -3
      vertex 54.7607 57.1632 -3
      vertex 52.1363 58.0353 -3
    endloop
  endfacet
  facet normal 0 0 1
    outer loop
      vertex 54.8451 56.5216 -3
      vertex 52.3045 55.4693 -3
      vertex 52.5359 55 -3
    endloop
  endfacet
  facet normal 0 0 1
    outer loop
      vertex 54.7607 57.1632 -3
      vertex 52.0342 57.5221 -3
      vertex 54.75 57 -3
    endloop
  endfacet
  facet normal 0 0 1
    outer loop
      vertex 54.7926 56.6765 -3
      vertex 52.1363 55.9647 -3
      vertex 52.3045 55.4693 -3
    endloop
  endfacet
  facet normal 0 0 1
    outer loop
      vertex 52 57 -3
      vertex 54.75 57 -3
      vertex 52.0342 57.5221 -3
    endloop
  endfacet
  facet normal 0 0 1
    outer loop
      vertex 54.7607 56.8368 -3
      vertex 52.0342 56.4779 -3
      vertex 52.1363 55.9647 -3
    endloop
  endfacet
  facet normal 0 0 1
    outer loop
      vertex 54.75 57 -3
      vertex 52 57 -3
      vertex 52.0342 56.4779 -3
    endloop
  endfacet
  facet normal 0.980779 0.195124 0
    outer loop
      vertex 97.9658 33.5221 -3
      vertex 97.8637 34.0353 -7
      vertex 97.8637 34.0353 -3
    endloop
  endfacet
  facet normal 0.980779 0.195124 0
    outer loop
      vertex 97.8637 34.0353 -7
      vertex 97.9658 33.5221 -3
      vertex 97.9658 33.5221 -7
    endloop
  endfacet
  facet normal 0.997861 0.0653646 0
    outer loop
      vertex 98 33 -3
      vertex 97.9658 33.5221 -7
      vertex 97.9658 33.5221 -3
    endloop
  endfacet
  facet normal 0.997861 0.0653646 0
    outer loop
      vertex 97.9658 33.5221 -7
      vertex 98 33 -3
      vertex 98 33 -7
    endloop
  endfacet
  facet normal 0.94691 0.321498 0
    outer loop
      vertex 97.8637 34.0353 -3
      vertex 97.6955 34.5307 -7
      vertex 97.6955 34.5307 -3
    endloop
  endfacet
  facet normal 0.94691 0.321498 0
    outer loop
      vertex 97.6955 34.5307 -7
      vertex 97.8637 34.0353 -3
      vertex 97.8637 34.0353 -7
    endloop
  endfacet
  facet normal -0.555626 -0.831432 0
    outer loop
      vertex 91.565 29.8266 -7
      vertex 92 29.5359 -3
      vertex 91.565 29.8266 -3
    endloop
  endfacet
  facet normal -0.555626 -0.831432 -0
    outer loop
      vertex 92 29.5359 -3
      vertex 91.565 29.8266 -7
      vertex 92 29.5359 -7
    endloop
  endfacet
  facet normal -0.896898 0.442238 0
    outer loop
      vertex 90.3045 34.5307 -7
      vertex 90.5359 35 -3
      vertex 90.5359 35 -7
    endloop
  endfacet
  facet normal -0.896898 0.442238 0
    outer loop
      vertex 90.5359 35 -3
      vertex 90.3045 34.5307 -7
      vertex 90.3045 34.5307 -3
    endloop
  endfacet
  facet normal 0.980779 -0.195124 0
    outer loop
      vertex 97.8637 31.9647 -3
      vertex 97.9658 32.4779 -7
      vertex 97.9658 32.4779 -3
    endloop
  endfacet
  facet normal 0.980779 -0.195124 0
    outer loop
      vertex 97.9658 32.4779 -7
      vertex 97.8637 31.9647 -3
      vertex 97.8637 31.9647 -7
    endloop
  endfacet
  facet normal -0.555626 0.831432 0
    outer loop
      vertex 92 36.4641 -7
      vertex 91.565 36.1734 -3
      vertex 92 36.4641 -3
    endloop
  endfacet
  facet normal -0.555626 0.831432 0
    outer loop
      vertex 91.565 36.1734 -3
      vertex 92 36.4641 -7
      vertex 91.565 36.1734 -7
    endloop
  endfacet
  facet normal -0.997861 0.0653646 0
    outer loop
      vertex 90 33 -7
      vertex 90.0342 33.5221 -3
      vertex 90.0342 33.5221 -7
    endloop
  endfacet
  facet normal -0.997861 0.0653646 0
    outer loop
      vertex 90.0342 33.5221 -3
      vertex 90 33 -7
      vertex 90 33 -3
    endloop
  endfacet
  facet normal 0.321498 0.94691 -0
    outer loop
      vertex 95.5307 36.6955 -7
      vertex 95.0353 36.8637 -3
      vertex 95.5307 36.6955 -3
    endloop
  endfacet
  facet normal 0.321498 0.94691 0
    outer loop
      vertex 95.0353 36.8637 -3
      vertex 95.5307 36.6955 -7
      vertex 95.0353 36.8637 -7
    endloop
  endfacet
  facet normal 0.94691 -0.321498 0
    outer loop
      vertex 97.6955 31.4693 -3
      vertex 97.8637 31.9647 -7
      vertex 97.8637 31.9647 -3
    endloop
  endfacet
  facet normal 0.94691 -0.321498 0
    outer loop
      vertex 97.8637 31.9647 -7
      vertex 97.6955 31.4693 -3
      vertex 97.6955 31.4693 -7
    endloop
  endfacet
  facet normal 0.442238 -0.896898 0
    outer loop
      vertex 95.5307 29.3045 -7
      vertex 96 29.5359 -3
      vertex 95.5307 29.3045 -3
    endloop
  endfacet
  facet normal 0.442238 -0.896898 0
    outer loop
      vertex 96 29.5359 -3
      vertex 95.5307 29.3045 -7
      vertex 96 29.5359 -7
    endloop
  endfacet
  facet normal -0.94691 -0.321498 0
    outer loop
      vertex 90.3045 31.4693 -7
      vertex 90.1363 31.9647 -3
      vertex 90.1363 31.9647 -7
    endloop
  endfacet
  facet normal -0.94691 -0.321498 0
    outer loop
      vertex 90.1363 31.9647 -3
      vertex 90.3045 31.4693 -7
      vertex 90.3045 31.4693 -3
    endloop
  endfacet
  facet normal 0.896898 0.442238 0
    outer loop
      vertex 97.6955 34.5307 -3
      vertex 97.4641 35 -7
      vertex 97.4641 35 -3
    endloop
  endfacet
  facet normal 0.896898 0.442238 0
    outer loop
      vertex 97.4641 35 -7
      vertex 97.6955 34.5307 -3
      vertex 97.6955 34.5307 -7
    endloop
  endfacet
  facet normal 0.195124 0.980779 -0
    outer loop
      vertex 95.0353 36.8637 -7
      vertex 94.5221 36.9658 -3
      vertex 95.0353 36.8637 -3
    endloop
  endfacet
  facet normal 0.195124 0.980779 0
    outer loop
      vertex 94.5221 36.9658 -3
      vertex 95.0353 36.8637 -7
      vertex 94.5221 36.9658 -7
    endloop
  endfacet
  facet normal 0.555626 0.831432 -0
    outer loop
      vertex 96.435 36.1734 -7
      vertex 96 36.4641 -3
      vertex 96.435 36.1734 -3
    endloop
  endfacet
  facet normal 0.555626 0.831432 0
    outer loop
      vertex 96 36.4641 -3
      vertex 96.435 36.1734 -7
      vertex 96 36.4641 -7
    endloop
  endfacet
  facet normal 0.659343 0.751842 -0
    outer loop
      vertex 96.8284 35.8284 -7
      vertex 96.435 36.1734 -3
      vertex 96.8284 35.8284 -3
    endloop
  endfacet
  facet normal 0.659343 0.751842 0
    outer loop
      vertex 96.435 36.1734 -3
      vertex 96.8284 35.8284 -7
      vertex 96.435 36.1734 -7
    endloop
  endfacet
  facet normal 0.831432 -0.555626 0
    outer loop
      vertex 97.1734 30.565 -3
      vertex 97.4641 31 -7
      vertex 97.4641 31 -3
    endloop
  endfacet
  facet normal 0.831432 -0.555626 0
    outer loop
      vertex 97.4641 31 -7
      vertex 97.1734 30.565 -3
      vertex 97.1734 30.565 -7
    endloop
  endfacet
  facet normal -0.896898 -0.442238 0
    outer loop
      vertex 90.5359 31 -7
      vertex 90.3045 31.4693 -3
      vertex 90.3045 31.4693 -7
    endloop
  endfacet
  facet normal -0.896898 -0.442238 0
    outer loop
      vertex 90.3045 31.4693 -3
      vertex 90.5359 31 -7
      vertex 90.5359 31 -3
    endloop
  endfacet
  facet normal -0.0653646 0.997861 0
    outer loop
      vertex 94 37 -7
      vertex 93.4779 36.9658 -3
      vertex 94 37 -3
    endloop
  endfacet
  facet normal -0.0653646 0.997861 0
    outer loop
      vertex 93.4779 36.9658 -3
      vertex 94 37 -7
      vertex 93.4779 36.9658 -7
    endloop
  endfacet
  facet normal -0.751842 0.659343 0
    outer loop
      vertex 90.8266 35.435 -7
      vertex 91.1716 35.8284 -3
      vertex 91.1716 35.8284 -7
    endloop
  endfacet
  facet normal -0.751842 0.659343 0
    outer loop
      vertex 91.1716 35.8284 -3
      vertex 90.8266 35.435 -7
      vertex 90.8266 35.435 -3
    endloop
  endfacet
  facet normal -0.321498 -0.94691 0
    outer loop
      vertex 92.4693 29.3045 -7
      vertex 92.9647 29.1363 -3
      vertex 92.4693 29.3045 -3
    endloop
  endfacet
  facet normal -0.321498 -0.94691 -0
    outer loop
      vertex 92.9647 29.1363 -3
      vertex 92.4693 29.3045 -7
      vertex 92.9647 29.1363 -7
    endloop
  endfacet
  facet normal 0.751842 0.659343 0
    outer loop
      vertex 97.1734 35.435 -3
      vertex 96.8284 35.8284 -7
      vertex 96.8284 35.8284 -3
    endloop
  endfacet
  facet normal 0.751842 0.659343 0
    outer loop
      vertex 96.8284 35.8284 -7
      vertex 97.1734 35.435 -3
      vertex 97.1734 35.435 -7
    endloop
  endfacet
  facet normal -0.659343 0.751842 0
    outer loop
      vertex 91.565 36.1734 -7
      vertex 91.1716 35.8284 -3
      vertex 91.565 36.1734 -3
    endloop
  endfacet
  facet normal -0.659343 0.751842 0
    outer loop
      vertex 91.1716 35.8284 -3
      vertex 91.565 36.1734 -7
      vertex 91.1716 35.8284 -7
    endloop
  endfacet
  facet normal -0.442238 0.896898 0
    outer loop
      vertex 92.4693 36.6955 -7
      vertex 92 36.4641 -3
      vertex 92.4693 36.6955 -3
    endloop
  endfacet
  facet normal -0.442238 0.896898 0
    outer loop
      vertex 92 36.4641 -3
      vertex 92.4693 36.6955 -7
      vertex 92 36.4641 -7
    endloop
  endfacet
  facet normal 0.195124 -0.980779 0
    outer loop
      vertex 94.5221 29.0342 -7
      vertex 95.0353 29.1363 -3
      vertex 94.5221 29.0342 -3
    endloop
  endfacet
  facet normal 0.195124 -0.980779 0
    outer loop
      vertex 95.0353 29.1363 -3
      vertex 94.5221 29.0342 -7
      vertex 95.0353 29.1363 -7
    endloop
  endfacet
  facet normal -0.831432 0.555626 0
    outer loop
      vertex 90.5359 35 -7
      vertex 90.8266 35.435 -3
      vertex 90.8266 35.435 -7
    endloop
  endfacet
  facet normal -0.831432 0.555626 0
    outer loop
      vertex 90.8266 35.435 -3
      vertex 90.5359 35 -7
      vertex 90.5359 35 -3
    endloop
  endfacet
  facet normal 0.442238 0.896898 -0
    outer loop
      vertex 96 36.4641 -7
      vertex 95.5307 36.6955 -3
      vertex 96 36.4641 -3
    endloop
  endfacet
  facet normal 0.442238 0.896898 0
    outer loop
      vertex 95.5307 36.6955 -3
      vertex 96 36.4641 -7
      vertex 95.5307 36.6955 -7
    endloop
  endfacet
  facet normal 0.997861 -0.0653646 0
    outer loop
      vertex 97.9658 32.4779 -3
      vertex 98 33 -7
      vertex 98 33 -3
    endloop
  endfacet
  facet normal 0.997861 -0.0653646 0
    outer loop
      vertex 98 33 -7
      vertex 97.9658 32.4779 -3
      vertex 97.9658 32.4779 -7
    endloop
  endfacet
  facet normal 0.831432 0.555626 0
    outer loop
      vertex 97.4641 35 -3
      vertex 97.1734 35.435 -7
      vertex 97.1734 35.435 -3
    endloop
  endfacet
  facet normal 0.831432 0.555626 0
    outer loop
      vertex 97.1734 35.435 -7
      vertex 97.4641 35 -3
      vertex 97.4641 35 -7
    endloop
  endfacet
  facet normal -0.321498 0.94691 0
    outer loop
      vertex 92.9647 36.8637 -7
      vertex 92.4693 36.6955 -3
      vertex 92.9647 36.8637 -3
    endloop
  endfacet
  facet normal -0.321498 0.94691 0
    outer loop
      vertex 92.4693 36.6955 -3
      vertex 92.9647 36.8637 -7
      vertex 92.4693 36.6955 -7
    endloop
  endfacet
  facet normal -0.751842 -0.659343 0
    outer loop
      vertex 91.1716 30.1716 -7
      vertex 90.8266 30.565 -3
      vertex 90.8266 30.565 -7
    endloop
  endfacet
  facet normal -0.751842 -0.659343 0
    outer loop
      vertex 90.8266 30.565 -3
      vertex 91.1716 30.1716 -7
      vertex 91.1716 30.1716 -3
    endloop
  endfacet
  facet normal 0.659343 -0.751842 0
    outer loop
      vertex 96.435 29.8266 -7
      vertex 96.8284 30.1716 -3
      vertex 96.435 29.8266 -3
    endloop
  endfacet
  facet normal 0.659343 -0.751842 0
    outer loop
      vertex 96.8284 30.1716 -3
      vertex 96.435 29.8266 -7
      vertex 96.8284 30.1716 -7
    endloop
  endfacet
  facet normal -0.0653646 -0.997861 0
    outer loop
      vertex 93.4779 29.0342 -7
      vertex 94 29 -3
      vertex 93.4779 29.0342 -3
    endloop
  endfacet
  facet normal -0.0653646 -0.997861 -0
    outer loop
      vertex 94 29 -3
      vertex 93.4779 29.0342 -7
      vertex 94 29 -7
    endloop
  endfacet
  facet normal 0.321498 -0.94691 0
    outer loop
      vertex 95.0353 29.1363 -7
      vertex 95.5307 29.3045 -3
      vertex 95.0353 29.1363 -3
    endloop
  endfacet
  facet normal 0.321498 -0.94691 0
    outer loop
      vertex 95.5307 29.3045 -3
      vertex 95.0353 29.1363 -7
      vertex 95.5307 29.3045 -7
    endloop
  endfacet
  facet normal 0.555626 -0.831432 0
    outer loop
      vertex 96 29.5359 -7
      vertex 96.435 29.8266 -3
      vertex 96 29.5359 -3
    endloop
  endfacet
  facet normal 0.555626 -0.831432 0
    outer loop
      vertex 96.435 29.8266 -3
      vertex 96 29.5359 -7
      vertex 96.435 29.8266 -7
    endloop
  endfacet
  facet normal 0.0653646 0.997861 -0
    outer loop
      vertex 94.5221 36.9658 -7
      vertex 94 37 -3
      vertex 94.5221 36.9658 -3
    endloop
  endfacet
  facet normal 0.0653646 0.997861 0
    outer loop
      vertex 94 37 -3
      vertex 94.5221 36.9658 -7
      vertex 94 37 -7
    endloop
  endfacet
  facet normal 0.751842 -0.659343 0
    outer loop
      vertex 96.8284 30.1716 -3
      vertex 97.1734 30.565 -7
      vertex 97.1734 30.565 -3
    endloop
  endfacet
  facet normal 0.751842 -0.659343 0
    outer loop
      vertex 97.1734 30.565 -7
      vertex 96.8284 30.1716 -3
      vertex 96.8284 30.1716 -7
    endloop
  endfacet
  facet normal -0.831432 -0.555626 0
    outer loop
      vertex 90.8266 30.565 -7
      vertex 90.5359 31 -3
      vertex 90.5359 31 -7
    endloop
  endfacet
  facet normal -0.831432 -0.555626 0
    outer loop
      vertex 90.5359 31 -3
      vertex 90.8266 30.565 -7
      vertex 90.8266 30.565 -3
    endloop
  endfacet
  facet normal -0.442238 -0.896898 0
    outer loop
      vertex 92 29.5359 -7
      vertex 92.4693 29.3045 -3
      vertex 92 29.5359 -3
    endloop
  endfacet
  facet normal -0.442238 -0.896898 -0
    outer loop
      vertex 92.4693 29.3045 -3
      vertex 92 29.5359 -7
      vertex 92.4693 29.3045 -7
    endloop
  endfacet
  facet normal -0.659343 -0.751842 0
    outer loop
      vertex 91.1716 30.1716 -7
      vertex 91.565 29.8266 -3
      vertex 91.1716 30.1716 -3
    endloop
  endfacet
  facet normal -0.659343 -0.751842 -0
    outer loop
      vertex 91.565 29.8266 -3
      vertex 91.1716 30.1716 -7
      vertex 91.565 29.8266 -7
    endloop
  endfacet
  facet normal 0.896898 -0.442238 0
    outer loop
      vertex 97.4641 31 -3
      vertex 97.6955 31.4693 -7
      vertex 97.6955 31.4693 -3
    endloop
  endfacet
  facet normal 0.896898 -0.442238 0
    outer loop
      vertex 97.6955 31.4693 -7
      vertex 97.4641 31 -3
      vertex 97.4641 31 -7
    endloop
  endfacet
  facet normal -0.980779 0.195124 0
    outer loop
      vertex 90.0342 33.5221 -7
      vertex 90.1363 34.0353 -3
      vertex 90.1363 34.0353 -7
    endloop
  endfacet
  facet normal -0.980779 0.195124 0
    outer loop
      vertex 90.1363 34.0353 -3
      vertex 90.0342 33.5221 -7
      vertex 90.0342 33.5221 -3
    endloop
  endfacet
  facet normal -0.195124 -0.980779 0
    outer loop
      vertex 92.9647 29.1363 -7
      vertex 93.4779 29.0342 -3
      vertex 92.9647 29.1363 -3
    endloop
  endfacet
  facet normal -0.195124 -0.980779 -0
    outer loop
      vertex 93.4779 29.0342 -3
      vertex 92.9647 29.1363 -7
      vertex 93.4779 29.0342 -7
    endloop
  endfacet
  facet normal 0.0653646 -0.997861 0
    outer loop
      vertex 94 29 -7
      vertex 94.5221 29.0342 -3
      vertex 94 29 -3
    endloop
  endfacet
  facet normal 0.0653646 -0.997861 0
    outer loop
      vertex 94.5221 29.0342 -3
      vertex 94 29 -7
      vertex 94.5221 29.0342 -7
    endloop
  endfacet
  facet normal -0.997861 -0.0653646 0
    outer loop
      vertex 90.0342 32.4779 -7
      vertex 90 33 -3
      vertex 90 33 -7
    endloop
  endfacet
  facet normal -0.997861 -0.0653646 0
    outer loop
      vertex 90 33 -3
      vertex 90.0342 32.4779 -7
      vertex 90.0342 32.4779 -3
    endloop
  endfacet
  facet normal -0.195124 0.980779 0
    outer loop
      vertex 93.4779 36.9658 -7
      vertex 92.9647 36.8637 -3
      vertex 93.4779 36.9658 -3
    endloop
  endfacet
  facet normal -0.195124 0.980779 0
    outer loop
      vertex 92.9647 36.8637 -3
      vertex 93.4779 36.9658 -7
      vertex 92.9647 36.8637 -7
    endloop
  endfacet
  facet normal -0.980779 -0.195124 0
    outer loop
      vertex 90.1363 31.9647 -7
      vertex 90.0342 32.4779 -3
      vertex 90.0342 32.4779 -7
    endloop
  endfacet
  facet normal -0.980779 -0.195124 0
    outer loop
      vertex 90.0342 32.4779 -3
      vertex 90.1363 31.9647 -7
      vertex 90.1363 31.9647 -3
    endloop
  endfacet
  facet normal -0.94691 0.321498 0
    outer loop
      vertex 90.1363 34.0353 -7
      vertex 90.3045 34.5307 -3
      vertex 90.3045 34.5307 -7
    endloop
  endfacet
  facet normal -0.94691 0.321498 0
    outer loop
      vertex 90.3045 34.5307 -3
      vertex 90.1363 34.0353 -7
      vertex 90.1363 34.0353 -3
    endloop
  endfacet
  facet normal 0 0 1
    outer loop
      vertex 95.25 33 -3
      vertex 98 33 -3
      vertex 97.9658 33.5221 -3
    endloop
  endfacet
  facet normal 0 0 1
    outer loop
      vertex 95.2393 33.1632 -3
      vertex 97.9658 33.5221 -3
      vertex 97.8637 34.0353 -3
    endloop
  endfacet
  facet normal 0 0 1
    outer loop
      vertex 98 33 -3
      vertex 95.25 33 -3
      vertex 97.9658 32.4779 -3
    endloop
  endfacet
  facet normal 0 0 1
    outer loop
      vertex 95.2074 33.3235 -3
      vertex 97.8637 34.0353 -3
      vertex 97.6955 34.5307 -3
    endloop
  endfacet
  facet normal -0 0 1
    outer loop
      vertex 95.2393 32.8368 -3
      vertex 97.9658 32.4779 -3
      vertex 95.25 33 -3
    endloop
  endfacet
  facet normal 0 0 1
    outer loop
      vertex 95.1548 33.4784 -3
      vertex 97.6955 34.5307 -3
      vertex 97.4641 35 -3
    endloop
  endfacet
  facet normal 0 0 1
    outer loop
      vertex 97.9658 32.4779 -3
      vertex 95.2393 32.8368 -3
      vertex 97.8637 31.9647 -3
    endloop
  endfacet
  facet normal 0 0 1
    outer loop
      vertex 95.0825 33.625 -3
      vertex 97.4641 35 -3
      vertex 97.1734 35.435 -3
    endloop
  endfacet
  facet normal -0 0 1
    outer loop
      vertex 95.2074 32.6765 -3
      vertex 97.8637 31.9647 -3
      vertex 95.2393 32.8368 -3
    endloop
  endfacet
  facet normal 0 0 1
    outer loop
      vertex 94.9917 33.761 -3
      vertex 97.1734 35.435 -3
      vertex 96.8284 35.8284 -3
    endloop
  endfacet
  facet normal 0 0 1
    outer loop
      vertex 97.8637 31.9647 -3
      vertex 95.2074 32.6765 -3
      vertex 97.6955 31.4693 -3
    endloop
  endfacet
  facet normal 0 0 1
    outer loop
      vertex 94.8839 33.8839 -3
      vertex 96.8284 35.8284 -3
      vertex 96.435 36.1734 -3
    endloop
  endfacet
  facet normal -0 0 1
    outer loop
      vertex 95.1548 32.5216 -3
      vertex 97.6955 31.4693 -3
      vertex 95.2074 32.6765 -3
    endloop
  endfacet
  facet normal 0 0 1
    outer loop
      vertex 94.7609 33.9917 -3
      vertex 96.435 36.1734 -3
      vertex 96 36.4641 -3
    endloop
  endfacet
  facet normal 0 0 1
    outer loop
      vertex 97.6955 31.4693 -3
      vertex 95.1548 32.5216 -3
      vertex 97.4641 31 -3
    endloop
  endfacet
  facet normal 0 0 1
    outer loop
      vertex 94.625 34.0825 -3
      vertex 96 36.4641 -3
      vertex 95.5307 36.6955 -3
    endloop
  endfacet
  facet normal -0 0 1
    outer loop
      vertex 95.0825 32.375 -3
      vertex 97.4641 31 -3
      vertex 95.1548 32.5216 -3
    endloop
  endfacet
  facet normal 0 0 1
    outer loop
      vertex 97.4641 31 -3
      vertex 95.0825 32.375 -3
      vertex 97.1734 30.565 -3
    endloop
  endfacet
  facet normal 0 0 1
    outer loop
      vertex 97.9658 33.5221 -3
      vertex 95.2393 33.1632 -3
      vertex 95.25 33 -3
    endloop
  endfacet
  facet normal 0 0 1
    outer loop
      vertex 97.8637 34.0353 -3
      vertex 95.2074 33.3235 -3
      vertex 95.2393 33.1632 -3
    endloop
  endfacet
  facet normal 0 0 1
    outer loop
      vertex 97.6955 34.5307 -3
      vertex 95.1548 33.4784 -3
      vertex 95.2074 33.3235 -3
    endloop
  endfacet
  facet normal 0 0 1
    outer loop
      vertex 97.4641 35 -3
      vertex 95.0825 33.625 -3
      vertex 95.1548 33.4784 -3
    endloop
  endfacet
  facet normal 0 0 1
    outer loop
      vertex 94.4784 34.1549 -3
      vertex 95.5307 36.6955 -3
      vertex 95.0353 36.8637 -3
    endloop
  endfacet
  facet normal 0 0 1
    outer loop
      vertex 97.1734 35.435 -3
      vertex 94.9917 33.761 -3
      vertex 95.0825 33.625 -3
    endloop
  endfacet
  facet normal 0 0 1
    outer loop
      vertex 96.8284 35.8284 -3
      vertex 94.8839 33.8839 -3
      vertex 94.9917 33.761 -3
    endloop
  endfacet
  facet normal 0 0 1
    outer loop
      vertex 96.435 36.1734 -3
      vertex 94.7609 33.9917 -3
      vertex 94.8839 33.8839 -3
    endloop
  endfacet
  facet normal 0 0 1
    outer loop
      vertex 96 36.4641 -3
      vertex 94.625 34.0825 -3
      vertex 94.7609 33.9917 -3
    endloop
  endfacet
  facet normal 0 0 1
    outer loop
      vertex 94.3235 34.2074 -3
      vertex 95.0353 36.8637 -3
      vertex 94.5221 36.9658 -3
    endloop
  endfacet
  facet normal 0 0 1
    outer loop
      vertex 95.5307 36.6955 -3
      vertex 94.4784 34.1549 -3
      vertex 94.625 34.0825 -3
    endloop
  endfacet
  facet normal 0 0 1
    outer loop
      vertex 95.0353 36.8637 -3
      vertex 94.3235 34.2074 -3
      vertex 94.4784 34.1549 -3
    endloop
  endfacet
  facet normal 0 0 1
    outer loop
      vertex 94.5221 36.9658 -3
      vertex 94.1632 34.2393 -3
      vertex 94.3235 34.2074 -3
    endloop
  endfacet
  facet normal 0 0 1
    outer loop
      vertex 94 37 -3
      vertex 94.1632 34.2393 -3
      vertex 94.5221 36.9658 -3
    endloop
  endfacet
  facet normal 0 0 1
    outer loop
      vertex 94 37 -3
      vertex 94 34.25 -3
      vertex 94.1632 34.2393 -3
    endloop
  endfacet
  facet normal 0 0 1
    outer loop
      vertex 94 37 -3
      vertex 93.8368 34.2393 -3
      vertex 94 34.25 -3
    endloop
  endfacet
  facet normal -0 0 1
    outer loop
      vertex 93.4779 36.9658 -3
      vertex 93.8368 34.2393 -3
      vertex 94 37 -3
    endloop
  endfacet
  facet normal 0 0 1
    outer loop
      vertex 93.8368 34.2393 -3
      vertex 93.4779 36.9658 -3
      vertex 93.6765 34.2074 -3
    endloop
  endfacet
  facet normal -0 0 1
    outer loop
      vertex 92.9647 36.8637 -3
      vertex 93.6765 34.2074 -3
      vertex 93.4779 36.9658 -3
    endloop
  endfacet
  facet normal 0 0 1
    outer loop
      vertex 93.6765 34.2074 -3
      vertex 92.9647 36.8637 -3
      vertex 93.5216 34.1549 -3
    endloop
  endfacet
  facet normal -0 0 1
    outer loop
      vertex 92.4693 36.6955 -3
      vertex 93.5216 34.1549 -3
      vertex 92.9647 36.8637 -3
    endloop
  endfacet
  facet normal 0 0 1
    outer loop
      vertex 93.5216 34.1549 -3
      vertex 92.4693 36.6955 -3
      vertex 93.375 34.0825 -3
    endloop
  endfacet
  facet normal -0 0 1
    outer loop
      vertex 92 36.4641 -3
      vertex 93.375 34.0825 -3
      vertex 92.4693 36.6955 -3
    endloop
  endfacet
  facet normal 0 0 1
    outer loop
      vertex 93.375 34.0825 -3
      vertex 92 36.4641 -3
      vertex 93.239 33.9917 -3
    endloop
  endfacet
  facet normal -0 0 1
    outer loop
      vertex 91.565 36.1734 -3
      vertex 93.239 33.9917 -3
      vertex 92 36.4641 -3
    endloop
  endfacet
  facet normal 0 0 1
    outer loop
      vertex 93.239 33.9917 -3
      vertex 91.565 36.1734 -3
      vertex 93.1161 33.8839 -3
    endloop
  endfacet
  facet normal -0 0 1
    outer loop
      vertex 91.1716 35.8284 -3
      vertex 93.1161 33.8839 -3
      vertex 91.565 36.1734 -3
    endloop
  endfacet
  facet normal 0 0 1
    outer loop
      vertex 93.1161 33.8839 -3
      vertex 91.1716 35.8284 -3
      vertex 93.0083 33.761 -3
    endloop
  endfacet
  facet normal -0 0 1
    outer loop
      vertex 90.8266 35.435 -3
      vertex 93.0083 33.761 -3
      vertex 91.1716 35.8284 -3
    endloop
  endfacet
  facet normal 0 0 1
    outer loop
      vertex 93.0083 33.761 -3
      vertex 90.8266 35.435 -3
      vertex 92.9175 33.625 -3
    endloop
  endfacet
  facet normal -0 0 1
    outer loop
      vertex 94.9917 32.239 -3
      vertex 97.1734 30.565 -3
      vertex 95.0825 32.375 -3
    endloop
  endfacet
  facet normal 0 0 1
    outer loop
      vertex 97.1734 30.565 -3
      vertex 94.9917 32.239 -3
      vertex 96.8284 30.1716 -3
    endloop
  endfacet
  facet normal -0 0 1
    outer loop
      vertex 94.8839 32.1161 -3
      vertex 96.8284 30.1716 -3
      vertex 94.9917 32.239 -3
    endloop
  endfacet
  facet normal 0 0 1
    outer loop
      vertex 96.8284 30.1716 -3
      vertex 94.8839 32.1161 -3
      vertex 96.435 29.8266 -3
    endloop
  endfacet
  facet normal -0 0 1
    outer loop
      vertex 94.7609 32.0083 -3
      vertex 96.435 29.8266 -3
      vertex 94.8839 32.1161 -3
    endloop
  endfacet
  facet normal 0 0 1
    outer loop
      vertex 96.435 29.8266 -3
      vertex 94.7609 32.0083 -3
      vertex 96 29.5359 -3
    endloop
  endfacet
  facet normal -0 0 1
    outer loop
      vertex 94.625 31.9175 -3
      vertex 96 29.5359 -3
      vertex 94.7609 32.0083 -3
    endloop
  endfacet
  facet normal 0 0 1
    outer loop
      vertex 96 29.5359 -3
      vertex 94.625 31.9175 -3
      vertex 95.5307 29.3045 -3
    endloop
  endfacet
  facet normal -0 0 1
    outer loop
      vertex 94.4784 31.8451 -3
      vertex 95.5307 29.3045 -3
      vertex 94.625 31.9175 -3
    endloop
  endfacet
  facet normal 0 0 1
    outer loop
      vertex 95.5307 29.3045 -3
      vertex 94.4784 31.8451 -3
      vertex 95.0353 29.1363 -3
    endloop
  endfacet
  facet normal -0 0 1
    outer loop
      vertex 94.3235 31.7926 -3
      vertex 95.0353 29.1363 -3
      vertex 94.4784 31.8451 -3
    endloop
  endfacet
  facet normal 0 0 1
    outer loop
      vertex 95.0353 29.1363 -3
      vertex 94.3235 31.7926 -3
      vertex 94.5221 29.0342 -3
    endloop
  endfacet
  facet normal -0 0 1
    outer loop
      vertex 94.1632 31.7607 -3
      vertex 94.5221 29.0342 -3
      vertex 94.3235 31.7926 -3
    endloop
  endfacet
  facet normal -0 0 1
    outer loop
      vertex 94 31.75 -3
      vertex 94.5221 29.0342 -3
      vertex 94.1632 31.7607 -3
    endloop
  endfacet
  facet normal 0 0 1
    outer loop
      vertex 94 31.75 -3
      vertex 94 29 -3
      vertex 94.5221 29.0342 -3
    endloop
  endfacet
  facet normal 0 0 1
    outer loop
      vertex 93.8368 31.7607 -3
      vertex 94 29 -3
      vertex 94 31.75 -3
    endloop
  endfacet
  facet normal 0 0 1
    outer loop
      vertex 93.4779 29.0342 -3
      vertex 93.8368 31.7607 -3
      vertex 93.6765 31.7926 -3
    endloop
  endfacet
  facet normal 0 0 1
    outer loop
      vertex 92.9647 29.1363 -3
      vertex 93.6765 31.7926 -3
      vertex 93.5216 31.8451 -3
    endloop
  endfacet
  facet normal 0 0 1
    outer loop
      vertex 93.8368 31.7607 -3
      vertex 93.4779 29.0342 -3
      vertex 94 29 -3
    endloop
  endfacet
  facet normal 0 0 1
    outer loop
      vertex 92.4693 29.3045 -3
      vertex 93.5216 31.8451 -3
      vertex 93.375 31.9175 -3
    endloop
  endfacet
  facet normal 0 0 1
    outer loop
      vertex 92 29.5359 -3
      vertex 93.375 31.9175 -3
      vertex 93.239 32.0083 -3
    endloop
  endfacet
  facet normal 0 0 1
    outer loop
      vertex 91.565 29.8266 -3
      vertex 93.239 32.0083 -3
      vertex 93.1161 32.1161 -3
    endloop
  endfacet
  facet normal 0 0 1
    outer loop
      vertex 91.1716 30.1716 -3
      vertex 93.1161 32.1161 -3
      vertex 93.0083 32.239 -3
    endloop
  endfacet
  facet normal 0 0 1
    outer loop
      vertex 93.6765 31.7926 -3
      vertex 92.9647 29.1363 -3
      vertex 93.4779 29.0342 -3
    endloop
  endfacet
  facet normal 0 0 1
    outer loop
      vertex 90.8266 30.565 -3
      vertex 93.0083 32.239 -3
      vertex 92.9175 32.375 -3
    endloop
  endfacet
  facet normal 0 0 1
    outer loop
      vertex 90.5359 31 -3
      vertex 92.9175 32.375 -3
      vertex 92.8452 32.5216 -3
    endloop
  endfacet
  facet normal 0 0 1
    outer loop
      vertex 90.3045 31.4693 -3
      vertex 92.8452 32.5216 -3
      vertex 92.7926 32.6765 -3
    endloop
  endfacet
  facet normal 0 0 1
    outer loop
      vertex 90.1363 31.9647 -3
      vertex 92.7926 32.6765 -3
      vertex 92.7607 32.8368 -3
    endloop
  endfacet
  facet normal 0 0 1
    outer loop
      vertex 90.0342 32.4779 -3
      vertex 92.7607 32.8368 -3
      vertex 92.75 33 -3
    endloop
  endfacet
  facet normal -0 0 1
    outer loop
      vertex 90.5359 35 -3
      vertex 92.9175 33.625 -3
      vertex 90.8266 35.435 -3
    endloop
  endfacet
  facet normal 0 0 1
    outer loop
      vertex 93.5216 31.8451 -3
      vertex 92.4693 29.3045 -3
      vertex 92.9647 29.1363 -3
    endloop
  endfacet
  facet normal 0 0 1
    outer loop
      vertex 92.9175 33.625 -3
      vertex 90.5359 35 -3
      vertex 92.8452 33.4784 -3
    endloop
  endfacet
  facet normal 0 0 1
    outer loop
      vertex 93.375 31.9175 -3
      vertex 92 29.5359 -3
      vertex 92.4693 29.3045 -3
    endloop
  endfacet
  facet normal -0 0 1
    outer loop
      vertex 90.3045 34.5307 -3
      vertex 92.8452 33.4784 -3
      vertex 90.5359 35 -3
    endloop
  endfacet
  facet normal 0 0 1
    outer loop
      vertex 93.239 32.0083 -3
      vertex 91.565 29.8266 -3
      vertex 92 29.5359 -3
    endloop
  endfacet
  facet normal 0 0 1
    outer loop
      vertex 92.8452 33.4784 -3
      vertex 90.3045 34.5307 -3
      vertex 92.7926 33.3235 -3
    endloop
  endfacet
  facet normal 0 0 1
    outer loop
      vertex 93.1161 32.1161 -3
      vertex 91.1716 30.1716 -3
      vertex 91.565 29.8266 -3
    endloop
  endfacet
  facet normal -0 0 1
    outer loop
      vertex 90.1363 34.0353 -3
      vertex 92.7926 33.3235 -3
      vertex 90.3045 34.5307 -3
    endloop
  endfacet
  facet normal 0 0 1
    outer loop
      vertex 93.0083 32.239 -3
      vertex 90.8266 30.565 -3
      vertex 91.1716 30.1716 -3
    endloop
  endfacet
  facet normal 0 0 1
    outer loop
      vertex 92.7926 33.3235 -3
      vertex 90.1363 34.0353 -3
      vertex 92.7607 33.1632 -3
    endloop
  endfacet
  facet normal 0 0 1
    outer loop
      vertex 92.9175 32.375 -3
      vertex 90.5359 31 -3
      vertex 90.8266 30.565 -3
    endloop
  endfacet
  facet normal -0 0 1
    outer loop
      vertex 90.0342 33.5221 -3
      vertex 92.7607 33.1632 -3
      vertex 90.1363 34.0353 -3
    endloop
  endfacet
  facet normal 0 0 1
    outer loop
      vertex 92.8452 32.5216 -3
      vertex 90.3045 31.4693 -3
      vertex 90.5359 31 -3
    endloop
  endfacet
  facet normal 0 0 1
    outer loop
      vertex 92.7607 33.1632 -3
      vertex 90.0342 33.5221 -3
      vertex 92.75 33 -3
    endloop
  endfacet
  facet normal 0 0 1
    outer loop
      vertex 92.7926 32.6765 -3
      vertex 90.1363 31.9647 -3
      vertex 90.3045 31.4693 -3
    endloop
  endfacet
  facet normal 0 0 1
    outer loop
      vertex 90 33 -3
      vertex 92.75 33 -3
      vertex 90.0342 33.5221 -3
    endloop
  endfacet
  facet normal 0 0 1
    outer loop
      vertex 92.7607 32.8368 -3
      vertex 90.0342 32.4779 -3
      vertex 90.1363 31.9647 -3
    endloop
  endfacet
  facet normal 0 0 1
    outer loop
      vertex 92.75 33 -3
      vertex 90 33 -3
      vertex 90.0342 32.4779 -3
    endloop
  endfacet
  facet normal 0.980779 0.195124 0
    outer loop
      vertex 97.9658 57.5221 -3
      vertex 97.8637 58.0353 -7
      vertex 97.8637 58.0353 -3
    endloop
  endfacet
  facet normal 0.980779 0.195124 0
    outer loop
      vertex 97.8637 58.0353 -7
      vertex 97.9658 57.5221 -3
      vertex 97.9658 57.5221 -7
    endloop
  endfacet
  facet normal 0.997861 0.0653646 0
    outer loop
      vertex 98 57 -3
      vertex 97.9658 57.5221 -7
      vertex 97.9658 57.5221 -3
    endloop
  endfacet
  facet normal 0.997861 0.0653646 0
    outer loop
      vertex 97.9658 57.5221 -7
      vertex 98 57 -3
      vertex 98 57 -7
    endloop
  endfacet
  facet normal 0.94691 0.321498 0
    outer loop
      vertex 97.8637 58.0353 -3
      vertex 97.6955 58.5307 -7
      vertex 97.6955 58.5307 -3
    endloop
  endfacet
  facet normal 0.94691 0.321498 0
    outer loop
      vertex 97.6955 58.5307 -7
      vertex 97.8637 58.0353 -3
      vertex 97.8637 58.0353 -7
    endloop
  endfacet
  facet normal -0.555626 -0.831432 0
    outer loop
      vertex 91.565 53.8266 -7
      vertex 92 53.5359 -3
      vertex 91.565 53.8266 -3
    endloop
  endfacet
  facet normal -0.555626 -0.831432 -0
    outer loop
      vertex 92 53.5359 -3
      vertex 91.565 53.8266 -7
      vertex 92 53.5359 -7
    endloop
  endfacet
  facet normal -0.896898 0.442238 0
    outer loop
      vertex 90.3045 58.5307 -7
      vertex 90.5359 59 -3
      vertex 90.5359 59 -7
    endloop
  endfacet
  facet normal -0.896898 0.442238 0
    outer loop
      vertex 90.5359 59 -3
      vertex 90.3045 58.5307 -7
      vertex 90.3045 58.5307 -3
    endloop
  endfacet
  facet normal 0.980779 -0.195124 0
    outer loop
      vertex 97.8637 55.9647 -3
      vertex 97.9658 56.4779 -7
      vertex 97.9658 56.4779 -3
    endloop
  endfacet
  facet normal 0.980779 -0.195124 0
    outer loop
      vertex 97.9658 56.4779 -7
      vertex 97.8637 55.9647 -3
      vertex 97.8637 55.9647 -7
    endloop
  endfacet
  facet normal -0.555626 0.831432 0
    outer loop
      vertex 92 60.4641 -7
      vertex 91.565 60.1734 -3
      vertex 92 60.4641 -3
    endloop
  endfacet
  facet normal -0.555626 0.831432 0
    outer loop
      vertex 91.565 60.1734 -3
      vertex 92 60.4641 -7
      vertex 91.565 60.1734 -7
    endloop
  endfacet
  facet normal -0.997861 0.0653646 0
    outer loop
      vertex 90 57 -7
      vertex 90.0342 57.5221 -3
      vertex 90.0342 57.5221 -7
    endloop
  endfacet
  facet normal -0.997861 0.0653646 0
    outer loop
      vertex 90.0342 57.5221 -3
      vertex 90 57 -7
      vertex 90 57 -3
    endloop
  endfacet
  facet normal 0.321498 0.94691 -0
    outer loop
      vertex 95.5307 60.6955 -7
      vertex 95.0353 60.8637 -3
      vertex 95.5307 60.6955 -3
    endloop
  endfacet
  facet normal 0.321498 0.94691 0
    outer loop
      vertex 95.0353 60.8637 -3
      vertex 95.5307 60.6955 -7
      vertex 95.0353 60.8637 -7
    endloop
  endfacet
  facet normal 0.94691 -0.321498 0
    outer loop
      vertex 97.6955 55.4693 -3
      vertex 97.8637 55.9647 -7
      vertex 97.8637 55.9647 -3
    endloop
  endfacet
  facet normal 0.94691 -0.321498 0
    outer loop
      vertex 97.8637 55.9647 -7
      vertex 97.6955 55.4693 -3
      vertex 97.6955 55.4693 -7
    endloop
  endfacet
  facet normal 0.442238 -0.896898 0
    outer loop
      vertex 95.5307 53.3045 -7
      vertex 96 53.5359 -3
      vertex 95.5307 53.3045 -3
    endloop
  endfacet
  facet normal 0.442238 -0.896898 0
    outer loop
      vertex 96 53.5359 -3
      vertex 95.5307 53.3045 -7
      vertex 96 53.5359 -7
    endloop
  endfacet
  facet normal -0.94691 -0.321498 0
    outer loop
      vertex 90.3045 55.4693 -7
      vertex 90.1363 55.9647 -3
      vertex 90.1363 55.9647 -7
    endloop
  endfacet
  facet normal -0.94691 -0.321498 0
    outer loop
      vertex 90.1363 55.9647 -3
      vertex 90.3045 55.4693 -7
      vertex 90.3045 55.4693 -3
    endloop
  endfacet
  facet normal 0.896898 0.442238 0
    outer loop
      vertex 97.6955 58.5307 -3
      vertex 97.4641 59 -7
      vertex 97.4641 59 -3
    endloop
  endfacet
  facet normal 0.896898 0.442238 0
    outer loop
      vertex 97.4641 59 -7
      vertex 97.6955 58.5307 -3
      vertex 97.6955 58.5307 -7
    endloop
  endfacet
  facet normal 0.195124 0.980779 -0
    outer loop
      vertex 95.0353 60.8637 -7
      vertex 94.5221 60.9658 -3
      vertex 95.0353 60.8637 -3
    endloop
  endfacet
  facet normal 0.195124 0.980779 0
    outer loop
      vertex 94.5221 60.9658 -3
      vertex 95.0353 60.8637 -7
      vertex 94.5221 60.9658 -7
    endloop
  endfacet
  facet normal 0.555626 0.831432 -0
    outer loop
      vertex 96.435 60.1734 -7
      vertex 96 60.4641 -3
      vertex 96.435 60.1734 -3
    endloop
  endfacet
  facet normal 0.555626 0.831432 0
    outer loop
      vertex 96 60.4641 -3
      vertex 96.435 60.1734 -7
      vertex 96 60.4641 -7
    endloop
  endfacet
  facet normal 0.659343 0.751842 -0
    outer loop
      vertex 96.8284 59.8284 -7
      vertex 96.435 60.1734 -3
      vertex 96.8284 59.8284 -3
    endloop
  endfacet
  facet normal 0.659343 0.751842 0
    outer loop
      vertex 96.435 60.1734 -3
      vertex 96.8284 59.8284 -7
      vertex 96.435 60.1734 -7
    endloop
  endfacet
  facet normal 0.831432 -0.555626 0
    outer loop
      vertex 97.1734 54.565 -3
      vertex 97.4641 55 -7
      vertex 97.4641 55 -3
    endloop
  endfacet
  facet normal 0.831432 -0.555626 0
    outer loop
      vertex 97.4641 55 -7
      vertex 97.1734 54.565 -3
      vertex 97.1734 54.565 -7
    endloop
  endfacet
  facet normal -0.896898 -0.442238 0
    outer loop
      vertex 90.5359 55 -7
      vertex 90.3045 55.4693 -3
      vertex 90.3045 55.4693 -7
    endloop
  endfacet
  facet normal -0.896898 -0.442238 0
    outer loop
      vertex 90.3045 55.4693 -3
      vertex 90.5359 55 -7
      vertex 90.5359 55 -3
    endloop
  endfacet
  facet normal -0.0653646 0.997861 0
    outer loop
      vertex 94 61 -7
      vertex 93.4779 60.9658 -3
      vertex 94 61 -3
    endloop
  endfacet
  facet normal -0.0653646 0.997861 0
    outer loop
      vertex 93.4779 60.9658 -3
      vertex 94 61 -7
      vertex 93.4779 60.9658 -7
    endloop
  endfacet
  facet normal -0.751842 0.659343 0
    outer loop
      vertex 90.8266 59.435 -7
      vertex 91.1716 59.8284 -3
      vertex 91.1716 59.8284 -7
    endloop
  endfacet
  facet normal -0.751842 0.659343 0
    outer loop
      vertex 91.1716 59.8284 -3
      vertex 90.8266 59.435 -7
      vertex 90.8266 59.435 -3
    endloop
  endfacet
  facet normal -0.321498 -0.94691 0
    outer loop
      vertex 92.4693 53.3045 -7
      vertex 92.9647 53.1363 -3
      vertex 92.4693 53.3045 -3
    endloop
  endfacet
  facet normal -0.321498 -0.94691 -0
    outer loop
      vertex 92.9647 53.1363 -3
      vertex 92.4693 53.3045 -7
      vertex 92.9647 53.1363 -7
    endloop
  endfacet
  facet normal 0.751842 0.659343 0
    outer loop
      vertex 97.1734 59.435 -3
      vertex 96.8284 59.8284 -7
      vertex 96.8284 59.8284 -3
    endloop
  endfacet
  facet normal 0.751842 0.659343 0
    outer loop
      vertex 96.8284 59.8284 -7
      vertex 97.1734 59.435 -3
      vertex 97.1734 59.435 -7
    endloop
  endfacet
  facet normal -0.659343 0.751842 0
    outer loop
      vertex 91.565 60.1734 -7
      vertex 91.1716 59.8284 -3
      vertex 91.565 60.1734 -3
    endloop
  endfacet
  facet normal -0.659343 0.751842 0
    outer loop
      vertex 91.1716 59.8284 -3
      vertex 91.565 60.1734 -7
      vertex 91.1716 59.8284 -7
    endloop
  endfacet
  facet normal -0.442238 0.896898 0
    outer loop
      vertex 92.4693 60.6955 -7
      vertex 92 60.4641 -3
      vertex 92.4693 60.6955 -3
    endloop
  endfacet
  facet normal -0.442238 0.896898 0
    outer loop
      vertex 92 60.4641 -3
      vertex 92.4693 60.6955 -7
      vertex 92 60.4641 -7
    endloop
  endfacet
  facet normal 0.195124 -0.980779 0
    outer loop
      vertex 94.5221 53.0342 -7
      vertex 95.0353 53.1363 -3
      vertex 94.5221 53.0342 -3
    endloop
  endfacet
  facet normal 0.195124 -0.980779 0
    outer loop
      vertex 95.0353 53.1363 -3
      vertex 94.5221 53.0342 -7
      vertex 95.0353 53.1363 -7
    endloop
  endfacet
  facet normal -0.831432 0.555626 0
    outer loop
      vertex 90.5359 59 -7
      vertex 90.8266 59.435 -3
      vertex 90.8266 59.435 -7
    endloop
  endfacet
  facet normal -0.831432 0.555626 0
    outer loop
      vertex 90.8266 59.435 -3
      vertex 90.5359 59 -7
      vertex 90.5359 59 -3
    endloop
  endfacet
  facet normal 0.442238 0.896898 -0
    outer loop
      vertex 96 60.4641 -7
      vertex 95.5307 60.6955 -3
      vertex 96 60.4641 -3
    endloop
  endfacet
  facet normal 0.442238 0.896898 0
    outer loop
      vertex 95.5307 60.6955 -3
      vertex 96 60.4641 -7
      vertex 95.5307 60.6955 -7
    endloop
  endfacet
  facet normal 0.997861 -0.0653646 0
    outer loop
      vertex 97.9658 56.4779 -3
      vertex 98 57 -7
      vertex 98 57 -3
    endloop
  endfacet
  facet normal 0.997861 -0.0653646 0
    outer loop
      vertex 98 57 -7
      vertex 97.9658 56.4779 -3
      vertex 97.9658 56.4779 -7
    endloop
  endfacet
  facet normal 0.831432 0.555626 0
    outer loop
      vertex 97.4641 59 -3
      vertex 97.1734 59.435 -7
      vertex 97.1734 59.435 -3
    endloop
  endfacet
  facet normal 0.831432 0.555626 0
    outer loop
      vertex 97.1734 59.435 -7
      vertex 97.4641 59 -3
      vertex 97.4641 59 -7
    endloop
  endfacet
  facet normal -0.321498 0.94691 0
    outer loop
      vertex 92.9647 60.8637 -7
      vertex 92.4693 60.6955 -3
      vertex 92.9647 60.8637 -3
    endloop
  endfacet
  facet normal -0.321498 0.94691 0
    outer loop
      vertex 92.4693 60.6955 -3
      vertex 92.9647 60.8637 -7
      vertex 92.4693 60.6955 -7
    endloop
  endfacet
  facet normal -0.751842 -0.659343 0
    outer loop
      vertex 91.1716 54.1716 -7
      vertex 90.8266 54.565 -3
      vertex 90.8266 54.565 -7
    endloop
  endfacet
  facet normal -0.751842 -0.659343 0
    outer loop
      vertex 90.8266 54.565 -3
      vertex 91.1716 54.1716 -7
      vertex 91.1716 54.1716 -3
    endloop
  endfacet
  facet normal 0.659343 -0.751842 0
    outer loop
      vertex 96.435 53.8266 -7
      vertex 96.8284 54.1716 -3
      vertex 96.435 53.8266 -3
    endloop
  endfacet
  facet normal 0.659343 -0.751842 0
    outer loop
      vertex 96.8284 54.1716 -3
      vertex 96.435 53.8266 -7
      vertex 96.8284 54.1716 -7
    endloop
  endfacet
  facet normal -0.0653646 -0.997861 0
    outer loop
      vertex 93.4779 53.0342 -7
      vertex 94 53 -3
      vertex 93.4779 53.0342 -3
    endloop
  endfacet
  facet normal -0.0653646 -0.997861 -0
    outer loop
      vertex 94 53 -3
      vertex 93.4779 53.0342 -7
      vertex 94 53 -7
    endloop
  endfacet
  facet normal 0.321498 -0.94691 0
    outer loop
      vertex 95.0353 53.1363 -7
      vertex 95.5307 53.3045 -3
      vertex 95.0353 53.1363 -3
    endloop
  endfacet
  facet normal 0.321498 -0.94691 0
    outer loop
      vertex 95.5307 53.3045 -3
      vertex 95.0353 53.1363 -7
      vertex 95.5307 53.3045 -7
    endloop
  endfacet
  facet normal 0.555626 -0.831432 0
    outer loop
      vertex 96 53.5359 -7
      vertex 96.435 53.8266 -3
      vertex 96 53.5359 -3
    endloop
  endfacet
  facet normal 0.555626 -0.831432 0
    outer loop
      vertex 96.435 53.8266 -3
      vertex 96 53.5359 -7
      vertex 96.435 53.8266 -7
    endloop
  endfacet
  facet normal 0.0653646 0.997861 -0
    outer loop
      vertex 94.5221 60.9658 -7
      vertex 94 61 -3
      vertex 94.5221 60.9658 -3
    endloop
  endfacet
  facet normal 0.0653646 0.997861 0
    outer loop
      vertex 94 61 -3
      vertex 94.5221 60.9658 -7
      vertex 94 61 -7
    endloop
  endfacet
  facet normal 0.751842 -0.659343 0
    outer loop
      vertex 96.8284 54.1716 -3
      vertex 97.1734 54.565 -7
      vertex 97.1734 54.565 -3
    endloop
  endfacet
  facet normal 0.751842 -0.659343 0
    outer loop
      vertex 97.1734 54.565 -7
      vertex 96.8284 54.1716 -3
      vertex 96.8284 54.1716 -7
    endloop
  endfacet
  facet normal -0.831432 -0.555626 0
    outer loop
      vertex 90.8266 54.565 -7
      vertex 90.5359 55 -3
      vertex 90.5359 55 -7
    endloop
  endfacet
  facet normal -0.831432 -0.555626 0
    outer loop
      vertex 90.5359 55 -3
      vertex 90.8266 54.565 -7
      vertex 90.8266 54.565 -3
    endloop
  endfacet
  facet normal -0.442238 -0.896898 0
    outer loop
      vertex 92 53.5359 -7
      vertex 92.4693 53.3045 -3
      vertex 92 53.5359 -3
    endloop
  endfacet
  facet normal -0.442238 -0.896898 -0
    outer loop
      vertex 92.4693 53.3045 -3
      vertex 92 53.5359 -7
      vertex 92.4693 53.3045 -7
    endloop
  endfacet
  facet normal 0.896898 -0.442238 0
    outer loop
      vertex 97.4641 55 -3
      vertex 97.6955 55.4693 -7
      vertex 97.6955 55.4693 -3
    endloop
  endfacet
  facet normal 0.896898 -0.442238 0
    outer loop
      vertex 97.6955 55.4693 -7
      vertex 97.4641 55 -3
      vertex 97.4641 55 -7
    endloop
  endfacet
  facet normal -0.980779 0.195124 0
    outer loop
      vertex 90.0342 57.5221 -7
      vertex 90.1363 58.0353 -3
      vertex 90.1363 58.0353 -7
    endloop
  endfacet
  facet normal -0.980779 0.195124 0
    outer loop
      vertex 90.1363 58.0353 -3
      vertex 90.0342 57.5221 -7
      vertex 90.0342 57.5221 -3
    endloop
  endfacet
  facet normal -0.195124 -0.980779 0
    outer loop
      vertex 92.9647 53.1363 -7
      vertex 93.4779 53.0342 -3
      vertex 92.9647 53.1363 -3
    endloop
  endfacet
  facet normal -0.195124 -0.980779 -0
    outer loop
      vertex 93.4779 53.0342 -3
      vertex 92.9647 53.1363 -7
      vertex 93.4779 53.0342 -7
    endloop
  endfacet
  facet normal 0.0653646 -0.997861 0
    outer loop
      vertex 94 53 -7
      vertex 94.5221 53.0342 -3
      vertex 94 53 -3
    endloop
  endfacet
  facet normal 0.0653646 -0.997861 0
    outer loop
      vertex 94.5221 53.0342 -3
      vertex 94 53 -7
      vertex 94.5221 53.0342 -7
    endloop
  endfacet
  facet normal -0.997861 -0.0653646 0
    outer loop
      vertex 90.0342 56.4779 -7
      vertex 90 57 -3
      vertex 90 57 -7
    endloop
  endfacet
  facet normal -0.997861 -0.0653646 0
    outer loop
      vertex 90 57 -3
      vertex 90.0342 56.4779 -7
      vertex 90.0342 56.4779 -3
    endloop
  endfacet
  facet normal -0.195124 0.980779 0
    outer loop
      vertex 93.4779 60.9658 -7
      vertex 92.9647 60.8637 -3
      vertex 93.4779 60.9658 -3
    endloop
  endfacet
  facet normal -0.195124 0.980779 0
    outer loop
      vertex 92.9647 60.8637 -3
      vertex 93.4779 60.9658 -7
      vertex 92.9647 60.8637 -7
    endloop
  endfacet
  facet normal -0.980779 -0.195124 0
    outer loop
      vertex 90.1363 55.9647 -7
      vertex 90.0342 56.4779 -3
      vertex 90.0342 56.4779 -7
    endloop
  endfacet
  facet normal -0.980779 -0.195124 0
    outer loop
      vertex 90.0342 56.4779 -3
      vertex 90.1363 55.9647 -7
      vertex 90.1363 55.9647 -3
    endloop
  endfacet
  facet normal -0.659343 -0.751842 0
    outer loop
      vertex 91.1716 54.1716 -7
      vertex 91.565 53.8266 -3
      vertex 91.1716 54.1716 -3
    endloop
  endfacet
  facet normal -0.659343 -0.751842 -0
    outer loop
      vertex 91.565 53.8266 -3
      vertex 91.1716 54.1716 -7
      vertex 91.565 53.8266 -7
    endloop
  endfacet
  facet normal -0.94691 0.321498 0
    outer loop
      vertex 90.1363 58.0353 -7
      vertex 90.3045 58.5307 -3
      vertex 90.3045 58.5307 -7
    endloop
  endfacet
  facet normal -0.94691 0.321498 0
    outer loop
      vertex 90.3045 58.5307 -3
      vertex 90.1363 58.0353 -7
      vertex 90.1363 58.0353 -3
    endloop
  endfacet
  facet normal 0 0 1
    outer loop
      vertex 95.25 57 -3
      vertex 98 57 -3
      vertex 97.9658 57.5221 -3
    endloop
  endfacet
  facet normal 0 0 1
    outer loop
      vertex 95.2393 57.1632 -3
      vertex 97.9658 57.5221 -3
      vertex 97.8637 58.0353 -3
    endloop
  endfacet
  facet normal 0 0 1
    outer loop
      vertex 98 57 -3
      vertex 95.25 57 -3
      vertex 97.9658 56.4779 -3
    endloop
  endfacet
  facet normal 0 0 1
    outer loop
      vertex 95.2074 57.3235 -3
      vertex 97.8637 58.0353 -3
      vertex 97.6955 58.5307 -3
    endloop
  endfacet
  facet normal -0 0 1
    outer loop
      vertex 95.2393 56.8368 -3
      vertex 97.9658 56.4779 -3
      vertex 95.25 57 -3
    endloop
  endfacet
  facet normal 0 0 1
    outer loop
      vertex 95.1548 57.4784 -3
      vertex 97.6955 58.5307 -3
      vertex 97.4641 59 -3
    endloop
  endfacet
  facet normal 0 0 1
    outer loop
      vertex 97.9658 56.4779 -3
      vertex 95.2393 56.8368 -3
      vertex 97.8637 55.9647 -3
    endloop
  endfacet
  facet normal 0 0 1
    outer loop
      vertex 95.0825 57.625 -3
      vertex 97.4641 59 -3
      vertex 97.1734 59.435 -3
    endloop
  endfacet
  facet normal -0 0 1
    outer loop
      vertex 95.2074 56.6765 -3
      vertex 97.8637 55.9647 -3
      vertex 95.2393 56.8368 -3
    endloop
  endfacet
  facet normal 0 0 1
    outer loop
      vertex 94.9917 57.761 -3
      vertex 97.1734 59.435 -3
      vertex 96.8284 59.8284 -3
    endloop
  endfacet
  facet normal 0 0 1
    outer loop
      vertex 97.8637 55.9647 -3
      vertex 95.2074 56.6765 -3
      vertex 97.6955 55.4693 -3
    endloop
  endfacet
  facet normal 0 0 1
    outer loop
      vertex 94.8839 57.8839 -3
      vertex 96.8284 59.8284 -3
      vertex 96.435 60.1734 -3
    endloop
  endfacet
  facet normal -0 0 1
    outer loop
      vertex 95.1548 56.5216 -3
      vertex 97.6955 55.4693 -3
      vertex 95.2074 56.6765 -3
    endloop
  endfacet
  facet normal 0 0 1
    outer loop
      vertex 94.7609 57.9917 -3
      vertex 96.435 60.1734 -3
      vertex 96 60.4641 -3
    endloop
  endfacet
  facet normal 0 0 1
    outer loop
      vertex 97.6955 55.4693 -3
      vertex 95.1548 56.5216 -3
      vertex 97.4641 55 -3
    endloop
  endfacet
  facet normal 0 0 1
    outer loop
      vertex 94.625 58.0825 -3
      vertex 96 60.4641 -3
      vertex 95.5307 60.6955 -3
    endloop
  endfacet
  facet normal -0 0 1
    outer loop
      vertex 95.0825 56.375 -3
      vertex 97.4641 55 -3
      vertex 95.1548 56.5216 -3
    endloop
  endfacet
  facet normal 0 0 1
    outer loop
      vertex 97.4641 55 -3
      vertex 95.0825 56.375 -3
      vertex 97.1734 54.565 -3
    endloop
  endfacet
  facet normal 0 0 1
    outer loop
      vertex 97.9658 57.5221 -3
      vertex 95.2393 57.1632 -3
      vertex 95.25 57 -3
    endloop
  endfacet
  facet normal 0 0 1
    outer loop
      vertex 97.8637 58.0353 -3
      vertex 95.2074 57.3235 -3
      vertex 95.2393 57.1632 -3
    endloop
  endfacet
  facet normal 0 0 1
    outer loop
      vertex 97.6955 58.5307 -3
      vertex 95.1548 57.4784 -3
      vertex 95.2074 57.3235 -3
    endloop
  endfacet
  facet normal 0 0 1
    outer loop
      vertex 97.4641 59 -3
      vertex 95.0825 57.625 -3
      vertex 95.1548 57.4784 -3
    endloop
  endfacet
  facet normal 0 0 1
    outer loop
      vertex 94.4784 58.1549 -3
      vertex 95.5307 60.6955 -3
      vertex 95.0353 60.8637 -3
    endloop
  endfacet
  facet normal 0 0 1
    outer loop
      vertex 97.1734 59.435 -3
      vertex 94.9917 57.761 -3
      vertex 95.0825 57.625 -3
    endloop
  endfacet
  facet normal 0 0 1
    outer loop
      vertex 96.8284 59.8284 -3
      vertex 94.8839 57.8839 -3
      vertex 94.9917 57.761 -3
    endloop
  endfacet
  facet normal 0 0 1
    outer loop
      vertex 96.435 60.1734 -3
      vertex 94.7609 57.9917 -3
      vertex 94.8839 57.8839 -3
    endloop
  endfacet
  facet normal 0 0 1
    outer loop
      vertex 96 60.4641 -3
      vertex 94.625 58.0825 -3
      vertex 94.7609 57.9917 -3
    endloop
  endfacet
  facet normal 0 0 1
    outer loop
      vertex 94.3235 58.2074 -3
      vertex 95.0353 60.8637 -3
      vertex 94.5221 60.9658 -3
    endloop
  endfacet
  facet normal 0 0 1
    outer loop
      vertex 95.5307 60.6955 -3
      vertex 94.4784 58.1549 -3
      vertex 94.625 58.0825 -3
    endloop
  endfacet
  facet normal 0 0 1
    outer loop
      vertex 95.0353 60.8637 -3
      vertex 94.3235 58.2074 -3
      vertex 94.4784 58.1549 -3
    endloop
  endfacet
  facet normal 0 0 1
    outer loop
      vertex 94.5221 60.9658 -3
      vertex 94.1632 58.2393 -3
      vertex 94.3235 58.2074 -3
    endloop
  endfacet
  facet normal 0 0 1
    outer loop
      vertex 94 61 -3
      vertex 94.1632 58.2393 -3
      vertex 94.5221 60.9658 -3
    endloop
  endfacet
  facet normal 0 0 1
    outer loop
      vertex 94 61 -3
      vertex 94 58.25 -3
      vertex 94.1632 58.2393 -3
    endloop
  endfacet
  facet normal 0 0 1
    outer loop
      vertex 94 61 -3
      vertex 93.8368 58.2393 -3
      vertex 94 58.25 -3
    endloop
  endfacet
  facet normal -0 0 1
    outer loop
      vertex 93.4779 60.9658 -3
      vertex 93.8368 58.2393 -3
      vertex 94 61 -3
    endloop
  endfacet
  facet normal 0 0 1
    outer loop
      vertex 93.8368 58.2393 -3
      vertex 93.4779 60.9658 -3
      vertex 93.6765 58.2074 -3
    endloop
  endfacet
  facet normal -0 0 1
    outer loop
      vertex 92.9647 60.8637 -3
      vertex 93.6765 58.2074 -3
      vertex 93.4779 60.9658 -3
    endloop
  endfacet
  facet normal 0 0 1
    outer loop
      vertex 93.6765 58.2074 -3
      vertex 92.9647 60.8637 -3
      vertex 93.5216 58.1549 -3
    endloop
  endfacet
  facet normal -0 0 1
    outer loop
      vertex 92.4693 60.6955 -3
      vertex 93.5216 58.1549 -3
      vertex 92.9647 60.8637 -3
    endloop
  endfacet
  facet normal 0 0 1
    outer loop
      vertex 93.5216 58.1549 -3
      vertex 92.4693 60.6955 -3
      vertex 93.375 58.0825 -3
    endloop
  endfacet
  facet normal -0 0 1
    outer loop
      vertex 92 60.4641 -3
      vertex 93.375 58.0825 -3
      vertex 92.4693 60.6955 -3
    endloop
  endfacet
  facet normal 0 0 1
    outer loop
      vertex 93.375 58.0825 -3
      vertex 92 60.4641 -3
      vertex 93.239 57.9917 -3
    endloop
  endfacet
  facet normal -0 0 1
    outer loop
      vertex 91.565 60.1734 -3
      vertex 93.239 57.9917 -3
      vertex 92 60.4641 -3
    endloop
  endfacet
  facet normal 0 0 1
    outer loop
      vertex 93.239 57.9917 -3
      vertex 91.565 60.1734 -3
      vertex 93.1161 57.8839 -3
    endloop
  endfacet
  facet normal -0 0 1
    outer loop
      vertex 91.1716 59.8284 -3
      vertex 93.1161 57.8839 -3
      vertex 91.565 60.1734 -3
    endloop
  endfacet
  facet normal 0 0 1
    outer loop
      vertex 93.1161 57.8839 -3
      vertex 91.1716 59.8284 -3
      vertex 93.0083 57.761 -3
    endloop
  endfacet
  facet normal -0 0 1
    outer loop
      vertex 90.8266 59.435 -3
      vertex 93.0083 57.761 -3
      vertex 91.1716 59.8284 -3
    endloop
  endfacet
  facet normal 0 0 1
    outer loop
      vertex 93.0083 57.761 -3
      vertex 90.8266 59.435 -3
      vertex 92.9175 57.625 -3
    endloop
  endfacet
  facet normal -0 0 1
    outer loop
      vertex 94.9917 56.239 -3
      vertex 97.1734 54.565 -3
      vertex 95.0825 56.375 -3
    endloop
  endfacet
  facet normal 0 0 1
    outer loop
      vertex 97.1734 54.565 -3
      vertex 94.9917 56.239 -3
      vertex 96.8284 54.1716 -3
    endloop
  endfacet
  facet normal -0 0 1
    outer loop
      vertex 94.8839 56.1161 -3
      vertex 96.8284 54.1716 -3
      vertex 94.9917 56.239 -3
    endloop
  endfacet
  facet normal 0 0 1
    outer loop
      vertex 96.8284 54.1716 -3
      vertex 94.8839 56.1161 -3
      vertex 96.435 53.8266 -3
    endloop
  endfacet
  facet normal -0 0 1
    outer loop
      vertex 94.7609 56.0083 -3
      vertex 96.435 53.8266 -3
      vertex 94.8839 56.1161 -3
    endloop
  endfacet
  facet normal 0 0 1
    outer loop
      vertex 96.435 53.8266 -3
      vertex 94.7609 56.0083 -3
      vertex 96 53.5359 -3
    endloop
  endfacet
  facet normal -0 0 1
    outer loop
      vertex 94.625 55.9175 -3
      vertex 96 53.5359 -3
      vertex 94.7609 56.0083 -3
    endloop
  endfacet
  facet normal 0 0 1
    outer loop
      vertex 96 53.5359 -3
      vertex 94.625 55.9175 -3
      vertex 95.5307 53.3045 -3
    endloop
  endfacet
  facet normal -0 0 1
    outer loop
      vertex 94.4784 55.8451 -3
      vertex 95.5307 53.3045 -3
      vertex 94.625 55.9175 -3
    endloop
  endfacet
  facet normal 0 0 1
    outer loop
      vertex 95.5307 53.3045 -3
      vertex 94.4784 55.8451 -3
      vertex 95.0353 53.1363 -3
    endloop
  endfacet
  facet normal -0 0 1
    outer loop
      vertex 94.3235 55.7926 -3
      vertex 95.0353 53.1363 -3
      vertex 94.4784 55.8451 -3
    endloop
  endfacet
  facet normal 0 0 1
    outer loop
      vertex 95.0353 53.1363 -3
      vertex 94.3235 55.7926 -3
      vertex 94.5221 53.0342 -3
    endloop
  endfacet
  facet normal -0 0 1
    outer loop
      vertex 94.1632 55.7607 -3
      vertex 94.5221 53.0342 -3
      vertex 94.3235 55.7926 -3
    endloop
  endfacet
  facet normal -0 0 1
    outer loop
      vertex 94 55.75 -3
      vertex 94.5221 53.0342 -3
      vertex 94.1632 55.7607 -3
    endloop
  endfacet
  facet normal 0 0 1
    outer loop
      vertex 94 55.75 -3
      vertex 94 53 -3
      vertex 94.5221 53.0342 -3
    endloop
  endfacet
  facet normal 0 0 1
    outer loop
      vertex 93.8368 55.7607 -3
      vertex 94 53 -3
      vertex 94 55.75 -3
    endloop
  endfacet
  facet normal 0 0 1
    outer loop
      vertex 93.4779 53.0342 -3
      vertex 93.8368 55.7607 -3
      vertex 93.6765 55.7926 -3
    endloop
  endfacet
  facet normal 0 0 1
    outer loop
      vertex 92.9647 53.1363 -3
      vertex 93.6765 55.7926 -3
      vertex 93.5216 55.8451 -3
    endloop
  endfacet
  facet normal 0 0 1
    outer loop
      vertex 93.8368 55.7607 -3
      vertex 93.4779 53.0342 -3
      vertex 94 53 -3
    endloop
  endfacet
  facet normal 0 0 1
    outer loop
      vertex 92.4693 53.3045 -3
      vertex 93.5216 55.8451 -3
      vertex 93.375 55.9175 -3
    endloop
  endfacet
  facet normal 0 0 1
    outer loop
      vertex 92 53.5359 -3
      vertex 93.375 55.9175 -3
      vertex 93.239 56.0083 -3
    endloop
  endfacet
  facet normal 0 0 1
    outer loop
      vertex 91.565 53.8266 -3
      vertex 93.239 56.0083 -3
      vertex 93.1161 56.1161 -3
    endloop
  endfacet
  facet normal 0 0 1
    outer loop
      vertex 91.1716 54.1716 -3
      vertex 93.1161 56.1161 -3
      vertex 93.0083 56.239 -3
    endloop
  endfacet
  facet normal 0 0 1
    outer loop
      vertex 93.6765 55.7926 -3
      vertex 92.9647 53.1363 -3
      vertex 93.4779 53.0342 -3
    endloop
  endfacet
  facet normal 0 0 1
    outer loop
      vertex 90.8266 54.565 -3
      vertex 93.0083 56.239 -3
      vertex 92.9175 56.375 -3
    endloop
  endfacet
  facet normal 0 0 1
    outer loop
      vertex 90.5359 55 -3
      vertex 92.9175 56.375 -3
      vertex 92.8452 56.5216 -3
    endloop
  endfacet
  facet normal 0 0 1
    outer loop
      vertex 90.3045 55.4693 -3
      vertex 92.8452 56.5216 -3
      vertex 92.7926 56.6765 -3
    endloop
  endfacet
  facet normal 0 0 1
    outer loop
      vertex 90.1363 55.9647 -3
      vertex 92.7926 56.6765 -3
      vertex 92.7607 56.8368 -3
    endloop
  endfacet
  facet normal 0 0 1
    outer loop
      vertex 90.0342 56.4779 -3
      vertex 92.7607 56.8368 -3
      vertex 92.75 57 -3
    endloop
  endfacet
  facet normal -0 0 1
    outer loop
      vertex 90.5359 59 -3
      vertex 92.9175 57.625 -3
      vertex 90.8266 59.435 -3
    endloop
  endfacet
  facet normal 0 0 1
    outer loop
      vertex 93.5216 55.8451 -3
      vertex 92.4693 53.3045 -3
      vertex 92.9647 53.1363 -3
    endloop
  endfacet
  facet normal 0 0 1
    outer loop
      vertex 92.9175 57.625 -3
      vertex 90.5359 59 -3
      vertex 92.8452 57.4784 -3
    endloop
  endfacet
  facet normal 0 0 1
    outer loop
      vertex 93.375 55.9175 -3
      vertex 92 53.5359 -3
      vertex 92.4693 53.3045 -3
    endloop
  endfacet
  facet normal -0 0 1
    outer loop
      vertex 90.3045 58.5307 -3
      vertex 92.8452 57.4784 -3
      vertex 90.5359 59 -3
    endloop
  endfacet
  facet normal 0 0 1
    outer loop
      vertex 93.239 56.0083 -3
      vertex 91.565 53.8266 -3
      vertex 92 53.5359 -3
    endloop
  endfacet
  facet normal 0 0 1
    outer loop
      vertex 92.8452 57.4784 -3
      vertex 90.3045 58.5307 -3
      vertex 92.7926 57.3235 -3
    endloop
  endfacet
  facet normal 0 0 1
    outer loop
      vertex 93.1161 56.1161 -3
      vertex 91.1716 54.1716 -3
      vertex 91.565 53.8266 -3
    endloop
  endfacet
  facet normal -0 0 1
    outer loop
      vertex 90.1363 58.0353 -3
      vertex 92.7926 57.3235 -3
      vertex 90.3045 58.5307 -3
    endloop
  endfacet
  facet normal 0 0 1
    outer loop
      vertex 93.0083 56.239 -3
      vertex 90.8266 54.565 -3
      vertex 91.1716 54.1716 -3
    endloop
  endfacet
  facet normal 0 0 1
    outer loop
      vertex 92.7926 57.3235 -3
      vertex 90.1363 58.0353 -3
      vertex 92.7607 57.1632 -3
    endloop
  endfacet
  facet normal 0 0 1
    outer loop
      vertex 92.9175 56.375 -3
      vertex 90.5359 55 -3
      vertex 90.8266 54.565 -3
    endloop
  endfacet
  facet normal -0 0 1
    outer loop
      vertex 90.0342 57.5221 -3
      vertex 92.7607 57.1632 -3
      vertex 90.1363 58.0353 -3
    endloop
  endfacet
  facet normal 0 0 1
    outer loop
      vertex 92.8452 56.5216 -3
      vertex 90.3045 55.4693 -3
      vertex 90.5359 55 -3
    endloop
  endfacet
  facet normal 0 0 1
    outer loop
      vertex 92.7607 57.1632 -3
      vertex 90.0342 57.5221 -3
      vertex 92.75 57 -3
    endloop
  endfacet
  facet normal 0 0 1
    outer loop
      vertex 92.7926 56.6765 -3
      vertex 90.1363 55.9647 -3
      vertex 90.3045 55.4693 -3
    endloop
  endfacet
  facet normal 0 0 1
    outer loop
      vertex 90 57 -3
      vertex 92.75 57 -3
      vertex 90.0342 57.5221 -3
    endloop
  endfacet
  facet normal 0 0 1
    outer loop
      vertex 92.7607 56.8368 -3
      vertex 90.0342 56.4779 -3
      vertex 90.1363 55.9647 -3
    endloop
  endfacet
  facet normal 0 0 1
    outer loop
      vertex 92.75 57 -3
      vertex 90 57 -3
      vertex 90.0342 56.4779 -3
    endloop
  endfacet
  facet normal -0.75183 0.659357 0
    outer loop
      vertex 4.38388 2.61612 -7
      vertex 4.49169 2.73905 0
      vertex 4.49169 2.73905 -7
    endloop
  endfacet
  facet normal -0.75183 0.659357 0
    outer loop
      vertex 4.49169 2.73905 0
      vertex 4.38388 2.61612 -7
      vertex 4.38388 2.61612 0
    endloop
  endfacet
  facet normal -0.896872 -0.44229 0
    outer loop
      vertex 4.65485 3.97835 -7
      vertex 4.58253 4.125 0
      vertex 4.58253 4.125 -7
    endloop
  endfacet
  facet normal -0.896872 -0.44229 0
    outer loop
      vertex 4.58253 4.125 0
      vertex 4.65485 3.97835 -7
      vertex 4.65485 3.97835 0
    endloop
  endfacet
  facet normal -0.831466 -0.555575 0
    outer loop
      vertex 4.58253 4.125 -7
      vertex 4.49169 4.26095 0
      vertex 4.49169 4.26095 -7
    endloop
  endfacet
  facet normal -0.831466 -0.555575 0
    outer loop
      vertex 4.49169 4.26095 0
      vertex 4.58253 4.125 -7
      vertex 4.58253 4.125 0
    endloop
  endfacet
  facet normal -0.980782 -0.195105 0
    outer loop
      vertex 4.73931 3.66316 -7
      vertex 4.70741 3.82352 0
      vertex 4.70741 3.82352 -7
    endloop
  endfacet
  facet normal -0.980782 -0.195105 0
    outer loop
      vertex 4.70741 3.82352 0
      vertex 4.73931 3.66316 -7
      vertex 4.73931 3.66316 0
    endloop
  endfacet
  facet normal -0.0653783 0.997861 0
    outer loop
      vertex 3.66316 2.26069 -7
      vertex 3.5 2.25 0
      vertex 3.66316 2.26069 0
    endloop
  endfacet
  facet normal -0.0653783 0.997861 0
    outer loop
      vertex 3.5 2.25 0
      vertex 3.66316 2.26069 -7
      vertex 3.5 2.25 -7
    endloop
  endfacet
  facet normal 0.195105 0.980782 -0
    outer loop
      vertex 3.33684 2.26069 -7
      vertex 3.17648 2.29259 0
      vertex 3.33684 2.26069 0
    endloop
  endfacet
  facet normal 0.195105 0.980782 0
    outer loop
      vertex 3.17648 2.29259 0
      vertex 3.33684 2.26069 -7
      vertex 3.17648 2.29259 -7
    endloop
  endfacet
  facet normal 0.555575 -0.831466 0
    outer loop
      vertex 2.73905 4.49169 -7
      vertex 2.875 4.58253 0
      vertex 2.73905 4.49169 0
    endloop
  endfacet
  facet normal 0.555575 -0.831466 0
    outer loop
      vertex 2.875 4.58253 0
      vertex 2.73905 4.49169 -7
      vertex 2.875 4.58253 -7
    endloop
  endfacet
  facet normal -0.659357 -0.75183 0
    outer loop
      vertex 4.26095 4.49169 -7
      vertex 4.38388 4.38388 0
      vertex 4.26095 4.49169 0
    endloop
  endfacet
  facet normal -0.659357 -0.75183 -0
    outer loop
      vertex 4.38388 4.38388 0
      vertex 4.26095 4.49169 -7
      vertex 4.38388 4.38388 -7
    endloop
  endfacet
  facet normal 0.75183 -0.659357 0
    outer loop
      vertex 2.50831 4.26095 0
      vertex 2.61612 4.38388 -7
      vertex 2.61612 4.38388 0
    endloop
  endfacet
  facet normal 0.75183 -0.659357 0
    outer loop
      vertex 2.61612 4.38388 -7
      vertex 2.50831 4.26095 0
      vertex 2.50831 4.26095 -7
    endloop
  endfacet
  facet normal 0 0 1
    outer loop
      vertex 4.73931 3.66316 -7
      vertex 4.73931 3.33684 -7
      vertex 4.75 3.5 -7
    endloop
  endfacet
  facet normal 0 0 1
    outer loop
      vertex 4.70741 3.82352 -7
      vertex 4.73931 3.33684 -7
      vertex 4.73931 3.66316 -7
    endloop
  endfacet
  facet normal 0 0 1
    outer loop
      vertex 4.70741 3.82352 -7
      vertex 4.70741 3.17648 -7
      vertex 4.73931 3.33684 -7
    endloop
  endfacet
  facet normal 0 0 1
    outer loop
      vertex 4.65485 3.97835 -7
      vertex 4.70741 3.17648 -7
      vertex 4.70741 3.82352 -7
    endloop
  endfacet
  facet normal 0 0 1
    outer loop
      vertex 4.65485 3.97835 -7
      vertex 4.65485 3.02165 -7
      vertex 4.70741 3.17648 -7
    endloop
  endfacet
  facet normal 0 0 1
    outer loop
      vertex 4.58253 4.125 -7
      vertex 4.65485 3.02165 -7
      vertex 4.65485 3.97835 -7
    endloop
  endfacet
  facet normal 0 0 1
    outer loop
      vertex 4.58253 4.125 -7
      vertex 4.58253 2.875 -7
      vertex 4.65485 3.02165 -7
    endloop
  endfacet
  facet normal 0 0 1
    outer loop
      vertex 4.49169 4.26095 -7
      vertex 4.58253 2.875 -7
      vertex 4.58253 4.125 -7
    endloop
  endfacet
  facet normal 0 0 1
    outer loop
      vertex 4.49169 4.26095 -7
      vertex 4.49169 2.73905 -7
      vertex 4.58253 2.875 -7
    endloop
  endfacet
  facet normal 0 0 1
    outer loop
      vertex 4.38388 4.38388 -7
      vertex 4.49169 2.73905 -7
      vertex 4.49169 4.26095 -7
    endloop
  endfacet
  facet normal 0 0 1
    outer loop
      vertex 4.38388 4.38388 -7
      vertex 4.38388 2.61612 -7
      vertex 4.49169 2.73905 -7
    endloop
  endfacet
  facet normal 0 0 1
    outer loop
      vertex 4.26095 4.49169 -7
      vertex 4.38388 2.61612 -7
      vertex 4.38388 4.38388 -7
    endloop
  endfacet
  facet normal 0 0 1
    outer loop
      vertex 4.26095 4.49169 -7
      vertex 4.26095 2.50831 -7
      vertex 4.38388 2.61612 -7
    endloop
  endfacet
  facet normal 0 0 1
    outer loop
      vertex 4.125 4.58253 -7
      vertex 4.26095 2.50831 -7
      vertex 4.26095 4.49169 -7
    endloop
  endfacet
  facet normal 0 0 1
    outer loop
      vertex 4.125 4.58253 -7
      vertex 4.125 2.41747 -7
      vertex 4.26095 2.50831 -7
    endloop
  endfacet
  facet normal 0 0 1
    outer loop
      vertex 3.97835 4.65485 -7
      vertex 4.125 2.41747 -7
      vertex 4.125 4.58253 -7
    endloop
  endfacet
  facet normal 0 0 1
    outer loop
      vertex 3.97835 4.65485 -7
      vertex 3.97835 2.34515 -7
      vertex 4.125 2.41747 -7
    endloop
  endfacet
  facet normal 0 0 1
    outer loop
      vertex 3.82352 4.70741 -7
      vertex 3.97835 2.34515 -7
      vertex 3.97835 4.65485 -7
    endloop
  endfacet
  facet normal 0 0 1
    outer loop
      vertex 3.82352 4.70741 -7
      vertex 3.82352 2.29259 -7
      vertex 3.97835 2.34515 -7
    endloop
  endfacet
  facet normal 0 0 1
    outer loop
      vertex 3.66316 4.73931 -7
      vertex 3.82352 2.29259 -7
      vertex 3.82352 4.70741 -7
    endloop
  endfacet
  facet normal 0 0 1
    outer loop
      vertex 3.66316 4.73931 -7
      vertex 3.66316 2.26069 -7
      vertex 3.82352 2.29259 -7
    endloop
  endfacet
  facet normal 0 0 1
    outer loop
      vertex 3.5 4.75 -7
      vertex 3.66316 2.26069 -7
      vertex 3.66316 4.73931 -7
    endloop
  endfacet
  facet normal 0 0 1
    outer loop
      vertex 3.5 4.75 -7
      vertex 3.5 2.25 -7
      vertex 3.66316 2.26069 -7
    endloop
  endfacet
  facet normal -0 0 1
    outer loop
      vertex 3.33684 4.73931 -7
      vertex 3.5 2.25 -7
      vertex 3.5 4.75 -7
    endloop
  endfacet
  facet normal 0 0 1
    outer loop
      vertex 3.33684 4.73931 -7
      vertex 3.33684 2.26069 -7
      vertex 3.5 2.25 -7
    endloop
  endfacet
  facet normal -0 0 1
    outer loop
      vertex 3.17648 4.70741 -7
      vertex 3.33684 2.26069 -7
      vertex 3.33684 4.73931 -7
    endloop
  endfacet
  facet normal 0 0 1
    outer loop
      vertex 3.17648 4.70741 -7
      vertex 3.17648 2.29259 -7
      vertex 3.33684 2.26069 -7
    endloop
  endfacet
  facet normal -0 0 1
    outer loop
      vertex 3.02165 4.65485 -7
      vertex 3.17648 2.29259 -7
      vertex 3.17648 4.70741 -7
    endloop
  endfacet
  facet normal 0 0 1
    outer loop
      vertex 3.02165 4.65485 -7
      vertex 3.02165 2.34515 -7
      vertex 3.17648 2.29259 -7
    endloop
  endfacet
  facet normal -0 0 1
    outer loop
      vertex 2.875 4.58253 -7
      vertex 3.02165 2.34515 -7
      vertex 3.02165 4.65485 -7
    endloop
  endfacet
  facet normal 0 0 1
    outer loop
      vertex 2.875 4.58253 -7
      vertex 2.875 2.41747 -7
      vertex 3.02165 2.34515 -7
    endloop
  endfacet
  facet normal -0 0 1
    outer loop
      vertex 2.73905 4.49169 -7
      vertex 2.875 2.41747 -7
      vertex 2.875 4.58253 -7
    endloop
  endfacet
  facet normal 0 0 1
    outer loop
      vertex 2.73905 4.49169 -7
      vertex 2.73905 2.50831 -7
      vertex 2.875 2.41747 -7
    endloop
  endfacet
  facet normal -0 0 1
    outer loop
      vertex 2.61612 4.38388 -7
      vertex 2.73905 2.50831 -7
      vertex 2.73905 4.49169 -7
    endloop
  endfacet
  facet normal 0 0 1
    outer loop
      vertex 2.61612 4.38388 -7
      vertex 2.61612 2.61612 -7
      vertex 2.73905 2.50831 -7
    endloop
  endfacet
  facet normal -0 0 1
    outer loop
      vertex 2.50831 4.26095 -7
      vertex 2.61612 2.61612 -7
      vertex 2.61612 4.38388 -7
    endloop
  endfacet
  facet normal 0 0 1
    outer loop
      vertex 2.50831 4.26095 -7
      vertex 2.50831 2.73905 -7
      vertex 2.61612 2.61612 -7
    endloop
  endfacet
  facet normal -0 0 1
    outer loop
      vertex 2.41747 4.125 -7
      vertex 2.50831 2.73905 -7
      vertex 2.50831 4.26095 -7
    endloop
  endfacet
  facet normal 0 0 1
    outer loop
      vertex 2.41747 4.125 -7
      vertex 2.41747 2.875 -7
      vertex 2.50831 2.73905 -7
    endloop
  endfacet
  facet normal -0 0 1
    outer loop
      vertex 2.34515 3.97835 -7
      vertex 2.41747 2.875 -7
      vertex 2.41747 4.125 -7
    endloop
  endfacet
  facet normal 0 0 1
    outer loop
      vertex 2.34515 3.97835 -7
      vertex 2.34515 3.02165 -7
      vertex 2.41747 2.875 -7
    endloop
  endfacet
  facet normal -0 0 1
    outer loop
      vertex 2.29259 3.82352 -7
      vertex 2.34515 3.02165 -7
      vertex 2.34515 3.97835 -7
    endloop
  endfacet
  facet normal 0 0 1
    outer loop
      vertex 2.29259 3.82352 -7
      vertex 2.29259 3.17648 -7
      vertex 2.34515 3.02165 -7
    endloop
  endfacet
  facet normal -0 0 1
    outer loop
      vertex 2.26069 3.66316 -7
      vertex 2.29259 3.17648 -7
      vertex 2.29259 3.82352 -7
    endloop
  endfacet
  facet normal 0 0 1
    outer loop
      vertex 2.26069 3.66316 -7
      vertex 2.26069 3.33684 -7
      vertex 2.29259 3.17648 -7
    endloop
  endfacet
  facet normal 0 -0 1
    outer loop
      vertex 2.26069 3.33684 -7
      vertex 2.26069 3.66316 -7
      vertex 2.25 3.5 -7
    endloop
  endfacet
  facet normal 0.321452 0.946926 -0
    outer loop
      vertex 3.17648 2.29259 -7
      vertex 3.02165 2.34515 0
      vertex 3.17648 2.29259 0
    endloop
  endfacet
  facet normal 0.321452 0.946926 0
    outer loop
      vertex 3.02165 2.34515 0
      vertex 3.17648 2.29259 -7
      vertex 3.02165 2.34515 -7
    endloop
  endfacet
  facet normal -0.195105 0.980782 0
    outer loop
      vertex 3.82352 2.29259 -7
      vertex 3.66316 2.26069 0
      vertex 3.82352 2.29259 0
    endloop
  endfacet
  facet normal -0.195105 0.980782 0
    outer loop
      vertex 3.66316 2.26069 0
      vertex 3.82352 2.29259 -7
      vertex 3.66316 2.26069 -7
    endloop
  endfacet
  facet normal 0.980782 0.195105 0
    outer loop
      vertex 2.29259 3.17648 0
      vertex 2.26069 3.33684 -7
      vertex 2.26069 3.33684 0
    endloop
  endfacet
  facet normal 0.980782 0.195105 0
    outer loop
      vertex 2.26069 3.33684 -7
      vertex 2.29259 3.17648 0
      vertex 2.29259 3.17648 -7
    endloop
  endfacet
  facet normal -0.946926 -0.321452 0
    outer loop
      vertex 4.70741 3.82352 -7
      vertex 4.65485 3.97835 0
      vertex 4.65485 3.97835 -7
    endloop
  endfacet
  facet normal -0.946926 -0.321452 0
    outer loop
      vertex 4.65485 3.97835 0
      vertex 4.70741 3.82352 -7
      vertex 4.70741 3.82352 0
    endloop
  endfacet
  facet normal -0.321452 -0.946926 0
    outer loop
      vertex 3.82352 4.70741 -7
      vertex 3.97835 4.65485 0
      vertex 3.82352 4.70741 0
    endloop
  endfacet
  facet normal -0.321452 -0.946926 -0
    outer loop
      vertex 3.97835 4.65485 0
      vertex 3.82352 4.70741 -7
      vertex 3.97835 4.65485 -7
    endloop
  endfacet
  facet normal -0.997861 -0.0653783 0
    outer loop
      vertex 4.75 3.5 -7
      vertex 4.73931 3.66316 0
      vertex 4.73931 3.66316 -7
    endloop
  endfacet
  facet normal -0.997861 -0.0653783 0
    outer loop
      vertex 4.73931 3.66316 0
      vertex 4.75 3.5 -7
      vertex 4.75 3.5 0
    endloop
  endfacet
  facet normal -0.659357 0.75183 0
    outer loop
      vertex 4.38388 2.61612 -7
      vertex 4.26095 2.50831 0
      vertex 4.38388 2.61612 0
    endloop
  endfacet
  facet normal -0.659357 0.75183 0
    outer loop
      vertex 4.26095 2.50831 0
      vertex 4.38388 2.61612 -7
      vertex 4.26095 2.50831 -7
    endloop
  endfacet
  facet normal 0.896872 0.44229 0
    outer loop
      vertex 2.41747 2.875 0
      vertex 2.34515 3.02165 -7
      vertex 2.34515 3.02165 0
    endloop
  endfacet
  facet normal 0.896872 0.44229 0
    outer loop
      vertex 2.34515 3.02165 -7
      vertex 2.41747 2.875 0
      vertex 2.41747 2.875 -7
    endloop
  endfacet
  facet normal -0.555575 -0.831466 0
    outer loop
      vertex 4.125 4.58253 -7
      vertex 4.26095 4.49169 0
      vertex 4.125 4.58253 0
    endloop
  endfacet
  facet normal -0.555575 -0.831466 -0
    outer loop
      vertex 4.26095 4.49169 0
      vertex 4.125 4.58253 -7
      vertex 4.26095 4.49169 -7
    endloop
  endfacet
  facet normal 0.659357 -0.75183 0
    outer loop
      vertex 2.61612 4.38388 -7
      vertex 2.73905 4.49169 0
      vertex 2.61612 4.38388 0
    endloop
  endfacet
  facet normal 0.659357 -0.75183 0
    outer loop
      vertex 2.73905 4.49169 0
      vertex 2.61612 4.38388 -7
      vertex 2.73905 4.49169 -7
    endloop
  endfacet
  facet normal 0.997861 -0.0653783 0
    outer loop
      vertex 2.25 3.5 0
      vertex 2.26069 3.66316 -7
      vertex 2.26069 3.66316 0
    endloop
  endfacet
  facet normal 0.997861 -0.0653783 0
    outer loop
      vertex 2.26069 3.66316 -7
      vertex 2.25 3.5 0
      vertex 2.25 3.5 -7
    endloop
  endfacet
  facet normal -0.44229 -0.896872 0
    outer loop
      vertex 3.97835 4.65485 -7
      vertex 4.125 4.58253 0
      vertex 3.97835 4.65485 0
    endloop
  endfacet
  facet normal -0.44229 -0.896872 -0
    outer loop
      vertex 4.125 4.58253 0
      vertex 3.97835 4.65485 -7
      vertex 4.125 4.58253 -7
    endloop
  endfacet
  facet normal -0.946926 0.321452 0
    outer loop
      vertex 4.65485 3.02165 -7
      vertex 4.70741 3.17648 0
      vertex 4.70741 3.17648 -7
    endloop
  endfacet
  facet normal -0.946926 0.321452 0
    outer loop
      vertex 4.70741 3.17648 0
      vertex 4.65485 3.02165 -7
      vertex 4.65485 3.02165 0
    endloop
  endfacet
  facet normal -0.75183 -0.659357 0
    outer loop
      vertex 4.49169 4.26095 -7
      vertex 4.38388 4.38388 0
      vertex 4.38388 4.38388 -7
    endloop
  endfacet
  facet normal -0.75183 -0.659357 0
    outer loop
      vertex 4.38388 4.38388 0
      vertex 4.49169 4.26095 -7
      vertex 4.49169 4.26095 0
    endloop
  endfacet
  facet normal -0.0653783 -0.997861 0
    outer loop
      vertex 3.5 4.75 -7
      vertex 3.66316 4.73931 0
      vertex 3.5 4.75 0
    endloop
  endfacet
  facet normal -0.0653783 -0.997861 -0
    outer loop
      vertex 3.66316 4.73931 0
      vertex 3.5 4.75 -7
      vertex 3.66316 4.73931 -7
    endloop
  endfacet
  facet normal 0.946926 0.321452 0
    outer loop
      vertex 2.34515 3.02165 0
      vertex 2.29259 3.17648 -7
      vertex 2.29259 3.17648 0
    endloop
  endfacet
  facet normal 0.946926 0.321452 0
    outer loop
      vertex 2.29259 3.17648 -7
      vertex 2.34515 3.02165 0
      vertex 2.34515 3.02165 -7
    endloop
  endfacet
  facet normal 0.195105 -0.980782 0
    outer loop
      vertex 3.17648 4.70741 -7
      vertex 3.33684 4.73931 0
      vertex 3.17648 4.70741 0
    endloop
  endfacet
  facet normal 0.195105 -0.980782 0
    outer loop
      vertex 3.33684 4.73931 0
      vertex 3.17648 4.70741 -7
      vertex 3.33684 4.73931 -7
    endloop
  endfacet
  facet normal 0.44229 0.896872 -0
    outer loop
      vertex 3.02165 2.34515 -7
      vertex 2.875 2.41747 0
      vertex 3.02165 2.34515 0
    endloop
  endfacet
  facet normal 0.44229 0.896872 0
    outer loop
      vertex 2.875 2.41747 0
      vertex 3.02165 2.34515 -7
      vertex 2.875 2.41747 -7
    endloop
  endfacet
  facet normal 0.997861 0.0653783 0
    outer loop
      vertex 2.26069 3.33684 0
      vertex 2.25 3.5 -7
      vertex 2.25 3.5 0
    endloop
  endfacet
  facet normal 0.997861 0.0653783 0
    outer loop
      vertex 2.25 3.5 -7
      vertex 2.26069 3.33684 0
      vertex 2.26069 3.33684 -7
    endloop
  endfacet
  facet normal -0.896872 0.44229 0
    outer loop
      vertex 4.58253 2.875 -7
      vertex 4.65485 3.02165 0
      vertex 4.65485 3.02165 -7
    endloop
  endfacet
  facet normal -0.896872 0.44229 0
    outer loop
      vertex 4.65485 3.02165 0
      vertex 4.58253 2.875 -7
      vertex 4.58253 2.875 0
    endloop
  endfacet
  facet normal -0.555575 0.831466 0
    outer loop
      vertex 4.26095 2.50831 -7
      vertex 4.125 2.41747 0
      vertex 4.26095 2.50831 0
    endloop
  endfacet
  facet normal -0.555575 0.831466 0
    outer loop
      vertex 4.125 2.41747 0
      vertex 4.26095 2.50831 -7
      vertex 4.125 2.41747 -7
    endloop
  endfacet
  facet normal 0.555575 0.831466 -0
    outer loop
      vertex 2.875 2.41747 -7
      vertex 2.73905 2.50831 0
      vertex 2.875 2.41747 0
    endloop
  endfacet
  facet normal 0.555575 0.831466 0
    outer loop
      vertex 2.73905 2.50831 0
      vertex 2.875 2.41747 -7
      vertex 2.73905 2.50831 -7
    endloop
  endfacet
  facet normal 0.44229 -0.896872 0
    outer loop
      vertex 2.875 4.58253 -7
      vertex 3.02165 4.65485 0
      vertex 2.875 4.58253 0
    endloop
  endfacet
  facet normal 0.44229 -0.896872 0
    outer loop
      vertex 3.02165 4.65485 0
      vertex 2.875 4.58253 -7
      vertex 3.02165 4.65485 -7
    endloop
  endfacet
  facet normal -0.831466 0.555575 0
    outer loop
      vertex 4.49169 2.73905 -7
      vertex 4.58253 2.875 0
      vertex 4.58253 2.875 -7
    endloop
  endfacet
  facet normal -0.831466 0.555575 0
    outer loop
      vertex 4.58253 2.875 0
      vertex 4.49169 2.73905 -7
      vertex 4.49169 2.73905 0
    endloop
  endfacet
  facet normal 0.659357 0.75183 -0
    outer loop
      vertex 2.73905 2.50831 -7
      vertex 2.61612 2.61612 0
      vertex 2.73905 2.50831 0
    endloop
  endfacet
  facet normal 0.659357 0.75183 0
    outer loop
      vertex 2.61612 2.61612 0
      vertex 2.73905 2.50831 -7
      vertex 2.61612 2.61612 -7
    endloop
  endfacet
  facet normal -0.997861 0.0653783 0
    outer loop
      vertex 4.73931 3.33684 -7
      vertex 4.75 3.5 0
      vertex 4.75 3.5 -7
    endloop
  endfacet
  facet normal -0.997861 0.0653783 0
    outer loop
      vertex 4.75 3.5 0
      vertex 4.73931 3.33684 -7
      vertex 4.73931 3.33684 0
    endloop
  endfacet
  facet normal 0.980782 -0.195105 0
    outer loop
      vertex 2.26069 3.66316 0
      vertex 2.29259 3.82352 -7
      vertex 2.29259 3.82352 0
    endloop
  endfacet
  facet normal 0.980782 -0.195105 0
    outer loop
      vertex 2.29259 3.82352 -7
      vertex 2.26069 3.66316 0
      vertex 2.26069 3.66316 -7
    endloop
  endfacet
  facet normal -0.980782 0.195105 0
    outer loop
      vertex 4.70741 3.17648 -7
      vertex 4.73931 3.33684 0
      vertex 4.73931 3.33684 -7
    endloop
  endfacet
  facet normal -0.980782 0.195105 0
    outer loop
      vertex 4.73931 3.33684 0
      vertex 4.70741 3.17648 -7
      vertex 4.70741 3.17648 0
    endloop
  endfacet
  facet normal 0.75183 0.659357 0
    outer loop
      vertex 2.61612 2.61612 0
      vertex 2.50831 2.73905 -7
      vertex 2.50831 2.73905 0
    endloop
  endfacet
  facet normal 0.75183 0.659357 0
    outer loop
      vertex 2.50831 2.73905 -7
      vertex 2.61612 2.61612 0
      vertex 2.61612 2.61612 -7
    endloop
  endfacet
  facet normal 0.321452 -0.946926 0
    outer loop
      vertex 3.02165 4.65485 -7
      vertex 3.17648 4.70741 0
      vertex 3.02165 4.65485 0
    endloop
  endfacet
  facet normal 0.321452 -0.946926 0
    outer loop
      vertex 3.17648 4.70741 0
      vertex 3.02165 4.65485 -7
      vertex 3.17648 4.70741 -7
    endloop
  endfacet
  facet normal 0.0653783 -0.997861 0
    outer loop
      vertex 3.33684 4.73931 -7
      vertex 3.5 4.75 0
      vertex 3.33684 4.73931 0
    endloop
  endfacet
  facet normal 0.0653783 -0.997861 0
    outer loop
      vertex 3.5 4.75 0
      vertex 3.33684 4.73931 -7
      vertex 3.5 4.75 -7
    endloop
  endfacet
  facet normal 0.831466 0.555575 0
    outer loop
      vertex 2.50831 2.73905 0
      vertex 2.41747 2.875 -7
      vertex 2.41747 2.875 0
    endloop
  endfacet
  facet normal 0.831466 0.555575 0
    outer loop
      vertex 2.41747 2.875 -7
      vertex 2.50831 2.73905 0
      vertex 2.50831 2.73905 -7
    endloop
  endfacet
  facet normal -0.195105 -0.980782 0
    outer loop
      vertex 3.66316 4.73931 -7
      vertex 3.82352 4.70741 0
      vertex 3.66316 4.73931 0
    endloop
  endfacet
  facet normal -0.195105 -0.980782 -0
    outer loop
      vertex 3.82352 4.70741 0
      vertex 3.66316 4.73931 -7
      vertex 3.82352 4.70741 -7
    endloop
  endfacet
  facet normal 0.946926 -0.321452 0
    outer loop
      vertex 2.29259 3.82352 0
      vertex 2.34515 3.97835 -7
      vertex 2.34515 3.97835 0
    endloop
  endfacet
  facet normal 0.946926 -0.321452 0
    outer loop
      vertex 2.34515 3.97835 -7
      vertex 2.29259 3.82352 0
      vertex 2.29259 3.82352 -7
    endloop
  endfacet
  facet normal -0.321452 0.946926 0
    outer loop
      vertex 3.97835 2.34515 -7
      vertex 3.82352 2.29259 0
      vertex 3.97835 2.34515 0
    endloop
  endfacet
  facet normal -0.321452 0.946926 0
    outer loop
      vertex 3.82352 2.29259 0
      vertex 3.97835 2.34515 -7
      vertex 3.82352 2.29259 -7
    endloop
  endfacet
  facet normal 0.896872 -0.44229 0
    outer loop
      vertex 2.34515 3.97835 0
      vertex 2.41747 4.125 -7
      vertex 2.41747 4.125 0
    endloop
  endfacet
  facet normal 0.896872 -0.44229 0
    outer loop
      vertex 2.41747 4.125 -7
      vertex 2.34515 3.97835 0
      vertex 2.34515 3.97835 -7
    endloop
  endfacet
  facet normal -0.44229 0.896872 0
    outer loop
      vertex 4.125 2.41747 -7
      vertex 3.97835 2.34515 0
      vertex 4.125 2.41747 0
    endloop
  endfacet
  facet normal -0.44229 0.896872 0
    outer loop
      vertex 3.97835 2.34515 0
      vertex 4.125 2.41747 -7
      vertex 3.97835 2.34515 -7
    endloop
  endfacet
  facet normal 0.831466 -0.555575 0
    outer loop
      vertex 2.41747 4.125 0
      vertex 2.50831 4.26095 -7
      vertex 2.50831 4.26095 0
    endloop
  endfacet
  facet normal 0.831466 -0.555575 0
    outer loop
      vertex 2.50831 4.26095 -7
      vertex 2.41747 4.125 0
      vertex 2.41747 4.125 -7
    endloop
  endfacet
  facet normal 0.0653783 0.997861 -0
    outer loop
      vertex 3.5 2.25 -7
      vertex 3.33684 2.26069 0
      vertex 3.5 2.25 0
    endloop
  endfacet
  facet normal 0.0653783 0.997861 0
    outer loop
      vertex 3.33684 2.26069 0
      vertex 3.5 2.25 -7
      vertex 3.33684 2.26069 -7
    endloop
  endfacet
  facet normal -0.194358 0.980931 0
    outer loop
      vertex 146.824 2.29259 -7
      vertex 146.663 2.26069 0
      vertex 146.824 2.29259 0
    endloop
  endfacet
  facet normal -0.194358 0.980931 0
    outer loop
      vertex 146.663 2.26069 0
      vertex 146.824 2.29259 -7
      vertex 146.663 2.26069 -7
    endloop
  endfacet
  facet normal -0.980665 -0.195693 0
    outer loop
      vertex 147.739 3.66316 -7
      vertex 147.707 3.82352 0
      vertex 147.707 3.82352 -7
    endloop
  endfacet
  facet normal -0.980665 -0.195693 0
    outer loop
      vertex 147.707 3.82352 0
      vertex 147.739 3.66316 -7
      vertex 147.739 3.66316 0
    endloop
  endfacet
  facet normal -0.997735 -0.0672658 0
    outer loop
      vertex 147.75 3.5 -7
      vertex 147.739 3.66316 0
      vertex 147.739 3.66316 -7
    endloop
  endfacet
  facet normal -0.997735 -0.0672658 0
    outer loop
      vertex 147.739 3.66316 0
      vertex 147.75 3.5 -7
      vertex 147.75 3.5 0
    endloop
  endfacet
  facet normal 0.947965 0.318376 0
    outer loop
      vertex 145.345 3.02165 0
      vertex 145.293 3.17648 -7
      vertex 145.293 3.17648 0
    endloop
  endfacet
  facet normal 0.947965 0.318376 0
    outer loop
      vertex 145.293 3.17648 -7
      vertex 145.345 3.02165 0
      vertex 145.345 3.02165 -7
    endloop
  endfacet
  facet normal 0.194358 0.980931 -0
    outer loop
      vertex 146.337 2.26069 -7
      vertex 146.176 2.29259 0
      vertex 146.337 2.26069 0
    endloop
  endfacet
  facet normal 0.194358 0.980931 0
    outer loop
      vertex 146.176 2.29259 0
      vertex 146.337 2.26069 -7
      vertex 146.176 2.29259 -7
    endloop
  endfacet
  facet normal 0.751254 -0.660013 0
    outer loop
      vertex 145.508 4.26095 0
      vertex 145.616 4.38388 -7
      vertex 145.616 4.38388 0
    endloop
  endfacet
  facet normal 0.751254 -0.660013 0
    outer loop
      vertex 145.616 4.38388 -7
      vertex 145.508 4.26095 0
      vertex 145.508 4.26095 -7
    endloop
  endfacet
  facet normal 0.751254 0.660013 0
    outer loop
      vertex 145.616 2.61612 0
      vertex 145.508 2.73905 -7
      vertex 145.508 2.73905 0
    endloop
  endfacet
  facet normal 0.751254 0.660013 0
    outer loop
      vertex 145.508 2.73905 -7
      vertex 145.616 2.61612 0
      vertex 145.616 2.61612 -7
    endloop
  endfacet
  facet normal -0.897648 -0.440714 0
    outer loop
      vertex 147.655 3.97835 -7
      vertex 147.583 4.125 0
      vertex 147.583 4.125 -7
    endloop
  endfacet
  facet normal -0.897648 -0.440714 0
    outer loop
      vertex 147.583 4.125 0
      vertex 147.655 3.97835 -7
      vertex 147.655 3.97835 0
    endloop
  endfacet
  facet normal 0.323004 -0.946398 0
    outer loop
      vertex 146.022 4.65485 -7
      vertex 146.176 4.70741 0
      vertex 146.022 4.65485 0
    endloop
  endfacet
  facet normal 0.323004 -0.946398 0
    outer loop
      vertex 146.176 4.70741 0
      vertex 146.022 4.65485 -7
      vertex 146.176 4.70741 -7
    endloop
  endfacet
  facet normal 0.555434 0.831561 -0
    outer loop
      vertex 145.875 2.41747 -7
      vertex 145.739 2.50831 0
      vertex 145.875 2.41747 0
    endloop
  endfacet
  facet normal 0.555434 0.831561 0
    outer loop
      vertex 145.739 2.50831 0
      vertex 145.875 2.41747 -7
      vertex 145.739 2.50831 -7
    endloop
  endfacet
  facet normal 0.194358 -0.980931 0
    outer loop
      vertex 146.176 4.70741 -7
      vertex 146.337 4.73931 0
      vertex 146.176 4.70741 0
    endloop
  endfacet
  facet normal 0.194358 -0.980931 0
    outer loop
      vertex 146.337 4.73931 0
      vertex 146.176 4.70741 -7
      vertex 146.337 4.73931 -7
    endloop
  endfacet
  facet normal -0.323004 -0.946398 0
    outer loop
      vertex 146.824 4.70741 -7
      vertex 146.978 4.65485 0
      vertex 146.824 4.70741 0
    endloop
  endfacet
  facet normal -0.323004 -0.946398 -0
    outer loop
      vertex 146.978 4.65485 0
      vertex 146.824 4.70741 -7
      vertex 146.978 4.65485 -7
    endloop
  endfacet
  facet normal 0.831014 0.556251 0
    outer loop
      vertex 145.508 2.73905 0
      vertex 145.417 2.875 -7
      vertex 145.417 2.875 0
    endloop
  endfacet
  facet normal 0.831014 0.556251 0
    outer loop
      vertex 145.417 2.875 -7
      vertex 145.508 2.73905 0
      vertex 145.508 2.73905 -7
    endloop
  endfacet
  facet normal -0.947965 0.318376 0
    outer loop
      vertex 147.655 3.02165 -7
      vertex 147.707 3.17648 0
      vertex 147.707 3.17648 -7
    endloop
  endfacet
  facet normal -0.947965 0.318376 0
    outer loop
      vertex 147.707 3.17648 0
      vertex 147.655 3.02165 -7
      vertex 147.655 3.02165 0
    endloop
  endfacet
  facet normal -0.751254 0.660013 0
    outer loop
      vertex 147.384 2.61612 -7
      vertex 147.492 2.73905 0
      vertex 147.492 2.73905 -7
    endloop
  endfacet
  facet normal -0.751254 0.660013 0
    outer loop
      vertex 147.492 2.73905 0
      vertex 147.384 2.61612 -7
      vertex 147.384 2.61612 0
    endloop
  endfacet
  facet normal -0.751254 -0.660013 0
    outer loop
      vertex 147.492 4.26095 -7
      vertex 147.384 4.38388 0
      vertex 147.384 4.38388 -7
    endloop
  endfacet
  facet normal -0.751254 -0.660013 0
    outer loop
      vertex 147.384 4.38388 0
      vertex 147.492 4.26095 -7
      vertex 147.492 4.26095 0
    endloop
  endfacet
  facet normal 0.0654422 -0.997856 0
    outer loop
      vertex 146.337 4.73931 -7
      vertex 146.5 4.75 0
      vertex 146.337 4.73931 0
    endloop
  endfacet
  facet normal 0.0654422 -0.997856 0
    outer loop
      vertex 146.5 4.75 0
      vertex 146.337 4.73931 -7
      vertex 146.5 4.75 -7
    endloop
  endfacet
  facet normal -0.555434 -0.831561 0
    outer loop
      vertex 147.125 4.58253 -7
      vertex 147.261 4.49169 0
      vertex 147.125 4.58253 0
    endloop
  endfacet
  facet normal -0.555434 -0.831561 -0
    outer loop
      vertex 147.261 4.49169 0
      vertex 147.125 4.58253 -7
      vertex 147.261 4.49169 -7
    endloop
  endfacet
  facet normal 0.997735 -0.0672658 0
    outer loop
      vertex 145.25 3.5 0
      vertex 145.261 3.66316 -7
      vertex 145.261 3.66316 0
    endloop
  endfacet
  facet normal 0.997735 -0.0672658 0
    outer loop
      vertex 145.261 3.66316 -7
      vertex 145.25 3.5 0
      vertex 145.25 3.5 -7
    endloop
  endfacet
  facet normal -0.947965 -0.318376 0
    outer loop
      vertex 147.707 3.82352 -7
      vertex 147.655 3.97835 0
      vertex 147.655 3.97835 -7
    endloop
  endfacet
  facet normal -0.947965 -0.318376 0
    outer loop
      vertex 147.655 3.97835 0
      vertex 147.707 3.82352 -7
      vertex 147.707 3.82352 0
    endloop
  endfacet
  facet normal -0.323004 0.946398 0
    outer loop
      vertex 146.978 2.34515 -7
      vertex 146.824 2.29259 0
      vertex 146.978 2.34515 0
    endloop
  endfacet
  facet normal -0.323004 0.946398 0
    outer loop
      vertex 146.824 2.29259 0
      vertex 146.978 2.34515 -7
      vertex 146.824 2.29259 -7
    endloop
  endfacet
  facet normal 0.897648 0.440714 0
    outer loop
      vertex 145.417 2.875 0
      vertex 145.345 3.02165 -7
      vertex 145.345 3.02165 0
    endloop
  endfacet
  facet normal 0.897648 0.440714 0
    outer loop
      vertex 145.345 3.02165 -7
      vertex 145.417 2.875 0
      vertex 145.417 2.875 -7
    endloop
  endfacet
  facet normal 0.980665 -0.195693 0
    outer loop
      vertex 145.261 3.66316 0
      vertex 145.293 3.82352 -7
      vertex 145.293 3.82352 0
    endloop
  endfacet
  facet normal 0.980665 -0.195693 0
    outer loop
      vertex 145.293 3.82352 -7
      vertex 145.261 3.66316 0
      vertex 145.261 3.66316 -7
    endloop
  endfacet
  facet normal -0.659145 -0.752016 0
    outer loop
      vertex 147.261 4.49169 -7
      vertex 147.384 4.38388 0
      vertex 147.261 4.49169 0
    endloop
  endfacet
  facet normal -0.659145 -0.752016 -0
    outer loop
      vertex 147.384 4.38388 0
      vertex 147.261 4.49169 -7
      vertex 147.384 4.38388 -7
    endloop
  endfacet
  facet normal -0.659145 0.752016 0
    outer loop
      vertex 147.384 2.61612 -7
      vertex 147.261 2.50831 0
      vertex 147.384 2.61612 0
    endloop
  endfacet
  facet normal -0.659145 0.752016 0
    outer loop
      vertex 147.261 2.50831 0
      vertex 147.384 2.61612 -7
      vertex 147.261 2.50831 -7
    endloop
  endfacet
  facet normal 0.980665 0.195693 0
    outer loop
      vertex 145.293 3.17648 0
      vertex 145.261 3.33684 -7
      vertex 145.261 3.33684 0
    endloop
  endfacet
  facet normal 0.980665 0.195693 0
    outer loop
      vertex 145.261 3.33684 -7
      vertex 145.293 3.17648 0
      vertex 145.293 3.17648 -7
    endloop
  endfacet
  facet normal -0.980665 0.195693 0
    outer loop
      vertex 147.707 3.17648 -7
      vertex 147.739 3.33684 0
      vertex 147.739 3.33684 -7
    endloop
  endfacet
  facet normal -0.980665 0.195693 0
    outer loop
      vertex 147.739 3.33684 0
      vertex 147.707 3.17648 -7
      vertex 147.707 3.17648 0
    endloop
  endfacet
  facet normal -0.555434 0.831561 0
    outer loop
      vertex 147.261 2.50831 -7
      vertex 147.125 2.41747 0
      vertex 147.261 2.50831 0
    endloop
  endfacet
  facet normal -0.555434 0.831561 0
    outer loop
      vertex 147.125 2.41747 0
      vertex 147.261 2.50831 -7
      vertex 147.125 2.41747 -7
    endloop
  endfacet
  facet normal 0.997735 0.0672658 0
    outer loop
      vertex 145.261 3.33684 0
      vertex 145.25 3.5 -7
      vertex 145.25 3.5 0
    endloop
  endfacet
  facet normal 0.997735 0.0672658 0
    outer loop
      vertex 145.25 3.5 -7
      vertex 145.261 3.33684 0
      vertex 145.261 3.33684 -7
    endloop
  endfacet
  facet normal -0.831014 -0.556251 0
    outer loop
      vertex 147.583 4.125 -7
      vertex 147.492 4.26095 0
      vertex 147.492 4.26095 -7
    endloop
  endfacet
  facet normal -0.831014 -0.556251 0
    outer loop
      vertex 147.492 4.26095 0
      vertex 147.583 4.125 -7
      vertex 147.583 4.125 0
    endloop
  endfacet
  facet normal -0.897648 0.440714 0
    outer loop
      vertex 147.583 2.875 -7
      vertex 147.655 3.02165 0
      vertex 147.655 3.02165 -7
    endloop
  endfacet
  facet normal -0.897648 0.440714 0
    outer loop
      vertex 147.655 3.02165 0
      vertex 147.583 2.875 -7
      vertex 147.583 2.875 0
    endloop
  endfacet
  facet normal -0.441442 0.89729 0
    outer loop
      vertex 147.125 2.41747 -7
      vertex 146.978 2.34515 0
      vertex 147.125 2.41747 0
    endloop
  endfacet
  facet normal -0.441442 0.89729 0
    outer loop
      vertex 146.978 2.34515 0
      vertex 147.125 2.41747 -7
      vertex 146.978 2.34515 -7
    endloop
  endfacet
  facet normal 0.947965 -0.318376 0
    outer loop
      vertex 145.293 3.82352 0
      vertex 145.345 3.97835 -7
      vertex 145.345 3.97835 0
    endloop
  endfacet
  facet normal 0.947965 -0.318376 0
    outer loop
      vertex 145.345 3.97835 -7
      vertex 145.293 3.82352 0
      vertex 145.293 3.82352 -7
    endloop
  endfacet
  facet normal 0.0654422 0.997856 -0
    outer loop
      vertex 146.5 2.25 -7
      vertex 146.337 2.26069 0
      vertex 146.5 2.25 0
    endloop
  endfacet
  facet normal 0.0654422 0.997856 0
    outer loop
      vertex 146.337 2.26069 0
      vertex 146.5 2.25 -7
      vertex 146.337 2.26069 -7
    endloop
  endfacet
  facet normal 0.323004 0.946398 -0
    outer loop
      vertex 146.176 2.29259 -7
      vertex 146.022 2.34515 0
      vertex 146.176 2.29259 0
    endloop
  endfacet
  facet normal 0.323004 0.946398 0
    outer loop
      vertex 146.022 2.34515 0
      vertex 146.176 2.29259 -7
      vertex 146.022 2.34515 -7
    endloop
  endfacet
  facet normal 0.659145 0.752016 -0
    outer loop
      vertex 145.739 2.50831 -7
      vertex 145.616 2.61612 0
      vertex 145.739 2.50831 0
    endloop
  endfacet
  facet normal 0.659145 0.752016 0
    outer loop
      vertex 145.616 2.61612 0
      vertex 145.739 2.50831 -7
      vertex 145.616 2.61612 -7
    endloop
  endfacet
  facet normal -0.441442 -0.89729 0
    outer loop
      vertex 146.978 4.65485 -7
      vertex 147.125 4.58253 0
      vertex 146.978 4.65485 0
    endloop
  endfacet
  facet normal -0.441442 -0.89729 -0
    outer loop
      vertex 147.125 4.58253 0
      vertex 146.978 4.65485 -7
      vertex 147.125 4.58253 -7
    endloop
  endfacet
  facet normal 0.659145 -0.752016 0
    outer loop
      vertex 145.616 4.38388 -7
      vertex 145.739 4.49169 0
      vertex 145.616 4.38388 0
    endloop
  endfacet
  facet normal 0.659145 -0.752016 0
    outer loop
      vertex 145.739 4.49169 0
      vertex 145.616 4.38388 -7
      vertex 145.739 4.49169 -7
    endloop
  endfacet
  facet normal 0.441442 0.89729 -0
    outer loop
      vertex 146.022 2.34515 -7
      vertex 145.875 2.41747 0
      vertex 146.022 2.34515 0
    endloop
  endfacet
  facet normal 0.441442 0.89729 0
    outer loop
      vertex 145.875 2.41747 0
      vertex 146.022 2.34515 -7
      vertex 145.875 2.41747 -7
    endloop
  endfacet
  facet normal 0.555434 -0.831561 0
    outer loop
      vertex 145.739 4.49169 -7
      vertex 145.875 4.58253 0
      vertex 145.739 4.49169 0
    endloop
  endfacet
  facet normal 0.555434 -0.831561 0
    outer loop
      vertex 145.875 4.58253 0
      vertex 145.739 4.49169 -7
      vertex 145.875 4.58253 -7
    endloop
  endfacet
  facet normal -0.997735 0.0672658 0
    outer loop
      vertex 147.739 3.33684 -7
      vertex 147.75 3.5 0
      vertex 147.75 3.5 -7
    endloop
  endfacet
  facet normal -0.997735 0.0672658 0
    outer loop
      vertex 147.75 3.5 0
      vertex 147.739 3.33684 -7
      vertex 147.739 3.33684 0
    endloop
  endfacet
  facet normal -0.831014 0.556251 0
    outer loop
      vertex 147.492 2.73905 -7
      vertex 147.583 2.875 0
      vertex 147.583 2.875 -7
    endloop
  endfacet
  facet normal -0.831014 0.556251 0
    outer loop
      vertex 147.583 2.875 0
      vertex 147.492 2.73905 -7
      vertex 147.492 2.73905 0
    endloop
  endfacet
  facet normal 0.831014 -0.556251 0
    outer loop
      vertex 145.417 4.125 0
      vertex 145.508 4.26095 -7
      vertex 145.508 4.26095 0
    endloop
  endfacet
  facet normal 0.831014 -0.556251 0
    outer loop
      vertex 145.508 4.26095 -7
      vertex 145.417 4.125 0
      vertex 145.417 4.125 -7
    endloop
  endfacet
  facet normal 0.897648 -0.440714 0
    outer loop
      vertex 145.345 3.97835 0
      vertex 145.417 4.125 -7
      vertex 145.417 4.125 0
    endloop
  endfacet
  facet normal 0.897648 -0.440714 0
    outer loop
      vertex 145.417 4.125 -7
      vertex 145.345 3.97835 0
      vertex 145.345 3.97835 -7
    endloop
  endfacet
  facet normal 0 0 1
    outer loop
      vertex 147.739 3.66316 -7
      vertex 147.739 3.33684 -7
      vertex 147.75 3.5 -7
    endloop
  endfacet
  facet normal 0 0 1
    outer loop
      vertex 147.707 3.82352 -7
      vertex 147.739 3.33684 -7
      vertex 147.739 3.66316 -7
    endloop
  endfacet
  facet normal 0 0 1
    outer loop
      vertex 147.707 3.82352 -7
      vertex 147.707 3.17648 -7
      vertex 147.739 3.33684 -7
    endloop
  endfacet
  facet normal 0 0 1
    outer loop
      vertex 147.655 3.97835 -7
      vertex 147.707 3.17648 -7
      vertex 147.707 3.82352 -7
    endloop
  endfacet
  facet normal 0 0 1
    outer loop
      vertex 147.655 3.97835 -7
      vertex 147.655 3.02165 -7
      vertex 147.707 3.17648 -7
    endloop
  endfacet
  facet normal 0 0 1
    outer loop
      vertex 147.583 4.125 -7
      vertex 147.655 3.02165 -7
      vertex 147.655 3.97835 -7
    endloop
  endfacet
  facet normal 0 0 1
    outer loop
      vertex 147.583 4.125 -7
      vertex 147.583 2.875 -7
      vertex 147.655 3.02165 -7
    endloop
  endfacet
  facet normal 0 0 1
    outer loop
      vertex 147.492 4.26095 -7
      vertex 147.583 2.875 -7
      vertex 147.583 4.125 -7
    endloop
  endfacet
  facet normal 0 0 1
    outer loop
      vertex 147.492 4.26095 -7
      vertex 147.492 2.73905 -7
      vertex 147.583 2.875 -7
    endloop
  endfacet
  facet normal 0 0 1
    outer loop
      vertex 147.384 4.38388 -7
      vertex 147.492 2.73905 -7
      vertex 147.492 4.26095 -7
    endloop
  endfacet
  facet normal 0 0 1
    outer loop
      vertex 147.384 4.38388 -7
      vertex 147.384 2.61612 -7
      vertex 147.492 2.73905 -7
    endloop
  endfacet
  facet normal 0 0 1
    outer loop
      vertex 147.261 4.49169 -7
      vertex 147.384 2.61612 -7
      vertex 147.384 4.38388 -7
    endloop
  endfacet
  facet normal 0 0 1
    outer loop
      vertex 147.261 4.49169 -7
      vertex 147.261 2.50831 -7
      vertex 147.384 2.61612 -7
    endloop
  endfacet
  facet normal 0 0 1
    outer loop
      vertex 147.125 4.58253 -7
      vertex 147.261 2.50831 -7
      vertex 147.261 4.49169 -7
    endloop
  endfacet
  facet normal 0 0 1
    outer loop
      vertex 147.125 4.58253 -7
      vertex 147.125 2.41747 -7
      vertex 147.261 2.50831 -7
    endloop
  endfacet
  facet normal 0 0 1
    outer loop
      vertex 146.978 4.65485 -7
      vertex 147.125 2.41747 -7
      vertex 147.125 4.58253 -7
    endloop
  endfacet
  facet normal 0 0 1
    outer loop
      vertex 146.978 4.65485 -7
      vertex 146.978 2.34515 -7
      vertex 147.125 2.41747 -7
    endloop
  endfacet
  facet normal 0 0 1
    outer loop
      vertex 146.824 4.70741 -7
      vertex 146.978 2.34515 -7
      vertex 146.978 4.65485 -7
    endloop
  endfacet
  facet normal 0 0 1
    outer loop
      vertex 146.824 4.70741 -7
      vertex 146.824 2.29259 -7
      vertex 146.978 2.34515 -7
    endloop
  endfacet
  facet normal 0 0 1
    outer loop
      vertex 146.663 4.73931 -7
      vertex 146.824 2.29259 -7
      vertex 146.824 4.70741 -7
    endloop
  endfacet
  facet normal 0 0 1
    outer loop
      vertex 146.663 4.73931 -7
      vertex 146.663 2.26069 -7
      vertex 146.824 2.29259 -7
    endloop
  endfacet
  facet normal 0 0 1
    outer loop
      vertex 146.5 4.75 -7
      vertex 146.663 2.26069 -7
      vertex 146.663 4.73931 -7
    endloop
  endfacet
  facet normal 0 0 1
    outer loop
      vertex 146.5 4.75 -7
      vertex 146.5 2.25 -7
      vertex 146.663 2.26069 -7
    endloop
  endfacet
  facet normal -0 0 1
    outer loop
      vertex 146.337 4.73931 -7
      vertex 146.5 2.25 -7
      vertex 146.5 4.75 -7
    endloop
  endfacet
  facet normal 0 0 1
    outer loop
      vertex 146.337 4.73931 -7
      vertex 146.337 2.26069 -7
      vertex 146.5 2.25 -7
    endloop
  endfacet
  facet normal -0 0 1
    outer loop
      vertex 146.176 4.70741 -7
      vertex 146.337 2.26069 -7
      vertex 146.337 4.73931 -7
    endloop
  endfacet
  facet normal 0 0 1
    outer loop
      vertex 146.176 4.70741 -7
      vertex 146.176 2.29259 -7
      vertex 146.337 2.26069 -7
    endloop
  endfacet
  facet normal -0 0 1
    outer loop
      vertex 146.022 4.65485 -7
      vertex 146.176 2.29259 -7
      vertex 146.176 4.70741 -7
    endloop
  endfacet
  facet normal 0 0 1
    outer loop
      vertex 146.022 4.65485 -7
      vertex 146.022 2.34515 -7
      vertex 146.176 2.29259 -7
    endloop
  endfacet
  facet normal -0 0 1
    outer loop
      vertex 145.875 4.58253 -7
      vertex 146.022 2.34515 -7
      vertex 146.022 4.65485 -7
    endloop
  endfacet
  facet normal 0 0 1
    outer loop
      vertex 145.875 4.58253 -7
      vertex 145.875 2.41747 -7
      vertex 146.022 2.34515 -7
    endloop
  endfacet
  facet normal -0 0 1
    outer loop
      vertex 145.739 4.49169 -7
      vertex 145.875 2.41747 -7
      vertex 145.875 4.58253 -7
    endloop
  endfacet
  facet normal 0 0 1
    outer loop
      vertex 145.739 4.49169 -7
      vertex 145.739 2.50831 -7
      vertex 145.875 2.41747 -7
    endloop
  endfacet
  facet normal -0 0 1
    outer loop
      vertex 145.616 4.38388 -7
      vertex 145.739 2.50831 -7
      vertex 145.739 4.49169 -7
    endloop
  endfacet
  facet normal 0 0 1
    outer loop
      vertex 145.616 4.38388 -7
      vertex 145.616 2.61612 -7
      vertex 145.739 2.50831 -7
    endloop
  endfacet
  facet normal -0 0 1
    outer loop
      vertex 145.508 4.26095 -7
      vertex 145.616 2.61612 -7
      vertex 145.616 4.38388 -7
    endloop
  endfacet
  facet normal 0 0 1
    outer loop
      vertex 145.508 4.26095 -7
      vertex 145.508 2.73905 -7
      vertex 145.616 2.61612 -7
    endloop
  endfacet
  facet normal -0 0 1
    outer loop
      vertex 145.417 4.125 -7
      vertex 145.508 2.73905 -7
      vertex 145.508 4.26095 -7
    endloop
  endfacet
  facet normal 0 0 1
    outer loop
      vertex 145.417 4.125 -7
      vertex 145.417 2.875 -7
      vertex 145.508 2.73905 -7
    endloop
  endfacet
  facet normal -0 0 1
    outer loop
      vertex 145.345 3.97835 -7
      vertex 145.417 2.875 -7
      vertex 145.417 4.125 -7
    endloop
  endfacet
  facet normal 0 0 1
    outer loop
      vertex 145.345 3.97835 -7
      vertex 145.345 3.02165 -7
      vertex 145.417 2.875 -7
    endloop
  endfacet
  facet normal -0 0 1
    outer loop
      vertex 145.293 3.82352 -7
      vertex 145.345 3.02165 -7
      vertex 145.345 3.97835 -7
    endloop
  endfacet
  facet normal 0 0 1
    outer loop
      vertex 145.293 3.82352 -7
      vertex 145.293 3.17648 -7
      vertex 145.345 3.02165 -7
    endloop
  endfacet
  facet normal -0 0 1
    outer loop
      vertex 145.261 3.66316 -7
      vertex 145.293 3.17648 -7
      vertex 145.293 3.82352 -7
    endloop
  endfacet
  facet normal 0 0 1
    outer loop
      vertex 145.261 3.66316 -7
      vertex 145.261 3.33684 -7
      vertex 145.293 3.17648 -7
    endloop
  endfacet
  facet normal 0 -0 1
    outer loop
      vertex 145.261 3.33684 -7
      vertex 145.261 3.66316 -7
      vertex 145.25 3.5 -7
    endloop
  endfacet
  facet normal 0.441442 -0.89729 0
    outer loop
      vertex 145.875 4.58253 -7
      vertex 146.022 4.65485 0
      vertex 145.875 4.58253 0
    endloop
  endfacet
  facet normal 0.441442 -0.89729 0
    outer loop
      vertex 146.022 4.65485 0
      vertex 145.875 4.58253 -7
      vertex 146.022 4.65485 -7
    endloop
  endfacet
  facet normal -0.194358 -0.980931 0
    outer loop
      vertex 146.663 4.73931 -7
      vertex 146.824 4.70741 0
      vertex 146.663 4.73931 0
    endloop
  endfacet
  facet normal -0.194358 -0.980931 -0
    outer loop
      vertex 146.824 4.70741 0
      vertex 146.663 4.73931 -7
      vertex 146.824 4.70741 -7
    endloop
  endfacet
  facet normal -0.0654422 0.997856 0
    outer loop
      vertex 146.663 2.26069 -7
      vertex 146.5 2.25 0
      vertex 146.663 2.26069 0
    endloop
  endfacet
  facet normal -0.0654422 0.997856 0
    outer loop
      vertex 146.5 2.25 0
      vertex 146.663 2.26069 -7
      vertex 146.5 2.25 -7
    endloop
  endfacet
  facet normal -0.0654422 -0.997856 0
    outer loop
      vertex 146.5 4.75 -7
      vertex 146.663 4.73931 0
      vertex 146.5 4.75 0
    endloop
  endfacet
  facet normal -0.0654422 -0.997856 -0
    outer loop
      vertex 146.663 4.73931 0
      vertex 146.5 4.75 -7
      vertex 146.663 4.73931 -7
    endloop
  endfacet
  facet normal -0.195105 0.980782 0
    outer loop
      vertex 3.82352 85.2926 -7
      vertex 3.66316 85.2607 0
      vertex 3.82352 85.2926 0
    endloop
  endfacet
  facet normal -0.195105 0.980782 0
    outer loop
      vertex 3.66316 85.2607 0
      vertex 3.82352 85.2926 -7
      vertex 3.66316 85.2607 -7
    endloop
  endfacet
  facet normal -0.980768 -0.195175 0
    outer loop
      vertex 4.73931 86.6632 -7
      vertex 4.70741 86.8235 0
      vertex 4.70741 86.8235 -7
    endloop
  endfacet
  facet normal -0.980768 -0.195175 0
    outer loop
      vertex 4.70741 86.8235 0
      vertex 4.73931 86.6632 -7
      vertex 4.73931 86.6632 0
    endloop
  endfacet
  facet normal -0.997862 -0.0653624 0
    outer loop
      vertex 4.75 86.5 -7
      vertex 4.73931 86.6632 0
      vertex 4.73931 86.6632 -7
    endloop
  endfacet
  facet normal -0.997862 -0.0653624 0
    outer loop
      vertex 4.73931 86.6632 0
      vertex 4.75 86.5 -7
      vertex 4.75 86.5 0
    endloop
  endfacet
  facet normal 0.659323 -0.75186 0
    outer loop
      vertex 2.61612 87.3839 -7
      vertex 2.73905 87.4917 0
      vertex 2.61612 87.3839 0
    endloop
  endfacet
  facet normal 0.659323 -0.75186 0
    outer loop
      vertex 2.73905 87.4917 0
      vertex 2.61612 87.3839 -7
      vertex 2.73905 87.4917 -7
    endloop
  endfacet
  facet normal 0.321671 0.946851 -0
    outer loop
      vertex 3.17648 85.2926 -7
      vertex 3.02165 85.3452 0
      vertex 3.17648 85.2926 0
    endloop
  endfacet
  facet normal 0.321671 0.946851 0
    outer loop
      vertex 3.02165 85.3452 0
      vertex 3.17648 85.2926 -7
      vertex 3.02165 85.3452 -7
    endloop
  endfacet
  facet normal 0.195105 0.980782 -0
    outer loop
      vertex 3.33684 85.2607 -7
      vertex 3.17648 85.2926 0
      vertex 3.33684 85.2607 0
    endloop
  endfacet
  facet normal 0.195105 0.980782 0
    outer loop
      vertex 3.17648 85.2926 0
      vertex 3.33684 85.2607 -7
      vertex 3.17648 85.2926 -7
    endloop
  endfacet
  facet normal 0.555406 0.831579 -0
    outer loop
      vertex 2.875 85.4175 -7
      vertex 2.73905 85.5083 0
      vertex 2.875 85.4175 0
    endloop
  endfacet
  facet normal 0.555406 0.831579 0
    outer loop
      vertex 2.73905 85.5083 0
      vertex 2.875 85.4175 -7
      vertex 2.73905 85.5083 -7
    endloop
  endfacet
  facet normal -0.94697 0.321322 0
    outer loop
      vertex 4.65485 86.0216 -7
      vertex 4.70741 86.1765 0
      vertex 4.70741 86.1765 -7
    endloop
  endfacet
  facet normal -0.94697 0.321322 0
    outer loop
      vertex 4.70741 86.1765 0
      vertex 4.65485 86.0216 -7
      vertex 4.65485 86.0216 0
    endloop
  endfacet
  facet normal 0.442191 0.896921 -0
    outer loop
      vertex 3.02165 85.3452 -7
      vertex 2.875 85.4175 0
      vertex 3.02165 85.3452 0
    endloop
  endfacet
  facet normal 0.442191 0.896921 0
    outer loop
      vertex 2.875 85.4175 0
      vertex 3.02165 85.3452 -7
      vertex 2.875 85.4175 -7
    endloop
  endfacet
  facet normal 0.980768 0.195175 0
    outer loop
      vertex 2.29259 86.1765 0
      vertex 2.26069 86.3368 -7
      vertex 2.26069 86.3368 0
    endloop
  endfacet
  facet normal 0.980768 0.195175 0
    outer loop
      vertex 2.26069 86.3368 -7
      vertex 2.29259 86.1765 0
      vertex 2.29259 86.1765 -7
    endloop
  endfacet
  facet normal -0.831372 -0.555716 0
    outer loop
      vertex 4.58253 87.125 -7
      vertex 4.49169 87.2609 0
      vertex 4.49169 87.2609 -7
    endloop
  endfacet
  facet normal -0.831372 -0.555716 0
    outer loop
      vertex 4.49169 87.2609 0
      vertex 4.58253 87.125 -7
      vertex 4.58253 87.125 0
    endloop
  endfacet
  facet normal 0 0 1
    outer loop
      vertex 4.73931 86.6632 -7
      vertex 4.73931 86.3368 -7
      vertex 4.75 86.5 -7
    endloop
  endfacet
  facet normal 0 0 1
    outer loop
      vertex 4.70741 86.8235 -7
      vertex 4.73931 86.3368 -7
      vertex 4.73931 86.6632 -7
    endloop
  endfacet
  facet normal 0 0 1
    outer loop
      vertex 4.70741 86.8235 -7
      vertex 4.70741 86.1765 -7
      vertex 4.73931 86.3368 -7
    endloop
  endfacet
  facet normal 0 0 1
    outer loop
      vertex 4.65485 86.9784 -7
      vertex 4.70741 86.1765 -7
      vertex 4.70741 86.8235 -7
    endloop
  endfacet
  facet normal 0 0 1
    outer loop
      vertex 4.65485 86.9784 -7
      vertex 4.65485 86.0216 -7
      vertex 4.70741 86.1765 -7
    endloop
  endfacet
  facet normal 0 0 1
    outer loop
      vertex 4.58253 87.125 -7
      vertex 4.65485 86.0216 -7
      vertex 4.65485 86.9784 -7
    endloop
  endfacet
  facet normal 0 0 1
    outer loop
      vertex 4.58253 87.125 -7
      vertex 4.58253 85.875 -7
      vertex 4.65485 86.0216 -7
    endloop
  endfacet
  facet normal 0 0 1
    outer loop
      vertex 4.49169 87.2609 -7
      vertex 4.58253 85.875 -7
      vertex 4.58253 87.125 -7
    endloop
  endfacet
  facet normal 0 0 1
    outer loop
      vertex 4.49169 87.2609 -7
      vertex 4.49169 85.739 -7
      vertex 4.58253 85.875 -7
    endloop
  endfacet
  facet normal 0 0 1
    outer loop
      vertex 4.38388 87.3839 -7
      vertex 4.49169 85.739 -7
      vertex 4.49169 87.2609 -7
    endloop
  endfacet
  facet normal 0 0 1
    outer loop
      vertex 4.38388 87.3839 -7
      vertex 4.38388 85.6161 -7
      vertex 4.49169 85.739 -7
    endloop
  endfacet
  facet normal 0 0 1
    outer loop
      vertex 4.26095 87.4917 -7
      vertex 4.38388 85.6161 -7
      vertex 4.38388 87.3839 -7
    endloop
  endfacet
  facet normal 0 0 1
    outer loop
      vertex 4.26095 87.4917 -7
      vertex 4.26095 85.5083 -7
      vertex 4.38388 85.6161 -7
    endloop
  endfacet
  facet normal 0 0 1
    outer loop
      vertex 4.125 87.5825 -7
      vertex 4.26095 85.5083 -7
      vertex 4.26095 87.4917 -7
    endloop
  endfacet
  facet normal 0 0 1
    outer loop
      vertex 4.125 87.5825 -7
      vertex 4.125 85.4175 -7
      vertex 4.26095 85.5083 -7
    endloop
  endfacet
  facet normal 0 0 1
    outer loop
      vertex 3.97835 87.6548 -7
      vertex 4.125 85.4175 -7
      vertex 4.125 87.5825 -7
    endloop
  endfacet
  facet normal 0 0 1
    outer loop
      vertex 3.97835 87.6548 -7
      vertex 3.97835 85.3452 -7
      vertex 4.125 85.4175 -7
    endloop
  endfacet
  facet normal 0 0 1
    outer loop
      vertex 3.82352 87.7074 -7
      vertex 3.97835 85.3452 -7
      vertex 3.97835 87.6548 -7
    endloop
  endfacet
  facet normal 0 0 1
    outer loop
      vertex 3.82352 87.7074 -7
      vertex 3.82352 85.2926 -7
      vertex 3.97835 85.3452 -7
    endloop
  endfacet
  facet normal 0 0 1
    outer loop
      vertex 3.66316 87.7393 -7
      vertex 3.82352 85.2926 -7
      vertex 3.82352 87.7074 -7
    endloop
  endfacet
  facet normal 0 0 1
    outer loop
      vertex 3.66316 87.7393 -7
      vertex 3.66316 85.2607 -7
      vertex 3.82352 85.2926 -7
    endloop
  endfacet
  facet normal 0 0 1
    outer loop
      vertex 3.5 87.75 -7
      vertex 3.66316 85.2607 -7
      vertex 3.66316 87.7393 -7
    endloop
  endfacet
  facet normal 0 0 1
    outer loop
      vertex 3.5 87.75 -7
      vertex 3.5 85.25 -7
      vertex 3.66316 85.2607 -7
    endloop
  endfacet
  facet normal -0 0 1
    outer loop
      vertex 3.33684 87.7393 -7
      vertex 3.5 85.25 -7
      vertex 3.5 87.75 -7
    endloop
  endfacet
  facet normal 0 0 1
    outer loop
      vertex 3.33684 87.7393 -7
      vertex 3.33684 85.2607 -7
      vertex 3.5 85.25 -7
    endloop
  endfacet
  facet normal -0 0 1
    outer loop
      vertex 3.17648 87.7074 -7
      vertex 3.33684 85.2607 -7
      vertex 3.33684 87.7393 -7
    endloop
  endfacet
  facet normal 0 0 1
    outer loop
      vertex 3.17648 87.7074 -7
      vertex 3.17648 85.2926 -7
      vertex 3.33684 85.2607 -7
    endloop
  endfacet
  facet normal -0 0 1
    outer loop
      vertex 3.02165 87.6548 -7
      vertex 3.17648 85.2926 -7
      vertex 3.17648 87.7074 -7
    endloop
  endfacet
  facet normal 0 0 1
    outer loop
      vertex 3.02165 87.6548 -7
      vertex 3.02165 85.3452 -7
      vertex 3.17648 85.2926 -7
    endloop
  endfacet
  facet normal -0 0 1
    outer loop
      vertex 2.875 87.5825 -7
      vertex 3.02165 85.3452 -7
      vertex 3.02165 87.6548 -7
    endloop
  endfacet
  facet normal 0 0 1
    outer loop
      vertex 2.875 87.5825 -7
      vertex 2.875 85.4175 -7
      vertex 3.02165 85.3452 -7
    endloop
  endfacet
  facet normal -0 0 1
    outer loop
      vertex 2.73905 87.4917 -7
      vertex 2.875 85.4175 -7
      vertex 2.875 87.5825 -7
    endloop
  endfacet
  facet normal 0 0 1
    outer loop
      vertex 2.73905 87.4917 -7
      vertex 2.73905 85.5083 -7
      vertex 2.875 85.4175 -7
    endloop
  endfacet
  facet normal -0 0 1
    outer loop
      vertex 2.61612 87.3839 -7
      vertex 2.73905 85.5083 -7
      vertex 2.73905 87.4917 -7
    endloop
  endfacet
  facet normal 0 0 1
    outer loop
      vertex 2.61612 87.3839 -7
      vertex 2.61612 85.6161 -7
      vertex 2.73905 85.5083 -7
    endloop
  endfacet
  facet normal -0 0 1
    outer loop
      vertex 2.50831 87.2609 -7
      vertex 2.61612 85.6161 -7
      vertex 2.61612 87.3839 -7
    endloop
  endfacet
  facet normal 0 0 1
    outer loop
      vertex 2.50831 87.2609 -7
      vertex 2.50831 85.739 -7
      vertex 2.61612 85.6161 -7
    endloop
  endfacet
  facet normal -0 0 1
    outer loop
      vertex 2.41747 87.125 -7
      vertex 2.50831 85.739 -7
      vertex 2.50831 87.2609 -7
    endloop
  endfacet
  facet normal 0 0 1
    outer loop
      vertex 2.41747 87.125 -7
      vertex 2.41747 85.875 -7
      vertex 2.50831 85.739 -7
    endloop
  endfacet
  facet normal -0 0 1
    outer loop
      vertex 2.34515 86.9784 -7
      vertex 2.41747 85.875 -7
      vertex 2.41747 87.125 -7
    endloop
  endfacet
  facet normal 0 0 1
    outer loop
      vertex 2.34515 86.9784 -7
      vertex 2.34515 86.0216 -7
      vertex 2.41747 85.875 -7
    endloop
  endfacet
  facet normal -0 0 1
    outer loop
      vertex 2.29259 86.8235 -7
      vertex 2.34515 86.0216 -7
      vertex 2.34515 86.9784 -7
    endloop
  endfacet
  facet normal 0 0 1
    outer loop
      vertex 2.29259 86.8235 -7
      vertex 2.29259 86.1765 -7
      vertex 2.34515 86.0216 -7
    endloop
  endfacet
  facet normal -0 0 1
    outer loop
      vertex 2.26069 86.6632 -7
      vertex 2.29259 86.1765 -7
      vertex 2.29259 86.8235 -7
    endloop
  endfacet
  facet normal 0 0 1
    outer loop
      vertex 2.26069 86.6632 -7
      vertex 2.26069 86.3368 -7
      vertex 2.29259 86.1765 -7
    endloop
  endfacet
  facet normal 0 -0 1
    outer loop
      vertex 2.26069 86.3368 -7
      vertex 2.26069 86.6632 -7
      vertex 2.25 86.5 -7
    endloop
  endfacet
  facet normal 0.442191 -0.896921 0
    outer loop
      vertex 2.875 87.5825 -7
      vertex 3.02165 87.6548 0
      vertex 2.875 87.5825 0
    endloop
  endfacet
  facet normal 0.442191 -0.896921 0
    outer loop
      vertex 3.02165 87.6548 0
      vertex 2.875 87.5825 -7
      vertex 3.02165 87.6548 -7
    endloop
  endfacet
  facet normal -0.321671 -0.946851 0
    outer loop
      vertex 3.82352 87.7074 -7
      vertex 3.97835 87.6548 0
      vertex 3.82352 87.7074 0
    endloop
  endfacet
  facet normal -0.321671 -0.946851 -0
    outer loop
      vertex 3.97835 87.6548 0
      vertex 3.82352 87.7074 -7
      vertex 3.97835 87.6548 -7
    endloop
  endfacet
  facet normal -0.659323 -0.75186 0
    outer loop
      vertex 4.26095 87.4917 -7
      vertex 4.38388 87.3839 0
      vertex 4.26095 87.4917 0
    endloop
  endfacet
  facet normal -0.659323 -0.75186 -0
    outer loop
      vertex 4.38388 87.3839 0
      vertex 4.26095 87.4917 -7
      vertex 4.38388 87.3839 -7
    endloop
  endfacet
  facet normal -0.896812 0.442411 0
    outer loop
      vertex 4.58253 85.875 -7
      vertex 4.65485 86.0216 0
      vertex 4.65485 86.0216 -7
    endloop
  endfacet
  facet normal -0.896812 0.442411 0
    outer loop
      vertex 4.65485 86.0216 0
      vertex 4.58253 85.875 -7
      vertex 4.58253 85.875 0
    endloop
  endfacet
  facet normal -0.997862 0.0653624 0
    outer loop
      vertex 4.73931 86.3368 -7
      vertex 4.75 86.5 0
      vertex 4.75 86.5 -7
    endloop
  endfacet
  facet normal -0.997862 0.0653624 0
    outer loop
      vertex 4.75 86.5 0
      vertex 4.73931 86.3368 -7
      vertex 4.73931 86.3368 0
    endloop
  endfacet
  facet normal 0.752016 -0.659145 0
    outer loop
      vertex 2.50831 87.2609 0
      vertex 2.61612 87.3839 -7
      vertex 2.61612 87.3839 0
    endloop
  endfacet
  facet normal 0.752016 -0.659145 0
    outer loop
      vertex 2.61612 87.3839 -7
      vertex 2.50831 87.2609 0
      vertex 2.50831 87.2609 -7
    endloop
  endfacet
  facet normal -0.659323 0.75186 0
    outer loop
      vertex 4.38388 85.6161 -7
      vertex 4.26095 85.5083 0
      vertex 4.38388 85.6161 0
    endloop
  endfacet
  facet normal -0.659323 0.75186 0
    outer loop
      vertex 4.26095 85.5083 0
      vertex 4.38388 85.6161 -7
      vertex 4.26095 85.5083 -7
    endloop
  endfacet
  facet normal 0.321671 -0.946851 0
    outer loop
      vertex 3.02165 87.6548 -7
      vertex 3.17648 87.7074 0
      vertex 3.02165 87.6548 0
    endloop
  endfacet
  facet normal 0.321671 -0.946851 0
    outer loop
      vertex 3.17648 87.7074 0
      vertex 3.02165 87.6548 -7
      vertex 3.17648 87.7074 -7
    endloop
  endfacet
  facet normal -0.555406 0.831579 0
    outer loop
      vertex 4.26095 85.5083 -7
      vertex 4.125 85.4175 0
      vertex 4.26095 85.5083 0
    endloop
  endfacet
  facet normal -0.555406 0.831579 0
    outer loop
      vertex 4.125 85.4175 0
      vertex 4.26095 85.5083 -7
      vertex 4.125 85.4175 -7
    endloop
  endfacet
  facet normal -0.980768 0.195175 0
    outer loop
      vertex 4.70741 86.1765 -7
      vertex 4.73931 86.3368 0
      vertex 4.73931 86.3368 -7
    endloop
  endfacet
  facet normal -0.980768 0.195175 0
    outer loop
      vertex 4.73931 86.3368 0
      vertex 4.70741 86.1765 -7
      vertex 4.70741 86.1765 0
    endloop
  endfacet
  facet normal 0.997862 0.0653624 0
    outer loop
      vertex 2.26069 86.3368 0
      vertex 2.25 86.5 -7
      vertex 2.25 86.5 0
    endloop
  endfacet
  facet normal 0.997862 0.0653624 0
    outer loop
      vertex 2.25 86.5 -7
      vertex 2.26069 86.3368 0
      vertex 2.26069 86.3368 -7
    endloop
  endfacet
  facet normal -0.321671 0.946851 0
    outer loop
      vertex 3.97835 85.3452 -7
      vertex 3.82352 85.2926 0
      vertex 3.97835 85.3452 0
    endloop
  endfacet
  facet normal -0.321671 0.946851 0
    outer loop
      vertex 3.82352 85.2926 0
      vertex 3.97835 85.3452 -7
      vertex 3.82352 85.2926 -7
    endloop
  endfacet
  facet normal 0.896812 0.442411 0
    outer loop
      vertex 2.41747 85.875 0
      vertex 2.34515 86.0216 -7
      vertex 2.34515 86.0216 0
    endloop
  endfacet
  facet normal 0.896812 0.442411 0
    outer loop
      vertex 2.34515 86.0216 -7
      vertex 2.41747 85.875 0
      vertex 2.41747 85.875 -7
    endloop
  endfacet
  facet normal -0.555406 -0.831579 0
    outer loop
      vertex 4.125 87.5825 -7
      vertex 4.26095 87.4917 0
      vertex 4.125 87.5825 0
    endloop
  endfacet
  facet normal -0.555406 -0.831579 -0
    outer loop
      vertex 4.26095 87.4917 0
      vertex 4.125 87.5825 -7
      vertex 4.26095 87.4917 -7
    endloop
  endfacet
  facet normal 0.195105 -0.980782 0
    outer loop
      vertex 3.17648 87.7074 -7
      vertex 3.33684 87.7393 0
      vertex 3.17648 87.7074 0
    endloop
  endfacet
  facet normal 0.195105 -0.980782 0
    outer loop
      vertex 3.33684 87.7393 0
      vertex 3.17648 87.7074 -7
      vertex 3.33684 87.7393 -7
    endloop
  endfacet
  facet normal 0.0654392 -0.997857 0
    outer loop
      vertex 3.33684 87.7393 -7
      vertex 3.5 87.75 0
      vertex 3.33684 87.7393 0
    endloop
  endfacet
  facet normal 0.0654392 -0.997857 0
    outer loop
      vertex 3.5 87.75 0
      vertex 3.33684 87.7393 -7
      vertex 3.5 87.75 -7
    endloop
  endfacet
  facet normal 0.659323 0.75186 -0
    outer loop
      vertex 2.73905 85.5083 -7
      vertex 2.61612 85.6161 0
      vertex 2.73905 85.5083 0
    endloop
  endfacet
  facet normal 0.659323 0.75186 0
    outer loop
      vertex 2.61612 85.6161 0
      vertex 2.73905 85.5083 -7
      vertex 2.61612 85.6161 -7
    endloop
  endfacet
  facet normal -0.75175 0.659448 0
    outer loop
      vertex 4.38388 85.6161 -7
      vertex 4.49169 85.739 0
      vertex 4.49169 85.739 -7
    endloop
  endfacet
  facet normal -0.75175 0.659448 0
    outer loop
      vertex 4.49169 85.739 0
      vertex 4.38388 85.6161 -7
      vertex 4.38388 85.6161 0
    endloop
  endfacet
  facet normal 0.555406 -0.831579 0
    outer loop
      vertex 2.73905 87.4917 -7
      vertex 2.875 87.5825 0
      vertex 2.73905 87.4917 0
    endloop
  endfacet
  facet normal 0.555406 -0.831579 0
    outer loop
      vertex 2.875 87.5825 0
      vertex 2.73905 87.4917 -7
      vertex 2.875 87.5825 -7
    endloop
  endfacet
  facet normal -0.195105 -0.980782 0
    outer loop
      vertex 3.66316 87.7393 -7
      vertex 3.82352 87.7074 0
      vertex 3.66316 87.7393 0
    endloop
  endfacet
  facet normal -0.195105 -0.980782 -0
    outer loop
      vertex 3.82352 87.7074 0
      vertex 3.66316 87.7393 -7
      vertex 3.82352 87.7074 -7
    endloop
  endfacet
  facet normal 0.94697 0.321322 0
    outer loop
      vertex 2.34515 86.0216 0
      vertex 2.29259 86.1765 -7
      vertex 2.29259 86.1765 0
    endloop
  endfacet
  facet normal 0.94697 0.321322 0
    outer loop
      vertex 2.29259 86.1765 -7
      vertex 2.34515 86.0216 0
      vertex 2.34515 86.0216 -7
    endloop
  endfacet
  facet normal -0.831561 0.555434 0
    outer loop
      vertex 4.49169 85.739 -7
      vertex 4.58253 85.875 0
      vertex 4.58253 85.875 -7
    endloop
  endfacet
  facet normal -0.831561 0.555434 0
    outer loop
      vertex 4.58253 85.875 0
      vertex 4.49169 85.739 -7
      vertex 4.49169 85.739 0
    endloop
  endfacet
  facet normal 0.980768 -0.195175 0
    outer loop
      vertex 2.26069 86.6632 0
      vertex 2.29259 86.8235 -7
      vertex 2.29259 86.8235 0
    endloop
  endfacet
  facet normal 0.980768 -0.195175 0
    outer loop
      vertex 2.29259 86.8235 -7
      vertex 2.26069 86.6632 0
      vertex 2.26069 86.6632 -7
    endloop
  endfacet
  facet normal -0.442191 -0.896921 0
    outer loop
      vertex 3.97835 87.6548 -7
      vertex 4.125 87.5825 0
      vertex 3.97835 87.6548 0
    endloop
  endfacet
  facet normal -0.442191 -0.896921 -0
    outer loop
      vertex 4.125 87.5825 0
      vertex 3.97835 87.6548 -7
      vertex 4.125 87.5825 -7
    endloop
  endfacet
  facet normal -0.896812 -0.442411 0
    outer loop
      vertex 4.65485 86.9784 -7
      vertex 4.58253 87.125 0
      vertex 4.58253 87.125 -7
    endloop
  endfacet
  facet normal -0.896812 -0.442411 0
    outer loop
      vertex 4.58253 87.125 0
      vertex 4.65485 86.9784 -7
      vertex 4.65485 86.9784 0
    endloop
  endfacet
  facet normal -0.752016 -0.659145 0
    outer loop
      vertex 4.49169 87.2609 -7
      vertex 4.38388 87.3839 0
      vertex 4.38388 87.3839 -7
    endloop
  endfacet
  facet normal -0.752016 -0.659145 0
    outer loop
      vertex 4.38388 87.3839 0
      vertex 4.49169 87.2609 -7
      vertex 4.49169 87.2609 0
    endloop
  endfacet
  facet normal -0.94697 -0.321322 0
    outer loop
      vertex 4.70741 86.8235 -7
      vertex 4.65485 86.9784 0
      vertex 4.65485 86.9784 -7
    endloop
  endfacet
  facet normal -0.94697 -0.321322 0
    outer loop
      vertex 4.65485 86.9784 0
      vertex 4.70741 86.8235 -7
      vertex 4.70741 86.8235 0
    endloop
  endfacet
  facet normal 0.997862 -0.0653624 0
    outer loop
      vertex 2.25 86.5 0
      vertex 2.26069 86.6632 -7
      vertex 2.26069 86.6632 0
    endloop
  endfacet
  facet normal 0.997862 -0.0653624 0
    outer loop
      vertex 2.26069 86.6632 -7
      vertex 2.25 86.5 0
      vertex 2.25 86.5 -7
    endloop
  endfacet
  facet normal 0.896812 -0.442411 0
    outer loop
      vertex 2.34515 86.9784 0
      vertex 2.41747 87.125 -7
      vertex 2.41747 87.125 0
    endloop
  endfacet
  facet normal 0.896812 -0.442411 0
    outer loop
      vertex 2.41747 87.125 -7
      vertex 2.34515 86.9784 0
      vertex 2.34515 86.9784 -7
    endloop
  endfacet
  facet normal -0.442191 0.896921 0
    outer loop
      vertex 4.125 85.4175 -7
      vertex 3.97835 85.3452 0
      vertex 4.125 85.4175 0
    endloop
  endfacet
  facet normal -0.442191 0.896921 0
    outer loop
      vertex 3.97835 85.3452 0
      vertex 4.125 85.4175 -7
      vertex 3.97835 85.3452 -7
    endloop
  endfacet
  facet normal -0.0654392 0.997857 0
    outer loop
      vertex 3.66316 85.2607 -7
      vertex 3.5 85.25 0
      vertex 3.66316 85.2607 0
    endloop
  endfacet
  facet normal -0.0654392 0.997857 0
    outer loop
      vertex 3.5 85.25 0
      vertex 3.66316 85.2607 -7
      vertex 3.5 85.25 -7
    endloop
  endfacet
  facet normal 0.94697 -0.321322 0
    outer loop
      vertex 2.29259 86.8235 0
      vertex 2.34515 86.9784 -7
      vertex 2.34515 86.9784 0
    endloop
  endfacet
  facet normal 0.94697 -0.321322 0
    outer loop
      vertex 2.34515 86.9784 -7
      vertex 2.29259 86.8235 0
      vertex 2.29259 86.8235 -7
    endloop
  endfacet
  facet normal 0.831372 -0.555716 0
    outer loop
      vertex 2.41747 87.125 0
      vertex 2.50831 87.2609 -7
      vertex 2.50831 87.2609 0
    endloop
  endfacet
  facet normal 0.831372 -0.555716 0
    outer loop
      vertex 2.50831 87.2609 -7
      vertex 2.41747 87.125 0
      vertex 2.41747 87.125 -7
    endloop
  endfacet
  facet normal 0.831561 0.555434 0
    outer loop
      vertex 2.50831 85.739 0
      vertex 2.41747 85.875 -7
      vertex 2.41747 85.875 0
    endloop
  endfacet
  facet normal 0.831561 0.555434 0
    outer loop
      vertex 2.41747 85.875 -7
      vertex 2.50831 85.739 0
      vertex 2.50831 85.739 -7
    endloop
  endfacet
  facet normal 0.75175 0.659448 0
    outer loop
      vertex 2.61612 85.6161 0
      vertex 2.50831 85.739 -7
      vertex 2.50831 85.739 0
    endloop
  endfacet
  facet normal 0.75175 0.659448 0
    outer loop
      vertex 2.50831 85.739 -7
      vertex 2.61612 85.6161 0
      vertex 2.61612 85.6161 -7
    endloop
  endfacet
  facet normal -0.0654392 -0.997857 0
    outer loop
      vertex 3.5 87.75 -7
      vertex 3.66316 87.7393 0
      vertex 3.5 87.75 0
    endloop
  endfacet
  facet normal -0.0654392 -0.997857 -0
    outer loop
      vertex 3.66316 87.7393 0
      vertex 3.5 87.75 -7
      vertex 3.66316 87.7393 -7
    endloop
  endfacet
  facet normal 0.0654392 0.997857 -0
    outer loop
      vertex 3.5 85.25 -7
      vertex 3.33684 85.2607 0
      vertex 3.5 85.25 0
    endloop
  endfacet
  facet normal 0.0654392 0.997857 0
    outer loop
      vertex 3.33684 85.2607 0
      vertex 3.5 85.25 -7
      vertex 3.33684 85.2607 -7
    endloop
  endfacet
  facet normal -0.194358 0.980931 0
    outer loop
      vertex 146.824 85.2926 -7
      vertex 146.663 85.2607 0
      vertex 146.824 85.2926 0
    endloop
  endfacet
  facet normal -0.194358 0.980931 0
    outer loop
      vertex 146.663 85.2607 0
      vertex 146.824 85.2926 -7
      vertex 146.663 85.2607 -7
    endloop
  endfacet
  facet normal -0.980651 -0.195763 0
    outer loop
      vertex 147.739 86.6632 -7
      vertex 147.707 86.8235 0
      vertex 147.707 86.8235 -7
    endloop
  endfacet
  facet normal -0.980651 -0.195763 0
    outer loop
      vertex 147.707 86.8235 0
      vertex 147.739 86.6632 -7
      vertex 147.739 86.6632 0
    endloop
  endfacet
  facet normal -0.997736 -0.0672494 0
    outer loop
      vertex 147.75 86.5 -7
      vertex 147.739 86.6632 0
      vertex 147.739 86.6632 -7
    endloop
  endfacet
  facet normal -0.997736 -0.0672494 0
    outer loop
      vertex 147.739 86.6632 0
      vertex 147.75 86.5 -7
      vertex 147.75 86.5 0
    endloop
  endfacet
  facet normal 0 0 1
    outer loop
      vertex 147.739 86.6632 -7
      vertex 147.739 86.3368 -7
      vertex 147.75 86.5 -7
    endloop
  endfacet
  facet normal 0 0 1
    outer loop
      vertex 147.707 86.8235 -7
      vertex 147.739 86.3368 -7
      vertex 147.739 86.6632 -7
    endloop
  endfacet
  facet normal 0 0 1
    outer loop
      vertex 147.707 86.8235 -7
      vertex 147.707 86.1765 -7
      vertex 147.739 86.3368 -7
    endloop
  endfacet
  facet normal 0 0 1
    outer loop
      vertex 147.655 86.9784 -7
      vertex 147.707 86.1765 -7
      vertex 147.707 86.8235 -7
    endloop
  endfacet
  facet normal 0 0 1
    outer loop
      vertex 147.655 86.9784 -7
      vertex 147.655 86.0216 -7
      vertex 147.707 86.1765 -7
    endloop
  endfacet
  facet normal 0 0 1
    outer loop
      vertex 147.583 87.125 -7
      vertex 147.655 86.0216 -7
      vertex 147.655 86.9784 -7
    endloop
  endfacet
  facet normal 0 0 1
    outer loop
      vertex 147.583 87.125 -7
      vertex 147.583 85.875 -7
      vertex 147.655 86.0216 -7
    endloop
  endfacet
  facet normal 0 0 1
    outer loop
      vertex 147.492 87.2609 -7
      vertex 147.583 85.875 -7
      vertex 147.583 87.125 -7
    endloop
  endfacet
  facet normal 0 0 1
    outer loop
      vertex 147.492 87.2609 -7
      vertex 147.492 85.739 -7
      vertex 147.583 85.875 -7
    endloop
  endfacet
  facet normal 0 0 1
    outer loop
      vertex 147.384 87.3839 -7
      vertex 147.492 85.739 -7
      vertex 147.492 87.2609 -7
    endloop
  endfacet
  facet normal 0 0 1
    outer loop
      vertex 147.384 87.3839 -7
      vertex 147.384 85.6161 -7
      vertex 147.492 85.739 -7
    endloop
  endfacet
  facet normal 0 0 1
    outer loop
      vertex 147.261 87.4917 -7
      vertex 147.384 85.6161 -7
      vertex 147.384 87.3839 -7
    endloop
  endfacet
  facet normal 0 0 1
    outer loop
      vertex 147.261 87.4917 -7
      vertex 147.261 85.5083 -7
      vertex 147.384 85.6161 -7
    endloop
  endfacet
  facet normal 0 0 1
    outer loop
      vertex 147.125 87.5825 -7
      vertex 147.261 85.5083 -7
      vertex 147.261 87.4917 -7
    endloop
  endfacet
  facet normal 0 0 1
    outer loop
      vertex 147.125 87.5825 -7
      vertex 147.125 85.4175 -7
      vertex 147.261 85.5083 -7
    endloop
  endfacet
  facet normal 0 0 1
    outer loop
      vertex 146.978 87.6548 -7
      vertex 147.125 85.4175 -7
      vertex 147.125 87.5825 -7
    endloop
  endfacet
  facet normal 0 0 1
    outer loop
      vertex 146.978 87.6548 -7
      vertex 146.978 85.3452 -7
      vertex 147.125 85.4175 -7
    endloop
  endfacet
  facet normal 0 0 1
    outer loop
      vertex 146.824 87.7074 -7
      vertex 146.978 85.3452 -7
      vertex 146.978 87.6548 -7
    endloop
  endfacet
  facet normal 0 0 1
    outer loop
      vertex 146.824 87.7074 -7
      vertex 146.824 85.2926 -7
      vertex 146.978 85.3452 -7
    endloop
  endfacet
  facet normal 0 0 1
    outer loop
      vertex 146.663 87.7393 -7
      vertex 146.824 85.2926 -7
      vertex 146.824 87.7074 -7
    endloop
  endfacet
  facet normal 0 0 1
    outer loop
      vertex 146.663 87.7393 -7
      vertex 146.663 85.2607 -7
      vertex 146.824 85.2926 -7
    endloop
  endfacet
  facet normal 0 0 1
    outer loop
      vertex 146.5 87.75 -7
      vertex 146.663 85.2607 -7
      vertex 146.663 87.7393 -7
    endloop
  endfacet
  facet normal 0 0 1
    outer loop
      vertex 146.5 87.75 -7
      vertex 146.5 85.25 -7
      vertex 146.663 85.2607 -7
    endloop
  endfacet
  facet normal -0 0 1
    outer loop
      vertex 146.337 87.7393 -7
      vertex 146.5 85.25 -7
      vertex 146.5 87.75 -7
    endloop
  endfacet
  facet normal 0 0 1
    outer loop
      vertex 146.337 87.7393 -7
      vertex 146.337 85.2607 -7
      vertex 146.5 85.25 -7
    endloop
  endfacet
  facet normal -0 0 1
    outer loop
      vertex 146.176 87.7074 -7
      vertex 146.337 85.2607 -7
      vertex 146.337 87.7393 -7
    endloop
  endfacet
  facet normal 0 0 1
    outer loop
      vertex 146.176 87.7074 -7
      vertex 146.176 85.2926 -7
      vertex 146.337 85.2607 -7
    endloop
  endfacet
  facet normal -0 0 1
    outer loop
      vertex 146.022 87.6548 -7
      vertex 146.176 85.2926 -7
      vertex 146.176 87.7074 -7
    endloop
  endfacet
  facet normal 0 0 1
    outer loop
      vertex 146.022 87.6548 -7
      vertex 146.022 85.3452 -7
      vertex 146.176 85.2926 -7
    endloop
  endfacet
  facet normal -0 0 1
    outer loop
      vertex 145.875 87.5825 -7
      vertex 146.022 85.3452 -7
      vertex 146.022 87.6548 -7
    endloop
  endfacet
  facet normal 0 0 1
    outer loop
      vertex 145.875 87.5825 -7
      vertex 145.875 85.4175 -7
      vertex 146.022 85.3452 -7
    endloop
  endfacet
  facet normal -0 0 1
    outer loop
      vertex 145.739 87.4917 -7
      vertex 145.875 85.4175 -7
      vertex 145.875 87.5825 -7
    endloop
  endfacet
  facet normal 0 0 1
    outer loop
      vertex 145.739 87.4917 -7
      vertex 145.739 85.5083 -7
      vertex 145.875 85.4175 -7
    endloop
  endfacet
  facet normal -0 0 1
    outer loop
      vertex 145.616 87.3839 -7
      vertex 145.739 85.5083 -7
      vertex 145.739 87.4917 -7
    endloop
  endfacet
  facet normal 0 0 1
    outer loop
      vertex 145.616 87.3839 -7
      vertex 145.616 85.6161 -7
      vertex 145.739 85.5083 -7
    endloop
  endfacet
  facet normal -0 0 1
    outer loop
      vertex 145.508 87.2609 -7
      vertex 145.616 85.6161 -7
      vertex 145.616 87.3839 -7
    endloop
  endfacet
  facet normal 0 0 1
    outer loop
      vertex 145.508 87.2609 -7
      vertex 145.508 85.739 -7
      vertex 145.616 85.6161 -7
    endloop
  endfacet
  facet normal -0 0 1
    outer loop
      vertex 145.417 87.125 -7
      vertex 145.508 85.739 -7
      vertex 145.508 87.2609 -7
    endloop
  endfacet
  facet normal 0 0 1
    outer loop
      vertex 145.417 87.125 -7
      vertex 145.417 85.875 -7
      vertex 145.508 85.739 -7
    endloop
  endfacet
  facet normal -0 0 1
    outer loop
      vertex 145.345 86.9784 -7
      vertex 145.417 85.875 -7
      vertex 145.417 87.125 -7
    endloop
  endfacet
  facet normal 0 0 1
    outer loop
      vertex 145.345 86.9784 -7
      vertex 145.345 86.0216 -7
      vertex 145.417 85.875 -7
    endloop
  endfacet
  facet normal -0 0 1
    outer loop
      vertex 145.293 86.8235 -7
      vertex 145.345 86.0216 -7
      vertex 145.345 86.9784 -7
    endloop
  endfacet
  facet normal 0 0 1
    outer loop
      vertex 145.293 86.8235 -7
      vertex 145.293 86.1765 -7
      vertex 145.345 86.0216 -7
    endloop
  endfacet
  facet normal -0 0 1
    outer loop
      vertex 145.261 86.6632 -7
      vertex 145.293 86.1765 -7
      vertex 145.293 86.8235 -7
    endloop
  endfacet
  facet normal 0 0 1
    outer loop
      vertex 145.261 86.6632 -7
      vertex 145.261 86.3368 -7
      vertex 145.293 86.1765 -7
    endloop
  endfacet
  facet normal 0 -0 1
    outer loop
      vertex 145.261 86.3368 -7
      vertex 145.261 86.6632 -7
      vertex 145.25 86.5 -7
    endloop
  endfacet
  facet normal 0.323224 0.946322 -0
    outer loop
      vertex 146.176 85.2926 -7
      vertex 146.022 85.3452 0
      vertex 146.176 85.2926 0
    endloop
  endfacet
  facet normal 0.323224 0.946322 0
    outer loop
      vertex 146.022 85.3452 0
      vertex 146.176 85.2926 -7
      vertex 146.022 85.3452 -7
    endloop
  endfacet
  facet normal -0.948008 0.318247 0
    outer loop
      vertex 147.655 86.0216 -7
      vertex 147.707 86.1765 0
      vertex 147.707 86.1765 -7
    endloop
  endfacet
  facet normal -0.948008 0.318247 0
    outer loop
      vertex 147.707 86.1765 0
      vertex 147.655 86.0216 -7
      vertex 147.655 86.0216 0
    endloop
  endfacet
  facet normal 0.980651 0.195763 0
    outer loop
      vertex 145.293 86.1765 0
      vertex 145.261 86.3368 -7
      vertex 145.261 86.3368 0
    endloop
  endfacet
  facet normal 0.980651 0.195763 0
    outer loop
      vertex 145.261 86.3368 -7
      vertex 145.293 86.1765 0
      vertex 145.293 86.1765 -7
    endloop
  endfacet
  facet normal 0.751174 0.660104 0
    outer loop
      vertex 145.616 85.6161 0
      vertex 145.508 85.739 -7
      vertex 145.508 85.739 0
    endloop
  endfacet
  facet normal 0.751174 0.660104 0
    outer loop
      vertex 145.508 85.739 -7
      vertex 145.616 85.6161 0
      vertex 145.616 85.6161 -7
    endloop
  endfacet
  facet normal 0.194358 -0.980931 0
    outer loop
      vertex 146.176 87.7074 -7
      vertex 146.337 87.7393 0
      vertex 146.176 87.7074 0
    endloop
  endfacet
  facet normal 0.194358 -0.980931 0
    outer loop
      vertex 146.337 87.7393 0
      vertex 146.176 87.7074 -7
      vertex 146.337 87.7393 -7
    endloop
  endfacet
  facet normal -0.948008 -0.318247 0
    outer loop
      vertex 147.707 86.8235 -7
      vertex 147.655 86.9784 0
      vertex 147.655 86.9784 -7
    endloop
  endfacet
  facet normal -0.948008 -0.318247 0
    outer loop
      vertex 147.655 86.9784 0
      vertex 147.707 86.8235 -7
      vertex 147.707 86.8235 0
    endloop
  endfacet
  facet normal -0.83092 -0.556392 0
    outer loop
      vertex 147.583 87.125 -7
      vertex 147.492 87.2609 0
      vertex 147.492 87.2609 -7
    endloop
  endfacet
  facet normal -0.83092 -0.556392 0
    outer loop
      vertex 147.492 87.2609 0
      vertex 147.583 87.125 -7
      vertex 147.583 87.125 0
    endloop
  endfacet
  facet normal 0.441344 -0.897338 0
    outer loop
      vertex 145.875 87.5825 -7
      vertex 146.022 87.6548 0
      vertex 145.875 87.5825 0
    endloop
  endfacet
  facet normal 0.441344 -0.897338 0
    outer loop
      vertex 146.022 87.6548 0
      vertex 145.875 87.5825 -7
      vertex 146.022 87.6548 -7
    endloop
  endfacet
  facet normal -0.323224 -0.946322 0
    outer loop
      vertex 146.824 87.7074 -7
      vertex 146.978 87.6548 0
      vertex 146.824 87.7074 0
    endloop
  endfacet
  facet normal -0.323224 -0.946322 -0
    outer loop
      vertex 146.978 87.6548 0
      vertex 146.824 87.7074 -7
      vertex 146.978 87.6548 -7
    endloop
  endfacet
  facet normal -0.65911 -0.752046 0
    outer loop
      vertex 147.261 87.4917 -7
      vertex 147.384 87.3839 0
      vertex 147.261 87.4917 0
    endloop
  endfacet
  facet normal -0.65911 -0.752046 -0
    outer loop
      vertex 147.384 87.3839 0
      vertex 147.261 87.4917 -7
      vertex 147.384 87.3839 -7
    endloop
  endfacet
  facet normal -0.555265 -0.831674 0
    outer loop
      vertex 147.125 87.5825 -7
      vertex 147.261 87.4917 0
      vertex 147.125 87.5825 0
    endloop
  endfacet
  facet normal -0.555265 -0.831674 -0
    outer loop
      vertex 147.261 87.4917 0
      vertex 147.125 87.5825 -7
      vertex 147.261 87.4917 -7
    endloop
  endfacet
  facet normal -0.897588 0.440835 0
    outer loop
      vertex 147.583 85.875 -7
      vertex 147.655 86.0216 0
      vertex 147.655 86.0216 -7
    endloop
  endfacet
  facet normal -0.897588 0.440835 0
    outer loop
      vertex 147.655 86.0216 0
      vertex 147.583 85.875 -7
      vertex 147.583 85.875 0
    endloop
  endfacet
  facet normal -0.997736 0.0672494 0
    outer loop
      vertex 147.739 86.3368 -7
      vertex 147.75 86.5 0
      vertex 147.75 86.5 -7
    endloop
  endfacet
  facet normal -0.997736 0.0672494 0
    outer loop
      vertex 147.75 86.5 0
      vertex 147.739 86.3368 -7
      vertex 147.739 86.3368 0
    endloop
  endfacet
  facet normal 0.75144 -0.659801 0
    outer loop
      vertex 145.508 87.2609 0
      vertex 145.616 87.3839 -7
      vertex 145.616 87.3839 0
    endloop
  endfacet
  facet normal 0.75144 -0.659801 0
    outer loop
      vertex 145.616 87.3839 -7
      vertex 145.508 87.2609 0
      vertex 145.508 87.2609 -7
    endloop
  endfacet
  facet normal 0.441344 0.897338 -0
    outer loop
      vertex 146.022 85.3452 -7
      vertex 145.875 85.4175 0
      vertex 146.022 85.3452 0
    endloop
  endfacet
  facet normal 0.441344 0.897338 0
    outer loop
      vertex 145.875 85.4175 0
      vertex 146.022 85.3452 -7
      vertex 145.875 85.4175 -7
    endloop
  endfacet
  facet normal -0.65911 0.752046 0
    outer loop
      vertex 147.384 85.6161 -7
      vertex 147.261 85.5083 0
      vertex 147.384 85.6161 0
    endloop
  endfacet
  facet normal -0.65911 0.752046 0
    outer loop
      vertex 147.261 85.5083 0
      vertex 147.384 85.6161 -7
      vertex 147.261 85.5083 -7
    endloop
  endfacet
  facet normal 0.323224 -0.946322 0
    outer loop
      vertex 146.022 87.6548 -7
      vertex 146.176 87.7074 0
      vertex 146.022 87.6548 0
    endloop
  endfacet
  facet normal 0.323224 -0.946322 0
    outer loop
      vertex 146.176 87.7074 0
      vertex 146.022 87.6548 -7
      vertex 146.176 87.7074 -7
    endloop
  endfacet
  facet normal -0.555265 0.831674 0
    outer loop
      vertex 147.261 85.5083 -7
      vertex 147.125 85.4175 0
      vertex 147.261 85.5083 0
    endloop
  endfacet
  facet normal -0.555265 0.831674 0
    outer loop
      vertex 147.125 85.4175 0
      vertex 147.261 85.5083 -7
      vertex 147.125 85.4175 -7
    endloop
  endfacet
  facet normal -0.980651 0.195763 0
    outer loop
      vertex 147.707 86.1765 -7
      vertex 147.739 86.3368 0
      vertex 147.739 86.3368 -7
    endloop
  endfacet
  facet normal -0.980651 0.195763 0
    outer loop
      vertex 147.739 86.3368 0
      vertex 147.707 86.1765 -7
      vertex 147.707 86.1765 0
    endloop
  endfacet
  facet normal -0.0655032 -0.997852 0
    outer loop
      vertex 146.5 87.75 -7
      vertex 146.663 87.7393 0
      vertex 146.5 87.75 0
    endloop
  endfacet
  facet normal -0.0655032 -0.997852 -0
    outer loop
      vertex 146.663 87.7393 0
      vertex 146.5 87.75 -7
      vertex 146.663 87.7393 -7
    endloop
  endfacet
  facet normal 0.997736 0.0672494 0
    outer loop
      vertex 145.261 86.3368 0
      vertex 145.25 86.5 -7
      vertex 145.25 86.5 0
    endloop
  endfacet
  facet normal 0.997736 0.0672494 0
    outer loop
      vertex 145.25 86.5 -7
      vertex 145.261 86.3368 0
      vertex 145.261 86.3368 -7
    endloop
  endfacet
  facet normal -0.323224 0.946322 0
    outer loop
      vertex 146.978 85.3452 -7
      vertex 146.824 85.2926 0
      vertex 146.978 85.3452 0
    endloop
  endfacet
  facet normal -0.323224 0.946322 0
    outer loop
      vertex 146.824 85.2926 0
      vertex 146.978 85.3452 -7
      vertex 146.824 85.2926 -7
    endloop
  endfacet
  facet normal 0.897588 0.440835 0
    outer loop
      vertex 145.417 85.875 0
      vertex 145.345 86.0216 -7
      vertex 145.345 86.0216 0
    endloop
  endfacet
  facet normal 0.897588 0.440835 0
    outer loop
      vertex 145.345 86.0216 -7
      vertex 145.417 85.875 0
      vertex 145.417 85.875 -7
    endloop
  endfacet
  facet normal 0.831109 0.55611 0
    outer loop
      vertex 145.508 85.739 0
      vertex 145.417 85.875 -7
      vertex 145.417 85.875 0
    endloop
  endfacet
  facet normal 0.831109 0.55611 0
    outer loop
      vertex 145.417 85.875 -7
      vertex 145.508 85.739 0
      vertex 145.508 85.739 -7
    endloop
  endfacet
  facet normal 0.0655032 -0.997852 0
    outer loop
      vertex 146.337 87.7393 -7
      vertex 146.5 87.75 0
      vertex 146.337 87.7393 0
    endloop
  endfacet
  facet normal 0.0655032 -0.997852 0
    outer loop
      vertex 146.5 87.75 0
      vertex 146.337 87.7393 -7
      vertex 146.5 87.75 -7
    endloop
  endfacet
  facet normal -0.194358 -0.980931 0
    outer loop
      vertex 146.663 87.7393 -7
      vertex 146.824 87.7074 0
      vertex 146.663 87.7393 0
    endloop
  endfacet
  facet normal -0.194358 -0.980931 -0
    outer loop
      vertex 146.824 87.7074 0
      vertex 146.663 87.7393 -7
      vertex 146.824 87.7074 -7
    endloop
  endfacet
  facet normal 0.65911 0.752046 -0
    outer loop
      vertex 145.739 85.5083 -7
      vertex 145.616 85.6161 0
      vertex 145.739 85.5083 0
    endloop
  endfacet
  facet normal 0.65911 0.752046 0
    outer loop
      vertex 145.616 85.6161 0
      vertex 145.739 85.5083 -7
      vertex 145.616 85.6161 -7
    endloop
  endfacet
  facet normal -0.751174 0.660104 0
    outer loop
      vertex 147.384 85.6161 -7
      vertex 147.492 85.739 0
      vertex 147.492 85.739 -7
    endloop
  endfacet
  facet normal -0.751174 0.660104 0
    outer loop
      vertex 147.492 85.739 0
      vertex 147.384 85.6161 -7
      vertex 147.384 85.6161 0
    endloop
  endfacet
  facet normal 0.555265 -0.831674 0
    outer loop
      vertex 145.739 87.4917 -7
      vertex 145.875 87.5825 0
      vertex 145.739 87.4917 0
    endloop
  endfacet
  facet normal 0.555265 -0.831674 0
    outer loop
      vertex 145.875 87.5825 0
      vertex 145.739 87.4917 -7
      vertex 145.875 87.5825 -7
    endloop
  endfacet
  facet normal 0.948008 0.318247 0
    outer loop
      vertex 145.345 86.0216 0
      vertex 145.293 86.1765 -7
      vertex 145.293 86.1765 0
    endloop
  endfacet
  facet normal 0.948008 0.318247 0
    outer loop
      vertex 145.293 86.1765 -7
      vertex 145.345 86.0216 0
      vertex 145.345 86.0216 -7
    endloop
  endfacet
  facet normal -0.831109 0.55611 0
    outer loop
      vertex 147.492 85.739 -7
      vertex 147.583 85.875 0
      vertex 147.583 85.875 -7
    endloop
  endfacet
  facet normal -0.831109 0.55611 0
    outer loop
      vertex 147.583 85.875 0
      vertex 147.492 85.739 -7
      vertex 147.492 85.739 0
    endloop
  endfacet
  facet normal 0.980651 -0.195763 0
    outer loop
      vertex 145.261 86.6632 0
      vertex 145.293 86.8235 -7
      vertex 145.293 86.8235 0
    endloop
  endfacet
  facet normal 0.980651 -0.195763 0
    outer loop
      vertex 145.293 86.8235 -7
      vertex 145.261 86.6632 0
      vertex 145.261 86.6632 -7
    endloop
  endfacet
  facet normal -0.441344 -0.897338 0
    outer loop
      vertex 146.978 87.6548 -7
      vertex 147.125 87.5825 0
      vertex 146.978 87.6548 0
    endloop
  endfacet
  facet normal -0.441344 -0.897338 -0
    outer loop
      vertex 147.125 87.5825 0
      vertex 146.978 87.6548 -7
      vertex 147.125 87.5825 -7
    endloop
  endfacet
  facet normal -0.897588 -0.440835 0
    outer loop
      vertex 147.655 86.9784 -7
      vertex 147.583 87.125 0
      vertex 147.583 87.125 -7
    endloop
  endfacet
  facet normal -0.897588 -0.440835 0
    outer loop
      vertex 147.583 87.125 0
      vertex 147.655 86.9784 -7
      vertex 147.655 86.9784 0
    endloop
  endfacet
  facet normal -0.75144 -0.659801 0
    outer loop
      vertex 147.492 87.2609 -7
      vertex 147.384 87.3839 0
      vertex 147.384 87.3839 -7
    endloop
  endfacet
  facet normal -0.75144 -0.659801 0
    outer loop
      vertex 147.384 87.3839 0
      vertex 147.492 87.2609 -7
      vertex 147.492 87.2609 0
    endloop
  endfacet
  facet normal 0.997736 -0.0672494 0
    outer loop
      vertex 145.25 86.5 0
      vertex 145.261 86.6632 -7
      vertex 145.261 86.6632 0
    endloop
  endfacet
  facet normal 0.997736 -0.0672494 0
    outer loop
      vertex 145.261 86.6632 -7
      vertex 145.25 86.5 0
      vertex 145.25 86.5 -7
    endloop
  endfacet
  facet normal 0.83092 -0.556392 0
    outer loop
      vertex 145.417 87.125 0
      vertex 145.508 87.2609 -7
      vertex 145.508 87.2609 0
    endloop
  endfacet
  facet normal 0.83092 -0.556392 0
    outer loop
      vertex 145.508 87.2609 -7
      vertex 145.417 87.125 0
      vertex 145.417 87.125 -7
    endloop
  endfacet
  facet normal -0.441344 0.897338 0
    outer loop
      vertex 147.125 85.4175 -7
      vertex 146.978 85.3452 0
      vertex 147.125 85.4175 0
    endloop
  endfacet
  facet normal -0.441344 0.897338 0
    outer loop
      vertex 146.978 85.3452 0
      vertex 147.125 85.4175 -7
      vertex 146.978 85.3452 -7
    endloop
  endfacet
  facet normal -0.0655032 0.997852 0
    outer loop
      vertex 146.663 85.2607 -7
      vertex 146.5 85.25 0
      vertex 146.663 85.2607 0
    endloop
  endfacet
  facet normal -0.0655032 0.997852 0
    outer loop
      vertex 146.5 85.25 0
      vertex 146.663 85.2607 -7
      vertex 146.5 85.25 -7
    endloop
  endfacet
  facet normal 0.194358 0.980931 -0
    outer loop
      vertex 146.337 85.2607 -7
      vertex 146.176 85.2926 0
      vertex 146.337 85.2607 0
    endloop
  endfacet
  facet normal 0.194358 0.980931 0
    outer loop
      vertex 146.176 85.2926 0
      vertex 146.337 85.2607 -7
      vertex 146.176 85.2926 -7
    endloop
  endfacet
  facet normal 0.65911 -0.752046 0
    outer loop
      vertex 145.616 87.3839 -7
      vertex 145.739 87.4917 0
      vertex 145.616 87.3839 0
    endloop
  endfacet
  facet normal 0.65911 -0.752046 0
    outer loop
      vertex 145.739 87.4917 0
      vertex 145.616 87.3839 -7
      vertex 145.739 87.4917 -7
    endloop
  endfacet
  facet normal 0.897588 -0.440835 0
    outer loop
      vertex 145.345 86.9784 0
      vertex 145.417 87.125 -7
      vertex 145.417 87.125 0
    endloop
  endfacet
  facet normal 0.897588 -0.440835 0
    outer loop
      vertex 145.417 87.125 -7
      vertex 145.345 86.9784 0
      vertex 145.345 86.9784 -7
    endloop
  endfacet
  facet normal 0.948008 -0.318247 0
    outer loop
      vertex 145.293 86.8235 0
      vertex 145.345 86.9784 -7
      vertex 145.345 86.9784 0
    endloop
  endfacet
  facet normal 0.948008 -0.318247 0
    outer loop
      vertex 145.345 86.9784 -7
      vertex 145.293 86.8235 0
      vertex 145.293 86.8235 -7
    endloop
  endfacet
  facet normal 0.555265 0.831674 -0
    outer loop
      vertex 145.875 85.4175 -7
      vertex 145.739 85.5083 0
      vertex 145.875 85.4175 0
    endloop
  endfacet
  facet normal 0.555265 0.831674 0
    outer loop
      vertex 145.739 85.5083 0
      vertex 145.875 85.4175 -7
      vertex 145.739 85.5083 -7
    endloop
  endfacet
  facet normal 0.0655032 0.997852 -0
    outer loop
      vertex 146.5 85.25 -7
      vertex 146.337 85.2607 0
      vertex 146.5 85.25 0
    endloop
  endfacet
  facet normal 0.0655032 0.997852 0
    outer loop
      vertex 146.337 85.2607 0
      vertex 146.5 85.25 -7
      vertex 146.337 85.2607 -7
    endloop
  endfacet
  facet normal -0.195175 0 -0.980768
    outer loop
      vertex 30.1632 -3.3 -2.76069
      vertex 30.3235 5.7 -2.79259
      vertex 30.3235 -3.3 -2.79259
    endloop
  endfacet
  facet normal -0.195175 0 -0.980768
    outer loop
      vertex 30.3235 5.7 -2.79259
      vertex 30.1632 -3.3 -2.76069
      vertex 30.1632 5.7 -2.76069
    endloop
  endfacet
  facet normal -0.980782 0 0.195105
    outer loop
      vertex 31.2074 -3.3 -4.32352
      vertex 31.2393 5.7 -4.16316
      vertex 31.2074 5.7 -4.32352
    endloop
  endfacet
  facet normal -0.980782 0 0.195105
    outer loop
      vertex 31.2393 5.7 -4.16316
      vertex 31.2074 -3.3 -4.32352
      vertex 31.2393 -3.3 -4.16316
    endloop
  endfacet
  facet normal -0.997857 0 0.0654392
    outer loop
      vertex 31.2393 -3.3 -4.16316
      vertex 31.25 5.7 -4
      vertex 31.2393 5.7 -4.16316
    endloop
  endfacet
  facet normal -0.997857 0 0.0654392
    outer loop
      vertex 31.25 5.7 -4
      vertex 31.2393 -3.3 -4.16316
      vertex 31.25 -3.3 -4
    endloop
  endfacet
  facet normal -0.947038 0 -0.321123
    outer loop
      vertex 31.2074 -3.3 -3.67648
      vertex 31.1549 5.7 -3.52165
      vertex 31.2074 5.7 -3.67648
    endloop
  endfacet
  facet normal -0.947038 -0 -0.321123
    outer loop
      vertex 31.1549 5.7 -3.52165
      vertex 31.2074 -3.3 -3.67648
      vertex 31.1549 -3.3 -3.52165
    endloop
  endfacet
  facet normal 0.980782 0 -0.195105
    outer loop
      vertex 28.7926 -3.3 -3.67648
      vertex 28.7607 5.7 -3.83684
      vertex 28.7926 5.7 -3.67648
    endloop
  endfacet
  facet normal 0.980782 0 -0.195105
    outer loop
      vertex 28.7607 5.7 -3.83684
      vertex 28.7926 -3.3 -3.67648
      vertex 28.7607 -3.3 -3.83684
    endloop
  endfacet
  facet normal 0.321322 0 -0.94697
    outer loop
      vertex 29.5216 -3.3 -2.84515
      vertex 29.6765 5.7 -2.79259
      vertex 29.6765 -3.3 -2.79259
    endloop
  endfacet
  facet normal 0.321322 0 -0.94697
    outer loop
      vertex 29.6765 5.7 -2.79259
      vertex 29.5216 -3.3 -2.84515
      vertex 29.5216 5.7 -2.84515
    endloop
  endfacet
  facet normal 0.75186 0 -0.659323
    outer loop
      vertex 29.1161 -3.3 -3.11612
      vertex 29.0083 5.7 -3.23905
      vertex 29.1161 5.7 -3.11612
    endloop
  endfacet
  facet normal 0.75186 0 -0.659323
    outer loop
      vertex 29.0083 5.7 -3.23905
      vertex 29.1161 -3.3 -3.11612
      vertex 29.0083 -3.3 -3.23905
    endloop
  endfacet
  facet normal -0.831579 0 0.555406
    outer loop
      vertex 30.9917 -3.3 -4.76095
      vertex 31.0825 5.7 -4.625
      vertex 30.9917 5.7 -4.76095
    endloop
  endfacet
  facet normal -0.831579 0 0.555406
    outer loop
      vertex 31.0825 5.7 -4.625
      vertex 30.9917 -3.3 -4.76095
      vertex 31.0825 -3.3 -4.625
    endloop
  endfacet
  facet normal 0.442411 0 0.896812
    outer loop
      vertex 29.375 5.7 -5.08253
      vertex 29.5216 -3.3 -5.15485
      vertex 29.5216 5.7 -5.15485
    endloop
  endfacet
  facet normal 0.442411 0 0.896812
    outer loop
      vertex 29.5216 -3.3 -5.15485
      vertex 29.375 5.7 -5.08253
      vertex 29.375 -3.3 -5.08253
    endloop
  endfacet
  facet normal -0.321322 0 0.94697
    outer loop
      vertex 30.3235 5.7 -5.20741
      vertex 30.4784 -3.3 -5.15485
      vertex 30.4784 5.7 -5.15485
    endloop
  endfacet
  facet normal -0.321322 0 0.94697
    outer loop
      vertex 30.4784 -3.3 -5.15485
      vertex 30.3235 5.7 -5.20741
      vertex 30.3235 -3.3 -5.20741
    endloop
  endfacet
  facet normal -0.659448 0 0.75175
    outer loop
      vertex 30.761 5.7 -4.99169
      vertex 30.8839 -3.3 -4.88388
      vertex 30.8839 5.7 -4.88388
    endloop
  endfacet
  facet normal -0.659448 0 0.75175
    outer loop
      vertex 30.8839 -3.3 -4.88388
      vertex 30.761 5.7 -4.99169
      vertex 30.761 -3.3 -4.99169
    endloop
  endfacet
  facet normal -0.555434 0 0.831561
    outer loop
      vertex 30.625 5.7 -5.08253
      vertex 30.761 -3.3 -4.99169
      vertex 30.761 5.7 -4.99169
    endloop
  endfacet
  facet normal -0.555434 0 0.831561
    outer loop
      vertex 30.761 -3.3 -4.99169
      vertex 30.625 5.7 -5.08253
      vertex 30.625 -3.3 -5.08253
    endloop
  endfacet
  facet normal -0.896678 0 -0.442683
    outer loop
      vertex 31.1549 -3.3 -3.52165
      vertex 31.0825 5.7 -3.375
      vertex 31.1549 5.7 -3.52165
    endloop
  endfacet
  facet normal -0.896678 -0 -0.442683
    outer loop
      vertex 31.0825 5.7 -3.375
      vertex 31.1549 -3.3 -3.52165
      vertex 31.0825 -3.3 -3.375
    endloop
  endfacet
  facet normal -0.997857 0 -0.0654392
    outer loop
      vertex 31.25 -3.3 -4
      vertex 31.2393 5.7 -3.83684
      vertex 31.25 5.7 -4
    endloop
  endfacet
  facet normal -0.997857 -0 -0.0654392
    outer loop
      vertex 31.2393 5.7 -3.83684
      vertex 31.25 -3.3 -4
      vertex 31.2393 -3.3 -3.83684
    endloop
  endfacet
  facet normal 0.75186 -0 0.659323
    outer loop
      vertex 29.0083 -3.3 -4.76095
      vertex 29.1161 5.7 -4.88388
      vertex 29.0083 5.7 -4.76095
    endloop
  endfacet
  facet normal 0.75186 0 0.659323
    outer loop
      vertex 29.1161 5.7 -4.88388
      vertex 29.0083 -3.3 -4.76095
      vertex 29.1161 -3.3 -4.88388
    endloop
  endfacet
  facet normal 0.442411 0 -0.896812
    outer loop
      vertex 29.375 -3.3 -2.91747
      vertex 29.5216 5.7 -2.84515
      vertex 29.5216 -3.3 -2.84515
    endloop
  endfacet
  facet normal 0.442411 0 -0.896812
    outer loop
      vertex 29.5216 5.7 -2.84515
      vertex 29.375 -3.3 -2.91747
      vertex 29.375 5.7 -2.91747
    endloop
  endfacet
  facet normal -0.659448 0 -0.75175
    outer loop
      vertex 30.761 -3.3 -3.00831
      vertex 30.8839 5.7 -3.11612
      vertex 30.8839 -3.3 -3.11612
    endloop
  endfacet
  facet normal -0.659448 0 -0.75175
    outer loop
      vertex 30.8839 5.7 -3.11612
      vertex 30.761 -3.3 -3.00831
      vertex 30.761 5.7 -3.00831
    endloop
  endfacet
  facet normal 0.321322 0 0.94697
    outer loop
      vertex 29.5216 5.7 -5.15485
      vertex 29.6765 -3.3 -5.20741
      vertex 29.6765 5.7 -5.20741
    endloop
  endfacet
  facet normal 0.321322 0 0.94697
    outer loop
      vertex 29.6765 -3.3 -5.20741
      vertex 29.5216 5.7 -5.15485
      vertex 29.5216 -3.3 -5.15485
    endloop
  endfacet
  facet normal -0.555434 0 -0.831561
    outer loop
      vertex 30.625 -3.3 -2.91747
      vertex 30.761 5.7 -3.00831
      vertex 30.761 -3.3 -3.00831
    endloop
  endfacet
  facet normal -0.555434 0 -0.831561
    outer loop
      vertex 30.761 5.7 -3.00831
      vertex 30.625 -3.3 -2.91747
      vertex 30.625 5.7 -2.91747
    endloop
  endfacet
  facet normal -0.980782 0 -0.195105
    outer loop
      vertex 31.2393 -3.3 -3.83684
      vertex 31.2074 5.7 -3.67648
      vertex 31.2393 5.7 -3.83684
    endloop
  endfacet
  facet normal -0.980782 -0 -0.195105
    outer loop
      vertex 31.2074 5.7 -3.67648
      vertex 31.2393 -3.3 -3.83684
      vertex 31.2074 -3.3 -3.67648
    endloop
  endfacet
  facet normal -0.0653624 0 0.997862
    outer loop
      vertex 30 5.7 -5.25
      vertex 30.1632 -3.3 -5.23931
      vertex 30.1632 5.7 -5.23931
    endloop
  endfacet
  facet normal -0.0653624 0 0.997862
    outer loop
      vertex 30.1632 -3.3 -5.23931
      vertex 30 5.7 -5.25
      vertex 30 -3.3 -5.25
    endloop
  endfacet
  facet normal 0.997857 0 -0.0654392
    outer loop
      vertex 28.7607 -3.3 -3.83684
      vertex 28.75 5.7 -4
      vertex 28.7607 5.7 -3.83684
    endloop
  endfacet
  facet normal 0.997857 0 -0.0654392
    outer loop
      vertex 28.75 5.7 -4
      vertex 28.7607 -3.3 -3.83684
      vertex 28.75 -3.3 -4
    endloop
  endfacet
  facet normal -0.321322 0 -0.94697
    outer loop
      vertex 30.3235 -3.3 -2.79259
      vertex 30.4784 5.7 -2.84515
      vertex 30.4784 -3.3 -2.84515
    endloop
  endfacet
  facet normal -0.321322 0 -0.94697
    outer loop
      vertex 30.4784 5.7 -2.84515
      vertex 30.3235 -3.3 -2.79259
      vertex 30.3235 5.7 -2.79259
    endloop
  endfacet
  facet normal 0.896678 0 -0.442683
    outer loop
      vertex 28.9175 -3.3 -3.375
      vertex 28.8451 5.7 -3.52165
      vertex 28.9175 5.7 -3.375
    endloop
  endfacet
  facet normal 0.896678 0 -0.442683
    outer loop
      vertex 28.8451 5.7 -3.52165
      vertex 28.9175 -3.3 -3.375
      vertex 28.8451 -3.3 -3.52165
    endloop
  endfacet
  facet normal 0.195175 0 0.980768
    outer loop
      vertex 29.6765 5.7 -5.20741
      vertex 29.8368 -3.3 -5.23931
      vertex 29.8368 5.7 -5.23931
    endloop
  endfacet
  facet normal 0.195175 0 0.980768
    outer loop
      vertex 29.8368 -3.3 -5.23931
      vertex 29.6765 5.7 -5.20741
      vertex 29.6765 -3.3 -5.20741
    endloop
  endfacet
  facet normal 0.831579 0 -0.555406
    outer loop
      vertex 29.0083 -3.3 -3.23905
      vertex 28.9175 5.7 -3.375
      vertex 29.0083 5.7 -3.23905
    endloop
  endfacet
  facet normal 0.831579 0 -0.555406
    outer loop
      vertex 28.9175 5.7 -3.375
      vertex 29.0083 -3.3 -3.23905
      vertex 28.9175 -3.3 -3.375
    endloop
  endfacet
  facet normal 0.0653624 0 0.997862
    outer loop
      vertex 29.8368 5.7 -5.23931
      vertex 30 -3.3 -5.25
      vertex 30 5.7 -5.25
    endloop
  endfacet
  facet normal 0.0653624 0 0.997862
    outer loop
      vertex 30 -3.3 -5.25
      vertex 29.8368 5.7 -5.23931
      vertex 29.8368 -3.3 -5.23931
    endloop
  endfacet
  facet normal -0.195175 0 0.980768
    outer loop
      vertex 30.1632 5.7 -5.23931
      vertex 30.3235 -3.3 -5.20741
      vertex 30.3235 5.7 -5.20741
    endloop
  endfacet
  facet normal -0.195175 0 0.980768
    outer loop
      vertex 30.3235 -3.3 -5.20741
      vertex 30.1632 5.7 -5.23931
      vertex 30.1632 -3.3 -5.23931
    endloop
  endfacet
  facet normal 0.659448 0 -0.75175
    outer loop
      vertex 29.1161 -3.3 -3.11612
      vertex 29.239 5.7 -3.00831
      vertex 29.239 -3.3 -3.00831
    endloop
  endfacet
  facet normal 0.659448 0 -0.75175
    outer loop
      vertex 29.239 5.7 -3.00831
      vertex 29.1161 -3.3 -3.11612
      vertex 29.1161 5.7 -3.11612
    endloop
  endfacet
  facet normal -0.75186 0 -0.659323
    outer loop
      vertex 30.9917 -3.3 -3.23905
      vertex 30.8839 5.7 -3.11612
      vertex 30.9917 5.7 -3.23905
    endloop
  endfacet
  facet normal -0.75186 -0 -0.659323
    outer loop
      vertex 30.8839 5.7 -3.11612
      vertex 30.9917 -3.3 -3.23905
      vertex 30.8839 -3.3 -3.11612
    endloop
  endfacet
  facet normal 0.555434 0 0.831561
    outer loop
      vertex 29.239 5.7 -4.99169
      vertex 29.375 -3.3 -5.08253
      vertex 29.375 5.7 -5.08253
    endloop
  endfacet
  facet normal 0.555434 0 0.831561
    outer loop
      vertex 29.375 -3.3 -5.08253
      vertex 29.239 5.7 -4.99169
      vertex 29.239 -3.3 -4.99169
    endloop
  endfacet
  facet normal 0.947038 0 -0.321123
    outer loop
      vertex 28.8451 -3.3 -3.52165
      vertex 28.7926 5.7 -3.67648
      vertex 28.8451 5.7 -3.52165
    endloop
  endfacet
  facet normal 0.947038 0 -0.321123
    outer loop
      vertex 28.7926 5.7 -3.67648
      vertex 28.8451 -3.3 -3.52165
      vertex 28.7926 -3.3 -3.67648
    endloop
  endfacet
  facet normal -0.831579 0 -0.555406
    outer loop
      vertex 31.0825 -3.3 -3.375
      vertex 30.9917 5.7 -3.23905
      vertex 31.0825 5.7 -3.375
    endloop
  endfacet
  facet normal -0.831579 -0 -0.555406
    outer loop
      vertex 30.9917 5.7 -3.23905
      vertex 31.0825 -3.3 -3.375
      vertex 30.9917 -3.3 -3.23905
    endloop
  endfacet
  facet normal 0.980782 -0 0.195105
    outer loop
      vertex 28.7607 -3.3 -4.16316
      vertex 28.7926 5.7 -4.32352
      vertex 28.7607 5.7 -4.16316
    endloop
  endfacet
  facet normal 0.980782 0 0.195105
    outer loop
      vertex 28.7926 5.7 -4.32352
      vertex 28.7607 -3.3 -4.16316
      vertex 28.7926 -3.3 -4.32352
    endloop
  endfacet
  facet normal -0.442411 0 0.896812
    outer loop
      vertex 30.4784 5.7 -5.15485
      vertex 30.625 -3.3 -5.08253
      vertex 30.625 5.7 -5.08253
    endloop
  endfacet
  facet normal -0.442411 0 0.896812
    outer loop
      vertex 30.625 -3.3 -5.08253
      vertex 30.4784 5.7 -5.15485
      vertex 30.4784 -3.3 -5.15485
    endloop
  endfacet
  facet normal -0.896678 0 0.442683
    outer loop
      vertex 31.0825 -3.3 -4.625
      vertex 31.1549 5.7 -4.47835
      vertex 31.0825 5.7 -4.625
    endloop
  endfacet
  facet normal -0.896678 0 0.442683
    outer loop
      vertex 31.1549 5.7 -4.47835
      vertex 31.0825 -3.3 -4.625
      vertex 31.1549 -3.3 -4.47835
    endloop
  endfacet
  facet normal -0.75186 0 0.659323
    outer loop
      vertex 30.8839 -3.3 -4.88388
      vertex 30.9917 5.7 -4.76095
      vertex 30.8839 5.7 -4.88388
    endloop
  endfacet
  facet normal -0.75186 0 0.659323
    outer loop
      vertex 30.9917 5.7 -4.76095
      vertex 30.8839 -3.3 -4.88388
      vertex 30.9917 -3.3 -4.76095
    endloop
  endfacet
  facet normal -0.947038 0 0.321123
    outer loop
      vertex 31.1549 -3.3 -4.47835
      vertex 31.2074 5.7 -4.32352
      vertex 31.1549 5.7 -4.47835
    endloop
  endfacet
  facet normal -0.947038 0 0.321123
    outer loop
      vertex 31.2074 5.7 -4.32352
      vertex 31.1549 -3.3 -4.47835
      vertex 31.2074 -3.3 -4.32352
    endloop
  endfacet
  facet normal 0.997857 -0 0.0654392
    outer loop
      vertex 28.75 -3.3 -4
      vertex 28.7607 5.7 -4.16316
      vertex 28.75 5.7 -4
    endloop
  endfacet
  facet normal 0.997857 0 0.0654392
    outer loop
      vertex 28.7607 5.7 -4.16316
      vertex 28.75 -3.3 -4
      vertex 28.7607 -3.3 -4.16316
    endloop
  endfacet
  facet normal 0.831579 -0 0.555406
    outer loop
      vertex 28.9175 -3.3 -4.625
      vertex 29.0083 5.7 -4.76095
      vertex 28.9175 5.7 -4.625
    endloop
  endfacet
  facet normal 0.831579 0 0.555406
    outer loop
      vertex 29.0083 5.7 -4.76095
      vertex 28.9175 -3.3 -4.625
      vertex 29.0083 -3.3 -4.76095
    endloop
  endfacet
  facet normal -0.442411 0 -0.896812
    outer loop
      vertex 30.4784 -3.3 -2.84515
      vertex 30.625 5.7 -2.91747
      vertex 30.625 -3.3 -2.91747
    endloop
  endfacet
  facet normal -0.442411 0 -0.896812
    outer loop
      vertex 30.625 5.7 -2.91747
      vertex 30.4784 -3.3 -2.84515
      vertex 30.4784 5.7 -2.84515
    endloop
  endfacet
  facet normal -0.0653624 0 -0.997862
    outer loop
      vertex 30 -3.3 -2.75
      vertex 30.1632 5.7 -2.76069
      vertex 30.1632 -3.3 -2.76069
    endloop
  endfacet
  facet normal -0.0653624 0 -0.997862
    outer loop
      vertex 30.1632 5.7 -2.76069
      vertex 30 -3.3 -2.75
      vertex 30 5.7 -2.75
    endloop
  endfacet
  facet normal 0.195175 0 -0.980768
    outer loop
      vertex 29.6765 -3.3 -2.79259
      vertex 29.8368 5.7 -2.76069
      vertex 29.8368 -3.3 -2.76069
    endloop
  endfacet
  facet normal 0.195175 0 -0.980768
    outer loop
      vertex 29.8368 5.7 -2.76069
      vertex 29.6765 -3.3 -2.79259
      vertex 29.6765 5.7 -2.79259
    endloop
  endfacet
  facet normal 0.659448 0 0.75175
    outer loop
      vertex 29.1161 5.7 -4.88388
      vertex 29.239 -3.3 -4.99169
      vertex 29.239 5.7 -4.99169
    endloop
  endfacet
  facet normal 0.659448 0 0.75175
    outer loop
      vertex 29.239 -3.3 -4.99169
      vertex 29.1161 5.7 -4.88388
      vertex 29.1161 -3.3 -4.88388
    endloop
  endfacet
  facet normal 0.896678 -0 0.442683
    outer loop
      vertex 28.8451 -3.3 -4.47835
      vertex 28.9175 5.7 -4.625
      vertex 28.8451 5.7 -4.47835
    endloop
  endfacet
  facet normal 0.896678 0 0.442683
    outer loop
      vertex 28.9175 5.7 -4.625
      vertex 28.8451 -3.3 -4.47835
      vertex 28.9175 -3.3 -4.625
    endloop
  endfacet
  facet normal 0.947038 -0 0.321123
    outer loop
      vertex 28.7926 -3.3 -4.32352
      vertex 28.8451 5.7 -4.47835
      vertex 28.7926 5.7 -4.32352
    endloop
  endfacet
  facet normal 0.947038 0 0.321123
    outer loop
      vertex 28.8451 5.7 -4.47835
      vertex 28.7926 -3.3 -4.32352
      vertex 28.8451 -3.3 -4.47835
    endloop
  endfacet
  facet normal 0.555434 0 -0.831561
    outer loop
      vertex 29.239 -3.3 -3.00831
      vertex 29.375 5.7 -2.91747
      vertex 29.375 -3.3 -2.91747
    endloop
  endfacet
  facet normal 0.555434 0 -0.831561
    outer loop
      vertex 29.375 5.7 -2.91747
      vertex 29.239 -3.3 -3.00831
      vertex 29.239 5.7 -3.00831
    endloop
  endfacet
  facet normal 0.0653624 0 -0.997862
    outer loop
      vertex 29.8368 -3.3 -2.76069
      vertex 30 5.7 -2.75
      vertex 30 -3.3 -2.75
    endloop
  endfacet
  facet normal 0.0653624 0 -0.997862
    outer loop
      vertex 30 5.7 -2.75
      vertex 29.8368 -3.3 -2.76069
      vertex 29.8368 5.7 -2.76069
    endloop
  endfacet
  facet normal 0.195175 0 -0.980768
    outer loop
      vertex 74.6765 84.3 -2.79259
      vertex 74.8368 93.3 -2.76069
      vertex 74.8368 84.3 -2.76069
    endloop
  endfacet
  facet normal 0.195175 0 -0.980768
    outer loop
      vertex 74.8368 93.3 -2.76069
      vertex 74.6765 84.3 -2.79259
      vertex 74.6765 93.3 -2.79259
    endloop
  endfacet
  facet normal -0.980782 0 -0.195105
    outer loop
      vertex 76.2393 84.3 -3.83684
      vertex 76.2074 93.3 -3.67648
      vertex 76.2393 93.3 -3.83684
    endloop
  endfacet
  facet normal -0.980782 -0 -0.195105
    outer loop
      vertex 76.2074 93.3 -3.67648
      vertex 76.2393 84.3 -3.83684
      vertex 76.2074 84.3 -3.67648
    endloop
  endfacet
  facet normal -0.997857 0 -0.0654392
    outer loop
      vertex 76.25 84.3 -4
      vertex 76.2393 93.3 -3.83684
      vertex 76.25 93.3 -4
    endloop
  endfacet
  facet normal -0.997857 -0 -0.0654392
    outer loop
      vertex 76.2393 93.3 -3.83684
      vertex 76.25 84.3 -4
      vertex 76.2393 84.3 -3.83684
    endloop
  endfacet
  facet normal 0.659448 0 -0.75175
    outer loop
      vertex 74.1161 84.3 -3.11612
      vertex 74.239 93.3 -3.00831
      vertex 74.239 84.3 -3.00831
    endloop
  endfacet
  facet normal 0.659448 0 -0.75175
    outer loop
      vertex 74.239 93.3 -3.00831
      vertex 74.1161 84.3 -3.11612
      vertex 74.1161 93.3 -3.11612
    endloop
  endfacet
  facet normal -0.659145 0 -0.752016
    outer loop
      vertex 75.7609 84.3 -3.00831
      vertex 75.8839 93.3 -3.11612
      vertex 75.8839 84.3 -3.11612
    endloop
  endfacet
  facet normal -0.659145 0 -0.752016
    outer loop
      vertex 75.8839 93.3 -3.11612
      vertex 75.7609 84.3 -3.00831
      vertex 75.7609 93.3 -3.00831
    endloop
  endfacet
  facet normal -0.896921 0 0.442191
    outer loop
      vertex 76.0825 84.3 -4.625
      vertex 76.1548 93.3 -4.47835
      vertex 76.0825 93.3 -4.625
    endloop
  endfacet
  facet normal -0.896921 0 0.442191
    outer loop
      vertex 76.1548 93.3 -4.47835
      vertex 76.0825 84.3 -4.625
      vertex 76.1548 84.3 -4.47835
    endloop
  endfacet
  facet normal 0.321322 0 0.94697
    outer loop
      vertex 74.5216 93.3 -5.15485
      vertex 74.6765 84.3 -5.20741
      vertex 74.6765 93.3 -5.20741
    endloop
  endfacet
  facet normal 0.321322 0 0.94697
    outer loop
      vertex 74.6765 84.3 -5.20741
      vertex 74.5216 93.3 -5.15485
      vertex 74.5216 84.3 -5.15485
    endloop
  endfacet
  facet normal 0.321322 0 -0.94697
    outer loop
      vertex 74.5216 84.3 -2.84515
      vertex 74.6765 93.3 -2.79259
      vertex 74.6765 84.3 -2.79259
    endloop
  endfacet
  facet normal 0.321322 0 -0.94697
    outer loop
      vertex 74.6765 93.3 -2.79259
      vertex 74.5216 84.3 -2.84515
      vertex 74.5216 93.3 -2.84515
    endloop
  endfacet
  facet normal -0.75186 0 -0.659323
    outer loop
      vertex 75.9917 84.3 -3.23905
      vertex 75.8839 93.3 -3.11612
      vertex 75.9917 93.3 -3.23905
    endloop
  endfacet
  facet normal -0.75186 -0 -0.659323
    outer loop
      vertex 75.8839 93.3 -3.11612
      vertex 75.9917 84.3 -3.23905
      vertex 75.8839 84.3 -3.11612
    endloop
  endfacet
  facet normal -0.946851 0 0.321671
    outer loop
      vertex 76.1548 84.3 -4.47835
      vertex 76.2074 93.3 -4.32352
      vertex 76.1548 93.3 -4.47835
    endloop
  endfacet
  facet normal -0.946851 0 0.321671
    outer loop
      vertex 76.2074 93.3 -4.32352
      vertex 76.1548 84.3 -4.47835
      vertex 76.2074 84.3 -4.32352
    endloop
  endfacet
  facet normal -0.321322 0 -0.94697
    outer loop
      vertex 75.3235 84.3 -2.79259
      vertex 75.4784 93.3 -2.84515
      vertex 75.4784 84.3 -2.84515
    endloop
  endfacet
  facet normal -0.321322 0 -0.94697
    outer loop
      vertex 75.4784 93.3 -2.84515
      vertex 75.3235 84.3 -2.79259
      vertex 75.3235 93.3 -2.79259
    endloop
  endfacet
  facet normal -0.555716 0 0.831372
    outer loop
      vertex 75.625 93.3 -5.08253
      vertex 75.7609 84.3 -4.99169
      vertex 75.7609 93.3 -4.99169
    endloop
  endfacet
  facet normal -0.555716 0 0.831372
    outer loop
      vertex 75.7609 84.3 -4.99169
      vertex 75.625 93.3 -5.08253
      vertex 75.625 84.3 -5.08253
    endloop
  endfacet
  facet normal -0.555716 0 -0.831372
    outer loop
      vertex 75.625 84.3 -2.91747
      vertex 75.7609 93.3 -3.00831
      vertex 75.7609 84.3 -3.00831
    endloop
  endfacet
  facet normal -0.555716 0 -0.831372
    outer loop
      vertex 75.7609 93.3 -3.00831
      vertex 75.625 84.3 -2.91747
      vertex 75.625 93.3 -2.91747
    endloop
  endfacet
  facet normal 0.0653624 0 -0.997862
    outer loop
      vertex 74.8368 84.3 -2.76069
      vertex 75 93.3 -2.75
      vertex 75 84.3 -2.75
    endloop
  endfacet
  facet normal 0.0653624 0 -0.997862
    outer loop
      vertex 75 93.3 -2.75
      vertex 74.8368 84.3 -2.76069
      vertex 74.8368 93.3 -2.76069
    endloop
  endfacet
  facet normal 0.980782 0 -0.195105
    outer loop
      vertex 73.7926 84.3 -3.67648
      vertex 73.7607 93.3 -3.83684
      vertex 73.7926 93.3 -3.67648
    endloop
  endfacet
  facet normal 0.980782 0 -0.195105
    outer loop
      vertex 73.7607 93.3 -3.83684
      vertex 73.7926 84.3 -3.67648
      vertex 73.7607 84.3 -3.83684
    endloop
  endfacet
  facet normal -0.442411 0 -0.896812
    outer loop
      vertex 75.4784 84.3 -2.84515
      vertex 75.625 93.3 -2.91747
      vertex 75.625 84.3 -2.91747
    endloop
  endfacet
  facet normal -0.442411 0 -0.896812
    outer loop
      vertex 75.625 93.3 -2.91747
      vertex 75.4784 84.3 -2.84515
      vertex 75.4784 93.3 -2.84515
    endloop
  endfacet
  facet normal -0.75186 0 0.659323
    outer loop
      vertex 75.8839 84.3 -4.88388
      vertex 75.9917 93.3 -4.76095
      vertex 75.8839 93.3 -4.88388
    endloop
  endfacet
  facet normal -0.75186 0 0.659323
    outer loop
      vertex 75.9917 93.3 -4.76095
      vertex 75.8839 84.3 -4.88388
      vertex 75.9917 84.3 -4.76095
    endloop
  endfacet
  facet normal -0.946851 0 -0.321671
    outer loop
      vertex 76.2074 84.3 -3.67648
      vertex 76.1548 93.3 -3.52165
      vertex 76.2074 93.3 -3.67648
    endloop
  endfacet
  facet normal -0.946851 -0 -0.321671
    outer loop
      vertex 76.1548 93.3 -3.52165
      vertex 76.2074 84.3 -3.67648
      vertex 76.1548 84.3 -3.52165
    endloop
  endfacet
  facet normal -0.831579 0 0.555406
    outer loop
      vertex 75.9917 84.3 -4.76095
      vertex 76.0825 93.3 -4.625
      vertex 75.9917 93.3 -4.76095
    endloop
  endfacet
  facet normal -0.831579 0 0.555406
    outer loop
      vertex 76.0825 93.3 -4.625
      vertex 75.9917 84.3 -4.76095
      vertex 76.0825 84.3 -4.625
    endloop
  endfacet
  facet normal 0.831579 -0 0.555406
    outer loop
      vertex 73.9175 84.3 -4.625
      vertex 74.0083 93.3 -4.76095
      vertex 73.9175 93.3 -4.625
    endloop
  endfacet
  facet normal 0.831579 0 0.555406
    outer loop
      vertex 74.0083 93.3 -4.76095
      vertex 73.9175 84.3 -4.625
      vertex 74.0083 84.3 -4.76095
    endloop
  endfacet
  facet normal 0.442411 0 0.896812
    outer loop
      vertex 74.375 93.3 -5.08253
      vertex 74.5216 84.3 -5.15485
      vertex 74.5216 93.3 -5.15485
    endloop
  endfacet
  facet normal 0.442411 0 0.896812
    outer loop
      vertex 74.5216 84.3 -5.15485
      vertex 74.375 93.3 -5.08253
      vertex 74.375 84.3 -5.08253
    endloop
  endfacet
  facet normal 0.75186 0 -0.659323
    outer loop
      vertex 74.1161 84.3 -3.11612
      vertex 74.0083 93.3 -3.23905
      vertex 74.1161 93.3 -3.11612
    endloop
  endfacet
  facet normal 0.75186 0 -0.659323
    outer loop
      vertex 74.0083 93.3 -3.23905
      vertex 74.1161 84.3 -3.11612
      vertex 74.0083 84.3 -3.23905
    endloop
  endfacet
  facet normal -0.831579 0 -0.555406
    outer loop
      vertex 76.0825 84.3 -3.375
      vertex 75.9917 93.3 -3.23905
      vertex 76.0825 93.3 -3.375
    endloop
  endfacet
  facet normal -0.831579 -0 -0.555406
    outer loop
      vertex 75.9917 93.3 -3.23905
      vertex 76.0825 84.3 -3.375
      vertex 75.9917 84.3 -3.23905
    endloop
  endfacet
  facet normal -0.321322 0 0.94697
    outer loop
      vertex 75.3235 93.3 -5.20741
      vertex 75.4784 84.3 -5.15485
      vertex 75.4784 93.3 -5.15485
    endloop
  endfacet
  facet normal -0.321322 0 0.94697
    outer loop
      vertex 75.4784 84.3 -5.15485
      vertex 75.3235 93.3 -5.20741
      vertex 75.3235 84.3 -5.20741
    endloop
  endfacet
  facet normal 0.442411 0 -0.896812
    outer loop
      vertex 74.375 84.3 -2.91747
      vertex 74.5216 93.3 -2.84515
      vertex 74.5216 84.3 -2.84515
    endloop
  endfacet
  facet normal 0.442411 0 -0.896812
    outer loop
      vertex 74.5216 93.3 -2.84515
      vertex 74.375 84.3 -2.91747
      vertex 74.375 93.3 -2.91747
    endloop
  endfacet
  facet normal -0.442411 0 0.896812
    outer loop
      vertex 75.4784 93.3 -5.15485
      vertex 75.625 84.3 -5.08253
      vertex 75.625 93.3 -5.08253
    endloop
  endfacet
  facet normal -0.442411 0 0.896812
    outer loop
      vertex 75.625 84.3 -5.08253
      vertex 75.4784 93.3 -5.15485
      vertex 75.4784 84.3 -5.15485
    endloop
  endfacet
  facet normal 0.831579 0 -0.555406
    outer loop
      vertex 74.0083 84.3 -3.23905
      vertex 73.9175 93.3 -3.375
      vertex 74.0083 93.3 -3.23905
    endloop
  endfacet
  facet normal 0.831579 0 -0.555406
    outer loop
      vertex 73.9175 93.3 -3.375
      vertex 74.0083 84.3 -3.23905
      vertex 73.9175 84.3 -3.375
    endloop
  endfacet
  facet normal -0.0653624 0 -0.997862
    outer loop
      vertex 75 84.3 -2.75
      vertex 75.1632 93.3 -2.76069
      vertex 75.1632 84.3 -2.76069
    endloop
  endfacet
  facet normal -0.0653624 0 -0.997862
    outer loop
      vertex 75.1632 93.3 -2.76069
      vertex 75 84.3 -2.75
      vertex 75 93.3 -2.75
    endloop
  endfacet
  facet normal -0.195175 0 0.980768
    outer loop
      vertex 75.1632 93.3 -5.23931
      vertex 75.3235 84.3 -5.20741
      vertex 75.3235 93.3 -5.20741
    endloop
  endfacet
  facet normal -0.195175 0 0.980768
    outer loop
      vertex 75.3235 84.3 -5.20741
      vertex 75.1632 93.3 -5.23931
      vertex 75.1632 84.3 -5.23931
    endloop
  endfacet
  facet normal 0.195175 0 0.980768
    outer loop
      vertex 74.6765 93.3 -5.20741
      vertex 74.8368 84.3 -5.23931
      vertex 74.8368 93.3 -5.23931
    endloop
  endfacet
  facet normal 0.195175 0 0.980768
    outer loop
      vertex 74.8368 84.3 -5.23931
      vertex 74.6765 93.3 -5.20741
      vertex 74.6765 84.3 -5.20741
    endloop
  endfacet
  facet normal -0.980782 0 0.195105
    outer loop
      vertex 76.2074 84.3 -4.32352
      vertex 76.2393 93.3 -4.16316
      vertex 76.2074 93.3 -4.32352
    endloop
  endfacet
  facet normal -0.980782 0 0.195105
    outer loop
      vertex 76.2393 93.3 -4.16316
      vertex 76.2074 84.3 -4.32352
      vertex 76.2393 84.3 -4.16316
    endloop
  endfacet
  facet normal 0.896921 -0 0.442191
    outer loop
      vertex 73.8452 84.3 -4.47835
      vertex 73.9175 93.3 -4.625
      vertex 73.8452 93.3 -4.47835
    endloop
  endfacet
  facet normal 0.896921 0 0.442191
    outer loop
      vertex 73.9175 93.3 -4.625
      vertex 73.8452 84.3 -4.47835
      vertex 73.9175 84.3 -4.625
    endloop
  endfacet
  facet normal -0.896921 0 -0.442191
    outer loop
      vertex 76.1548 84.3 -3.52165
      vertex 76.0825 93.3 -3.375
      vertex 76.1548 93.3 -3.52165
    endloop
  endfacet
  facet normal -0.896921 -0 -0.442191
    outer loop
      vertex 76.0825 93.3 -3.375
      vertex 76.1548 84.3 -3.52165
      vertex 76.0825 84.3 -3.375
    endloop
  endfacet
  facet normal -0.0653624 0 0.997862
    outer loop
      vertex 75 93.3 -5.25
      vertex 75.1632 84.3 -5.23931
      vertex 75.1632 93.3 -5.23931
    endloop
  endfacet
  facet normal -0.0653624 0 0.997862
    outer loop
      vertex 75.1632 84.3 -5.23931
      vertex 75 93.3 -5.25
      vertex 75 84.3 -5.25
    endloop
  endfacet
  facet normal 0.980782 -0 0.195105
    outer loop
      vertex 73.7607 84.3 -4.16316
      vertex 73.7926 93.3 -4.32352
      vertex 73.7607 93.3 -4.16316
    endloop
  endfacet
  facet normal 0.980782 0 0.195105
    outer loop
      vertex 73.7926 93.3 -4.32352
      vertex 73.7607 84.3 -4.16316
      vertex 73.7926 84.3 -4.32352
    endloop
  endfacet
  facet normal -0.997857 0 0.0654392
    outer loop
      vertex 76.2393 84.3 -4.16316
      vertex 76.25 93.3 -4
      vertex 76.2393 93.3 -4.16316
    endloop
  endfacet
  facet normal -0.997857 0 0.0654392
    outer loop
      vertex 76.25 93.3 -4
      vertex 76.2393 84.3 -4.16316
      vertex 76.25 84.3 -4
    endloop
  endfacet
  facet normal 0.997857 -0 0.0654392
    outer loop
      vertex 73.75 84.3 -4
      vertex 73.7607 93.3 -4.16316
      vertex 73.75 93.3 -4
    endloop
  endfacet
  facet normal 0.997857 0 0.0654392
    outer loop
      vertex 73.7607 93.3 -4.16316
      vertex 73.75 84.3 -4
      vertex 73.7607 84.3 -4.16316
    endloop
  endfacet
  facet normal 0.0653624 0 0.997862
    outer loop
      vertex 74.8368 93.3 -5.23931
      vertex 75 84.3 -5.25
      vertex 75 93.3 -5.25
    endloop
  endfacet
  facet normal 0.0653624 0 0.997862
    outer loop
      vertex 75 84.3 -5.25
      vertex 74.8368 93.3 -5.23931
      vertex 74.8368 84.3 -5.23931
    endloop
  endfacet
  facet normal -0.195175 0 -0.980768
    outer loop
      vertex 75.1632 84.3 -2.76069
      vertex 75.3235 93.3 -2.79259
      vertex 75.3235 84.3 -2.79259
    endloop
  endfacet
  facet normal -0.195175 0 -0.980768
    outer loop
      vertex 75.3235 93.3 -2.79259
      vertex 75.1632 84.3 -2.76069
      vertex 75.1632 93.3 -2.76069
    endloop
  endfacet
  facet normal -0.659145 0 0.752016
    outer loop
      vertex 75.7609 93.3 -4.99169
      vertex 75.8839 84.3 -4.88388
      vertex 75.8839 93.3 -4.88388
    endloop
  endfacet
  facet normal -0.659145 0 0.752016
    outer loop
      vertex 75.8839 84.3 -4.88388
      vertex 75.7609 93.3 -4.99169
      vertex 75.7609 84.3 -4.99169
    endloop
  endfacet
  facet normal 0.946851 -0 0.321671
    outer loop
      vertex 73.7926 84.3 -4.32352
      vertex 73.8452 93.3 -4.47835
      vertex 73.7926 93.3 -4.32352
    endloop
  endfacet
  facet normal 0.946851 0 0.321671
    outer loop
      vertex 73.8452 93.3 -4.47835
      vertex 73.7926 84.3 -4.32352
      vertex 73.8452 84.3 -4.47835
    endloop
  endfacet
  facet normal 0.659448 0 0.75175
    outer loop
      vertex 74.1161 93.3 -4.88388
      vertex 74.239 84.3 -4.99169
      vertex 74.239 93.3 -4.99169
    endloop
  endfacet
  facet normal 0.659448 0 0.75175
    outer loop
      vertex 74.239 84.3 -4.99169
      vertex 74.1161 93.3 -4.88388
      vertex 74.1161 84.3 -4.88388
    endloop
  endfacet
  facet normal 0.555434 0 -0.831561
    outer loop
      vertex 74.239 84.3 -3.00831
      vertex 74.375 93.3 -2.91747
      vertex 74.375 84.3 -2.91747
    endloop
  endfacet
  facet normal 0.555434 0 -0.831561
    outer loop
      vertex 74.375 93.3 -2.91747
      vertex 74.239 84.3 -3.00831
      vertex 74.239 93.3 -3.00831
    endloop
  endfacet
  facet normal 0.555434 0 0.831561
    outer loop
      vertex 74.239 93.3 -4.99169
      vertex 74.375 84.3 -5.08253
      vertex 74.375 93.3 -5.08253
    endloop
  endfacet
  facet normal 0.555434 0 0.831561
    outer loop
      vertex 74.375 84.3 -5.08253
      vertex 74.239 93.3 -4.99169
      vertex 74.239 84.3 -4.99169
    endloop
  endfacet
  facet normal 0.946851 0 -0.321671
    outer loop
      vertex 73.8452 84.3 -3.52165
      vertex 73.7926 93.3 -3.67648
      vertex 73.8452 93.3 -3.52165
    endloop
  endfacet
  facet normal 0.946851 0 -0.321671
    outer loop
      vertex 73.7926 93.3 -3.67648
      vertex 73.8452 84.3 -3.52165
      vertex 73.7926 84.3 -3.67648
    endloop
  endfacet
  facet normal 0.75186 -0 0.659323
    outer loop
      vertex 74.0083 84.3 -4.76095
      vertex 74.1161 93.3 -4.88388
      vertex 74.0083 93.3 -4.76095
    endloop
  endfacet
  facet normal 0.75186 0 0.659323
    outer loop
      vertex 74.1161 93.3 -4.88388
      vertex 74.0083 84.3 -4.76095
      vertex 74.1161 84.3 -4.88388
    endloop
  endfacet
  facet normal 0.997857 0 -0.0654392
    outer loop
      vertex 73.7607 84.3 -3.83684
      vertex 73.75 93.3 -4
      vertex 73.7607 93.3 -3.83684
    endloop
  endfacet
  facet normal 0.997857 0 -0.0654392
    outer loop
      vertex 73.75 93.3 -4
      vertex 73.7607 84.3 -3.83684
      vertex 73.75 84.3 -4
    endloop
  endfacet
  facet normal 0.896921 0 -0.442191
    outer loop
      vertex 73.9175 84.3 -3.375
      vertex 73.8452 93.3 -3.52165
      vertex 73.9175 93.3 -3.375
    endloop
  endfacet
  facet normal 0.896921 0 -0.442191
    outer loop
      vertex 73.8452 93.3 -3.52165
      vertex 73.9175 84.3 -3.375
      vertex 73.8452 84.3 -3.52165
    endloop
  endfacet
  facet normal 0 0.980782 0.195105
    outer loop
      vertex 5.7 78.7926 -4.32352
      vertex -3.3 78.7607 -4.16316
      vertex 5.7 78.7607 -4.16316
    endloop
  endfacet
  facet normal 0 0.980782 0.195105
    outer loop
      vertex -3.3 78.7607 -4.16316
      vertex 5.7 78.7926 -4.32352
      vertex -3.3 78.7926 -4.32352
    endloop
  endfacet
  facet normal 0 -0.997857 0.0654392
    outer loop
      vertex -3.3 81.2393 -4.16316
      vertex 5.7 81.25 -4
      vertex -3.3 81.25 -4
    endloop
  endfacet
  facet normal 0 -0.997857 0.0654392
    outer loop
      vertex 5.7 81.25 -4
      vertex -3.3 81.2393 -4.16316
      vertex 5.7 81.2393 -4.16316
    endloop
  endfacet
  facet normal 0 -0.0653624 0.997862
    outer loop
      vertex -3.3 80.1632 -5.23931
      vertex 5.7 80 -5.25
      vertex 5.7 80.1632 -5.23931
    endloop
  endfacet
  facet normal 0 -0.0653624 0.997862
    outer loop
      vertex 5.7 80 -5.25
      vertex -3.3 80.1632 -5.23931
      vertex -3.3 80 -5.25
    endloop
  endfacet
  facet normal 0 0.321322 -0.94697
    outer loop
      vertex -3.3 79.5216 -2.84515
      vertex 5.7 79.6765 -2.79259
      vertex 5.7 79.5216 -2.84515
    endloop
  endfacet
  facet normal 0 0.321322 -0.94697
    outer loop
      vertex 5.7 79.6765 -2.79259
      vertex -3.3 79.5216 -2.84515
      vertex -3.3 79.6765 -2.79259
    endloop
  endfacet
  facet normal 0 -0.75186 0.659323
    outer loop
      vertex -3.3 80.8839 -4.88388
      vertex 5.7 80.9917 -4.76095
      vertex -3.3 80.9917 -4.76095
    endloop
  endfacet
  facet normal 0 -0.75186 0.659323
    outer loop
      vertex 5.7 80.9917 -4.76095
      vertex -3.3 80.8839 -4.88388
      vertex 5.7 80.8839 -4.88388
    endloop
  endfacet
  facet normal 0 -0.946851 0.321671
    outer loop
      vertex -3.3 81.1548 -4.47835
      vertex 5.7 81.2074 -4.32352
      vertex -3.3 81.2074 -4.32352
    endloop
  endfacet
  facet normal 0 -0.946851 0.321671
    outer loop
      vertex 5.7 81.2074 -4.32352
      vertex -3.3 81.1548 -4.47835
      vertex 5.7 81.1548 -4.47835
    endloop
  endfacet
  facet normal -0 0.321322 0.94697
    outer loop
      vertex -3.3 79.6765 -5.20741
      vertex 5.7 79.5216 -5.15485
      vertex 5.7 79.6765 -5.20741
    endloop
  endfacet
  facet normal 0 0.321322 0.94697
    outer loop
      vertex 5.7 79.5216 -5.15485
      vertex -3.3 79.6765 -5.20741
      vertex -3.3 79.5216 -5.15485
    endloop
  endfacet
  facet normal 0 -0.659145 0.752016
    outer loop
      vertex -3.3 80.8839 -4.88388
      vertex 5.7 80.7609 -4.99169
      vertex 5.7 80.8839 -4.88388
    endloop
  endfacet
  facet normal 0 -0.659145 0.752016
    outer loop
      vertex 5.7 80.7609 -4.99169
      vertex -3.3 80.8839 -4.88388
      vertex -3.3 80.7609 -4.99169
    endloop
  endfacet
  facet normal 0 0.896921 -0.442191
    outer loop
      vertex 5.7 78.8452 -3.52165
      vertex -3.3 78.9175 -3.375
      vertex 5.7 78.9175 -3.375
    endloop
  endfacet
  facet normal 0 0.896921 -0.442191
    outer loop
      vertex -3.3 78.9175 -3.375
      vertex 5.7 78.8452 -3.52165
      vertex -3.3 78.8452 -3.52165
    endloop
  endfacet
  facet normal 0 0.195175 -0.980768
    outer loop
      vertex -3.3 79.6765 -2.79259
      vertex 5.7 79.8368 -2.76069
      vertex 5.7 79.6765 -2.79259
    endloop
  endfacet
  facet normal 0 0.195175 -0.980768
    outer loop
      vertex 5.7 79.8368 -2.76069
      vertex -3.3 79.6765 -2.79259
      vertex -3.3 79.8368 -2.76069
    endloop
  endfacet
  facet normal 0 0.946851 -0.321671
    outer loop
      vertex 5.7 78.7926 -3.67648
      vertex -3.3 78.8452 -3.52165
      vertex 5.7 78.8452 -3.52165
    endloop
  endfacet
  facet normal 0 0.946851 -0.321671
    outer loop
      vertex -3.3 78.8452 -3.52165
      vertex 5.7 78.7926 -3.67648
      vertex -3.3 78.7926 -3.67648
    endloop
  endfacet
  facet normal 0 0.555434 -0.831561
    outer loop
      vertex -3.3 79.239 -3.00831
      vertex 5.7 79.375 -2.91747
      vertex 5.7 79.239 -3.00831
    endloop
  endfacet
  facet normal 0 0.555434 -0.831561
    outer loop
      vertex 5.7 79.375 -2.91747
      vertex -3.3 79.239 -3.00831
      vertex -3.3 79.375 -2.91747
    endloop
  endfacet
  facet normal 0 0.442411 -0.896812
    outer loop
      vertex -3.3 79.375 -2.91747
      vertex 5.7 79.5216 -2.84515
      vertex 5.7 79.375 -2.91747
    endloop
  endfacet
  facet normal 0 0.442411 -0.896812
    outer loop
      vertex 5.7 79.5216 -2.84515
      vertex -3.3 79.375 -2.91747
      vertex -3.3 79.5216 -2.84515
    endloop
  endfacet
  facet normal 0 -0.555716 0.831372
    outer loop
      vertex -3.3 80.7609 -4.99169
      vertex 5.7 80.625 -5.08253
      vertex 5.7 80.7609 -4.99169
    endloop
  endfacet
  facet normal 0 -0.555716 0.831372
    outer loop
      vertex 5.7 80.625 -5.08253
      vertex -3.3 80.7609 -4.99169
      vertex -3.3 80.625 -5.08253
    endloop
  endfacet
  facet normal 0 -0.195175 0.980768
    outer loop
      vertex -3.3 80.3235 -5.20741
      vertex 5.7 80.1632 -5.23931
      vertex 5.7 80.3235 -5.20741
    endloop
  endfacet
  facet normal 0 -0.195175 0.980768
    outer loop
      vertex 5.7 80.1632 -5.23931
      vertex -3.3 80.3235 -5.20741
      vertex -3.3 80.1632 -5.23931
    endloop
  endfacet
  facet normal 0 -0.896921 -0.442191
    outer loop
      vertex -3.3 81.1548 -3.52165
      vertex 5.7 81.0825 -3.375
      vertex -3.3 81.0825 -3.375
    endloop
  endfacet
  facet normal 0 -0.896921 -0.442191
    outer loop
      vertex 5.7 81.0825 -3.375
      vertex -3.3 81.1548 -3.52165
      vertex 5.7 81.1548 -3.52165
    endloop
  endfacet
  facet normal -0 0.442411 0.896812
    outer loop
      vertex -3.3 79.5216 -5.15485
      vertex 5.7 79.375 -5.08253
      vertex 5.7 79.5216 -5.15485
    endloop
  endfacet
  facet normal 0 0.442411 0.896812
    outer loop
      vertex 5.7 79.375 -5.08253
      vertex -3.3 79.5216 -5.15485
      vertex -3.3 79.375 -5.08253
    endloop
  endfacet
  facet normal -0 0.0653624 0.997862
    outer loop
      vertex -3.3 80 -5.25
      vertex 5.7 79.8368 -5.23931
      vertex 5.7 80 -5.25
    endloop
  endfacet
  facet normal 0 0.0653624 0.997862
    outer loop
      vertex 5.7 79.8368 -5.23931
      vertex -3.3 80 -5.25
      vertex -3.3 79.8368 -5.23931
    endloop
  endfacet
  facet normal 0 -0.659145 -0.752016
    outer loop
      vertex -3.3 80.7609 -3.00831
      vertex 5.7 80.8839 -3.11612
      vertex 5.7 80.7609 -3.00831
    endloop
  endfacet
  facet normal -0 -0.659145 -0.752016
    outer loop
      vertex 5.7 80.8839 -3.11612
      vertex -3.3 80.7609 -3.00831
      vertex -3.3 80.8839 -3.11612
    endloop
  endfacet
  facet normal 0 0.997857 -0.0654392
    outer loop
      vertex 5.7 78.75 -4
      vertex -3.3 78.7607 -3.83684
      vertex 5.7 78.7607 -3.83684
    endloop
  endfacet
  facet normal 0 0.997857 -0.0654392
    outer loop
      vertex -3.3 78.7607 -3.83684
      vertex 5.7 78.75 -4
      vertex -3.3 78.75 -4
    endloop
  endfacet
  facet normal 0 0.75186 0.659323
    outer loop
      vertex 5.7 79.1161 -4.88388
      vertex -3.3 79.0083 -4.76095
      vertex 5.7 79.0083 -4.76095
    endloop
  endfacet
  facet normal 0 0.75186 0.659323
    outer loop
      vertex -3.3 79.0083 -4.76095
      vertex 5.7 79.1161 -4.88388
      vertex -3.3 79.1161 -4.88388
    endloop
  endfacet
  facet normal 0 -0.442411 0.896812
    outer loop
      vertex -3.3 80.625 -5.08253
      vertex 5.7 80.4784 -5.15485
      vertex 5.7 80.625 -5.08253
    endloop
  endfacet
  facet normal 0 -0.442411 0.896812
    outer loop
      vertex 5.7 80.4784 -5.15485
      vertex -3.3 80.625 -5.08253
      vertex -3.3 80.4784 -5.15485
    endloop
  endfacet
  facet normal 0 -0.946851 -0.321671
    outer loop
      vertex -3.3 81.2074 -3.67648
      vertex 5.7 81.1548 -3.52165
      vertex -3.3 81.1548 -3.52165
    endloop
  endfacet
  facet normal 0 -0.946851 -0.321671
    outer loop
      vertex 5.7 81.1548 -3.52165
      vertex -3.3 81.2074 -3.67648
      vertex 5.7 81.2074 -3.67648
    endloop
  endfacet
  facet normal 0 0.831579 0.555406
    outer loop
      vertex 5.7 79.0083 -4.76095
      vertex -3.3 78.9175 -4.625
      vertex 5.7 78.9175 -4.625
    endloop
  endfacet
  facet normal 0 0.831579 0.555406
    outer loop
      vertex -3.3 78.9175 -4.625
      vertex 5.7 79.0083 -4.76095
      vertex -3.3 79.0083 -4.76095
    endloop
  endfacet
  facet normal 0 -0.896921 0.442191
    outer loop
      vertex -3.3 81.0825 -4.625
      vertex 5.7 81.1548 -4.47835
      vertex -3.3 81.1548 -4.47835
    endloop
  endfacet
  facet normal 0 -0.896921 0.442191
    outer loop
      vertex 5.7 81.1548 -4.47835
      vertex -3.3 81.0825 -4.625
      vertex 5.7 81.0825 -4.625
    endloop
  endfacet
  facet normal -0 0.195175 0.980768
    outer loop
      vertex -3.3 79.8368 -5.23931
      vertex 5.7 79.6765 -5.20741
      vertex 5.7 79.8368 -5.23931
    endloop
  endfacet
  facet normal 0 0.195175 0.980768
    outer loop
      vertex 5.7 79.6765 -5.20741
      vertex -3.3 79.8368 -5.23931
      vertex -3.3 79.6765 -5.20741
    endloop
  endfacet
  facet normal 0 0.946851 0.321671
    outer loop
      vertex 5.7 78.8452 -4.47835
      vertex -3.3 78.7926 -4.32352
      vertex 5.7 78.7926 -4.32352
    endloop
  endfacet
  facet normal 0 0.946851 0.321671
    outer loop
      vertex -3.3 78.7926 -4.32352
      vertex 5.7 78.8452 -4.47835
      vertex -3.3 78.8452 -4.47835
    endloop
  endfacet
  facet normal 0 -0.831579 0.555406
    outer loop
      vertex -3.3 80.9917 -4.76095
      vertex 5.7 81.0825 -4.625
      vertex -3.3 81.0825 -4.625
    endloop
  endfacet
  facet normal 0 -0.831579 0.555406
    outer loop
      vertex 5.7 81.0825 -4.625
      vertex -3.3 80.9917 -4.76095
      vertex 5.7 80.9917 -4.76095
    endloop
  endfacet
  facet normal 0 -0.980782 -0.195105
    outer loop
      vertex -3.3 81.2393 -3.83684
      vertex 5.7 81.2074 -3.67648
      vertex -3.3 81.2074 -3.67648
    endloop
  endfacet
  facet normal 0 -0.980782 -0.195105
    outer loop
      vertex 5.7 81.2074 -3.67648
      vertex -3.3 81.2393 -3.83684
      vertex 5.7 81.2393 -3.83684
    endloop
  endfacet
  facet normal 0 -0.997857 -0.0654392
    outer loop
      vertex -3.3 81.25 -4
      vertex 5.7 81.2393 -3.83684
      vertex -3.3 81.2393 -3.83684
    endloop
  endfacet
  facet normal 0 -0.997857 -0.0654392
    outer loop
      vertex 5.7 81.2393 -3.83684
      vertex -3.3 81.25 -4
      vertex 5.7 81.25 -4
    endloop
  endfacet
  facet normal 0 -0.980782 0.195105
    outer loop
      vertex -3.3 81.2074 -4.32352
      vertex 5.7 81.2393 -4.16316
      vertex -3.3 81.2393 -4.16316
    endloop
  endfacet
  facet normal 0 -0.980782 0.195105
    outer loop
      vertex 5.7 81.2393 -4.16316
      vertex -3.3 81.2074 -4.32352
      vertex 5.7 81.2074 -4.32352
    endloop
  endfacet
  facet normal 0 0.75186 -0.659323
    outer loop
      vertex 5.7 79.0083 -3.23905
      vertex -3.3 79.1161 -3.11612
      vertex 5.7 79.1161 -3.11612
    endloop
  endfacet
  facet normal 0 0.75186 -0.659323
    outer loop
      vertex -3.3 79.1161 -3.11612
      vertex 5.7 79.0083 -3.23905
      vertex -3.3 79.0083 -3.23905
    endloop
  endfacet
  facet normal -0 0.659448 0.75175
    outer loop
      vertex -3.3 79.239 -4.99169
      vertex 5.7 79.1161 -4.88388
      vertex 5.7 79.239 -4.99169
    endloop
  endfacet
  facet normal 0 0.659448 0.75175
    outer loop
      vertex 5.7 79.1161 -4.88388
      vertex -3.3 79.239 -4.99169
      vertex -3.3 79.1161 -4.88388
    endloop
  endfacet
  facet normal 0 -0.831579 -0.555406
    outer loop
      vertex -3.3 81.0825 -3.375
      vertex 5.7 80.9917 -3.23905
      vertex -3.3 80.9917 -3.23905
    endloop
  endfacet
  facet normal 0 -0.831579 -0.555406
    outer loop
      vertex 5.7 80.9917 -3.23905
      vertex -3.3 81.0825 -3.375
      vertex 5.7 81.0825 -3.375
    endloop
  endfacet
  facet normal -0 0.555434 0.831561
    outer loop
      vertex -3.3 79.375 -5.08253
      vertex 5.7 79.239 -4.99169
      vertex 5.7 79.375 -5.08253
    endloop
  endfacet
  facet normal 0 0.555434 0.831561
    outer loop
      vertex 5.7 79.239 -4.99169
      vertex -3.3 79.375 -5.08253
      vertex -3.3 79.239 -4.99169
    endloop
  endfacet
  facet normal 0 -0.195175 -0.980768
    outer loop
      vertex -3.3 80.1632 -2.76069
      vertex 5.7 80.3235 -2.79259
      vertex 5.7 80.1632 -2.76069
    endloop
  endfacet
  facet normal -0 -0.195175 -0.980768
    outer loop
      vertex 5.7 80.3235 -2.79259
      vertex -3.3 80.1632 -2.76069
      vertex -3.3 80.3235 -2.79259
    endloop
  endfacet
  facet normal 0 -0.321322 0.94697
    outer loop
      vertex -3.3 80.4784 -5.15485
      vertex 5.7 80.3235 -5.20741
      vertex 5.7 80.4784 -5.15485
    endloop
  endfacet
  facet normal 0 -0.321322 0.94697
    outer loop
      vertex 5.7 80.3235 -5.20741
      vertex -3.3 80.4784 -5.15485
      vertex -3.3 80.3235 -5.20741
    endloop
  endfacet
  facet normal 0 0.0653624 -0.997862
    outer loop
      vertex -3.3 79.8368 -2.76069
      vertex 5.7 80 -2.75
      vertex 5.7 79.8368 -2.76069
    endloop
  endfacet
  facet normal 0 0.0653624 -0.997862
    outer loop
      vertex 5.7 80 -2.75
      vertex -3.3 79.8368 -2.76069
      vertex -3.3 80 -2.75
    endloop
  endfacet
  facet normal 0 -0.0653624 -0.997862
    outer loop
      vertex -3.3 80 -2.75
      vertex 5.7 80.1632 -2.76069
      vertex 5.7 80 -2.75
    endloop
  endfacet
  facet normal -0 -0.0653624 -0.997862
    outer loop
      vertex 5.7 80.1632 -2.76069
      vertex -3.3 80 -2.75
      vertex -3.3 80.1632 -2.76069
    endloop
  endfacet
  facet normal 0 -0.555716 -0.831372
    outer loop
      vertex -3.3 80.625 -2.91747
      vertex 5.7 80.7609 -3.00831
      vertex 5.7 80.625 -2.91747
    endloop
  endfacet
  facet normal -0 -0.555716 -0.831372
    outer loop
      vertex 5.7 80.7609 -3.00831
      vertex -3.3 80.625 -2.91747
      vertex -3.3 80.7609 -3.00831
    endloop
  endfacet
  facet normal 0 0.896921 0.442191
    outer loop
      vertex 5.7 78.9175 -4.625
      vertex -3.3 78.8452 -4.47835
      vertex 5.7 78.8452 -4.47835
    endloop
  endfacet
  facet normal 0 0.896921 0.442191
    outer loop
      vertex -3.3 78.8452 -4.47835
      vertex 5.7 78.9175 -4.625
      vertex -3.3 78.9175 -4.625
    endloop
  endfacet
  facet normal 0 0.997857 0.0654392
    outer loop
      vertex 5.7 78.7607 -4.16316
      vertex -3.3 78.75 -4
      vertex 5.7 78.75 -4
    endloop
  endfacet
  facet normal 0 0.997857 0.0654392
    outer loop
      vertex -3.3 78.75 -4
      vertex 5.7 78.7607 -4.16316
      vertex -3.3 78.7607 -4.16316
    endloop
  endfacet
  facet normal 0 0.980782 -0.195105
    outer loop
      vertex 5.7 78.7607 -3.83684
      vertex -3.3 78.7926 -3.67648
      vertex 5.7 78.7926 -3.67648
    endloop
  endfacet
  facet normal 0 0.980782 -0.195105
    outer loop
      vertex -3.3 78.7926 -3.67648
      vertex 5.7 78.7607 -3.83684
      vertex -3.3 78.7607 -3.83684
    endloop
  endfacet
  facet normal 0 -0.75186 -0.659323
    outer loop
      vertex -3.3 80.9917 -3.23905
      vertex 5.7 80.8839 -3.11612
      vertex -3.3 80.8839 -3.11612
    endloop
  endfacet
  facet normal 0 -0.75186 -0.659323
    outer loop
      vertex 5.7 80.8839 -3.11612
      vertex -3.3 80.9917 -3.23905
      vertex 5.7 80.9917 -3.23905
    endloop
  endfacet
  facet normal 0 -0.442411 -0.896812
    outer loop
      vertex -3.3 80.4784 -2.84515
      vertex 5.7 80.625 -2.91747
      vertex 5.7 80.4784 -2.84515
    endloop
  endfacet
  facet normal -0 -0.442411 -0.896812
    outer loop
      vertex 5.7 80.625 -2.91747
      vertex -3.3 80.4784 -2.84515
      vertex -3.3 80.625 -2.91747
    endloop
  endfacet
  facet normal 0 -0.321322 -0.94697
    outer loop
      vertex -3.3 80.3235 -2.79259
      vertex 5.7 80.4784 -2.84515
      vertex 5.7 80.3235 -2.79259
    endloop
  endfacet
  facet normal -0 -0.321322 -0.94697
    outer loop
      vertex 5.7 80.4784 -2.84515
      vertex -3.3 80.3235 -2.79259
      vertex -3.3 80.4784 -2.84515
    endloop
  endfacet
  facet normal 0 0.831579 -0.555406
    outer loop
      vertex 5.7 78.9175 -3.375
      vertex -3.3 79.0083 -3.23905
      vertex 5.7 79.0083 -3.23905
    endloop
  endfacet
  facet normal 0 0.831579 -0.555406
    outer loop
      vertex -3.3 79.0083 -3.23905
      vertex 5.7 78.9175 -3.375
      vertex -3.3 78.9175 -3.375
    endloop
  endfacet
  facet normal 0 0.659448 -0.75175
    outer loop
      vertex -3.3 79.1161 -3.11612
      vertex 5.7 79.239 -3.00831
      vertex 5.7 79.1161 -3.11612
    endloop
  endfacet
  facet normal 0 0.659448 -0.75175
    outer loop
      vertex 5.7 79.239 -3.00831
      vertex -3.3 79.1161 -3.11612
      vertex -3.3 79.239 -3.00831
    endloop
  endfacet
  facet normal 0 0.442411 -0.896812
    outer loop
      vertex 144.3 79.375 -2.91747
      vertex 153.3 79.5216 -2.84515
      vertex 153.3 79.375 -2.91747
    endloop
  endfacet
  facet normal 0 0.442411 -0.896812
    outer loop
      vertex 153.3 79.5216 -2.84515
      vertex 144.3 79.375 -2.91747
      vertex 144.3 79.5216 -2.84515
    endloop
  endfacet
  facet normal -0 0.195175 0.980768
    outer loop
      vertex 144.3 79.8368 -5.23931
      vertex 153.3 79.6765 -5.20741
      vertex 153.3 79.8368 -5.23931
    endloop
  endfacet
  facet normal 0 0.195175 0.980768
    outer loop
      vertex 153.3 79.6765 -5.20741
      vertex 144.3 79.8368 -5.23931
      vertex 144.3 79.6765 -5.20741
    endloop
  endfacet
  facet normal 0 -0.997857 0.0654392
    outer loop
      vertex 144.3 81.2393 -4.16316
      vertex 153.3 81.25 -4
      vertex 144.3 81.25 -4
    endloop
  endfacet
  facet normal 0 -0.997857 0.0654392
    outer loop
      vertex 153.3 81.25 -4
      vertex 144.3 81.2393 -4.16316
      vertex 153.3 81.2393 -4.16316
    endloop
  endfacet
  facet normal 0 -0.442411 -0.896812
    outer loop
      vertex 144.3 80.4784 -2.84515
      vertex 153.3 80.625 -2.91747
      vertex 153.3 80.4784 -2.84515
    endloop
  endfacet
  facet normal -0 -0.442411 -0.896812
    outer loop
      vertex 153.3 80.625 -2.91747
      vertex 144.3 80.4784 -2.84515
      vertex 144.3 80.625 -2.91747
    endloop
  endfacet
  facet normal 0 -0.321322 -0.94697
    outer loop
      vertex 144.3 80.3235 -2.79259
      vertex 153.3 80.4784 -2.84515
      vertex 153.3 80.3235 -2.79259
    endloop
  endfacet
  facet normal -0 -0.321322 -0.94697
    outer loop
      vertex 153.3 80.4784 -2.84515
      vertex 144.3 80.3235 -2.79259
      vertex 144.3 80.4784 -2.84515
    endloop
  endfacet
  facet normal 0 -0.0653624 -0.997862
    outer loop
      vertex 144.3 80 -2.75
      vertex 153.3 80.1632 -2.76069
      vertex 153.3 80 -2.75
    endloop
  endfacet
  facet normal -0 -0.0653624 -0.997862
    outer loop
      vertex 153.3 80.1632 -2.76069
      vertex 144.3 80 -2.75
      vertex 144.3 80.1632 -2.76069
    endloop
  endfacet
  facet normal 0 0.831579 0.555406
    outer loop
      vertex 153.3 79.0083 -4.76095
      vertex 144.3 78.9175 -4.625
      vertex 153.3 78.9175 -4.625
    endloop
  endfacet
  facet normal 0 0.831579 0.555406
    outer loop
      vertex 144.3 78.9175 -4.625
      vertex 153.3 79.0083 -4.76095
      vertex 144.3 79.0083 -4.76095
    endloop
  endfacet
  facet normal 0 -0.980782 -0.195105
    outer loop
      vertex 144.3 81.2393 -3.83684
      vertex 153.3 81.2074 -3.67648
      vertex 144.3 81.2074 -3.67648
    endloop
  endfacet
  facet normal 0 -0.980782 -0.195105
    outer loop
      vertex 153.3 81.2074 -3.67648
      vertex 144.3 81.2393 -3.83684
      vertex 153.3 81.2393 -3.83684
    endloop
  endfacet
  facet normal 0 -0.0653624 0.997862
    outer loop
      vertex 144.3 80.1632 -5.23931
      vertex 153.3 80 -5.25
      vertex 153.3 80.1632 -5.23931
    endloop
  endfacet
  facet normal 0 -0.0653624 0.997862
    outer loop
      vertex 153.3 80 -5.25
      vertex 144.3 80.1632 -5.23931
      vertex 144.3 80 -5.25
    endloop
  endfacet
  facet normal 0 0.980782 0.195105
    outer loop
      vertex 153.3 78.7926 -4.32352
      vertex 144.3 78.7607 -4.16316
      vertex 153.3 78.7607 -4.16316
    endloop
  endfacet
  facet normal 0 0.980782 0.195105
    outer loop
      vertex 144.3 78.7607 -4.16316
      vertex 153.3 78.7926 -4.32352
      vertex 144.3 78.7926 -4.32352
    endloop
  endfacet
  facet normal 0 -0.896921 -0.442191
    outer loop
      vertex 144.3 81.1548 -3.52165
      vertex 153.3 81.0825 -3.375
      vertex 144.3 81.0825 -3.375
    endloop
  endfacet
  facet normal 0 -0.896921 -0.442191
    outer loop
      vertex 153.3 81.0825 -3.375
      vertex 144.3 81.1548 -3.52165
      vertex 153.3 81.1548 -3.52165
    endloop
  endfacet
  facet normal 0 0.980782 -0.195105
    outer loop
      vertex 153.3 78.7607 -3.83684
      vertex 144.3 78.7926 -3.67648
      vertex 153.3 78.7926 -3.67648
    endloop
  endfacet
  facet normal 0 0.980782 -0.195105
    outer loop
      vertex 144.3 78.7926 -3.67648
      vertex 153.3 78.7607 -3.83684
      vertex 144.3 78.7607 -3.83684
    endloop
  endfacet
  facet normal 0 -0.195175 -0.980768
    outer loop
      vertex 144.3 80.1632 -2.76069
      vertex 153.3 80.3235 -2.79259
      vertex 153.3 80.1632 -2.76069
    endloop
  endfacet
  facet normal -0 -0.195175 -0.980768
    outer loop
      vertex 153.3 80.3235 -2.79259
      vertex 144.3 80.1632 -2.76069
      vertex 144.3 80.3235 -2.79259
    endloop
  endfacet
  facet normal -0 0.555434 0.831561
    outer loop
      vertex 144.3 79.375 -5.08253
      vertex 153.3 79.239 -4.99169
      vertex 153.3 79.375 -5.08253
    endloop
  endfacet
  facet normal 0 0.555434 0.831561
    outer loop
      vertex 153.3 79.239 -4.99169
      vertex 144.3 79.375 -5.08253
      vertex 144.3 79.239 -4.99169
    endloop
  endfacet
  facet normal 0 0.659448 -0.75175
    outer loop
      vertex 144.3 79.1161 -3.11612
      vertex 153.3 79.239 -3.00831
      vertex 153.3 79.1161 -3.11612
    endloop
  endfacet
  facet normal 0 0.659448 -0.75175
    outer loop
      vertex 153.3 79.239 -3.00831
      vertex 144.3 79.1161 -3.11612
      vertex 144.3 79.239 -3.00831
    endloop
  endfacet
  facet normal 0 0.75186 -0.659323
    outer loop
      vertex 153.3 79.0083 -3.23905
      vertex 144.3 79.1161 -3.11612
      vertex 153.3 79.1161 -3.11612
    endloop
  endfacet
  facet normal 0 0.75186 -0.659323
    outer loop
      vertex 144.3 79.1161 -3.11612
      vertex 153.3 79.0083 -3.23905
      vertex 144.3 79.0083 -3.23905
    endloop
  endfacet
  facet normal 0 -0.659145 -0.752016
    outer loop
      vertex 144.3 80.7609 -3.00831
      vertex 153.3 80.8839 -3.11612
      vertex 153.3 80.7609 -3.00831
    endloop
  endfacet
  facet normal -0 -0.659145 -0.752016
    outer loop
      vertex 153.3 80.8839 -3.11612
      vertex 144.3 80.7609 -3.00831
      vertex 144.3 80.8839 -3.11612
    endloop
  endfacet
  facet normal 0 0.0653624 -0.997862
    outer loop
      vertex 144.3 79.8368 -2.76069
      vertex 153.3 80 -2.75
      vertex 153.3 79.8368 -2.76069
    endloop
  endfacet
  facet normal 0 0.0653624 -0.997862
    outer loop
      vertex 153.3 80 -2.75
      vertex 144.3 79.8368 -2.76069
      vertex 144.3 80 -2.75
    endloop
  endfacet
  facet normal 0 0.321322 -0.94697
    outer loop
      vertex 144.3 79.5216 -2.84515
      vertex 153.3 79.6765 -2.79259
      vertex 153.3 79.5216 -2.84515
    endloop
  endfacet
  facet normal 0 0.321322 -0.94697
    outer loop
      vertex 153.3 79.6765 -2.79259
      vertex 144.3 79.5216 -2.84515
      vertex 144.3 79.6765 -2.79259
    endloop
  endfacet
  facet normal 0 0.946851 -0.321671
    outer loop
      vertex 153.3 78.7926 -3.67648
      vertex 144.3 78.8452 -3.52165
      vertex 153.3 78.8452 -3.52165
    endloop
  endfacet
  facet normal 0 0.946851 -0.321671
    outer loop
      vertex 144.3 78.8452 -3.52165
      vertex 153.3 78.7926 -3.67648
      vertex 144.3 78.7926 -3.67648
    endloop
  endfacet
  facet normal 0 -0.75186 0.659323
    outer loop
      vertex 144.3 80.8839 -4.88388
      vertex 153.3 80.9917 -4.76095
      vertex 144.3 80.9917 -4.76095
    endloop
  endfacet
  facet normal 0 -0.75186 0.659323
    outer loop
      vertex 153.3 80.9917 -4.76095
      vertex 144.3 80.8839 -4.88388
      vertex 153.3 80.8839 -4.88388
    endloop
  endfacet
  facet normal 0 0.896921 0.442191
    outer loop
      vertex 153.3 78.9175 -4.625
      vertex 144.3 78.8452 -4.47835
      vertex 153.3 78.8452 -4.47835
    endloop
  endfacet
  facet normal 0 0.896921 0.442191
    outer loop
      vertex 144.3 78.8452 -4.47835
      vertex 153.3 78.9175 -4.625
      vertex 144.3 78.9175 -4.625
    endloop
  endfacet
  facet normal 0 -0.980782 0.195105
    outer loop
      vertex 144.3 81.2074 -4.32352
      vertex 153.3 81.2393 -4.16316
      vertex 144.3 81.2393 -4.16316
    endloop
  endfacet
  facet normal 0 -0.980782 0.195105
    outer loop
      vertex 153.3 81.2393 -4.16316
      vertex 144.3 81.2074 -4.32352
      vertex 153.3 81.2074 -4.32352
    endloop
  endfacet
  facet normal 0 -0.896921 0.442191
    outer loop
      vertex 144.3 81.0825 -4.625
      vertex 153.3 81.1548 -4.47835
      vertex 144.3 81.1548 -4.47835
    endloop
  endfacet
  facet normal 0 -0.896921 0.442191
    outer loop
      vertex 153.3 81.1548 -4.47835
      vertex 144.3 81.0825 -4.625
      vertex 153.3 81.0825 -4.625
    endloop
  endfacet
  facet normal 0 -0.946851 -0.321671
    outer loop
      vertex 144.3 81.2074 -3.67648
      vertex 153.3 81.1548 -3.52165
      vertex 144.3 81.1548 -3.52165
    endloop
  endfacet
  facet normal 0 -0.946851 -0.321671
    outer loop
      vertex 153.3 81.1548 -3.52165
      vertex 144.3 81.2074 -3.67648
      vertex 153.3 81.2074 -3.67648
    endloop
  endfacet
  facet normal 0 -0.831579 0.555406
    outer loop
      vertex 144.3 80.9917 -4.76095
      vertex 153.3 81.0825 -4.625
      vertex 144.3 81.0825 -4.625
    endloop
  endfacet
  facet normal 0 -0.831579 0.555406
    outer loop
      vertex 153.3 81.0825 -4.625
      vertex 144.3 80.9917 -4.76095
      vertex 153.3 80.9917 -4.76095
    endloop
  endfacet
  facet normal 0 -0.75186 -0.659323
    outer loop
      vertex 144.3 80.9917 -3.23905
      vertex 153.3 80.8839 -3.11612
      vertex 144.3 80.8839 -3.11612
    endloop
  endfacet
  facet normal 0 -0.75186 -0.659323
    outer loop
      vertex 153.3 80.8839 -3.11612
      vertex 144.3 80.9917 -3.23905
      vertex 153.3 80.9917 -3.23905
    endloop
  endfacet
  facet normal 0 0.195175 -0.980768
    outer loop
      vertex 144.3 79.6765 -2.79259
      vertex 153.3 79.8368 -2.76069
      vertex 153.3 79.6765 -2.79259
    endloop
  endfacet
  facet normal 0 0.195175 -0.980768
    outer loop
      vertex 153.3 79.8368 -2.76069
      vertex 144.3 79.6765 -2.79259
      vertex 144.3 79.8368 -2.76069
    endloop
  endfacet
  facet normal 0 -0.946851 0.321671
    outer loop
      vertex 144.3 81.1548 -4.47835
      vertex 153.3 81.2074 -4.32352
      vertex 144.3 81.2074 -4.32352
    endloop
  endfacet
  facet normal 0 -0.946851 0.321671
    outer loop
      vertex 153.3 81.2074 -4.32352
      vertex 144.3 81.1548 -4.47835
      vertex 153.3 81.1548 -4.47835
    endloop
  endfacet
  facet normal 0 0.831579 -0.555406
    outer loop
      vertex 153.3 78.9175 -3.375
      vertex 144.3 79.0083 -3.23905
      vertex 153.3 79.0083 -3.23905
    endloop
  endfacet
  facet normal 0 0.831579 -0.555406
    outer loop
      vertex 144.3 79.0083 -3.23905
      vertex 153.3 78.9175 -3.375
      vertex 144.3 78.9175 -3.375
    endloop
  endfacet
  facet normal -0 0.0653624 0.997862
    outer loop
      vertex 144.3 80 -5.25
      vertex 153.3 79.8368 -5.23931
      vertex 153.3 80 -5.25
    endloop
  endfacet
  facet normal 0 0.0653624 0.997862
    outer loop
      vertex 153.3 79.8368 -5.23931
      vertex 144.3 80 -5.25
      vertex 144.3 79.8368 -5.23931
    endloop
  endfacet
  facet normal 0 -0.831579 -0.555406
    outer loop
      vertex 144.3 81.0825 -3.375
      vertex 153.3 80.9917 -3.23905
      vertex 144.3 80.9917 -3.23905
    endloop
  endfacet
  facet normal 0 -0.831579 -0.555406
    outer loop
      vertex 153.3 80.9917 -3.23905
      vertex 144.3 81.0825 -3.375
      vertex 153.3 81.0825 -3.375
    endloop
  endfacet
  facet normal 0 -0.321322 0.94697
    outer loop
      vertex 144.3 80.4784 -5.15485
      vertex 153.3 80.3235 -5.20741
      vertex 153.3 80.4784 -5.15485
    endloop
  endfacet
  facet normal 0 -0.321322 0.94697
    outer loop
      vertex 153.3 80.3235 -5.20741
      vertex 144.3 80.4784 -5.15485
      vertex 144.3 80.3235 -5.20741
    endloop
  endfacet
  facet normal 0 0.896921 -0.442191
    outer loop
      vertex 153.3 78.8452 -3.52165
      vertex 144.3 78.9175 -3.375
      vertex 153.3 78.9175 -3.375
    endloop
  endfacet
  facet normal 0 0.896921 -0.442191
    outer loop
      vertex 144.3 78.9175 -3.375
      vertex 153.3 78.8452 -3.52165
      vertex 144.3 78.8452 -3.52165
    endloop
  endfacet
  facet normal -0 0.321322 0.94697
    outer loop
      vertex 144.3 79.6765 -5.20741
      vertex 153.3 79.5216 -5.15485
      vertex 153.3 79.6765 -5.20741
    endloop
  endfacet
  facet normal 0 0.321322 0.94697
    outer loop
      vertex 153.3 79.5216 -5.15485
      vertex 144.3 79.6765 -5.20741
      vertex 144.3 79.5216 -5.15485
    endloop
  endfacet
  facet normal 0 -0.555716 -0.831372
    outer loop
      vertex 144.3 80.625 -2.91747
      vertex 153.3 80.7609 -3.00831
      vertex 153.3 80.625 -2.91747
    endloop
  endfacet
  facet normal -0 -0.555716 -0.831372
    outer loop
      vertex 153.3 80.7609 -3.00831
      vertex 144.3 80.625 -2.91747
      vertex 144.3 80.7609 -3.00831
    endloop
  endfacet
  facet normal -0 0.659448 0.75175
    outer loop
      vertex 144.3 79.239 -4.99169
      vertex 153.3 79.1161 -4.88388
      vertex 153.3 79.239 -4.99169
    endloop
  endfacet
  facet normal 0 0.659448 0.75175
    outer loop
      vertex 153.3 79.1161 -4.88388
      vertex 144.3 79.239 -4.99169
      vertex 144.3 79.1161 -4.88388
    endloop
  endfacet
  facet normal 0 -0.997857 -0.0654392
    outer loop
      vertex 144.3 81.25 -4
      vertex 153.3 81.2393 -3.83684
      vertex 144.3 81.2393 -3.83684
    endloop
  endfacet
  facet normal 0 -0.997857 -0.0654392
    outer loop
      vertex 153.3 81.2393 -3.83684
      vertex 144.3 81.25 -4
      vertex 153.3 81.25 -4
    endloop
  endfacet
  facet normal 0 -0.442411 0.896812
    outer loop
      vertex 144.3 80.625 -5.08253
      vertex 153.3 80.4784 -5.15485
      vertex 153.3 80.625 -5.08253
    endloop
  endfacet
  facet normal 0 -0.442411 0.896812
    outer loop
      vertex 153.3 80.4784 -5.15485
      vertex 144.3 80.625 -5.08253
      vertex 144.3 80.4784 -5.15485
    endloop
  endfacet
  facet normal 0 -0.195175 0.980768
    outer loop
      vertex 144.3 80.3235 -5.20741
      vertex 153.3 80.1632 -5.23931
      vertex 153.3 80.3235 -5.20741
    endloop
  endfacet
  facet normal 0 -0.195175 0.980768
    outer loop
      vertex 153.3 80.1632 -5.23931
      vertex 144.3 80.3235 -5.20741
      vertex 144.3 80.1632 -5.23931
    endloop
  endfacet
  facet normal -0 0.442411 0.896812
    outer loop
      vertex 144.3 79.5216 -5.15485
      vertex 153.3 79.375 -5.08253
      vertex 153.3 79.5216 -5.15485
    endloop
  endfacet
  facet normal 0 0.442411 0.896812
    outer loop
      vertex 153.3 79.375 -5.08253
      vertex 144.3 79.5216 -5.15485
      vertex 144.3 79.375 -5.08253
    endloop
  endfacet
  facet normal 0 -0.555716 0.831372
    outer loop
      vertex 144.3 80.7609 -4.99169
      vertex 153.3 80.625 -5.08253
      vertex 153.3 80.7609 -4.99169
    endloop
  endfacet
  facet normal 0 -0.555716 0.831372
    outer loop
      vertex 153.3 80.625 -5.08253
      vertex 144.3 80.7609 -4.99169
      vertex 144.3 80.625 -5.08253
    endloop
  endfacet
  facet normal 0 0.555434 -0.831561
    outer loop
      vertex 144.3 79.239 -3.00831
      vertex 153.3 79.375 -2.91747
      vertex 153.3 79.239 -3.00831
    endloop
  endfacet
  facet normal 0 0.555434 -0.831561
    outer loop
      vertex 153.3 79.375 -2.91747
      vertex 144.3 79.239 -3.00831
      vertex 144.3 79.375 -2.91747
    endloop
  endfacet
  facet normal 0 0.997857 0.0654392
    outer loop
      vertex 153.3 78.7607 -4.16316
      vertex 144.3 78.75 -4
      vertex 153.3 78.75 -4
    endloop
  endfacet
  facet normal 0 0.997857 0.0654392
    outer loop
      vertex 144.3 78.75 -4
      vertex 153.3 78.7607 -4.16316
      vertex 144.3 78.7607 -4.16316
    endloop
  endfacet
  facet normal 0 0.997857 -0.0654392
    outer loop
      vertex 153.3 78.75 -4
      vertex 144.3 78.7607 -3.83684
      vertex 153.3 78.7607 -3.83684
    endloop
  endfacet
  facet normal 0 0.997857 -0.0654392
    outer loop
      vertex 144.3 78.7607 -3.83684
      vertex 153.3 78.75 -4
      vertex 144.3 78.75 -4
    endloop
  endfacet
  facet normal 0 0.946851 0.321671
    outer loop
      vertex 153.3 78.8452 -4.47835
      vertex 144.3 78.7926 -4.32352
      vertex 153.3 78.7926 -4.32352
    endloop
  endfacet
  facet normal 0 0.946851 0.321671
    outer loop
      vertex 144.3 78.7926 -4.32352
      vertex 153.3 78.8452 -4.47835
      vertex 144.3 78.8452 -4.47835
    endloop
  endfacet
  facet normal 0 0.75186 0.659323
    outer loop
      vertex 153.3 79.1161 -4.88388
      vertex 144.3 79.0083 -4.76095
      vertex 153.3 79.0083 -4.76095
    endloop
  endfacet
  facet normal 0 0.75186 0.659323
    outer loop
      vertex 144.3 79.0083 -4.76095
      vertex 153.3 79.1161 -4.88388
      vertex 144.3 79.1161 -4.88388
    endloop
  endfacet
  facet normal 0 -0.659145 0.752016
    outer loop
      vertex 144.3 80.8839 -4.88388
      vertex 153.3 80.7609 -4.99169
      vertex 153.3 80.8839 -4.88388
    endloop
  endfacet
  facet normal 0 -0.659145 0.752016
    outer loop
      vertex 153.3 80.7609 -4.99169
      vertex 144.3 80.8839 -4.88388
      vertex 144.3 80.7609 -4.99169
    endloop
  endfacet
  facet normal -0.195175 0.980768 0
    outer loop
      vertex 56.3235 31.7926 -9
      vertex 56.1632 31.7607 -3
      vertex 56.3235 31.7926 -3
    endloop
  endfacet
  facet normal -0.195175 0.980768 0
    outer loop
      vertex 56.1632 31.7607 -3
      vertex 56.3235 31.7926 -9
      vertex 56.1632 31.7607 -9
    endloop
  endfacet
  facet normal -0.980768 -0.195175 0
    outer loop
      vertex 57.2393 33.1632 -9
      vertex 57.2074 33.3235 -3
      vertex 57.2074 33.3235 -9
    endloop
  endfacet
  facet normal -0.980768 -0.195175 0
    outer loop
      vertex 57.2074 33.3235 -3
      vertex 57.2393 33.1632 -9
      vertex 57.2393 33.1632 -3
    endloop
  endfacet
  facet normal -0.997858 -0.0654233 0
    outer loop
      vertex 57.25 33 -9
      vertex 57.2393 33.1632 -3
      vertex 57.2393 33.1632 -9
    endloop
  endfacet
  facet normal -0.997858 -0.0654233 0
    outer loop
      vertex 57.2393 33.1632 -3
      vertex 57.25 33 -9
      vertex 57.25 33 -3
    endloop
  endfacet
  facet normal 0.320993 0.947082 -0
    outer loop
      vertex 55.6765 31.7926 -9
      vertex 55.5216 31.8451 -3
      vertex 55.6765 31.7926 -3
    endloop
  endfacet
  facet normal 0.320993 0.947082 0
    outer loop
      vertex 55.5216 31.8451 -3
      vertex 55.6765 31.7926 -9
      vertex 55.5216 31.8451 -9
    endloop
  endfacet
  facet normal -0.947082 0.320993 0
    outer loop
      vertex 57.1549 32.5216 -9
      vertex 57.2074 32.6765 -3
      vertex 57.2074 32.6765 -9
    endloop
  endfacet
  facet normal -0.947082 0.320993 0
    outer loop
      vertex 57.2074 32.6765 -3
      vertex 57.1549 32.5216 -9
      vertex 57.1549 32.5216 -3
    endloop
  endfacet
  facet normal 0.980768 0.195175 0
    outer loop
      vertex 54.7926 32.6765 -3
      vertex 54.7607 32.8368 -9
      vertex 54.7607 32.8368 -3
    endloop
  endfacet
  facet normal 0.980768 0.195175 0
    outer loop
      vertex 54.7607 32.8368 -9
      vertex 54.7926 32.6765 -3
      vertex 54.7926 32.6765 -9
    endloop
  endfacet
  facet normal 0.75178 0.659414 0
    outer loop
      vertex 55.1161 32.1161 -3
      vertex 55.0083 32.239 -9
      vertex 55.0083 32.239 -3
    endloop
  endfacet
  facet normal 0.75178 0.659414 0
    outer loop
      vertex 55.0083 32.239 -9
      vertex 55.1161 32.1161 -3
      vertex 55.1161 32.1161 -9
    endloop
  endfacet
  facet normal 0.195175 -0.980768 0
    outer loop
      vertex 55.6765 34.2074 -9
      vertex 55.8368 34.2393 -3
      vertex 55.6765 34.2074 -3
    endloop
  endfacet
  facet normal 0.195175 -0.980768 0
    outer loop
      vertex 55.8368 34.2393 -3
      vertex 55.6765 34.2074 -9
      vertex 55.8368 34.2393 -9
    endloop
  endfacet
  facet normal -0.947082 -0.320993 0
    outer loop
      vertex 57.2074 33.3235 -9
      vertex 57.1549 33.4784 -3
      vertex 57.1549 33.4784 -9
    endloop
  endfacet
  facet normal -0.947082 -0.320993 0
    outer loop
      vertex 57.1549 33.4784 -3
      vertex 57.2074 33.3235 -9
      vertex 57.2074 33.3235 -3
    endloop
  endfacet
  facet normal -0.831674 -0.555265 0
    outer loop
      vertex 57.0825 33.625 -9
      vertex 56.9917 33.761 -3
      vertex 56.9917 33.761 -9
    endloop
  endfacet
  facet normal -0.831674 -0.555265 0
    outer loop
      vertex 56.9917 33.761 -3
      vertex 57.0825 33.625 -9
      vertex 57.0825 33.625 -3
    endloop
  endfacet
  facet normal 0.442805 -0.896618 0
    outer loop
      vertex 55.375 34.0825 -9
      vertex 55.5216 34.1549 -3
      vertex 55.375 34.0825 -3
    endloop
  endfacet
  facet normal 0.442805 -0.896618 0
    outer loop
      vertex 55.5216 34.1549 -3
      vertex 55.375 34.0825 -9
      vertex 55.5216 34.1549 -9
    endloop
  endfacet
  facet normal -0.320993 -0.947082 0
    outer loop
      vertex 56.3235 34.2074 -9
      vertex 56.4784 34.1549 -3
      vertex 56.3235 34.2074 -3
    endloop
  endfacet
  facet normal -0.320993 -0.947082 -0
    outer loop
      vertex 56.4784 34.1549 -3
      vertex 56.3235 34.2074 -9
      vertex 56.4784 34.1549 -9
    endloop
  endfacet
  facet normal -0.659414 -0.75178 0
    outer loop
      vertex 56.761 33.9917 -9
      vertex 56.8839 33.8839 -3
      vertex 56.761 33.9917 -3
    endloop
  endfacet
  facet normal -0.659414 -0.75178 -0
    outer loop
      vertex 56.8839 33.8839 -3
      vertex 56.761 33.9917 -9
      vertex 56.8839 33.8839 -9
    endloop
  endfacet
  facet normal -0.555265 -0.831674 0
    outer loop
      vertex 56.625 34.0825 -9
      vertex 56.761 33.9917 -3
      vertex 56.625 34.0825 -3
    endloop
  endfacet
  facet normal -0.555265 -0.831674 -0
    outer loop
      vertex 56.761 33.9917 -3
      vertex 56.625 34.0825 -9
      vertex 56.761 33.9917 -9
    endloop
  endfacet
  facet normal -0.896618 0.442805 0
    outer loop
      vertex 57.0825 32.375 -9
      vertex 57.1549 32.5216 -3
      vertex 57.1549 32.5216 -9
    endloop
  endfacet
  facet normal -0.896618 0.442805 0
    outer loop
      vertex 57.1549 32.5216 -3
      vertex 57.0825 32.375 -9
      vertex 57.0825 32.375 -3
    endloop
  endfacet
  facet normal -0.997858 0.0654233 0
    outer loop
      vertex 57.2393 32.8368 -9
      vertex 57.25 33 -3
      vertex 57.25 33 -9
    endloop
  endfacet
  facet normal -0.997858 0.0654233 0
    outer loop
      vertex 57.25 33 -3
      vertex 57.2393 32.8368 -9
      vertex 57.2393 32.8368 -3
    endloop
  endfacet
  facet normal 0.75178 -0.659414 0
    outer loop
      vertex 55.0083 33.761 -3
      vertex 55.1161 33.8839 -9
      vertex 55.1161 33.8839 -3
    endloop
  endfacet
  facet normal 0.75178 -0.659414 0
    outer loop
      vertex 55.1161 33.8839 -9
      vertex 55.0083 33.761 -3
      vertex 55.0083 33.761 -9
    endloop
  endfacet
  facet normal 0.442805 0.896618 -0
    outer loop
      vertex 55.5216 31.8451 -9
      vertex 55.375 31.9175 -3
      vertex 55.5216 31.8451 -3
    endloop
  endfacet
  facet normal 0.442805 0.896618 0
    outer loop
      vertex 55.375 31.9175 -3
      vertex 55.5216 31.8451 -9
      vertex 55.375 31.9175 -9
    endloop
  endfacet
  facet normal -0.659414 0.75178 0
    outer loop
      vertex 56.8839 32.1161 -9
      vertex 56.761 32.0083 -3
      vertex 56.8839 32.1161 -3
    endloop
  endfacet
  facet normal -0.659414 0.75178 0
    outer loop
      vertex 56.761 32.0083 -3
      vertex 56.8839 32.1161 -9
      vertex 56.761 32.0083 -9
    endloop
  endfacet
  facet normal 0.320993 -0.947082 0
    outer loop
      vertex 55.5216 34.1549 -9
      vertex 55.6765 34.2074 -3
      vertex 55.5216 34.1549 -3
    endloop
  endfacet
  facet normal 0.320993 -0.947082 0
    outer loop
      vertex 55.6765 34.2074 -3
      vertex 55.5216 34.1549 -9
      vertex 55.6765 34.2074 -9
    endloop
  endfacet
  facet normal -0.555265 0.831674 0
    outer loop
      vertex 56.761 32.0083 -9
      vertex 56.625 31.9175 -3
      vertex 56.761 32.0083 -3
    endloop
  endfacet
  facet normal -0.555265 0.831674 0
    outer loop
      vertex 56.625 31.9175 -3
      vertex 56.761 32.0083 -9
      vertex 56.625 31.9175 -9
    endloop
  endfacet
  facet normal -0.980768 0.195175 0
    outer loop
      vertex 57.2074 32.6765 -9
      vertex 57.2393 32.8368 -3
      vertex 57.2393 32.8368 -9
    endloop
  endfacet
  facet normal -0.980768 0.195175 0
    outer loop
      vertex 57.2393 32.8368 -3
      vertex 57.2074 32.6765 -9
      vertex 57.2074 32.6765 -3
    endloop
  endfacet
  facet normal -0.0654233 -0.997858 0
    outer loop
      vertex 56 34.25 -9
      vertex 56.1632 34.2393 -3
      vertex 56 34.25 -3
    endloop
  endfacet
  facet normal -0.0654233 -0.997858 -0
    outer loop
      vertex 56.1632 34.2393 -3
      vertex 56 34.25 -9
      vertex 56.1632 34.2393 -9
    endloop
  endfacet
  facet normal 0.997858 0.0654233 0
    outer loop
      vertex 54.7607 32.8368 -3
      vertex 54.75 33 -9
      vertex 54.75 33 -3
    endloop
  endfacet
  facet normal 0.997858 0.0654233 0
    outer loop
      vertex 54.75 33 -9
      vertex 54.7607 32.8368 -3
      vertex 54.7607 32.8368 -9
    endloop
  endfacet
  facet normal -0.320993 0.947082 0
    outer loop
      vertex 56.4784 31.8451 -9
      vertex 56.3235 31.7926 -3
      vertex 56.4784 31.8451 -3
    endloop
  endfacet
  facet normal -0.320993 0.947082 0
    outer loop
      vertex 56.3235 31.7926 -3
      vertex 56.4784 31.8451 -9
      vertex 56.3235 31.7926 -9
    endloop
  endfacet
  facet normal 0.896618 0.442805 0
    outer loop
      vertex 54.9175 32.375 -3
      vertex 54.8451 32.5216 -9
      vertex 54.8451 32.5216 -3
    endloop
  endfacet
  facet normal 0.896618 0.442805 0
    outer loop
      vertex 54.8451 32.5216 -9
      vertex 54.9175 32.375 -3
      vertex 54.9175 32.375 -9
    endloop
  endfacet
  facet normal 0.831674 0.555265 0
    outer loop
      vertex 55.0083 32.239 -3
      vertex 54.9175 32.375 -9
      vertex 54.9175 32.375 -3
    endloop
  endfacet
  facet normal 0.831674 0.555265 0
    outer loop
      vertex 54.9175 32.375 -9
      vertex 55.0083 32.239 -3
      vertex 55.0083 32.239 -9
    endloop
  endfacet
  facet normal 0.0654233 -0.997858 0
    outer loop
      vertex 55.8368 34.2393 -9
      vertex 56 34.25 -3
      vertex 55.8368 34.2393 -3
    endloop
  endfacet
  facet normal 0.0654233 -0.997858 0
    outer loop
      vertex 56 34.25 -3
      vertex 55.8368 34.2393 -9
      vertex 56 34.25 -9
    endloop
  endfacet
  facet normal -0.195175 -0.980768 0
    outer loop
      vertex 56.1632 34.2393 -9
      vertex 56.3235 34.2074 -3
      vertex 56.1632 34.2393 -3
    endloop
  endfacet
  facet normal -0.195175 -0.980768 -0
    outer loop
      vertex 56.3235 34.2074 -3
      vertex 56.1632 34.2393 -9
      vertex 56.3235 34.2074 -9
    endloop
  endfacet
  facet normal 0.659414 0.75178 -0
    outer loop
      vertex 55.239 32.0083 -9
      vertex 55.1161 32.1161 -3
      vertex 55.239 32.0083 -3
    endloop
  endfacet
  facet normal 0.659414 0.75178 0
    outer loop
      vertex 55.1161 32.1161 -3
      vertex 55.239 32.0083 -9
      vertex 55.1161 32.1161 -9
    endloop
  endfacet
  facet normal -0.75178 0.659414 0
    outer loop
      vertex 56.8839 32.1161 -9
      vertex 56.9917 32.239 -3
      vertex 56.9917 32.239 -9
    endloop
  endfacet
  facet normal -0.75178 0.659414 0
    outer loop
      vertex 56.9917 32.239 -3
      vertex 56.8839 32.1161 -9
      vertex 56.8839 32.1161 -3
    endloop
  endfacet
  facet normal 0.555265 -0.831674 0
    outer loop
      vertex 55.239 33.9917 -9
      vertex 55.375 34.0825 -3
      vertex 55.239 33.9917 -3
    endloop
  endfacet
  facet normal 0.555265 -0.831674 0
    outer loop
      vertex 55.375 34.0825 -3
      vertex 55.239 33.9917 -9
      vertex 55.375 34.0825 -9
    endloop
  endfacet
  facet normal 0.947082 0.320993 0
    outer loop
      vertex 54.8451 32.5216 -3
      vertex 54.7926 32.6765 -9
      vertex 54.7926 32.6765 -3
    endloop
  endfacet
  facet normal 0.947082 0.320993 0
    outer loop
      vertex 54.7926 32.6765 -9
      vertex 54.8451 32.5216 -3
      vertex 54.8451 32.5216 -9
    endloop
  endfacet
  facet normal -0.831674 0.555265 0
    outer loop
      vertex 56.9917 32.239 -9
      vertex 57.0825 32.375 -3
      vertex 57.0825 32.375 -9
    endloop
  endfacet
  facet normal -0.831674 0.555265 0
    outer loop
      vertex 57.0825 32.375 -3
      vertex 56.9917 32.239 -9
      vertex 56.9917 32.239 -3
    endloop
  endfacet
  facet normal 0.980768 -0.195175 0
    outer loop
      vertex 54.7607 33.1632 -3
      vertex 54.7926 33.3235 -9
      vertex 54.7926 33.3235 -3
    endloop
  endfacet
  facet normal 0.980768 -0.195175 0
    outer loop
      vertex 54.7926 33.3235 -9
      vertex 54.7607 33.1632 -3
      vertex 54.7607 33.1632 -9
    endloop
  endfacet
  facet normal -0.442805 -0.896618 0
    outer loop
      vertex 56.4784 34.1549 -9
      vertex 56.625 34.0825 -3
      vertex 56.4784 34.1549 -3
    endloop
  endfacet
  facet normal -0.442805 -0.896618 -0
    outer loop
      vertex 56.625 34.0825 -3
      vertex 56.4784 34.1549 -9
      vertex 56.625 34.0825 -9
    endloop
  endfacet
  facet normal -0.896618 -0.442805 0
    outer loop
      vertex 57.1549 33.4784 -9
      vertex 57.0825 33.625 -3
      vertex 57.0825 33.625 -9
    endloop
  endfacet
  facet normal -0.896618 -0.442805 0
    outer loop
      vertex 57.0825 33.625 -3
      vertex 57.1549 33.4784 -9
      vertex 57.1549 33.4784 -3
    endloop
  endfacet
  facet normal -0.75178 -0.659414 0
    outer loop
      vertex 56.9917 33.761 -9
      vertex 56.8839 33.8839 -3
      vertex 56.8839 33.8839 -9
    endloop
  endfacet
  facet normal -0.75178 -0.659414 0
    outer loop
      vertex 56.8839 33.8839 -3
      vertex 56.9917 33.761 -9
      vertex 56.9917 33.761 -3
    endloop
  endfacet
  facet normal 0.997858 -0.0654233 0
    outer loop
      vertex 54.75 33 -3
      vertex 54.7607 33.1632 -9
      vertex 54.7607 33.1632 -3
    endloop
  endfacet
  facet normal 0.997858 -0.0654233 0
    outer loop
      vertex 54.7607 33.1632 -9
      vertex 54.75 33 -3
      vertex 54.75 33 -9
    endloop
  endfacet
  facet normal 0.831674 -0.555265 0
    outer loop
      vertex 54.9175 33.625 -3
      vertex 55.0083 33.761 -9
      vertex 55.0083 33.761 -3
    endloop
  endfacet
  facet normal 0.831674 -0.555265 0
    outer loop
      vertex 55.0083 33.761 -9
      vertex 54.9175 33.625 -3
      vertex 54.9175 33.625 -9
    endloop
  endfacet
  facet normal -0.442805 0.896618 0
    outer loop
      vertex 56.625 31.9175 -9
      vertex 56.4784 31.8451 -3
      vertex 56.625 31.9175 -3
    endloop
  endfacet
  facet normal -0.442805 0.896618 0
    outer loop
      vertex 56.4784 31.8451 -3
      vertex 56.625 31.9175 -9
      vertex 56.4784 31.8451 -9
    endloop
  endfacet
  facet normal -0.0654233 0.997858 0
    outer loop
      vertex 56.1632 31.7607 -9
      vertex 56 31.75 -3
      vertex 56.1632 31.7607 -3
    endloop
  endfacet
  facet normal -0.0654233 0.997858 0
    outer loop
      vertex 56 31.75 -3
      vertex 56.1632 31.7607 -9
      vertex 56 31.75 -9
    endloop
  endfacet
  facet normal 0.195175 0.980768 -0
    outer loop
      vertex 55.8368 31.7607 -9
      vertex 55.6765 31.7926 -3
      vertex 55.8368 31.7607 -3
    endloop
  endfacet
  facet normal 0.195175 0.980768 0
    outer loop
      vertex 55.6765 31.7926 -3
      vertex 55.8368 31.7607 -9
      vertex 55.6765 31.7926 -9
    endloop
  endfacet
  facet normal 0.659414 -0.75178 0
    outer loop
      vertex 55.1161 33.8839 -9
      vertex 55.239 33.9917 -3
      vertex 55.1161 33.8839 -3
    endloop
  endfacet
  facet normal 0.659414 -0.75178 0
    outer loop
      vertex 55.239 33.9917 -3
      vertex 55.1161 33.8839 -9
      vertex 55.239 33.9917 -9
    endloop
  endfacet
  facet normal 0.896618 -0.442805 0
    outer loop
      vertex 54.8451 33.4784 -3
      vertex 54.9175 33.625 -9
      vertex 54.9175 33.625 -3
    endloop
  endfacet
  facet normal 0.896618 -0.442805 0
    outer loop
      vertex 54.9175 33.625 -9
      vertex 54.8451 33.4784 -3
      vertex 54.8451 33.4784 -9
    endloop
  endfacet
  facet normal 0.947082 -0.320993 0
    outer loop
      vertex 54.7926 33.3235 -3
      vertex 54.8451 33.4784 -9
      vertex 54.8451 33.4784 -3
    endloop
  endfacet
  facet normal 0.947082 -0.320993 0
    outer loop
      vertex 54.8451 33.4784 -9
      vertex 54.7926 33.3235 -3
      vertex 54.7926 33.3235 -9
    endloop
  endfacet
  facet normal 0.555265 0.831674 -0
    outer loop
      vertex 55.375 31.9175 -9
      vertex 55.239 32.0083 -3
      vertex 55.375 31.9175 -3
    endloop
  endfacet
  facet normal 0.555265 0.831674 0
    outer loop
      vertex 55.239 32.0083 -3
      vertex 55.375 31.9175 -9
      vertex 55.239 32.0083 -9
    endloop
  endfacet
  facet normal 0.0654233 0.997858 -0
    outer loop
      vertex 56 31.75 -9
      vertex 55.8368 31.7607 -3
      vertex 56 31.75 -3
    endloop
  endfacet
  facet normal 0.0654233 0.997858 0
    outer loop
      vertex 55.8368 31.7607 -3
      vertex 56 31.75 -9
      vertex 55.8368 31.7607 -9
    endloop
  endfacet
  facet normal -0.195175 0.980768 0
    outer loop
      vertex 56.3235 55.7926 -9
      vertex 56.1632 55.7607 -3
      vertex 56.3235 55.7926 -3
    endloop
  endfacet
  facet normal -0.195175 0.980768 0
    outer loop
      vertex 56.1632 55.7607 -3
      vertex 56.3235 55.7926 -9
      vertex 56.1632 55.7607 -9
    endloop
  endfacet
  facet normal -0.980768 -0.195175 0
    outer loop
      vertex 57.2393 57.1632 -9
      vertex 57.2074 57.3235 -3
      vertex 57.2074 57.3235 -9
    endloop
  endfacet
  facet normal -0.980768 -0.195175 0
    outer loop
      vertex 57.2074 57.3235 -3
      vertex 57.2393 57.1632 -9
      vertex 57.2393 57.1632 -3
    endloop
  endfacet
  facet normal -0.997858 -0.0654233 0
    outer loop
      vertex 57.25 57 -9
      vertex 57.2393 57.1632 -3
      vertex 57.2393 57.1632 -9
    endloop
  endfacet
  facet normal -0.997858 -0.0654233 0
    outer loop
      vertex 57.2393 57.1632 -3
      vertex 57.25 57 -9
      vertex 57.25 57 -3
    endloop
  endfacet
  facet normal -0.947082 0.320993 0
    outer loop
      vertex 57.1549 56.5216 -9
      vertex 57.2074 56.6765 -3
      vertex 57.2074 56.6765 -9
    endloop
  endfacet
  facet normal -0.947082 0.320993 0
    outer loop
      vertex 57.2074 56.6765 -3
      vertex 57.1549 56.5216 -9
      vertex 57.1549 56.5216 -3
    endloop
  endfacet
  facet normal 0.980768 0.195175 0
    outer loop
      vertex 54.7926 56.6765 -3
      vertex 54.7607 56.8368 -9
      vertex 54.7607 56.8368 -3
    endloop
  endfacet
  facet normal 0.980768 0.195175 0
    outer loop
      vertex 54.7607 56.8368 -9
      vertex 54.7926 56.6765 -3
      vertex 54.7926 56.6765 -9
    endloop
  endfacet
  facet normal 0.320993 0.947082 -0
    outer loop
      vertex 55.6765 55.7926 -9
      vertex 55.5216 55.8451 -3
      vertex 55.6765 55.7926 -3
    endloop
  endfacet
  facet normal 0.320993 0.947082 0
    outer loop
      vertex 55.5216 55.8451 -3
      vertex 55.6765 55.7926 -9
      vertex 55.5216 55.8451 -9
    endloop
  endfacet
  facet normal 0.75178 0.659414 0
    outer loop
      vertex 55.1161 56.1161 -3
      vertex 55.0083 56.239 -9
      vertex 55.0083 56.239 -3
    endloop
  endfacet
  facet normal 0.75178 0.659414 0
    outer loop
      vertex 55.0083 56.239 -9
      vertex 55.1161 56.1161 -3
      vertex 55.1161 56.1161 -9
    endloop
  endfacet
  facet normal -0.947082 -0.320993 0
    outer loop
      vertex 57.2074 57.3235 -9
      vertex 57.1549 57.4784 -3
      vertex 57.1549 57.4784 -9
    endloop
  endfacet
  facet normal -0.947082 -0.320993 0
    outer loop
      vertex 57.1549 57.4784 -3
      vertex 57.2074 57.3235 -9
      vertex 57.2074 57.3235 -3
    endloop
  endfacet
  facet normal -0.831674 -0.555265 0
    outer loop
      vertex 57.0825 57.625 -9
      vertex 56.9917 57.761 -3
      vertex 56.9917 57.761 -9
    endloop
  endfacet
  facet normal -0.831674 -0.555265 0
    outer loop
      vertex 56.9917 57.761 -3
      vertex 57.0825 57.625 -9
      vertex 57.0825 57.625 -3
    endloop
  endfacet
  facet normal 0.442805 -0.896618 0
    outer loop
      vertex 55.375 58.0825 -9
      vertex 55.5216 58.1549 -3
      vertex 55.375 58.0825 -3
    endloop
  endfacet
  facet normal 0.442805 -0.896618 0
    outer loop
      vertex 55.5216 58.1549 -3
      vertex 55.375 58.0825 -9
      vertex 55.5216 58.1549 -9
    endloop
  endfacet
  facet normal -0.320993 -0.947082 0
    outer loop
      vertex 56.3235 58.2074 -9
      vertex 56.4784 58.1549 -3
      vertex 56.3235 58.2074 -3
    endloop
  endfacet
  facet normal -0.320993 -0.947082 -0
    outer loop
      vertex 56.4784 58.1549 -3
      vertex 56.3235 58.2074 -9
      vertex 56.4784 58.1549 -9
    endloop
  endfacet
  facet normal -0.659414 -0.75178 0
    outer loop
      vertex 56.761 57.9917 -9
      vertex 56.8839 57.8839 -3
      vertex 56.761 57.9917 -3
    endloop
  endfacet
  facet normal -0.659414 -0.75178 -0
    outer loop
      vertex 56.8839 57.8839 -3
      vertex 56.761 57.9917 -9
      vertex 56.8839 57.8839 -9
    endloop
  endfacet
  facet normal -0.896618 0.442805 0
    outer loop
      vertex 57.0825 56.375 -9
      vertex 57.1549 56.5216 -3
      vertex 57.1549 56.5216 -9
    endloop
  endfacet
  facet normal -0.896618 0.442805 0
    outer loop
      vertex 57.1549 56.5216 -3
      vertex 57.0825 56.375 -9
      vertex 57.0825 56.375 -3
    endloop
  endfacet
  facet normal -0.997858 0.0654233 0
    outer loop
      vertex 57.2393 56.8368 -9
      vertex 57.25 57 -3
      vertex 57.25 57 -9
    endloop
  endfacet
  facet normal -0.997858 0.0654233 0
    outer loop
      vertex 57.25 57 -3
      vertex 57.2393 56.8368 -9
      vertex 57.2393 56.8368 -3
    endloop
  endfacet
  facet normal 0.75178 -0.659414 0
    outer loop
      vertex 55.0083 57.761 -3
      vertex 55.1161 57.8839 -9
      vertex 55.1161 57.8839 -3
    endloop
  endfacet
  facet normal 0.75178 -0.659414 0
    outer loop
      vertex 55.1161 57.8839 -9
      vertex 55.0083 57.761 -3
      vertex 55.0083 57.761 -9
    endloop
  endfacet
  facet normal 0.442805 0.896618 -0
    outer loop
      vertex 55.5216 55.8451 -9
      vertex 55.375 55.9175 -3
      vertex 55.5216 55.8451 -3
    endloop
  endfacet
  facet normal 0.442805 0.896618 0
    outer loop
      vertex 55.375 55.9175 -3
      vertex 55.5216 55.8451 -9
      vertex 55.375 55.9175 -9
    endloop
  endfacet
  facet normal -0.659414 0.75178 0
    outer loop
      vertex 56.8839 56.1161 -9
      vertex 56.761 56.0083 -3
      vertex 56.8839 56.1161 -3
    endloop
  endfacet
  facet normal -0.659414 0.75178 0
    outer loop
      vertex 56.761 56.0083 -3
      vertex 56.8839 56.1161 -9
      vertex 56.761 56.0083 -9
    endloop
  endfacet
  facet normal 0.320993 -0.947082 0
    outer loop
      vertex 55.5216 58.1549 -9
      vertex 55.6765 58.2074 -3
      vertex 55.5216 58.1549 -3
    endloop
  endfacet
  facet normal 0.320993 -0.947082 0
    outer loop
      vertex 55.6765 58.2074 -3
      vertex 55.5216 58.1549 -9
      vertex 55.6765 58.2074 -9
    endloop
  endfacet
  facet normal -0.555265 0.831674 0
    outer loop
      vertex 56.761 56.0083 -9
      vertex 56.625 55.9175 -3
      vertex 56.761 56.0083 -3
    endloop
  endfacet
  facet normal -0.555265 0.831674 0
    outer loop
      vertex 56.625 55.9175 -3
      vertex 56.761 56.0083 -9
      vertex 56.625 55.9175 -9
    endloop
  endfacet
  facet normal -0.980768 0.195175 0
    outer loop
      vertex 57.2074 56.6765 -9
      vertex 57.2393 56.8368 -3
      vertex 57.2393 56.8368 -9
    endloop
  endfacet
  facet normal -0.980768 0.195175 0
    outer loop
      vertex 57.2393 56.8368 -3
      vertex 57.2074 56.6765 -9
      vertex 57.2074 56.6765 -3
    endloop
  endfacet
  facet normal -0.0654233 -0.997858 0
    outer loop
      vertex 56 58.25 -9
      vertex 56.1632 58.2393 -3
      vertex 56 58.25 -3
    endloop
  endfacet
  facet normal -0.0654233 -0.997858 -0
    outer loop
      vertex 56.1632 58.2393 -3
      vertex 56 58.25 -9
      vertex 56.1632 58.2393 -9
    endloop
  endfacet
  facet normal 0.997858 0.0654233 0
    outer loop
      vertex 54.7607 56.8368 -3
      vertex 54.75 57 -9
      vertex 54.75 57 -3
    endloop
  endfacet
  facet normal 0.997858 0.0654233 0
    outer loop
      vertex 54.75 57 -9
      vertex 54.7607 56.8368 -3
      vertex 54.7607 56.8368 -9
    endloop
  endfacet
  facet normal -0.320993 0.947082 0
    outer loop
      vertex 56.4784 55.8451 -9
      vertex 56.3235 55.7926 -3
      vertex 56.4784 55.8451 -3
    endloop
  endfacet
  facet normal -0.320993 0.947082 0
    outer loop
      vertex 56.3235 55.7926 -3
      vertex 56.4784 55.8451 -9
      vertex 56.3235 55.7926 -9
    endloop
  endfacet
  facet normal 0.896618 0.442805 0
    outer loop
      vertex 54.9175 56.375 -3
      vertex 54.8451 56.5216 -9
      vertex 54.8451 56.5216 -3
    endloop
  endfacet
  facet normal 0.896618 0.442805 0
    outer loop
      vertex 54.8451 56.5216 -9
      vertex 54.9175 56.375 -3
      vertex 54.9175 56.375 -9
    endloop
  endfacet
  facet normal -0.555265 -0.831674 0
    outer loop
      vertex 56.625 58.0825 -9
      vertex 56.761 57.9917 -3
      vertex 56.625 58.0825 -3
    endloop
  endfacet
  facet normal -0.555265 -0.831674 -0
    outer loop
      vertex 56.761 57.9917 -3
      vertex 56.625 58.0825 -9
      vertex 56.761 57.9917 -9
    endloop
  endfacet
  facet normal 0.195175 -0.980768 0
    outer loop
      vertex 55.6765 58.2074 -9
      vertex 55.8368 58.2393 -3
      vertex 55.6765 58.2074 -3
    endloop
  endfacet
  facet normal 0.195175 -0.980768 0
    outer loop
      vertex 55.8368 58.2393 -3
      vertex 55.6765 58.2074 -9
      vertex 55.8368 58.2393 -9
    endloop
  endfacet
  facet normal 0.831674 0.555265 0
    outer loop
      vertex 55.0083 56.239 -3
      vertex 54.9175 56.375 -9
      vertex 54.9175 56.375 -3
    endloop
  endfacet
  facet normal 0.831674 0.555265 0
    outer loop
      vertex 54.9175 56.375 -9
      vertex 55.0083 56.239 -3
      vertex 55.0083 56.239 -9
    endloop
  endfacet
  facet normal 0.0654233 -0.997858 0
    outer loop
      vertex 55.8368 58.2393 -9
      vertex 56 58.25 -3
      vertex 55.8368 58.2393 -3
    endloop
  endfacet
  facet normal 0.0654233 -0.997858 0
    outer loop
      vertex 56 58.25 -3
      vertex 55.8368 58.2393 -9
      vertex 56 58.25 -9
    endloop
  endfacet
  facet normal -0.195175 -0.980768 0
    outer loop
      vertex 56.1632 58.2393 -9
      vertex 56.3235 58.2074 -3
      vertex 56.1632 58.2393 -3
    endloop
  endfacet
  facet normal -0.195175 -0.980768 -0
    outer loop
      vertex 56.3235 58.2074 -3
      vertex 56.1632 58.2393 -9
      vertex 56.3235 58.2074 -9
    endloop
  endfacet
  facet normal 0.659414 0.75178 -0
    outer loop
      vertex 55.239 56.0083 -9
      vertex 55.1161 56.1161 -3
      vertex 55.239 56.0083 -3
    endloop
  endfacet
  facet normal 0.659414 0.75178 0
    outer loop
      vertex 55.1161 56.1161 -3
      vertex 55.239 56.0083 -9
      vertex 55.1161 56.1161 -9
    endloop
  endfacet
  facet normal -0.75178 0.659414 0
    outer loop
      vertex 56.8839 56.1161 -9
      vertex 56.9917 56.239 -3
      vertex 56.9917 56.239 -9
    endloop
  endfacet
  facet normal -0.75178 0.659414 0
    outer loop
      vertex 56.9917 56.239 -3
      vertex 56.8839 56.1161 -9
      vertex 56.8839 56.1161 -3
    endloop
  endfacet
  facet normal 0.555265 -0.831674 0
    outer loop
      vertex 55.239 57.9917 -9
      vertex 55.375 58.0825 -3
      vertex 55.239 57.9917 -3
    endloop
  endfacet
  facet normal 0.555265 -0.831674 0
    outer loop
      vertex 55.375 58.0825 -3
      vertex 55.239 57.9917 -9
      vertex 55.375 58.0825 -9
    endloop
  endfacet
  facet normal 0.947082 0.320993 0
    outer loop
      vertex 54.8451 56.5216 -3
      vertex 54.7926 56.6765 -9
      vertex 54.7926 56.6765 -3
    endloop
  endfacet
  facet normal 0.947082 0.320993 0
    outer loop
      vertex 54.7926 56.6765 -9
      vertex 54.8451 56.5216 -3
      vertex 54.8451 56.5216 -9
    endloop
  endfacet
  facet normal -0.831674 0.555265 0
    outer loop
      vertex 56.9917 56.239 -9
      vertex 57.0825 56.375 -3
      vertex 57.0825 56.375 -9
    endloop
  endfacet
  facet normal -0.831674 0.555265 0
    outer loop
      vertex 57.0825 56.375 -3
      vertex 56.9917 56.239 -9
      vertex 56.9917 56.239 -3
    endloop
  endfacet
  facet normal 0.980768 -0.195175 0
    outer loop
      vertex 54.7607 57.1632 -3
      vertex 54.7926 57.3235 -9
      vertex 54.7926 57.3235 -3
    endloop
  endfacet
  facet normal 0.980768 -0.195175 0
    outer loop
      vertex 54.7926 57.3235 -9
      vertex 54.7607 57.1632 -3
      vertex 54.7607 57.1632 -9
    endloop
  endfacet
  facet normal -0.442805 -0.896618 0
    outer loop
      vertex 56.4784 58.1549 -9
      vertex 56.625 58.0825 -3
      vertex 56.4784 58.1549 -3
    endloop
  endfacet
  facet normal -0.442805 -0.896618 -0
    outer loop
      vertex 56.625 58.0825 -3
      vertex 56.4784 58.1549 -9
      vertex 56.625 58.0825 -9
    endloop
  endfacet
  facet normal -0.896618 -0.442805 0
    outer loop
      vertex 57.1549 57.4784 -9
      vertex 57.0825 57.625 -3
      vertex 57.0825 57.625 -9
    endloop
  endfacet
  facet normal -0.896618 -0.442805 0
    outer loop
      vertex 57.0825 57.625 -3
      vertex 57.1549 57.4784 -9
      vertex 57.1549 57.4784 -3
    endloop
  endfacet
  facet normal -0.75178 -0.659414 0
    outer loop
      vertex 56.9917 57.761 -9
      vertex 56.8839 57.8839 -3
      vertex 56.8839 57.8839 -9
    endloop
  endfacet
  facet normal -0.75178 -0.659414 0
    outer loop
      vertex 56.8839 57.8839 -3
      vertex 56.9917 57.761 -9
      vertex 56.9917 57.761 -3
    endloop
  endfacet
  facet normal 0.997858 -0.0654233 0
    outer loop
      vertex 54.75 57 -3
      vertex 54.7607 57.1632 -9
      vertex 54.7607 57.1632 -3
    endloop
  endfacet
  facet normal 0.997858 -0.0654233 0
    outer loop
      vertex 54.7607 57.1632 -9
      vertex 54.75 57 -3
      vertex 54.75 57 -9
    endloop
  endfacet
  facet normal 0.831674 -0.555265 0
    outer loop
      vertex 54.9175 57.625 -3
      vertex 55.0083 57.761 -9
      vertex 55.0083 57.761 -3
    endloop
  endfacet
  facet normal 0.831674 -0.555265 0
    outer loop
      vertex 55.0083 57.761 -9
      vertex 54.9175 57.625 -3
      vertex 54.9175 57.625 -9
    endloop
  endfacet
  facet normal -0.442805 0.896618 0
    outer loop
      vertex 56.625 55.9175 -9
      vertex 56.4784 55.8451 -3
      vertex 56.625 55.9175 -3
    endloop
  endfacet
  facet normal -0.442805 0.896618 0
    outer loop
      vertex 56.4784 55.8451 -3
      vertex 56.625 55.9175 -9
      vertex 56.4784 55.8451 -9
    endloop
  endfacet
  facet normal -0.0654233 0.997858 0
    outer loop
      vertex 56.1632 55.7607 -9
      vertex 56 55.75 -3
      vertex 56.1632 55.7607 -3
    endloop
  endfacet
  facet normal -0.0654233 0.997858 0
    outer loop
      vertex 56 55.75 -3
      vertex 56.1632 55.7607 -9
      vertex 56 55.75 -9
    endloop
  endfacet
  facet normal 0.195175 0.980768 -0
    outer loop
      vertex 55.8368 55.7607 -9
      vertex 55.6765 55.7926 -3
      vertex 55.8368 55.7607 -3
    endloop
  endfacet
  facet normal 0.195175 0.980768 0
    outer loop
      vertex 55.6765 55.7926 -3
      vertex 55.8368 55.7607 -9
      vertex 55.6765 55.7926 -9
    endloop
  endfacet
  facet normal 0.659414 -0.75178 0
    outer loop
      vertex 55.1161 57.8839 -9
      vertex 55.239 57.9917 -3
      vertex 55.1161 57.8839 -3
    endloop
  endfacet
  facet normal 0.659414 -0.75178 0
    outer loop
      vertex 55.239 57.9917 -3
      vertex 55.1161 57.8839 -9
      vertex 55.239 57.9917 -9
    endloop
  endfacet
  facet normal 0.896618 -0.442805 0
    outer loop
      vertex 54.8451 57.4784 -3
      vertex 54.9175 57.625 -9
      vertex 54.9175 57.625 -3
    endloop
  endfacet
  facet normal 0.896618 -0.442805 0
    outer loop
      vertex 54.9175 57.625 -9
      vertex 54.8451 57.4784 -3
      vertex 54.8451 57.4784 -9
    endloop
  endfacet
  facet normal 0.947082 -0.320993 0
    outer loop
      vertex 54.7926 57.3235 -3
      vertex 54.8451 57.4784 -9
      vertex 54.8451 57.4784 -3
    endloop
  endfacet
  facet normal 0.947082 -0.320993 0
    outer loop
      vertex 54.8451 57.4784 -9
      vertex 54.7926 57.3235 -3
      vertex 54.7926 57.3235 -9
    endloop
  endfacet
  facet normal 0.555265 0.831674 -0
    outer loop
      vertex 55.375 55.9175 -9
      vertex 55.239 56.0083 -3
      vertex 55.375 55.9175 -3
    endloop
  endfacet
  facet normal 0.555265 0.831674 0
    outer loop
      vertex 55.239 56.0083 -3
      vertex 55.375 55.9175 -9
      vertex 55.239 56.0083 -9
    endloop
  endfacet
  facet normal 0.0654233 0.997858 -0
    outer loop
      vertex 56 55.75 -9
      vertex 55.8368 55.7607 -3
      vertex 56 55.75 -3
    endloop
  endfacet
  facet normal 0.0654233 0.997858 0
    outer loop
      vertex 55.8368 55.7607 -3
      vertex 56 55.75 -9
      vertex 55.8368 55.7607 -9
    endloop
  endfacet
  facet normal -0.195175 0.980768 0
    outer loop
      vertex 94.3235 31.7926 -9
      vertex 94.1632 31.7607 -3
      vertex 94.3235 31.7926 -3
    endloop
  endfacet
  facet normal -0.195175 0.980768 0
    outer loop
      vertex 94.1632 31.7607 -3
      vertex 94.3235 31.7926 -9
      vertex 94.1632 31.7607 -9
    endloop
  endfacet
  facet normal -0.980768 -0.195175 0
    outer loop
      vertex 95.2393 33.1632 -9
      vertex 95.2074 33.3235 -3
      vertex 95.2074 33.3235 -9
    endloop
  endfacet
  facet normal -0.980768 -0.195175 0
    outer loop
      vertex 95.2074 33.3235 -3
      vertex 95.2393 33.1632 -9
      vertex 95.2393 33.1632 -3
    endloop
  endfacet
  facet normal -0.997858 -0.0654233 0
    outer loop
      vertex 95.25 33 -9
      vertex 95.2393 33.1632 -3
      vertex 95.2393 33.1632 -9
    endloop
  endfacet
  facet normal -0.997858 -0.0654233 0
    outer loop
      vertex 95.2393 33.1632 -3
      vertex 95.25 33 -9
      vertex 95.25 33 -3
    endloop
  endfacet
  facet normal -0.946896 0.321541 0
    outer loop
      vertex 95.1548 32.5216 -9
      vertex 95.2074 32.6765 -3
      vertex 95.2074 32.6765 -9
    endloop
  endfacet
  facet normal -0.946896 0.321541 0
    outer loop
      vertex 95.2074 32.6765 -3
      vertex 95.1548 32.5216 -9
      vertex 95.1548 32.5216 -3
    endloop
  endfacet
  facet normal 0.980768 0.195175 0
    outer loop
      vertex 92.7926 32.6765 -3
      vertex 92.7607 32.8368 -9
      vertex 92.7607 32.8368 -3
    endloop
  endfacet
  facet normal 0.980768 0.195175 0
    outer loop
      vertex 92.7607 32.8368 -9
      vertex 92.7926 32.6765 -3
      vertex 92.7926 32.6765 -9
    endloop
  endfacet
  facet normal 0.320993 0.947082 -0
    outer loop
      vertex 93.6765 31.7926 -9
      vertex 93.5216 31.8451 -3
      vertex 93.6765 31.7926 -3
    endloop
  endfacet
  facet normal 0.320993 0.947082 0
    outer loop
      vertex 93.5216 31.8451 -3
      vertex 93.6765 31.7926 -9
      vertex 93.5216 31.8451 -9
    endloop
  endfacet
  facet normal 0.75178 0.659414 0
    outer loop
      vertex 93.1161 32.1161 -3
      vertex 93.0083 32.239 -9
      vertex 93.0083 32.239 -3
    endloop
  endfacet
  facet normal 0.75178 0.659414 0
    outer loop
      vertex 93.0083 32.239 -9
      vertex 93.1161 32.1161 -3
      vertex 93.1161 32.1161 -9
    endloop
  endfacet
  facet normal 0.195175 -0.980768 0
    outer loop
      vertex 93.6765 34.2074 -9
      vertex 93.8368 34.2393 -3
      vertex 93.6765 34.2074 -3
    endloop
  endfacet
  facet normal 0.195175 -0.980768 0
    outer loop
      vertex 93.8368 34.2393 -3
      vertex 93.6765 34.2074 -9
      vertex 93.8368 34.2393 -9
    endloop
  endfacet
  facet normal -0.946896 -0.321541 0
    outer loop
      vertex 95.2074 33.3235 -9
      vertex 95.1548 33.4784 -3
      vertex 95.1548 33.4784 -9
    endloop
  endfacet
  facet normal -0.946896 -0.321541 0
    outer loop
      vertex 95.1548 33.4784 -3
      vertex 95.2074 33.3235 -9
      vertex 95.2074 33.3235 -3
    endloop
  endfacet
  facet normal -0.831674 -0.555265 0
    outer loop
      vertex 95.0825 33.625 -9
      vertex 94.9917 33.761 -3
      vertex 94.9917 33.761 -9
    endloop
  endfacet
  facet normal -0.831674 -0.555265 0
    outer loop
      vertex 94.9917 33.761 -3
      vertex 95.0825 33.625 -9
      vertex 95.0825 33.625 -3
    endloop
  endfacet
  facet normal 0.442805 -0.896618 0
    outer loop
      vertex 93.375 34.0825 -9
      vertex 93.5216 34.1549 -3
      vertex 93.375 34.0825 -3
    endloop
  endfacet
  facet normal 0.442805 -0.896618 0
    outer loop
      vertex 93.5216 34.1549 -3
      vertex 93.375 34.0825 -9
      vertex 93.5216 34.1549 -9
    endloop
  endfacet
  facet normal -0.320993 -0.947082 0
    outer loop
      vertex 94.3235 34.2074 -9
      vertex 94.4784 34.1549 -3
      vertex 94.3235 34.2074 -3
    endloop
  endfacet
  facet normal -0.320993 -0.947082 -0
    outer loop
      vertex 94.4784 34.1549 -3
      vertex 94.3235 34.2074 -9
      vertex 94.4784 34.1549 -9
    endloop
  endfacet
  facet normal -0.65911 -0.752046 0
    outer loop
      vertex 94.7609 33.9917 -9
      vertex 94.8839 33.8839 -3
      vertex 94.7609 33.9917 -3
    endloop
  endfacet
  facet normal -0.65911 -0.752046 -0
    outer loop
      vertex 94.8839 33.8839 -3
      vertex 94.7609 33.9917 -9
      vertex 94.8839 33.8839 -9
    endloop
  endfacet
  facet normal -0.555547 -0.831485 0
    outer loop
      vertex 94.625 34.0825 -9
      vertex 94.7609 33.9917 -3
      vertex 94.625 34.0825 -3
    endloop
  endfacet
  facet normal -0.555547 -0.831485 -0
    outer loop
      vertex 94.7609 33.9917 -3
      vertex 94.625 34.0825 -9
      vertex 94.7609 33.9917 -9
    endloop
  endfacet
  facet normal -0.896861 0.442313 0
    outer loop
      vertex 95.0825 32.375 -9
      vertex 95.1548 32.5216 -3
      vertex 95.1548 32.5216 -9
    endloop
  endfacet
  facet normal -0.896861 0.442313 0
    outer loop
      vertex 95.1548 32.5216 -3
      vertex 95.0825 32.375 -9
      vertex 95.0825 32.375 -3
    endloop
  endfacet
  facet normal -0.997858 0.0654233 0
    outer loop
      vertex 95.2393 32.8368 -9
      vertex 95.25 33 -3
      vertex 95.25 33 -9
    endloop
  endfacet
  facet normal -0.997858 0.0654233 0
    outer loop
      vertex 95.25 33 -3
      vertex 95.2393 32.8368 -9
      vertex 95.2393 32.8368 -3
    endloop
  endfacet
  facet normal 0.75178 -0.659414 0
    outer loop
      vertex 93.0083 33.761 -3
      vertex 93.1161 33.8839 -9
      vertex 93.1161 33.8839 -3
    endloop
  endfacet
  facet normal 0.75178 -0.659414 0
    outer loop
      vertex 93.1161 33.8839 -9
      vertex 93.0083 33.761 -3
      vertex 93.0083 33.761 -9
    endloop
  endfacet
  facet normal 0.442805 0.896618 -0
    outer loop
      vertex 93.5216 31.8451 -9
      vertex 93.375 31.9175 -3
      vertex 93.5216 31.8451 -3
    endloop
  endfacet
  facet normal 0.442805 0.896618 0
    outer loop
      vertex 93.375 31.9175 -3
      vertex 93.5216 31.8451 -9
      vertex 93.375 31.9175 -9
    endloop
  endfacet
  facet normal -0.65911 0.752046 0
    outer loop
      vertex 94.8839 32.1161 -9
      vertex 94.7609 32.0083 -3
      vertex 94.8839 32.1161 -3
    endloop
  endfacet
  facet normal -0.65911 0.752046 0
    outer loop
      vertex 94.7609 32.0083 -3
      vertex 94.8839 32.1161 -9
      vertex 94.7609 32.0083 -9
    endloop
  endfacet
  facet normal 0.320993 -0.947082 0
    outer loop
      vertex 93.5216 34.1549 -9
      vertex 93.6765 34.2074 -3
      vertex 93.5216 34.1549 -3
    endloop
  endfacet
  facet normal 0.320993 -0.947082 0
    outer loop
      vertex 93.6765 34.2074 -3
      vertex 93.5216 34.1549 -9
      vertex 93.6765 34.2074 -9
    endloop
  endfacet
  facet normal -0.555547 0.831485 0
    outer loop
      vertex 94.7609 32.0083 -9
      vertex 94.625 31.9175 -3
      vertex 94.7609 32.0083 -3
    endloop
  endfacet
  facet normal -0.555547 0.831485 0
    outer loop
      vertex 94.625 31.9175 -3
      vertex 94.7609 32.0083 -9
      vertex 94.625 31.9175 -9
    endloop
  endfacet
  facet normal -0.980768 0.195175 0
    outer loop
      vertex 95.2074 32.6765 -9
      vertex 95.2393 32.8368 -3
      vertex 95.2393 32.8368 -9
    endloop
  endfacet
  facet normal -0.980768 0.195175 0
    outer loop
      vertex 95.2393 32.8368 -3
      vertex 95.2074 32.6765 -9
      vertex 95.2074 32.6765 -3
    endloop
  endfacet
  facet normal -0.0654233 -0.997858 0
    outer loop
      vertex 94 34.25 -9
      vertex 94.1632 34.2393 -3
      vertex 94 34.25 -3
    endloop
  endfacet
  facet normal -0.0654233 -0.997858 -0
    outer loop
      vertex 94.1632 34.2393 -3
      vertex 94 34.25 -9
      vertex 94.1632 34.2393 -9
    endloop
  endfacet
  facet normal 0.997858 0.0654233 0
    outer loop
      vertex 92.7607 32.8368 -3
      vertex 92.75 33 -9
      vertex 92.75 33 -3
    endloop
  endfacet
  facet normal 0.997858 0.0654233 0
    outer loop
      vertex 92.75 33 -9
      vertex 92.7607 32.8368 -3
      vertex 92.7607 32.8368 -9
    endloop
  endfacet
  facet normal -0.320993 0.947082 0
    outer loop
      vertex 94.4784 31.8451 -9
      vertex 94.3235 31.7926 -3
      vertex 94.4784 31.8451 -3
    endloop
  endfacet
  facet normal -0.320993 0.947082 0
    outer loop
      vertex 94.3235 31.7926 -3
      vertex 94.4784 31.8451 -9
      vertex 94.3235 31.7926 -9
    endloop
  endfacet
  facet normal 0.896861 0.442313 0
    outer loop
      vertex 92.9175 32.375 -3
      vertex 92.8452 32.5216 -9
      vertex 92.8452 32.5216 -3
    endloop
  endfacet
  facet normal 0.896861 0.442313 0
    outer loop
      vertex 92.8452 32.5216 -9
      vertex 92.9175 32.375 -3
      vertex 92.9175 32.375 -9
    endloop
  endfacet
  facet normal 0.831674 0.555265 0
    outer loop
      vertex 93.0083 32.239 -3
      vertex 92.9175 32.375 -9
      vertex 92.9175 32.375 -3
    endloop
  endfacet
  facet normal 0.831674 0.555265 0
    outer loop
      vertex 92.9175 32.375 -9
      vertex 93.0083 32.239 -3
      vertex 93.0083 32.239 -9
    endloop
  endfacet
  facet normal 0.0654233 -0.997858 0
    outer loop
      vertex 93.8368 34.2393 -9
      vertex 94 34.25 -3
      vertex 93.8368 34.2393 -3
    endloop
  endfacet
  facet normal 0.0654233 -0.997858 0
    outer loop
      vertex 94 34.25 -3
      vertex 93.8368 34.2393 -9
      vertex 94 34.25 -9
    endloop
  endfacet
  facet normal -0.195175 -0.980768 0
    outer loop
      vertex 94.1632 34.2393 -9
      vertex 94.3235 34.2074 -3
      vertex 94.1632 34.2393 -3
    endloop
  endfacet
  facet normal -0.195175 -0.980768 -0
    outer loop
      vertex 94.3235 34.2074 -3
      vertex 94.1632 34.2393 -9
      vertex 94.3235 34.2074 -9
    endloop
  endfacet
  facet normal 0.659414 0.75178 -0
    outer loop
      vertex 93.239 32.0083 -9
      vertex 93.1161 32.1161 -3
      vertex 93.239 32.0083 -3
    endloop
  endfacet
  facet normal 0.659414 0.75178 0
    outer loop
      vertex 93.1161 32.1161 -3
      vertex 93.239 32.0083 -9
      vertex 93.1161 32.1161 -9
    endloop
  endfacet
  facet normal -0.75178 0.659414 0
    outer loop
      vertex 94.8839 32.1161 -9
      vertex 94.9917 32.239 -3
      vertex 94.9917 32.239 -9
    endloop
  endfacet
  facet normal -0.75178 0.659414 0
    outer loop
      vertex 94.9917 32.239 -3
      vertex 94.8839 32.1161 -9
      vertex 94.8839 32.1161 -3
    endloop
  endfacet
  facet normal 0.555265 -0.831674 0
    outer loop
      vertex 93.239 33.9917 -9
      vertex 93.375 34.0825 -3
      vertex 93.239 33.9917 -3
    endloop
  endfacet
  facet normal 0.555265 -0.831674 0
    outer loop
      vertex 93.375 34.0825 -3
      vertex 93.239 33.9917 -9
      vertex 93.375 34.0825 -9
    endloop
  endfacet
  facet normal 0.946896 0.321541 0
    outer loop
      vertex 92.8452 32.5216 -3
      vertex 92.7926 32.6765 -9
      vertex 92.7926 32.6765 -3
    endloop
  endfacet
  facet normal 0.946896 0.321541 0
    outer loop
      vertex 92.7926 32.6765 -9
      vertex 92.8452 32.5216 -3
      vertex 92.8452 32.5216 -9
    endloop
  endfacet
  facet normal -0.831674 0.555265 0
    outer loop
      vertex 94.9917 32.239 -9
      vertex 95.0825 32.375 -3
      vertex 95.0825 32.375 -9
    endloop
  endfacet
  facet normal -0.831674 0.555265 0
    outer loop
      vertex 95.0825 32.375 -3
      vertex 94.9917 32.239 -9
      vertex 94.9917 32.239 -3
    endloop
  endfacet
  facet normal 0.980768 -0.195175 0
    outer loop
      vertex 92.7607 33.1632 -3
      vertex 92.7926 33.3235 -9
      vertex 92.7926 33.3235 -3
    endloop
  endfacet
  facet normal 0.980768 -0.195175 0
    outer loop
      vertex 92.7926 33.3235 -9
      vertex 92.7607 33.1632 -3
      vertex 92.7607 33.1632 -9
    endloop
  endfacet
  facet normal -0.442805 -0.896618 0
    outer loop
      vertex 94.4784 34.1549 -9
      vertex 94.625 34.0825 -3
      vertex 94.4784 34.1549 -3
    endloop
  endfacet
  facet normal -0.442805 -0.896618 -0
    outer loop
      vertex 94.625 34.0825 -3
      vertex 94.4784 34.1549 -9
      vertex 94.625 34.0825 -9
    endloop
  endfacet
  facet normal -0.896861 -0.442313 0
    outer loop
      vertex 95.1548 33.4784 -9
      vertex 95.0825 33.625 -3
      vertex 95.0825 33.625 -9
    endloop
  endfacet
  facet normal -0.896861 -0.442313 0
    outer loop
      vertex 95.0825 33.625 -3
      vertex 95.1548 33.4784 -9
      vertex 95.1548 33.4784 -3
    endloop
  endfacet
  facet normal -0.75178 -0.659414 0
    outer loop
      vertex 94.9917 33.761 -9
      vertex 94.8839 33.8839 -3
      vertex 94.8839 33.8839 -9
    endloop
  endfacet
  facet normal -0.75178 -0.659414 0
    outer loop
      vertex 94.8839 33.8839 -3
      vertex 94.9917 33.761 -9
      vertex 94.9917 33.761 -3
    endloop
  endfacet
  facet normal 0.997858 -0.0654233 0
    outer loop
      vertex 92.75 33 -3
      vertex 92.7607 33.1632 -9
      vertex 92.7607 33.1632 -3
    endloop
  endfacet
  facet normal 0.997858 -0.0654233 0
    outer loop
      vertex 92.7607 33.1632 -9
      vertex 92.75 33 -3
      vertex 92.75 33 -9
    endloop
  endfacet
  facet normal 0.831674 -0.555265 0
    outer loop
      vertex 92.9175 33.625 -3
      vertex 93.0083 33.761 -9
      vertex 93.0083 33.761 -3
    endloop
  endfacet
  facet normal 0.831674 -0.555265 0
    outer loop
      vertex 93.0083 33.761 -9
      vertex 92.9175 33.625 -3
      vertex 92.9175 33.625 -9
    endloop
  endfacet
  facet normal -0.442805 0.896618 0
    outer loop
      vertex 94.625 31.9175 -9
      vertex 94.4784 31.8451 -3
      vertex 94.625 31.9175 -3
    endloop
  endfacet
  facet normal -0.442805 0.896618 0
    outer loop
      vertex 94.4784 31.8451 -3
      vertex 94.625 31.9175 -9
      vertex 94.4784 31.8451 -9
    endloop
  endfacet
  facet normal -0.0654233 0.997858 0
    outer loop
      vertex 94.1632 31.7607 -9
      vertex 94 31.75 -3
      vertex 94.1632 31.7607 -3
    endloop
  endfacet
  facet normal -0.0654233 0.997858 0
    outer loop
      vertex 94 31.75 -3
      vertex 94.1632 31.7607 -9
      vertex 94 31.75 -9
    endloop
  endfacet
  facet normal 0.195175 0.980768 -0
    outer loop
      vertex 93.8368 31.7607 -9
      vertex 93.6765 31.7926 -3
      vertex 93.8368 31.7607 -3
    endloop
  endfacet
  facet normal 0.195175 0.980768 0
    outer loop
      vertex 93.6765 31.7926 -3
      vertex 93.8368 31.7607 -9
      vertex 93.6765 31.7926 -9
    endloop
  endfacet
  facet normal 0.659414 -0.75178 0
    outer loop
      vertex 93.1161 33.8839 -9
      vertex 93.239 33.9917 -3
      vertex 93.1161 33.8839 -3
    endloop
  endfacet
  facet normal 0.659414 -0.75178 0
    outer loop
      vertex 93.239 33.9917 -3
      vertex 93.1161 33.8839 -9
      vertex 93.239 33.9917 -9
    endloop
  endfacet
  facet normal 0.896861 -0.442313 0
    outer loop
      vertex 92.8452 33.4784 -3
      vertex 92.9175 33.625 -9
      vertex 92.9175 33.625 -3
    endloop
  endfacet
  facet normal 0.896861 -0.442313 0
    outer loop
      vertex 92.9175 33.625 -9
      vertex 92.8452 33.4784 -3
      vertex 92.8452 33.4784 -9
    endloop
  endfacet
  facet normal 0.946896 -0.321541 0
    outer loop
      vertex 92.7926 33.3235 -3
      vertex 92.8452 33.4784 -9
      vertex 92.8452 33.4784 -3
    endloop
  endfacet
  facet normal 0.946896 -0.321541 0
    outer loop
      vertex 92.8452 33.4784 -9
      vertex 92.7926 33.3235 -3
      vertex 92.7926 33.3235 -9
    endloop
  endfacet
  facet normal 0.555265 0.831674 -0
    outer loop
      vertex 93.375 31.9175 -9
      vertex 93.239 32.0083 -3
      vertex 93.375 31.9175 -3
    endloop
  endfacet
  facet normal 0.555265 0.831674 0
    outer loop
      vertex 93.239 32.0083 -3
      vertex 93.375 31.9175 -9
      vertex 93.239 32.0083 -9
    endloop
  endfacet
  facet normal 0.0654233 0.997858 -0
    outer loop
      vertex 94 31.75 -9
      vertex 93.8368 31.7607 -3
      vertex 94 31.75 -3
    endloop
  endfacet
  facet normal 0.0654233 0.997858 0
    outer loop
      vertex 93.8368 31.7607 -3
      vertex 94 31.75 -9
      vertex 93.8368 31.7607 -9
    endloop
  endfacet
  facet normal -0.195175 0.980768 0
    outer loop
      vertex 94.3235 55.7926 -9
      vertex 94.1632 55.7607 -3
      vertex 94.3235 55.7926 -3
    endloop
  endfacet
  facet normal -0.195175 0.980768 0
    outer loop
      vertex 94.1632 55.7607 -3
      vertex 94.3235 55.7926 -9
      vertex 94.1632 55.7607 -9
    endloop
  endfacet
  facet normal -0.980768 -0.195175 0
    outer loop
      vertex 95.2393 57.1632 -9
      vertex 95.2074 57.3235 -3
      vertex 95.2074 57.3235 -9
    endloop
  endfacet
  facet normal -0.980768 -0.195175 0
    outer loop
      vertex 95.2074 57.3235 -3
      vertex 95.2393 57.1632 -9
      vertex 95.2393 57.1632 -3
    endloop
  endfacet
  facet normal -0.997858 -0.0654233 0
    outer loop
      vertex 95.25 57 -9
      vertex 95.2393 57.1632 -3
      vertex 95.2393 57.1632 -9
    endloop
  endfacet
  facet normal -0.997858 -0.0654233 0
    outer loop
      vertex 95.2393 57.1632 -3
      vertex 95.25 57 -9
      vertex 95.25 57 -3
    endloop
  endfacet
  facet normal -0.946896 0.321541 0
    outer loop
      vertex 95.1548 56.5216 -9
      vertex 95.2074 56.6765 -3
      vertex 95.2074 56.6765 -9
    endloop
  endfacet
  facet normal -0.946896 0.321541 0
    outer loop
      vertex 95.2074 56.6765 -3
      vertex 95.1548 56.5216 -9
      vertex 95.1548 56.5216 -3
    endloop
  endfacet
  facet normal 0.980768 0.195175 0
    outer loop
      vertex 92.7926 56.6765 -3
      vertex 92.7607 56.8368 -9
      vertex 92.7607 56.8368 -3
    endloop
  endfacet
  facet normal 0.980768 0.195175 0
    outer loop
      vertex 92.7607 56.8368 -9
      vertex 92.7926 56.6765 -3
      vertex 92.7926 56.6765 -9
    endloop
  endfacet
  facet normal 0.320993 0.947082 -0
    outer loop
      vertex 93.6765 55.7926 -9
      vertex 93.5216 55.8451 -3
      vertex 93.6765 55.7926 -3
    endloop
  endfacet
  facet normal 0.320993 0.947082 0
    outer loop
      vertex 93.5216 55.8451 -3
      vertex 93.6765 55.7926 -9
      vertex 93.5216 55.8451 -9
    endloop
  endfacet
  facet normal 0.75178 0.659414 0
    outer loop
      vertex 93.1161 56.1161 -3
      vertex 93.0083 56.239 -9
      vertex 93.0083 56.239 -3
    endloop
  endfacet
  facet normal 0.75178 0.659414 0
    outer loop
      vertex 93.0083 56.239 -9
      vertex 93.1161 56.1161 -3
      vertex 93.1161 56.1161 -9
    endloop
  endfacet
  facet normal 0.195175 -0.980768 0
    outer loop
      vertex 93.6765 58.2074 -9
      vertex 93.8368 58.2393 -3
      vertex 93.6765 58.2074 -3
    endloop
  endfacet
  facet normal 0.195175 -0.980768 0
    outer loop
      vertex 93.8368 58.2393 -3
      vertex 93.6765 58.2074 -9
      vertex 93.8368 58.2393 -9
    endloop
  endfacet
  facet normal -0.946896 -0.321541 0
    outer loop
      vertex 95.2074 57.3235 -9
      vertex 95.1548 57.4784 -3
      vertex 95.1548 57.4784 -9
    endloop
  endfacet
  facet normal -0.946896 -0.321541 0
    outer loop
      vertex 95.1548 57.4784 -3
      vertex 95.2074 57.3235 -9
      vertex 95.2074 57.3235 -3
    endloop
  endfacet
  facet normal -0.831674 -0.555265 0
    outer loop
      vertex 95.0825 57.625 -9
      vertex 94.9917 57.761 -3
      vertex 94.9917 57.761 -9
    endloop
  endfacet
  facet normal -0.831674 -0.555265 0
    outer loop
      vertex 94.9917 57.761 -3
      vertex 95.0825 57.625 -9
      vertex 95.0825 57.625 -3
    endloop
  endfacet
  facet normal 0.442805 -0.896618 0
    outer loop
      vertex 93.375 58.0825 -9
      vertex 93.5216 58.1549 -3
      vertex 93.375 58.0825 -3
    endloop
  endfacet
  facet normal 0.442805 -0.896618 0
    outer loop
      vertex 93.5216 58.1549 -3
      vertex 93.375 58.0825 -9
      vertex 93.5216 58.1549 -9
    endloop
  endfacet
  facet normal -0.320993 -0.947082 0
    outer loop
      vertex 94.3235 58.2074 -9
      vertex 94.4784 58.1549 -3
      vertex 94.3235 58.2074 -3
    endloop
  endfacet
  facet normal -0.320993 -0.947082 -0
    outer loop
      vertex 94.4784 58.1549 -3
      vertex 94.3235 58.2074 -9
      vertex 94.4784 58.1549 -9
    endloop
  endfacet
  facet normal -0.65911 -0.752046 0
    outer loop
      vertex 94.7609 57.9917 -9
      vertex 94.8839 57.8839 -3
      vertex 94.7609 57.9917 -3
    endloop
  endfacet
  facet normal -0.65911 -0.752046 -0
    outer loop
      vertex 94.8839 57.8839 -3
      vertex 94.7609 57.9917 -9
      vertex 94.8839 57.8839 -9
    endloop
  endfacet
  facet normal -0.555547 -0.831485 0
    outer loop
      vertex 94.625 58.0825 -9
      vertex 94.7609 57.9917 -3
      vertex 94.625 58.0825 -3
    endloop
  endfacet
  facet normal -0.555547 -0.831485 -0
    outer loop
      vertex 94.7609 57.9917 -3
      vertex 94.625 58.0825 -9
      vertex 94.7609 57.9917 -9
    endloop
  endfacet
  facet normal -0.896861 0.442313 0
    outer loop
      vertex 95.0825 56.375 -9
      vertex 95.1548 56.5216 -3
      vertex 95.1548 56.5216 -9
    endloop
  endfacet
  facet normal -0.896861 0.442313 0
    outer loop
      vertex 95.1548 56.5216 -3
      vertex 95.0825 56.375 -9
      vertex 95.0825 56.375 -3
    endloop
  endfacet
  facet normal -0.997858 0.0654233 0
    outer loop
      vertex 95.2393 56.8368 -9
      vertex 95.25 57 -3
      vertex 95.25 57 -9
    endloop
  endfacet
  facet normal -0.997858 0.0654233 0
    outer loop
      vertex 95.25 57 -3
      vertex 95.2393 56.8368 -9
      vertex 95.2393 56.8368 -3
    endloop
  endfacet
  facet normal 0.75178 -0.659414 0
    outer loop
      vertex 93.0083 57.761 -3
      vertex 93.1161 57.8839 -9
      vertex 93.1161 57.8839 -3
    endloop
  endfacet
  facet normal 0.75178 -0.659414 0
    outer loop
      vertex 93.1161 57.8839 -9
      vertex 93.0083 57.761 -3
      vertex 93.0083 57.761 -9
    endloop
  endfacet
  facet normal 0.442805 0.896618 -0
    outer loop
      vertex 93.5216 55.8451 -9
      vertex 93.375 55.9175 -3
      vertex 93.5216 55.8451 -3
    endloop
  endfacet
  facet normal 0.442805 0.896618 0
    outer loop
      vertex 93.375 55.9175 -3
      vertex 93.5216 55.8451 -9
      vertex 93.375 55.9175 -9
    endloop
  endfacet
  facet normal -0.65911 0.752046 0
    outer loop
      vertex 94.8839 56.1161 -9
      vertex 94.7609 56.0083 -3
      vertex 94.8839 56.1161 -3
    endloop
  endfacet
  facet normal -0.65911 0.752046 0
    outer loop
      vertex 94.7609 56.0083 -3
      vertex 94.8839 56.1161 -9
      vertex 94.7609 56.0083 -9
    endloop
  endfacet
  facet normal 0.320993 -0.947082 0
    outer loop
      vertex 93.5216 58.1549 -9
      vertex 93.6765 58.2074 -3
      vertex 93.5216 58.1549 -3
    endloop
  endfacet
  facet normal 0.320993 -0.947082 0
    outer loop
      vertex 93.6765 58.2074 -3
      vertex 93.5216 58.1549 -9
      vertex 93.6765 58.2074 -9
    endloop
  endfacet
  facet normal -0.555547 0.831485 0
    outer loop
      vertex 94.7609 56.0083 -9
      vertex 94.625 55.9175 -3
      vertex 94.7609 56.0083 -3
    endloop
  endfacet
  facet normal -0.555547 0.831485 0
    outer loop
      vertex 94.625 55.9175 -3
      vertex 94.7609 56.0083 -9
      vertex 94.625 55.9175 -9
    endloop
  endfacet
  facet normal -0.980768 0.195175 0
    outer loop
      vertex 95.2074 56.6765 -9
      vertex 95.2393 56.8368 -3
      vertex 95.2393 56.8368 -9
    endloop
  endfacet
  facet normal -0.980768 0.195175 0
    outer loop
      vertex 95.2393 56.8368 -3
      vertex 95.2074 56.6765 -9
      vertex 95.2074 56.6765 -3
    endloop
  endfacet
  facet normal -0.0654233 -0.997858 0
    outer loop
      vertex 94 58.25 -9
      vertex 94.1632 58.2393 -3
      vertex 94 58.25 -3
    endloop
  endfacet
  facet normal -0.0654233 -0.997858 -0
    outer loop
      vertex 94.1632 58.2393 -3
      vertex 94 58.25 -9
      vertex 94.1632 58.2393 -9
    endloop
  endfacet
  facet normal 0.997858 0.0654233 0
    outer loop
      vertex 92.7607 56.8368 -3
      vertex 92.75 57 -9
      vertex 92.75 57 -3
    endloop
  endfacet
  facet normal 0.997858 0.0654233 0
    outer loop
      vertex 92.75 57 -9
      vertex 92.7607 56.8368 -3
      vertex 92.7607 56.8368 -9
    endloop
  endfacet
  facet normal -0.320993 0.947082 0
    outer loop
      vertex 94.4784 55.8451 -9
      vertex 94.3235 55.7926 -3
      vertex 94.4784 55.8451 -3
    endloop
  endfacet
  facet normal -0.320993 0.947082 0
    outer loop
      vertex 94.3235 55.7926 -3
      vertex 94.4784 55.8451 -9
      vertex 94.3235 55.7926 -9
    endloop
  endfacet
  facet normal 0.896861 0.442313 0
    outer loop
      vertex 92.9175 56.375 -3
      vertex 92.8452 56.5216 -9
      vertex 92.8452 56.5216 -3
    endloop
  endfacet
  facet normal 0.896861 0.442313 0
    outer loop
      vertex 92.8452 56.5216 -9
      vertex 92.9175 56.375 -3
      vertex 92.9175 56.375 -9
    endloop
  endfacet
  facet normal 0.831674 0.555265 0
    outer loop
      vertex 93.0083 56.239 -3
      vertex 92.9175 56.375 -9
      vertex 92.9175 56.375 -3
    endloop
  endfacet
  facet normal 0.831674 0.555265 0
    outer loop
      vertex 92.9175 56.375 -9
      vertex 93.0083 56.239 -3
      vertex 93.0083 56.239 -9
    endloop
  endfacet
  facet normal 0.0654233 -0.997858 0
    outer loop
      vertex 93.8368 58.2393 -9
      vertex 94 58.25 -3
      vertex 93.8368 58.2393 -3
    endloop
  endfacet
  facet normal 0.0654233 -0.997858 0
    outer loop
      vertex 94 58.25 -3
      vertex 93.8368 58.2393 -9
      vertex 94 58.25 -9
    endloop
  endfacet
  facet normal -0.195175 -0.980768 0
    outer loop
      vertex 94.1632 58.2393 -9
      vertex 94.3235 58.2074 -3
      vertex 94.1632 58.2393 -3
    endloop
  endfacet
  facet normal -0.195175 -0.980768 -0
    outer loop
      vertex 94.3235 58.2074 -3
      vertex 94.1632 58.2393 -9
      vertex 94.3235 58.2074 -9
    endloop
  endfacet
  facet normal 0.659414 0.75178 -0
    outer loop
      vertex 93.239 56.0083 -9
      vertex 93.1161 56.1161 -3
      vertex 93.239 56.0083 -3
    endloop
  endfacet
  facet normal 0.659414 0.75178 0
    outer loop
      vertex 93.1161 56.1161 -3
      vertex 93.239 56.0083 -9
      vertex 93.1161 56.1161 -9
    endloop
  endfacet
  facet normal -0.75178 0.659414 0
    outer loop
      vertex 94.8839 56.1161 -9
      vertex 94.9917 56.239 -3
      vertex 94.9917 56.239 -9
    endloop
  endfacet
  facet normal -0.75178 0.659414 0
    outer loop
      vertex 94.9917 56.239 -3
      vertex 94.8839 56.1161 -9
      vertex 94.8839 56.1161 -3
    endloop
  endfacet
  facet normal 0.555265 -0.831674 0
    outer loop
      vertex 93.239 57.9917 -9
      vertex 93.375 58.0825 -3
      vertex 93.239 57.9917 -3
    endloop
  endfacet
  facet normal 0.555265 -0.831674 0
    outer loop
      vertex 93.375 58.0825 -3
      vertex 93.239 57.9917 -9
      vertex 93.375 58.0825 -9
    endloop
  endfacet
  facet normal 0.946896 0.321541 0
    outer loop
      vertex 92.8452 56.5216 -3
      vertex 92.7926 56.6765 -9
      vertex 92.7926 56.6765 -3
    endloop
  endfacet
  facet normal 0.946896 0.321541 0
    outer loop
      vertex 92.7926 56.6765 -9
      vertex 92.8452 56.5216 -3
      vertex 92.8452 56.5216 -9
    endloop
  endfacet
  facet normal -0.831674 0.555265 0
    outer loop
      vertex 94.9917 56.239 -9
      vertex 95.0825 56.375 -3
      vertex 95.0825 56.375 -9
    endloop
  endfacet
  facet normal -0.831674 0.555265 0
    outer loop
      vertex 95.0825 56.375 -3
      vertex 94.9917 56.239 -9
      vertex 94.9917 56.239 -3
    endloop
  endfacet
  facet normal 0.980768 -0.195175 0
    outer loop
      vertex 92.7607 57.1632 -3
      vertex 92.7926 57.3235 -9
      vertex 92.7926 57.3235 -3
    endloop
  endfacet
  facet normal 0.980768 -0.195175 0
    outer loop
      vertex 92.7926 57.3235 -9
      vertex 92.7607 57.1632 -3
      vertex 92.7607 57.1632 -9
    endloop
  endfacet
  facet normal -0.442805 -0.896618 0
    outer loop
      vertex 94.4784 58.1549 -9
      vertex 94.625 58.0825 -3
      vertex 94.4784 58.1549 -3
    endloop
  endfacet
  facet normal -0.442805 -0.896618 -0
    outer loop
      vertex 94.625 58.0825 -3
      vertex 94.4784 58.1549 -9
      vertex 94.625 58.0825 -9
    endloop
  endfacet
  facet normal -0.896861 -0.442313 0
    outer loop
      vertex 95.1548 57.4784 -9
      vertex 95.0825 57.625 -3
      vertex 95.0825 57.625 -9
    endloop
  endfacet
  facet normal -0.896861 -0.442313 0
    outer loop
      vertex 95.0825 57.625 -3
      vertex 95.1548 57.4784 -9
      vertex 95.1548 57.4784 -3
    endloop
  endfacet
  facet normal -0.75178 -0.659414 0
    outer loop
      vertex 94.9917 57.761 -9
      vertex 94.8839 57.8839 -3
      vertex 94.8839 57.8839 -9
    endloop
  endfacet
  facet normal -0.75178 -0.659414 0
    outer loop
      vertex 94.8839 57.8839 -3
      vertex 94.9917 57.761 -9
      vertex 94.9917 57.761 -3
    endloop
  endfacet
  facet normal 0.997858 -0.0654233 0
    outer loop
      vertex 92.75 57 -3
      vertex 92.7607 57.1632 -9
      vertex 92.7607 57.1632 -3
    endloop
  endfacet
  facet normal 0.997858 -0.0654233 0
    outer loop
      vertex 92.7607 57.1632 -9
      vertex 92.75 57 -3
      vertex 92.75 57 -9
    endloop
  endfacet
  facet normal 0.831674 -0.555265 0
    outer loop
      vertex 92.9175 57.625 -3
      vertex 93.0083 57.761 -9
      vertex 93.0083 57.761 -3
    endloop
  endfacet
  facet normal 0.831674 -0.555265 0
    outer loop
      vertex 93.0083 57.761 -9
      vertex 92.9175 57.625 -3
      vertex 92.9175 57.625 -9
    endloop
  endfacet
  facet normal -0.442805 0.896618 0
    outer loop
      vertex 94.625 55.9175 -9
      vertex 94.4784 55.8451 -3
      vertex 94.625 55.9175 -3
    endloop
  endfacet
  facet normal -0.442805 0.896618 0
    outer loop
      vertex 94.4784 55.8451 -3
      vertex 94.625 55.9175 -9
      vertex 94.4784 55.8451 -9
    endloop
  endfacet
  facet normal -0.0654233 0.997858 0
    outer loop
      vertex 94.1632 55.7607 -9
      vertex 94 55.75 -3
      vertex 94.1632 55.7607 -3
    endloop
  endfacet
  facet normal -0.0654233 0.997858 0
    outer loop
      vertex 94 55.75 -3
      vertex 94.1632 55.7607 -9
      vertex 94 55.75 -9
    endloop
  endfacet
  facet normal 0.195175 0.980768 -0
    outer loop
      vertex 93.8368 55.7607 -9
      vertex 93.6765 55.7926 -3
      vertex 93.8368 55.7607 -3
    endloop
  endfacet
  facet normal 0.195175 0.980768 0
    outer loop
      vertex 93.6765 55.7926 -3
      vertex 93.8368 55.7607 -9
      vertex 93.6765 55.7926 -9
    endloop
  endfacet
  facet normal 0.659414 -0.75178 0
    outer loop
      vertex 93.1161 57.8839 -9
      vertex 93.239 57.9917 -3
      vertex 93.1161 57.8839 -3
    endloop
  endfacet
  facet normal 0.659414 -0.75178 0
    outer loop
      vertex 93.239 57.9917 -3
      vertex 93.1161 57.8839 -9
      vertex 93.239 57.9917 -9
    endloop
  endfacet
  facet normal 0.896861 -0.442313 0
    outer loop
      vertex 92.8452 57.4784 -3
      vertex 92.9175 57.625 -9
      vertex 92.9175 57.625 -3
    endloop
  endfacet
  facet normal 0.896861 -0.442313 0
    outer loop
      vertex 92.9175 57.625 -9
      vertex 92.8452 57.4784 -3
      vertex 92.8452 57.4784 -9
    endloop
  endfacet
  facet normal 0.946896 -0.321541 0
    outer loop
      vertex 92.7926 57.3235 -3
      vertex 92.8452 57.4784 -9
      vertex 92.8452 57.4784 -3
    endloop
  endfacet
  facet normal 0.946896 -0.321541 0
    outer loop
      vertex 92.8452 57.4784 -9
      vertex 92.7926 57.3235 -3
      vertex 92.7926 57.3235 -9
    endloop
  endfacet
  facet normal 0.555265 0.831674 -0
    outer loop
      vertex 93.375 55.9175 -9
      vertex 93.239 56.0083 -3
      vertex 93.375 55.9175 -3
    endloop
  endfacet
  facet normal 0.555265 0.831674 0
    outer loop
      vertex 93.239 56.0083 -3
      vertex 93.375 55.9175 -9
      vertex 93.239 56.0083 -9
    endloop
  endfacet
  facet normal 0.0654233 0.997858 -0
    outer loop
      vertex 94 55.75 -9
      vertex 93.8368 55.7607 -3
      vertex 94 55.75 -3
    endloop
  endfacet
  facet normal 0.0654233 0.997858 0
    outer loop
      vertex 93.8368 55.7607 -3
      vertex 94 55.75 -9
      vertex 93.8368 55.7607 -9
    endloop
  endfacet
  facet normal -1 0 0
    outer loop
      vertex 45 23 -9
      vertex 45 67 -7
      vertex 45 67 -9
    endloop
  endfacet
  facet normal -1 -0 0
    outer loop
      vertex 45 67 -7
      vertex 45 23 -9
      vertex 45 23 -7
    endloop
  endfacet
  facet normal 0 0 -1
    outer loop
      vertex 1 23 -6.99
      vertex 2.2 67 -6.99
      vertex 2.2 23 -6.99
    endloop
  endfacet
  facet normal -0 0 -1
    outer loop
      vertex 2.2 67 -6.99
      vertex 1 23 -6.99
      vertex 1 67 -6.99
    endloop
  endfacet
  facet normal 1 -0 0
    outer loop
      vertex 1 23 -6.99
      vertex 1 67 -9
      vertex 1 67 -6.99
    endloop
  endfacet
  facet normal 1 0 0
    outer loop
      vertex 1 67 -9
      vertex 1 23 -6.99
      vertex 1 23 -9
    endloop
  endfacet
  facet normal 0 -1 0
    outer loop
      vertex 1 67 -6.99
      vertex 2.2 67 -7
      vertex 2.2 67 -6.99
    endloop
  endfacet
  facet normal 0 -1 0
    outer loop
      vertex 1 67 -9
      vertex 2.2 67 -7
      vertex 1 67 -6.99
    endloop
  endfacet
  facet normal 0 -1 0
    outer loop
      vertex 45 67 -9
      vertex 2.2 67 -7
      vertex 1 67 -9
    endloop
  endfacet
  facet normal 0 -1 0
    outer loop
      vertex 2.2 67 -7
      vertex 45 67 -9
      vertex 45 67 -7
    endloop
  endfacet
  facet normal 0 1 0
    outer loop
      vertex 45 23 -7
      vertex 45 23 -9
      vertex 2.2 23 -7
    endloop
  endfacet
  facet normal 0 1 -0
    outer loop
      vertex 2.2 23 -7
      vertex 1 23 -6.99
      vertex 2.2 23 -6.99
    endloop
  endfacet
  facet normal 0 1 0
    outer loop
      vertex 1 23 -9
      vertex 2.2 23 -7
      vertex 45 23 -9
    endloop
  endfacet
  facet normal 0 1 0
    outer loop
      vertex 2.2 23 -7
      vertex 1 23 -9
      vertex 1 23 -6.99
    endloop
  endfacet
  facet normal -1 0 0
    outer loop
      vertex 149 23 -9
      vertex 149 67 -6.99
      vertex 149 67 -9
    endloop
  endfacet
  facet normal -1 -0 0
    outer loop
      vertex 149 67 -6.99
      vertex 149 23 -9
      vertex 149 23 -6.99
    endloop
  endfacet
  facet normal 0 0 -1
    outer loop
      vertex 147.8 23 -6.99
      vertex 149 67 -6.99
      vertex 149 23 -6.99
    endloop
  endfacet
  facet normal -0 0 -1
    outer loop
      vertex 149 67 -6.99
      vertex 147.8 23 -6.99
      vertex 147.8 67 -6.99
    endloop
  endfacet
  facet normal 1 -0 0
    outer loop
      vertex 105 23 -7
      vertex 105 67 -9
      vertex 105 67 -7
    endloop
  endfacet
  facet normal 1 0 0
    outer loop
      vertex 105 67 -9
      vertex 105 23 -7
      vertex 105 23 -9
    endloop
  endfacet
  facet normal 0 -1 0
    outer loop
      vertex 105 67 -7
      vertex 105 67 -9
      vertex 147.8 67 -7
    endloop
  endfacet
  facet normal 0 -1 0
    outer loop
      vertex 147.8 67 -7
      vertex 149 67 -6.99
      vertex 147.8 67 -6.99
    endloop
  endfacet
  facet normal 0 -1 0
    outer loop
      vertex 149 67 -9
      vertex 147.8 67 -7
      vertex 105 67 -9
    endloop
  endfacet
  facet normal 0 -1 0
    outer loop
      vertex 147.8 67 -7
      vertex 149 67 -9
      vertex 149 67 -6.99
    endloop
  endfacet
  facet normal 0 1 0
    outer loop
      vertex 149 23 -6.99
      vertex 147.8 23 -7
      vertex 147.8 23 -6.99
    endloop
  endfacet
  facet normal 0 1 -0
    outer loop
      vertex 149 23 -9
      vertex 147.8 23 -7
      vertex 149 23 -6.99
    endloop
  endfacet
  facet normal 0 1 0
    outer loop
      vertex 105 23 -9
      vertex 147.8 23 -7
      vertex 149 23 -9
    endloop
  endfacet
  facet normal 0 1 0
    outer loop
      vertex 147.8 23 -7
      vertex 105 23 -9
      vertex 105 23 -7
    endloop
  endfacet
  facet normal 0 0 1
    outer loop
      vertex 81.4549 48.4093 -7.6
      vertex 81.2887 46.9785 -7.6
      vertex 81.4549 46.9063 -7.6
    endloop
  endfacet
  facet normal 0 0 1
    outer loop
      vertex 80.9597 47.1072 -7.6
      vertex 81.4549 48.4093 -7.6
      vertex 81.2672 48.4577 -7.6
    endloop
  endfacet
  facet normal 0 0 1
    outer loop
      vertex 81.4549 48.4093 -7.6
      vertex 81.1236 47.0455 -7.6
      vertex 81.2887 46.9785 -7.6
    endloop
  endfacet
  facet normal 0 0 1
    outer loop
      vertex 80.7969 47.1637 -7.6
      vertex 81.2672 48.4577 -7.6
      vertex 81.0813 48.5026 -7.6
    endloop
  endfacet
  facet normal 0 0 1
    outer loop
      vertex 81.4549 48.4093 -7.6
      vertex 80.9597 47.1072 -7.6
      vertex 81.1236 47.0455 -7.6
    endloop
  endfacet
  facet normal 0 0 1
    outer loop
      vertex 80.6353 47.2149 -7.6
      vertex 81.0813 48.5026 -7.6
      vertex 80.8972 48.5439 -7.6
    endloop
  endfacet
  facet normal 0 0 1
    outer loop
      vertex 81.2672 48.4577 -7.6
      vertex 80.7969 47.1637 -7.6
      vertex 80.9597 47.1072 -7.6
    endloop
  endfacet
  facet normal 0 0 1
    outer loop
      vertex 80.4749 47.2609 -7.6
      vertex 80.8972 48.5439 -7.6
      vertex 80.7148 48.5816 -7.6
    endloop
  endfacet
  facet normal 0 0 1
    outer loop
      vertex 81.0813 48.5026 -7.6
      vertex 80.6353 47.2149 -7.6
      vertex 80.7969 47.1637 -7.6
    endloop
  endfacet
  facet normal 0 0 1
    outer loop
      vertex 80.3156 47.3016 -7.6
      vertex 80.7148 48.5816 -7.6
      vertex 80.5341 48.6157 -7.6
    endloop
  endfacet
  facet normal 0 0 1
    outer loop
      vertex 80.8972 48.5439 -7.6
      vertex 80.4749 47.2609 -7.6
      vertex 80.6353 47.2149 -7.6
    endloop
  endfacet
  facet normal 0 0 1
    outer loop
      vertex 80.1582 47.337 -7.6
      vertex 80.5341 48.6157 -7.6
      vertex 80.3551 48.6462 -7.6
    endloop
  endfacet
  facet normal 0 0 1
    outer loop
      vertex 80.7148 48.5816 -7.6
      vertex 80.3156 47.3016 -7.6
      vertex 80.4749 47.2609 -7.6
    endloop
  endfacet
  facet normal 0 0 1
    outer loop
      vertex 80.0033 47.3669 -7.6
      vertex 80.3551 48.6462 -7.6
      vertex 80.1779 48.6731 -7.6
    endloop
  endfacet
  facet normal 0 0 1
    outer loop
      vertex 80.5341 48.6157 -7.6
      vertex 80.1582 47.337 -7.6
      vertex 80.3156 47.3016 -7.6
    endloop
  endfacet
  facet normal 0 0 1
    outer loop
      vertex 80.3551 48.6462 -7.6
      vertex 80.0033 47.3669 -7.6
      vertex 80.1582 47.337 -7.6
    endloop
  endfacet
  facet normal 0 0 1
    outer loop
      vertex 79.8509 47.3914 -7.6
      vertex 80.1779 48.6731 -7.6
      vertex 80.0023 48.6964 -7.6
    endloop
  endfacet
  facet normal 0 0 1
    outer loop
      vertex 80.1779 48.6731 -7.6
      vertex 79.8509 47.3914 -7.6
      vertex 80.0033 47.3669 -7.6
    endloop
  endfacet
  facet normal 0 0 1
    outer loop
      vertex 79.7011 47.4104 -7.6
      vertex 80.0023 48.6964 -7.6
      vertex 79.8281 48.7162 -7.6
    endloop
  endfacet
  facet normal 0 0 1
    outer loop
      vertex 80.0023 48.6964 -7.6
      vertex 79.7011 47.4104 -7.6
      vertex 79.8509 47.3914 -7.6
    endloop
  endfacet
  facet normal 0 0 1
    outer loop
      vertex 79.5537 47.4241 -7.6
      vertex 79.8281 48.7162 -7.6
      vertex 79.6552 48.7323 -7.6
    endloop
  endfacet
  facet normal 0 0 1
    outer loop
      vertex 79.8281 48.7162 -7.6
      vertex 79.5537 47.4241 -7.6
      vertex 79.7011 47.4104 -7.6
    endloop
  endfacet
  facet normal 0 0 1
    outer loop
      vertex 79.4836 48.7449 -7.6
      vertex 79.5537 47.4241 -7.6
      vertex 79.6552 48.7323 -7.6
    endloop
  endfacet
  facet normal 0 0 1
    outer loop
      vertex 79.4836 48.7449 -7.6
      vertex 79.4089 47.4322 -7.6
      vertex 79.5537 47.4241 -7.6
    endloop
  endfacet
  facet normal 0 0 1
    outer loop
      vertex 79.3134 48.7538 -7.6
      vertex 79.4089 47.4322 -7.6
      vertex 79.4836 48.7449 -7.6
    endloop
  endfacet
  facet normal 0 0 1
    outer loop
      vertex 79.3134 48.7538 -7.6
      vertex 79.2666 47.4349 -7.6
      vertex 79.4089 47.4322 -7.6
    endloop
  endfacet
  facet normal 0 0 1
    outer loop
      vertex 79.1445 48.7592 -7.6
      vertex 79.2666 47.4349 -7.6
      vertex 79.3134 48.7538 -7.6
    endloop
  endfacet
  facet normal 0 0 1
    outer loop
      vertex 79.1445 48.7592 -7.6
      vertex 79.0864 47.4313 -7.6
      vertex 79.2666 47.4349 -7.6
    endloop
  endfacet
  facet normal 0 0 1
    outer loop
      vertex 78.977 48.761 -7.6
      vertex 79.0864 47.4313 -7.6
      vertex 79.1445 48.7592 -7.6
    endloop
  endfacet
  facet normal 0 0 1
    outer loop
      vertex 78.977 48.761 -7.6
      vertex 78.9201 47.4202 -7.6
      vertex 79.0864 47.4313 -7.6
    endloop
  endfacet
  facet normal -0 0 1
    outer loop
      vertex 78.623 48.7494 -7.6
      vertex 78.9201 47.4202 -7.6
      vertex 78.977 48.761 -7.6
    endloop
  endfacet
  facet normal 0 0 1
    outer loop
      vertex 78.9201 47.4202 -7.6
      vertex 78.623 48.7494 -7.6
      vertex 78.7678 47.4018 -7.6
    endloop
  endfacet
  facet normal 0 0 1
    outer loop
      vertex 78.7678 47.4018 -7.6
      vertex 78.623 48.7494 -7.6
      vertex 78.6295 47.376 -7.6
    endloop
  endfacet
  facet normal -0 0 1
    outer loop
      vertex 78.2935 48.7145 -7.6
      vertex 78.6295 47.376 -7.6
      vertex 78.623 48.7494 -7.6
    endloop
  endfacet
  facet normal 0 0 1
    outer loop
      vertex 78.6295 47.376 -7.6
      vertex 78.2935 48.7145 -7.6
      vertex 78.5051 47.3428 -7.6
    endloop
  endfacet
  facet normal -0 0 1
    outer loop
      vertex 77.9883 48.6563 -7.6
      vertex 78.5051 47.3428 -7.6
      vertex 78.2935 48.7145 -7.6
    endloop
  endfacet
  facet normal 0 0 1
    outer loop
      vertex 78.5051 47.3428 -7.6
      vertex 77.9883 48.6563 -7.6
      vertex 78.3947 47.3023 -7.6
    endloop
  endfacet
  facet normal -0 0 1
    outer loop
      vertex 77.7076 48.5749 -7.6
      vertex 78.3947 47.3023 -7.6
      vertex 77.9883 48.6563 -7.6
    endloop
  endfacet
  facet normal 0 0 1
    outer loop
      vertex 78.3947 47.3023 -7.6
      vertex 77.7076 48.5749 -7.6
      vertex 78.2982 47.2543 -7.6
    endloop
  endfacet
  facet normal -0 0 1
    outer loop
      vertex 77.4512 48.4702 -7.6
      vertex 78.2982 47.2543 -7.6
      vertex 77.7076 48.5749 -7.6
    endloop
  endfacet
  facet normal 0 0 1
    outer loop
      vertex 78.2982 47.2543 -7.6
      vertex 77.4512 48.4702 -7.6
      vertex 78.2151 47.1987 -7.6
    endloop
  endfacet
  facet normal -0 0 1
    outer loop
      vertex 77.2193 48.3423 -7.6
      vertex 78.2151 47.1987 -7.6
      vertex 77.4512 48.4702 -7.6
    endloop
  endfacet
  facet normal 0 0 1
    outer loop
      vertex 78.2151 47.1987 -7.6
      vertex 77.2193 48.3423 -7.6
      vertex 78.1447 47.1349 -7.6
    endloop
  endfacet
  facet normal -0 0 1
    outer loop
      vertex 77.0118 48.1911 -7.6
      vertex 78.1447 47.1349 -7.6
      vertex 77.2193 48.3423 -7.6
    endloop
  endfacet
  facet normal 0 0 1
    outer loop
      vertex 78.1447 47.1349 -7.6
      vertex 77.0118 48.1911 -7.6
      vertex 78.0872 47.0629 -7.6
    endloop
  endfacet
  facet normal -0 0 1
    outer loop
      vertex 76.8304 48.0182 -7.6
      vertex 78.0872 47.0629 -7.6
      vertex 77.0118 48.1911 -7.6
    endloop
  endfacet
  facet normal -0 0 1
    outer loop
      vertex 76.677 47.8255 -7.6
      vertex 78.0872 47.0629 -7.6
      vertex 76.8304 48.0182 -7.6
    endloop
  endfacet
  facet normal 0 0 1
    outer loop
      vertex 77.9849 46.6937 -7.6
      vertex 77.5678 44.7363 -7.6
      vertex 77.8133 44.6435 -7.6
    endloop
  endfacet
  facet normal 0 0 1
    outer loop
      vertex 78.0872 47.0629 -7.6
      vertex 76.677 47.8255 -7.6
      vertex 78.0424 46.9828 -7.6
    endloop
  endfacet
  facet normal 0 0 1
    outer loop
      vertex 76.3282 46.5619 -7.6
      vertex 77.9849 46.6937 -7.6
      vertex 76.3422 46.8546 -7.6
    endloop
  endfacet
  facet normal -0 0 1
    outer loop
      vertex 76.5514 47.6127 -7.6
      vertex 78.0424 46.9828 -7.6
      vertex 76.677 47.8255 -7.6
    endloop
  endfacet
  facet normal 0 -0 1
    outer loop
      vertex 76.3383 46.3274 -7.6
      vertex 77.9849 46.6937 -7.6
      vertex 76.3282 46.5619 -7.6
    endloop
  endfacet
  facet normal 0 0 1
    outer loop
      vertex 78.0424 46.9828 -7.6
      vertex 76.5514 47.6127 -7.6
      vertex 78.0105 46.8946 -7.6
    endloop
  endfacet
  facet normal 0 0 1
    outer loop
      vertex 77.9849 46.6937 -7.6
      vertex 77.3458 44.8401 -7.6
      vertex 77.5678 44.7363 -7.6
    endloop
  endfacet
  facet normal -0 0 1
    outer loop
      vertex 76.4538 47.3799 -7.6
      vertex 78.0105 46.8946 -7.6
      vertex 76.5514 47.6127 -7.6
    endloop
  endfacet
  facet normal 0 -0 1
    outer loop
      vertex 76.3683 46.1071 -7.6
      vertex 77.9849 46.6937 -7.6
      vertex 76.3383 46.3274 -7.6
    endloop
  endfacet
  facet normal 0 0 1
    outer loop
      vertex 77.9849 46.6937 -7.6
      vertex 77.147 44.9549 -7.6
      vertex 77.3458 44.8401 -7.6
    endloop
  endfacet
  facet normal -0 0 1
    outer loop
      vertex 76.384 47.1272 -7.6
      vertex 78.0105 46.8946 -7.6
      vertex 76.4538 47.3799 -7.6
    endloop
  endfacet
  facet normal 0 -0 1
    outer loop
      vertex 76.4185 45.901 -7.6
      vertex 77.9849 46.6937 -7.6
      vertex 76.3683 46.1071 -7.6
    endloop
  endfacet
  facet normal 0 0 1
    outer loop
      vertex 78.0105 46.8946 -7.6
      vertex 76.384 47.1272 -7.6
      vertex 77.9913 46.7982 -7.6
    endloop
  endfacet
  facet normal 0 0 1
    outer loop
      vertex 77.9849 46.6937 -7.6
      vertex 76.9716 45.0808 -7.6
      vertex 77.147 44.9549 -7.6
    endloop
  endfacet
  facet normal -0 0 1
    outer loop
      vertex 76.3422 46.8546 -7.6
      vertex 77.9913 46.7982 -7.6
      vertex 76.384 47.1272 -7.6
    endloop
  endfacet
  facet normal 0 0 1
    outer loop
      vertex 77.9849 46.6937 -7.6
      vertex 76.8196 45.2178 -7.6
      vertex 76.9716 45.0808 -7.6
    endloop
  endfacet
  facet normal 0 0 1
    outer loop
      vertex 77.9913 46.7982 -7.6
      vertex 76.3422 46.8546 -7.6
      vertex 77.9849 46.6937 -7.6
    endloop
  endfacet
  facet normal 0 0 1
    outer loop
      vertex 77.9849 46.6937 -7.6
      vertex 76.6892 45.3673 -7.6
      vertex 76.8196 45.2178 -7.6
    endloop
  endfacet
  facet normal 0 0 1
    outer loop
      vertex 77.9849 46.6937 -7.6
      vertex 76.5789 45.5311 -7.6
      vertex 76.6892 45.3673 -7.6
    endloop
  endfacet
  facet normal 0 0 1
    outer loop
      vertex 77.9849 46.6937 -7.6
      vertex 76.4185 45.901 -7.6
      vertex 76.4887 45.7089 -7.6
    endloop
  endfacet
  facet normal 0 0 1
    outer loop
      vertex 77.9849 46.6937 -7.6
      vertex 76.4887 45.7089 -7.6
      vertex 76.5789 45.5311 -7.6
    endloop
  endfacet
  facet normal 0 0 1
    outer loop
      vertex 80.1413 43.6769 -7.6
      vertex 81.9201 43.7215 -7.6
      vertex 81.9099 43.9681 -7.6
    endloop
  endfacet
  facet normal 0 0 1
    outer loop
      vertex 80.1413 43.6769 -7.6
      vertex 81.9099 43.9681 -7.6
      vertex 81.8794 44.1981 -7.6
    endloop
  endfacet
  facet normal 0 0 1
    outer loop
      vertex 81.9201 43.7215 -7.6
      vertex 80.1546 43.5913 -7.6
      vertex 81.9059 43.3987 -7.6
    endloop
  endfacet
  facet normal 0 0 1
    outer loop
      vertex 80.1193 43.7563 -7.6
      vertex 81.8794 44.1981 -7.6
      vertex 81.8286 44.4115 -7.6
    endloop
  endfacet
  facet normal -0 -0 1
    outer loop
      vertex 80.159 43.4996 -7.6
      vertex 81.9059 43.3987 -7.6
      vertex 80.1546 43.5913 -7.6
    endloop
  endfacet
  facet normal 0 0 1
    outer loop
      vertex 80.0884 43.8295 -7.6
      vertex 81.8286 44.4115 -7.6
      vertex 81.7573 44.6081 -7.6
    endloop
  endfacet
  facet normal 0 0 1
    outer loop
      vertex 80.1525 43.3973 -7.6
      vertex 81.9059 43.3987 -7.6
      vertex 80.159 43.4996 -7.6
    endloop
  endfacet
  facet normal 0 0 1
    outer loop
      vertex 80.0884 43.8295 -7.6
      vertex 81.7573 44.6081 -7.6
      vertex 81.6658 44.7881 -7.6
    endloop
  endfacet
  facet normal 0 0 1
    outer loop
      vertex 81.9059 43.3987 -7.6
      vertex 80.1525 43.3973 -7.6
      vertex 81.8633 43.1005 -7.6
    endloop
  endfacet
  facet normal 0 0 1
    outer loop
      vertex 80.0488 43.8965 -7.6
      vertex 81.6658 44.7881 -7.6
      vertex 81.5539 44.9515 -7.6
    endloop
  endfacet
  facet normal 0 0 1
    outer loop
      vertex 80.0488 43.8965 -7.6
      vertex 81.5539 44.9515 -7.6
      vertex 81.4216 45.0981 -7.6
    endloop
  endfacet
  facet normal 0 0 1
    outer loop
      vertex 81.8633 43.1005 -7.6
      vertex 80.1525 43.3973 -7.6
      vertex 81.7924 42.8268 -7.6
    endloop
  endfacet
  facet normal 0 0 1
    outer loop
      vertex 80.0488 43.8965 -7.6
      vertex 81.4216 45.0981 -7.6
      vertex 81.2653 45.2314 -7.6
    endloop
  endfacet
  facet normal -0 0 1
    outer loop
      vertex 80.133 43.302 -7.6
      vertex 81.7924 42.8268 -7.6
      vertex 80.1525 43.3973 -7.6
    endloop
  endfacet
  facet normal 0 0 1
    outer loop
      vertex 80.0003 43.9573 -7.6
      vertex 81.2653 45.2314 -7.6
      vertex 81.081 45.3547 -7.6
    endloop
  endfacet
  facet normal 0 0 1
    outer loop
      vertex 81.7924 42.8268 -7.6
      vertex 80.133 43.302 -7.6
      vertex 81.693 42.5775 -7.6
    endloop
  endfacet
  facet normal 0 0 1
    outer loop
      vertex 79.943 44.0119 -7.6
      vertex 81.081 45.3547 -7.6
      vertex 80.8689 45.4678 -7.6
    endloop
  endfacet
  facet normal -0 0 1
    outer loop
      vertex 80.1006 43.2137 -7.6
      vertex 81.693 42.5775 -7.6
      vertex 80.133 43.302 -7.6
    endloop
  endfacet
  facet normal 0 0 1
    outer loop
      vertex 79.943 44.0119 -7.6
      vertex 80.8689 45.4678 -7.6
      vertex 80.6288 45.5709 -7.6
    endloop
  endfacet
  facet normal 0 0 1
    outer loop
      vertex 81.5653 42.3528 -7.6
      vertex 80.1006 43.2137 -7.6
      vertex 81.4092 42.1526 -7.6
    endloop
  endfacet
  facet normal 0 0 1
    outer loop
      vertex 79.7845 44.1118 -7.6
      vertex 80.6288 45.5709 -7.6
      vertex 80.3609 45.6639 -7.6
    endloop
  endfacet
  facet normal -0 0 1
    outer loop
      vertex 80.0551 43.1324 -7.6
      vertex 81.4092 42.1526 -7.6
      vertex 80.1006 43.2137 -7.6
    endloop
  endfacet
  facet normal 0 0 1
    outer loop
      vertex 81.4092 42.1526 -7.6
      vertex 80.0551 43.1324 -7.6
      vertex 81.2247 41.9769 -7.6
    endloop
  endfacet
  facet normal 0 0 1
    outer loop
      vertex 81.693 42.5775 -7.6
      vertex 80.1006 43.2137 -7.6
      vertex 81.5653 42.3528 -7.6
    endloop
  endfacet
  facet normal 0 0 1
    outer loop
      vertex 81.9201 43.7215 -7.6
      vertex 80.1413 43.6769 -7.6
      vertex 80.1546 43.5913 -7.6
    endloop
  endfacet
  facet normal 0 0 1
    outer loop
      vertex 81.8794 44.1981 -7.6
      vertex 80.1193 43.7563 -7.6
      vertex 80.1413 43.6769 -7.6
    endloop
  endfacet
  facet normal 0 0 1
    outer loop
      vertex 81.8286 44.4115 -7.6
      vertex 80.0884 43.8295 -7.6
      vertex 80.1193 43.7563 -7.6
    endloop
  endfacet
  facet normal 0 0 1
    outer loop
      vertex 79.679 44.1595 -7.6
      vertex 80.3609 45.6639 -7.6
      vertex 80.065 45.7468 -7.6
    endloop
  endfacet
  facet normal 0 0 1
    outer loop
      vertex 81.6658 44.7881 -7.6
      vertex 80.0488 43.8965 -7.6
      vertex 80.0884 43.8295 -7.6
    endloop
  endfacet
  facet normal 0 0 1
    outer loop
      vertex 81.2653 45.2314 -7.6
      vertex 80.0003 43.9573 -7.6
      vertex 80.0488 43.8965 -7.6
    endloop
  endfacet
  facet normal 0 0 1
    outer loop
      vertex 81.081 45.3547 -7.6
      vertex 79.943 44.0119 -7.6
      vertex 80.0003 43.9573 -7.6
    endloop
  endfacet
  facet normal 0 0 1
    outer loop
      vertex 80.6288 45.5709 -7.6
      vertex 79.8725 44.0626 -7.6
      vertex 79.943 44.0119 -7.6
    endloop
  endfacet
  facet normal 0 0 1
    outer loop
      vertex 80.6288 45.5709 -7.6
      vertex 79.7845 44.1118 -7.6
      vertex 79.8725 44.0626 -7.6
    endloop
  endfacet
  facet normal 0 0 1
    outer loop
      vertex 79.5559 44.2056 -7.6
      vertex 80.065 45.7468 -7.6
      vertex 79.7413 45.8197 -7.6
    endloop
  endfacet
  facet normal 0 0 1
    outer loop
      vertex 80.3609 45.6639 -7.6
      vertex 79.679 44.1595 -7.6
      vertex 79.7845 44.1118 -7.6
    endloop
  endfacet
  facet normal 0 0 1
    outer loop
      vertex 80.065 45.7468 -7.6
      vertex 79.5559 44.2056 -7.6
      vertex 79.679 44.1595 -7.6
    endloop
  endfacet
  facet normal 0 0 1
    outer loop
      vertex 79.7413 45.8197 -7.6
      vertex 79.4153 44.2501 -7.6
      vertex 79.5559 44.2056 -7.6
    endloop
  endfacet
  facet normal 0 0 1
    outer loop
      vertex 79.7413 45.8197 -7.6
      vertex 79.2571 44.2931 -7.6
      vertex 79.4153 44.2501 -7.6
    endloop
  endfacet
  facet normal 0 0 1
    outer loop
      vertex 79.7413 45.8197 -7.6
      vertex 79.0815 44.3345 -7.6
      vertex 79.2571 44.2931 -7.6
    endloop
  endfacet
  facet normal 0 0 1
    outer loop
      vertex 78.9628 45.9763 -7.6
      vertex 79.0815 44.3345 -7.6
      vertex 79.7413 45.8197 -7.6
    endloop
  endfacet
  facet normal 0 0 1
    outer loop
      vertex 78.3742 44.4911 -7.6
      vertex 78.9628 45.9763 -7.6
      vertex 78.8111 46.0098 -7.6
    endloop
  endfacet
  facet normal 0 0 1
    outer loop
      vertex 78.3742 44.4911 -7.6
      vertex 78.8111 46.0098 -7.6
      vertex 78.6735 46.0451 -7.6
    endloop
  endfacet
  facet normal 0 0 1
    outer loop
      vertex 78.0821 44.5618 -7.6
      vertex 78.6735 46.0451 -7.6
      vertex 78.5499 46.0823 -7.6
    endloop
  endfacet
  facet normal 0 0 1
    outer loop
      vertex 78.0821 44.5618 -7.6
      vertex 78.5499 46.0823 -7.6
      vertex 78.4404 46.1213 -7.6
    endloop
  endfacet
  facet normal 0 0 1
    outer loop
      vertex 78.9628 45.9763 -7.6
      vertex 78.3742 44.4911 -7.6
      vertex 79.0815 44.3345 -7.6
    endloop
  endfacet
  facet normal 0 0 1
    outer loop
      vertex 77.8133 44.6435 -7.6
      vertex 78.4404 46.1213 -7.6
      vertex 78.3449 46.1622 -7.6
    endloop
  endfacet
  facet normal 0 0 1
    outer loop
      vertex 77.8133 44.6435 -7.6
      vertex 78.3449 46.1622 -7.6
      vertex 78.2635 46.2049 -7.6
    endloop
  endfacet
  facet normal 0 0 1
    outer loop
      vertex 77.8133 44.6435 -7.6
      vertex 78.2635 46.2049 -7.6
      vertex 78.1961 46.2495 -7.6
    endloop
  endfacet
  facet normal 0 0 1
    outer loop
      vertex 77.8133 44.6435 -7.6
      vertex 78.1961 46.2495 -7.6
      vertex 78.1401 46.2975 -7.6
    endloop
  endfacet
  facet normal 0 0 1
    outer loop
      vertex 77.8133 44.6435 -7.6
      vertex 78.1401 46.2975 -7.6
      vertex 78.0927 46.3507 -7.6
    endloop
  endfacet
  facet normal 0 0 1
    outer loop
      vertex 78.6735 46.0451 -7.6
      vertex 78.0821 44.5618 -7.6
      vertex 78.3742 44.4911 -7.6
    endloop
  endfacet
  facet normal 0 0 1
    outer loop
      vertex 77.8133 44.6435 -7.6
      vertex 78.0927 46.3507 -7.6
      vertex 78.0539 46.409 -7.6
    endloop
  endfacet
  facet normal 0 0 1
    outer loop
      vertex 77.8133 44.6435 -7.6
      vertex 78.0539 46.409 -7.6
      vertex 78.0237 46.4725 -7.6
    endloop
  endfacet
  facet normal 0 0 1
    outer loop
      vertex 77.8133 44.6435 -7.6
      vertex 78.0237 46.4725 -7.6
      vertex 78.0022 46.5411 -7.6
    endloop
  endfacet
  facet normal 0 0 1
    outer loop
      vertex 77.8133 44.6435 -7.6
      vertex 78.0022 46.5411 -7.6
      vertex 77.9892 46.6148 -7.6
    endloop
  endfacet
  facet normal 0 0 1
    outer loop
      vertex 77.8133 44.6435 -7.6
      vertex 77.9892 46.6148 -7.6
      vertex 77.9849 46.6937 -7.6
    endloop
  endfacet
  facet normal 0 0 1
    outer loop
      vertex 78.4404 46.1213 -7.6
      vertex 77.8133 44.6435 -7.6
      vertex 78.0821 44.5618 -7.6
    endloop
  endfacet
  facet normal -0 0 1
    outer loop
      vertex 79.9967 43.058 -7.6
      vertex 81.2247 41.9769 -7.6
      vertex 80.0551 43.1324 -7.6
    endloop
  endfacet
  facet normal 0 0 1
    outer loop
      vertex 81.2247 41.9769 -7.6
      vertex 79.9967 43.058 -7.6
      vertex 81.011 41.8251 -7.6
    endloop
  endfacet
  facet normal 0 0 1
    outer loop
      vertex 81.011 41.8251 -7.6
      vertex 79.9967 43.058 -7.6
      vertex 80.7674 41.6967 -7.6
    endloop
  endfacet
  facet normal -0 0 1
    outer loop
      vertex 79.9253 42.9906 -7.6
      vertex 80.7674 41.6967 -7.6
      vertex 79.9967 43.058 -7.6
    endloop
  endfacet
  facet normal 0 0 1
    outer loop
      vertex 80.7674 41.6967 -7.6
      vertex 79.9253 42.9906 -7.6
      vertex 80.4939 41.5917 -7.6
    endloop
  endfacet
  facet normal -0 0 1
    outer loop
      vertex 79.8409 42.9302 -7.6
      vertex 80.4939 41.5917 -7.6
      vertex 79.9253 42.9906 -7.6
    endloop
  endfacet
  facet normal 0 0 1
    outer loop
      vertex 80.4939 41.5917 -7.6
      vertex 79.8409 42.9302 -7.6
      vertex 80.1904 41.5099 -7.6
    endloop
  endfacet
  facet normal -0 0 1
    outer loop
      vertex 79.7443 42.8773 -7.6
      vertex 80.1904 41.5099 -7.6
      vertex 79.8409 42.9302 -7.6
    endloop
  endfacet
  facet normal -0 0 1
    outer loop
      vertex 79.6363 42.8326 -7.6
      vertex 80.1904 41.5099 -7.6
      vertex 79.7443 42.8773 -7.6
    endloop
  endfacet
  facet normal 0 0 1
    outer loop
      vertex 80.1904 41.5099 -7.6
      vertex 79.6363 42.8326 -7.6
      vertex 79.857 41.4516 -7.6
    endloop
  endfacet
  facet normal -0 0 1
    outer loop
      vertex 79.5169 42.796 -7.6
      vertex 79.857 41.4516 -7.6
      vertex 79.6363 42.8326 -7.6
    endloop
  endfacet
  facet normal 0 0 1
    outer loop
      vertex 79.5169 42.796 -7.6
      vertex 79.4937 41.4165 -7.6
      vertex 79.857 41.4516 -7.6
    endloop
  endfacet
  facet normal -0 0 1
    outer loop
      vertex 79.386 42.7675 -7.6
      vertex 79.4937 41.4165 -7.6
      vertex 79.5169 42.796 -7.6
    endloop
  endfacet
  facet normal -0 0 1
    outer loop
      vertex 79.2437 42.7472 -7.6
      vertex 79.4937 41.4165 -7.6
      vertex 79.386 42.7675 -7.6
    endloop
  endfacet
  facet normal 0 0 1
    outer loop
      vertex 79.2437 42.7472 -7.6
      vertex 79.1004 41.4049 -7.6
      vertex 79.4937 41.4165 -7.6
    endloop
  endfacet
  facet normal -0 0 1
    outer loop
      vertex 79.09 42.735 -7.6
      vertex 79.1004 41.4049 -7.6
      vertex 79.2437 42.7472 -7.6
    endloop
  endfacet
  facet normal -0 0 1
    outer loop
      vertex 78.9248 42.731 -7.6
      vertex 79.1004 41.4049 -7.6
      vertex 79.09 42.735 -7.6
    endloop
  endfacet
  facet normal 0 0 1
    outer loop
      vertex 78.9248 42.731 -7.6
      vertex 78.9078 41.4075 -7.6
      vertex 79.1004 41.4049 -7.6
    endloop
  endfacet
  facet normal 0 0 1
    outer loop
      vertex 78.7149 41.4154 -7.6
      vertex 78.9248 42.731 -7.6
      vertex 78.7557 42.7347 -7.6
    endloop
  endfacet
  facet normal 0 0 1
    outer loop
      vertex 78.9248 42.731 -7.6
      vertex 78.7149 41.4154 -7.6
      vertex 78.9078 41.4075 -7.6
    endloop
  endfacet
  facet normal 0 0 1
    outer loop
      vertex 78.5218 41.4285 -7.6
      vertex 78.7557 42.7347 -7.6
      vertex 78.5848 42.7459 -7.6
    endloop
  endfacet
  facet normal 0 0 1
    outer loop
      vertex 78.7557 42.7347 -7.6
      vertex 78.5218 41.4285 -7.6
      vertex 78.7149 41.4154 -7.6
    endloop
  endfacet
  facet normal 0 0 1
    outer loop
      vertex 78.3285 41.4468 -7.6
      vertex 78.5848 42.7459 -7.6
      vertex 78.412 42.7645 -7.6
    endloop
  endfacet
  facet normal 0 0 1
    outer loop
      vertex 78.5848 42.7459 -7.6
      vertex 78.3285 41.4468 -7.6
      vertex 78.5218 41.4285 -7.6
    endloop
  endfacet
  facet normal 0 0 1
    outer loop
      vertex 78.1351 41.4703 -7.6
      vertex 78.412 42.7645 -7.6
      vertex 78.2374 42.7906 -7.6
    endloop
  endfacet
  facet normal 0 0 1
    outer loop
      vertex 78.412 42.7645 -7.6
      vertex 78.1351 41.4703 -7.6
      vertex 78.3285 41.4468 -7.6
    endloop
  endfacet
  facet normal 0 0 1
    outer loop
      vertex 77.9414 41.4991 -7.6
      vertex 78.2374 42.7906 -7.6
      vertex 78.0609 42.8241 -7.6
    endloop
  endfacet
  facet normal 0 0 1
    outer loop
      vertex 78.2374 42.7906 -7.6
      vertex 77.9414 41.4991 -7.6
      vertex 78.1351 41.4703 -7.6
    endloop
  endfacet
  facet normal 0 0 1
    outer loop
      vertex 77.7475 41.5332 -7.6
      vertex 78.0609 42.8241 -7.6
      vertex 77.8826 42.8651 -7.6
    endloop
  endfacet
  facet normal 0 0 1
    outer loop
      vertex 78.0609 42.8241 -7.6
      vertex 77.7475 41.5332 -7.6
      vertex 77.9414 41.4991 -7.6
    endloop
  endfacet
  facet normal 0 0 1
    outer loop
      vertex 77.5536 41.5724 -7.6
      vertex 77.8826 42.8651 -7.6
      vertex 77.7025 42.9136 -7.6
    endloop
  endfacet
  facet normal 0 0 1
    outer loop
      vertex 77.8826 42.8651 -7.6
      vertex 77.5536 41.5724 -7.6
      vertex 77.7475 41.5332 -7.6
    endloop
  endfacet
  facet normal 0 0 1
    outer loop
      vertex 77.1657 41.6659 -7.6
      vertex 77.7025 42.9136 -7.6
      vertex 77.5205 42.9694 -7.6
    endloop
  endfacet
  facet normal 0 0 1
    outer loop
      vertex 77.7025 42.9136 -7.6
      vertex 77.3597 41.6166 -7.6
      vertex 77.5536 41.5724 -7.6
    endloop
  endfacet
  facet normal 0 0 1
    outer loop
      vertex 76.9718 41.7202 -7.6
      vertex 77.5205 42.9694 -7.6
      vertex 77.3367 43.0325 -7.6
    endloop
  endfacet
  facet normal 0 0 1
    outer loop
      vertex 77.7025 42.9136 -7.6
      vertex 77.1657 41.6659 -7.6
      vertex 77.3597 41.6166 -7.6
    endloop
  endfacet
  facet normal 0 0 1
    outer loop
      vertex 76.7778 41.7796 -7.6
      vertex 77.3367 43.0325 -7.6
      vertex 77.151 43.1028 -7.6
    endloop
  endfacet
  facet normal 0 0 1
    outer loop
      vertex 77.5205 42.9694 -7.6
      vertex 76.9718 41.7202 -7.6
      vertex 77.1657 41.6659 -7.6
    endloop
  endfacet
  facet normal 0 0 1
    outer loop
      vertex 76.5839 41.844 -7.6
      vertex 77.151 43.1028 -7.6
      vertex 76.9635 43.1804 -7.6
    endloop
  endfacet
  facet normal 0 0 1
    outer loop
      vertex 77.3367 43.0325 -7.6
      vertex 76.7778 41.7796 -7.6
      vertex 76.9718 41.7202 -7.6
    endloop
  endfacet
  facet normal 0 0 1
    outer loop
      vertex 76.39 41.9134 -7.6
      vertex 76.9635 43.1804 -7.6
      vertex 76.7742 43.2652 -7.6
    endloop
  endfacet
  facet normal 0 0 1
    outer loop
      vertex 77.151 43.1028 -7.6
      vertex 76.5839 41.844 -7.6
      vertex 76.7778 41.7796 -7.6
    endloop
  endfacet
  facet normal 0 0 1
    outer loop
      vertex 76.39 41.9134 -7.6
      vertex 76.7742 43.2652 -7.6
      vertex 76.583 43.3573 -7.6
    endloop
  endfacet
  facet normal 0 0 1
    outer loop
      vertex 76.39 41.9134 -7.6
      vertex 76.583 43.3573 -7.6
      vertex 76.39 43.4567 -7.6
    endloop
  endfacet
  facet normal 0 0 1
    outer loop
      vertex 76.9635 43.1804 -7.6
      vertex 76.39 41.9134 -7.6
      vertex 76.5839 41.844 -7.6
    endloop
  endfacet
  facet normal 0 0 1
    outer loop
      vertex 73.1338 48.6311 -7.6
      vertex 72.0468 46.9701 -7.6
      vertex 73.0152 44.1511 -7.6
    endloop
  endfacet
  facet normal 0 0 1
    outer loop
      vertex 72.0468 46.9701 -7.6
      vertex 70.955 48.6311 -7.6
      vertex 71.0737 44.1511 -7.6
    endloop
  endfacet
  facet normal -0 0 1
    outer loop
      vertex 70.955 48.6311 -7.6
      vertex 72.0468 46.9701 -7.6
      vertex 73.1338 48.6311 -7.6
    endloop
  endfacet
  facet normal 0 0 1
    outer loop
      vertex 75.7589 41.5438 -7.6
      vertex 73.4756 42.834 -7.6
      vertex 73.9218 41.5438 -7.6
    endloop
  endfacet
  facet normal -0 0 1
    outer loop
      vertex 73.0152 44.1511 -7.6
      vertex 75.7589 41.5438 -7.6
      vertex 73.1338 48.6311 -7.6
    endloop
  endfacet
  facet normal 0 0 1
    outer loop
      vertex 75.7589 41.5438 -7.6
      vertex 73.0152 44.1511 -7.6
      vertex 73.4756 42.834 -7.6
    endloop
  endfacet
  facet normal -0 0 1
    outer loop
      vertex 71.0737 44.1511 -7.6
      vertex 73.4756 42.834 -7.6
      vertex 73.0152 44.1511 -7.6
    endloop
  endfacet
  facet normal 0 0 1
    outer loop
      vertex 71.0737 44.1511 -7.6
      vertex 70.618 42.834 -7.6
      vertex 73.4756 42.834 -7.6
    endloop
  endfacet
  facet normal 0 0 1
    outer loop
      vertex 68.33 41.5438 -7.6
      vertex 71.0737 44.1511 -7.6
      vertex 70.955 48.6311 -7.6
    endloop
  endfacet
  facet normal 0 0 1
    outer loop
      vertex 71.0737 44.1511 -7.6
      vertex 68.33 41.5438 -7.6
      vertex 70.618 42.834 -7.6
    endloop
  endfacet
  facet normal 0 0 1
    outer loop
      vertex 70.618 42.834 -7.6
      vertex 68.33 41.5438 -7.6
      vertex 70.1671 41.5438 -7.6
    endloop
  endfacet
  facet normal 0 0 1
    outer loop
      vertex 65.6505 46.7382 -7.6
      vertex 67.4827 46.7568 -7.6
      vertex 67.4691 47.0265 -7.6
    endloop
  endfacet
  facet normal 0 -0 1
    outer loop
      vertex 65.6551 46.6375 -7.6
      vertex 67.4827 46.7568 -7.6
      vertex 65.6505 46.7382 -7.6
    endloop
  endfacet
  facet normal 0 0 1
    outer loop
      vertex 67.4827 46.7568 -7.6
      vertex 65.6551 46.6375 -7.6
      vertex 67.4777 46.6122 -7.6
    endloop
  endfacet
  facet normal 0 0 1
    outer loop
      vertex 65.6369 46.8317 -7.6
      vertex 67.4691 47.0265 -7.6
      vertex 67.4286 47.2743 -7.6
    endloop
  endfacet
  facet normal 0 0 1
    outer loop
      vertex 67.4777 46.6122 -7.6
      vertex 65.6551 46.6375 -7.6
      vertex 67.4629 46.4738 -7.6
    endloop
  endfacet
  facet normal 0 0 1
    outer loop
      vertex 65.6141 46.9183 -7.6
      vertex 67.4286 47.2743 -7.6
      vertex 67.361 47.5002 -7.6
    endloop
  endfacet
  facet normal 0 0 1
    outer loop
      vertex 67.4629 46.4738 -7.6
      vertex 65.6551 46.6375 -7.6
      vertex 67.4382 46.3418 -7.6
    endloop
  endfacet
  facet normal -0 0 1
    outer loop
      vertex 65.6505 46.5357 -7.6
      vertex 67.4382 46.3418 -7.6
      vertex 65.6551 46.6375 -7.6
    endloop
  endfacet
  facet normal 0 0 1
    outer loop
      vertex 65.6141 46.9183 -7.6
      vertex 67.361 47.5002 -7.6
      vertex 67.2664 47.7043 -7.6
    endloop
  endfacet
  facet normal 0 0 1
    outer loop
      vertex 67.4382 46.3418 -7.6
      vertex 65.6505 46.5357 -7.6
      vertex 67.4036 46.216 -7.6
    endloop
  endfacet
  facet normal 0 0 1
    outer loop
      vertex 67.4036 46.216 -7.6
      vertex 65.6505 46.5357 -7.6
      vertex 67.3591 46.0966 -7.6
    endloop
  endfacet
  facet normal 0 0 1
    outer loop
      vertex 65.6141 46.9183 -7.6
      vertex 67.2664 47.7043 -7.6
      vertex 67.1448 47.8864 -7.6
    endloop
  endfacet
  facet normal 0 0 1
    outer loop
      vertex 67.3591 46.0966 -7.6
      vertex 65.6505 46.5357 -7.6
      vertex 67.3048 45.9834 -7.6
    endloop
  endfacet
  facet normal 0 0 1
    outer loop
      vertex 65.5822 46.9978 -7.6
      vertex 67.1448 47.8864 -7.6
      vertex 66.9961 48.0467 -7.6
    endloop
  endfacet
  facet normal 0 0 1
    outer loop
      vertex 67.3048 45.9834 -7.6
      vertex 65.6505 46.5357 -7.6
      vertex 67.2405 45.8765 -7.6
    endloop
  endfacet
  facet normal -0 0 1
    outer loop
      vertex 65.6369 46.4411 -7.6
      vertex 67.2405 45.8765 -7.6
      vertex 65.6505 46.5357 -7.6
    endloop
  endfacet
  facet normal 0 0 1
    outer loop
      vertex 65.5822 46.9978 -7.6
      vertex 66.9961 48.0467 -7.6
      vertex 66.8204 48.1851 -7.6
    endloop
  endfacet
  facet normal 0 0 1
    outer loop
      vertex 67.2405 45.8765 -7.6
      vertex 65.6369 46.4411 -7.6
      vertex 67.1669 45.7766 -7.6
    endloop
  endfacet
  facet normal 0 0 1
    outer loop
      vertex 67.1669 45.7766 -7.6
      vertex 65.6369 46.4411 -7.6
      vertex 67.0844 45.6844 -7.6
    endloop
  endfacet
  facet normal 0 0 1
    outer loop
      vertex 65.5413 47.0702 -7.6
      vertex 66.8204 48.1851 -7.6
      vertex 66.6146 48.3034 -7.6
    endloop
  endfacet
  facet normal 0 0 1
    outer loop
      vertex 67.0844 45.6844 -7.6
      vertex 65.6369 46.4411 -7.6
      vertex 66.9929 45.5998 -7.6
    endloop
  endfacet
  facet normal 0 0 1
    outer loop
      vertex 65.5413 47.0702 -7.6
      vertex 66.6146 48.3034 -7.6
      vertex 66.3756 48.4035 -7.6
    endloop
  endfacet
  facet normal -0 0 1
    outer loop
      vertex 65.9447 43.7237 -7.6
      vertex 67.7722 43.5762 -7.6
      vertex 67.7656 43.7632 -7.6
    endloop
  endfacet
  facet normal 0 0 1
    outer loop
      vertex 65.9447 43.7237 -7.6
      vertex 67.7656 43.7632 -7.6
      vertex 67.7458 43.9418 -7.6
    endloop
  endfacet
  facet normal 0 0 1
    outer loop
      vertex 67.7722 43.5762 -7.6
      vertex 65.939 43.5944 -7.6
      vertex 67.758 43.2938 -7.6
    endloop
  endfacet
  facet normal 0 0 1
    outer loop
      vertex 65.9391 43.8505 -7.6
      vertex 67.7458 43.9418 -7.6
      vertex 67.7129 44.1117 -7.6
    endloop
  endfacet
  facet normal 0 0 1
    outer loop
      vertex 65.9391 43.8505 -7.6
      vertex 67.7129 44.1117 -7.6
      vertex 67.6668 44.2732 -7.6
    endloop
  endfacet
  facet normal -0 0 1
    outer loop
      vertex 65.922 43.4747 -7.6
      vertex 67.758 43.2938 -7.6
      vertex 65.939 43.5944 -7.6
    endloop
  endfacet
  facet normal 0 0 1
    outer loop
      vertex 65.9391 43.8505 -7.6
      vertex 67.6668 44.2732 -7.6
      vertex 67.6075 44.4261 -7.6
    endloop
  endfacet
  facet normal 0 0 1
    outer loop
      vertex 67.758 43.2938 -7.6
      vertex 65.922 43.4747 -7.6
      vertex 67.7156 43.0327 -7.6
    endloop
  endfacet
  facet normal 0 0 1
    outer loop
      vertex 65.9222 43.9678 -7.6
      vertex 67.6075 44.4261 -7.6
      vertex 67.535 44.5705 -7.6
    endloop
  endfacet
  facet normal 0 0 1
    outer loop
      vertex 65.9222 43.9678 -7.6
      vertex 67.535 44.5705 -7.6
      vertex 67.4494 44.7064 -7.6
    endloop
  endfacet
  facet normal 0 0 1
    outer loop
      vertex 67.7722 43.5762 -7.6
      vertex 65.9447 43.7237 -7.6
      vertex 65.939 43.5944 -7.6
    endloop
  endfacet
  facet normal 0 0 1
    outer loop
      vertex 65.8941 44.0758 -7.6
      vertex 67.4494 44.7064 -7.6
      vertex 67.3518 44.8321 -7.6
    endloop
  endfacet
  facet normal 0 0 1
    outer loop
      vertex 67.7156 43.0327 -7.6
      vertex 65.8937 43.3647 -7.6
      vertex 67.6449 42.793 -7.6
    endloop
  endfacet
  facet normal 0 0 1
    outer loop
      vertex 65.8941 44.0758 -7.6
      vertex 67.3518 44.8321 -7.6
      vertex 67.2433 44.946 -7.6
    endloop
  endfacet
  facet normal 0 0 1
    outer loop
      vertex 65.8941 44.0758 -7.6
      vertex 67.2433 44.946 -7.6
      vertex 67.1239 45.048 -7.6
    endloop
  endfacet
  facet normal -0 0 1
    outer loop
      vertex 65.8937 43.3647 -7.6
      vertex 67.7156 43.0327 -7.6
      vertex 65.922 43.4747 -7.6
    endloop
  endfacet
  facet normal 0 0 1
    outer loop
      vertex 65.8548 44.1744 -7.6
      vertex 67.1239 45.048 -7.6
      vertex 66.9937 45.1382 -7.6
    endloop
  endfacet
  facet normal 0 0 1
    outer loop
      vertex 67.6449 42.793 -7.6
      vertex 65.8937 43.3647 -7.6
      vertex 67.5459 42.5745 -7.6
    endloop
  endfacet
  facet normal 0 0 1
    outer loop
      vertex 65.8548 44.1744 -7.6
      vertex 66.9937 45.1382 -7.6
      vertex 66.8527 45.2166 -7.6
    endloop
  endfacet
  facet normal 0 0 1
    outer loop
      vertex 65.8548 44.1744 -7.6
      vertex 66.8527 45.2166 -7.6
      vertex 66.7008 45.2832 -7.6
    endloop
  endfacet
  facet normal -0 0 1
    outer loop
      vertex 65.854 43.2644 -7.6
      vertex 67.5459 42.5745 -7.6
      vertex 65.8937 43.3647 -7.6
    endloop
  endfacet
  facet normal 0 0 1
    outer loop
      vertex 65.8042 44.2636 -7.6
      vertex 66.7008 45.2832 -7.6
      vertex 66.538 45.338 -7.6
    endloop
  endfacet
  facet normal 0 0 1
    outer loop
      vertex 66.9929 45.5998 -7.6
      vertex 65.6369 46.4411 -7.6
      vertex 66.8926 45.5229 -7.6
    endloop
  endfacet
  facet normal 0 0 1
    outer loop
      vertex 67.6075 44.4261 -7.6
      vertex 65.9222 43.9678 -7.6
      vertex 65.9391 43.8505 -7.6
    endloop
  endfacet
  facet normal 0 0 1
    outer loop
      vertex 65.4912 47.1356 -7.6
      vertex 66.3756 48.4035 -7.6
      vertex 66.1033 48.4855 -7.6
    endloop
  endfacet
  facet normal 0 0 1
    outer loop
      vertex 67.5459 42.5745 -7.6
      vertex 65.854 43.2644 -7.6
      vertex 67.4186 42.3774 -7.6
    endloop
  endfacet
  facet normal 0 0 1
    outer loop
      vertex 67.263 42.2016 -7.6
      vertex 65.854 43.2644 -7.6
      vertex 67.0791 42.0471 -7.6
    endloop
  endfacet
  facet normal 0 0 1
    outer loop
      vertex 67.4186 42.3774 -7.6
      vertex 65.854 43.2644 -7.6
      vertex 67.263 42.2016 -7.6
    endloop
  endfacet
  facet normal 0 0 1
    outer loop
      vertex 67.7458 43.9418 -7.6
      vertex 65.9391 43.8505 -7.6
      vertex 65.9447 43.7237 -7.6
    endloop
  endfacet
  facet normal 0 0 1
    outer loop
      vertex 67.4494 44.7064 -7.6
      vertex 65.8941 44.0758 -7.6
      vertex 65.9222 43.9678 -7.6
    endloop
  endfacet
  facet normal 0 0 1
    outer loop
      vertex 66.7833 45.4536 -7.6
      vertex 65.6141 46.354 -7.6
      vertex 66.6651 45.3919 -7.6
    endloop
  endfacet
  facet normal 0 0 1
    outer loop
      vertex 66.6651 45.3919 -7.6
      vertex 65.6141 46.354 -7.6
      vertex 66.538 45.338 -7.6
    endloop
  endfacet
  facet normal 0 0 1
    outer loop
      vertex 65.364 47.2448 -7.6
      vertex 66.1033 48.4855 -7.6
      vertex 65.7978 48.5492 -7.6
    endloop
  endfacet
  facet normal 0 0 1
    outer loop
      vertex 66.8926 45.5229 -7.6
      vertex 65.6141 46.354 -7.6
      vertex 66.7833 45.4536 -7.6
    endloop
  endfacet
  facet normal 0 0 1
    outer loop
      vertex 67.1239 45.048 -7.6
      vertex 65.8548 44.1744 -7.6
      vertex 65.8941 44.0758 -7.6
    endloop
  endfacet
  facet normal -0 0 1
    outer loop
      vertex 65.5822 46.2742 -7.6
      vertex 66.538 45.338 -7.6
      vertex 65.6141 46.354 -7.6
    endloop
  endfacet
  facet normal -0 0 1
    outer loop
      vertex 65.6141 46.354 -7.6
      vertex 66.8926 45.5229 -7.6
      vertex 65.6369 46.4411 -7.6
    endloop
  endfacet
  facet normal 0 0 1
    outer loop
      vertex 67.4691 47.0265 -7.6
      vertex 65.6369 46.8317 -7.6
      vertex 65.6505 46.7382 -7.6
    endloop
  endfacet
  facet normal 0 0 1
    outer loop
      vertex 67.4286 47.2743 -7.6
      vertex 65.6141 46.9183 -7.6
      vertex 65.6369 46.8317 -7.6
    endloop
  endfacet
  facet normal 0 0 1
    outer loop
      vertex 67.1448 47.8864 -7.6
      vertex 65.5822 46.9978 -7.6
      vertex 65.6141 46.9183 -7.6
    endloop
  endfacet
  facet normal 0 0 1
    outer loop
      vertex 66.8204 48.1851 -7.6
      vertex 65.5413 47.0702 -7.6
      vertex 65.5822 46.9978 -7.6
    endloop
  endfacet
  facet normal 0 0 1
    outer loop
      vertex 66.3756 48.4035 -7.6
      vertex 65.4912 47.1356 -7.6
      vertex 65.5413 47.0702 -7.6
    endloop
  endfacet
  facet normal 0 0 1
    outer loop
      vertex 65.2875 47.2878 -7.6
      vertex 65.7978 48.5492 -7.6
      vertex 65.4591 48.5947 -7.6
    endloop
  endfacet
  facet normal 0 0 1
    outer loop
      vertex 66.1033 48.4855 -7.6
      vertex 65.432 47.1939 -7.6
      vertex 65.4912 47.1356 -7.6
    endloop
  endfacet
  facet normal 0 0 1
    outer loop
      vertex 66.1033 48.4855 -7.6
      vertex 65.364 47.2448 -7.6
      vertex 65.432 47.1939 -7.6
    endloop
  endfacet
  facet normal 0 0 1
    outer loop
      vertex 65.7978 48.5492 -7.6
      vertex 65.2875 47.2878 -7.6
      vertex 65.364 47.2448 -7.6
    endloop
  endfacet
  facet normal 0 0 1
    outer loop
      vertex 65.4591 48.5947 -7.6
      vertex 65.2024 47.323 -7.6
      vertex 65.2875 47.2878 -7.6
    endloop
  endfacet
  facet normal 0 0 1
    outer loop
      vertex 65.4591 48.5947 -7.6
      vertex 65.1088 47.3504 -7.6
      vertex 65.2024 47.323 -7.6
    endloop
  endfacet
  facet normal 0 0 1
    outer loop
      vertex 65.0871 48.622 -7.6
      vertex 65.1088 47.3504 -7.6
      vertex 65.4591 48.5947 -7.6
    endloop
  endfacet
  facet normal 0 0 1
    outer loop
      vertex 65.0871 48.622 -7.6
      vertex 65.0067 47.37 -7.6
      vertex 65.1088 47.3504 -7.6
    endloop
  endfacet
  facet normal 0 0 1
    outer loop
      vertex 65.0871 48.622 -7.6
      vertex 64.8961 47.3817 -7.6
      vertex 65.0067 47.37 -7.6
    endloop
  endfacet
  facet normal 0 0 1
    outer loop
      vertex 64.682 48.6311 -7.6
      vertex 64.8961 47.3817 -7.6
      vertex 65.0871 48.622 -7.6
    endloop
  endfacet
  facet normal 0 0 1
    outer loop
      vertex 64.8961 47.3817 -7.6
      vertex 64.682 48.6311 -7.6
      vertex 64.7769 47.3857 -7.6
    endloop
  endfacet
  facet normal 0 0 1
    outer loop
      vertex 64.682 48.6311 -7.6
      vertex 63.7659 47.3857 -7.6
      vertex 64.7769 47.3857 -7.6
    endloop
  endfacet
  facet normal 0 0 1
    outer loop
      vertex 61.9383 48.6311 -7.6
      vertex 63.7659 45.8893 -7.6
      vertex 63.7659 47.3857 -7.6
    endloop
  endfacet
  facet normal 0 0 1
    outer loop
      vertex 63.7659 45.8893 -7.6
      vertex 61.9383 48.6311 -7.6
      vertex 63.7659 44.6439 -7.6
    endloop
  endfacet
  facet normal 0 0 1
    outer loop
      vertex 61.9383 41.5438 -7.6
      vertex 63.7659 44.6439 -7.6
      vertex 61.9383 48.6311 -7.6
    endloop
  endfacet
  facet normal -0 0 1
    outer loop
      vertex 61.9383 48.6311 -7.6
      vertex 63.7659 47.3857 -7.6
      vertex 64.682 48.6311 -7.6
    endloop
  endfacet
  facet normal -0 0 1
    outer loop
      vertex 65.803 43.1738 -7.6
      vertex 67.0791 42.0471 -7.6
      vertex 65.854 43.2644 -7.6
    endloop
  endfacet
  facet normal 0 0 1
    outer loop
      vertex 67.0791 42.0471 -7.6
      vertex 65.803 43.1738 -7.6
      vertex 66.8664 41.9136 -7.6
    endloop
  endfacet
  facet normal -0 0 1
    outer loop
      vertex 65.7407 43.0929 -7.6
      vertex 66.8664 41.9136 -7.6
      vertex 65.803 43.1738 -7.6
    endloop
  endfacet
  facet normal 0 0 1
    outer loop
      vertex 66.8664 41.9136 -7.6
      vertex 65.7407 43.0929 -7.6
      vertex 66.6242 41.8006 -7.6
    endloop
  endfacet
  facet normal -0 0 1
    outer loop
      vertex 65.667 43.0216 -7.6
      vertex 66.6242 41.8006 -7.6
      vertex 65.7407 43.0929 -7.6
    endloop
  endfacet
  facet normal 0 0 1
    outer loop
      vertex 66.6242 41.8006 -7.6
      vertex 65.667 43.0216 -7.6
      vertex 66.3526 41.7081 -7.6
    endloop
  endfacet
  facet normal -0 0 1
    outer loop
      vertex 65.5821 42.9599 -7.6
      vertex 66.3526 41.7081 -7.6
      vertex 65.667 43.0216 -7.6
    endloop
  endfacet
  facet normal 0 0 1
    outer loop
      vertex 66.3526 41.7081 -7.6
      vertex 65.5821 42.9599 -7.6
      vertex 66.0515 41.6362 -7.6
    endloop
  endfacet
  facet normal -0 0 1
    outer loop
      vertex 65.486 42.9078 -7.6
      vertex 66.0515 41.6362 -7.6
      vertex 65.5821 42.9599 -7.6
    endloop
  endfacet
  facet normal 0 0 1
    outer loop
      vertex 66.0515 41.6362 -7.6
      vertex 65.486 42.9078 -7.6
      vertex 65.721 41.5849 -7.6
    endloop
  endfacet
  facet normal -0 0 1
    outer loop
      vertex 65.3788 42.8651 -7.6
      vertex 65.721 41.5849 -7.6
      vertex 65.486 42.9078 -7.6
    endloop
  endfacet
  facet normal -0 0 1
    outer loop
      vertex 65.2605 42.8319 -7.6
      vertex 65.721 41.5849 -7.6
      vertex 65.3788 42.8651 -7.6
    endloop
  endfacet
  facet normal 0 0 1
    outer loop
      vertex 65.721 41.5849 -7.6
      vertex 65.2605 42.8319 -7.6
      vertex 65.361 41.554 -7.6
    endloop
  endfacet
  facet normal -0 0 1
    outer loop
      vertex 65.131 42.8082 -7.6
      vertex 65.361 41.554 -7.6
      vertex 65.2605 42.8319 -7.6
    endloop
  endfacet
  facet normal 0 0 1
    outer loop
      vertex 64.9715 41.5438 -7.6
      vertex 65.131 42.8082 -7.6
      vertex 64.9904 42.7939 -7.6
    endloop
  endfacet
  facet normal 0 0 1
    outer loop
      vertex 65.131 42.8082 -7.6
      vertex 64.9715 41.5438 -7.6
      vertex 65.361 41.554 -7.6
    endloop
  endfacet
  facet normal -0 0 1
    outer loop
      vertex 64.8386 42.7892 -7.6
      vertex 64.9715 41.5438 -7.6
      vertex 64.9904 42.7939 -7.6
    endloop
  endfacet
  facet normal -0 0 1
    outer loop
      vertex 63.7659 42.7892 -7.6
      vertex 64.9715 41.5438 -7.6
      vertex 64.8386 42.7892 -7.6
    endloop
  endfacet
  facet normal 0 0 1
    outer loop
      vertex 63.7659 42.7892 -7.6
      vertex 61.9383 41.5438 -7.6
      vertex 64.9715 41.5438 -7.6
    endloop
  endfacet
  facet normal 0 0 1
    outer loop
      vertex 63.7659 44.6439 -7.6
      vertex 61.9383 41.5438 -7.6
      vertex 63.7659 42.7892 -7.6
    endloop
  endfacet
  facet normal 0 0 1
    outer loop
      vertex 66.7008 45.2832 -7.6
      vertex 65.8042 44.2636 -7.6
      vertex 65.8548 44.1744 -7.6
    endloop
  endfacet
  facet normal -0 0 1
    outer loop
      vertex 65.5413 46.2017 -7.6
      vertex 66.538 45.338 -7.6
      vertex 65.5822 46.2742 -7.6
    endloop
  endfacet
  facet normal 0 0 1
    outer loop
      vertex 66.538 45.338 -7.6
      vertex 65.7424 44.3434 -7.6
      vertex 65.8042 44.2636 -7.6
    endloop
  endfacet
  facet normal -0 0 1
    outer loop
      vertex 65.4912 46.1366 -7.6
      vertex 66.538 45.338 -7.6
      vertex 65.5413 46.2017 -7.6
    endloop
  endfacet
  facet normal 0 0 1
    outer loop
      vertex 66.538 45.338 -7.6
      vertex 65.6693 44.4138 -7.6
      vertex 65.7424 44.3434 -7.6
    endloop
  endfacet
  facet normal -0 0 1
    outer loop
      vertex 65.432 46.0788 -7.6
      vertex 66.538 45.338 -7.6
      vertex 65.4912 46.1366 -7.6
    endloop
  endfacet
  facet normal 0 0 1
    outer loop
      vertex 66.538 45.338 -7.6
      vertex 65.5849 44.4749 -7.6
      vertex 65.6693 44.4138 -7.6
    endloop
  endfacet
  facet normal -0 0 1
    outer loop
      vertex 65.364 46.0285 -7.6
      vertex 66.538 45.338 -7.6
      vertex 65.432 46.0788 -7.6
    endloop
  endfacet
  facet normal 0 0 1
    outer loop
      vertex 66.538 45.338 -7.6
      vertex 65.4891 44.5265 -7.6
      vertex 65.5849 44.4749 -7.6
    endloop
  endfacet
  facet normal 0 0 1
    outer loop
      vertex 66.538 45.338 -7.6
      vertex 65.364 46.0285 -7.6
      vertex 65.4891 44.5265 -7.6
    endloop
  endfacet
  facet normal 0 0 1
    outer loop
      vertex 65.4891 44.5265 -7.6
      vertex 65.364 46.0285 -7.6
      vertex 65.3819 44.5688 -7.6
    endloop
  endfacet
  facet normal -0 0 1
    outer loop
      vertex 65.2875 45.986 -7.6
      vertex 65.3819 44.5688 -7.6
      vertex 65.364 46.0285 -7.6
    endloop
  endfacet
  facet normal 0 0 1
    outer loop
      vertex 65.2875 45.986 -7.6
      vertex 65.2632 44.6017 -7.6
      vertex 65.3819 44.5688 -7.6
    endloop
  endfacet
  facet normal -0 0 1
    outer loop
      vertex 65.2024 45.9512 -7.6
      vertex 65.2632 44.6017 -7.6
      vertex 65.2875 45.986 -7.6
    endloop
  endfacet
  facet normal -0 0 1
    outer loop
      vertex 65.1088 45.9241 -7.6
      vertex 65.2632 44.6017 -7.6
      vertex 65.2024 45.9512 -7.6
    endloop
  endfacet
  facet normal 0 0 1
    outer loop
      vertex 65.2632 44.6017 -7.6
      vertex 65.1088 45.9241 -7.6
      vertex 65.1331 44.6251 -7.6
    endloop
  endfacet
  facet normal -0 0 1
    outer loop
      vertex 65.0067 45.9048 -7.6
      vertex 65.1331 44.6251 -7.6
      vertex 65.1088 45.9241 -7.6
    endloop
  endfacet
  facet normal 0 0 1
    outer loop
      vertex 65.0067 45.9048 -7.6
      vertex 64.9916 44.6392 -7.6
      vertex 65.1331 44.6251 -7.6
    endloop
  endfacet
  facet normal -0 0 1
    outer loop
      vertex 64.8961 45.8932 -7.6
      vertex 64.9916 44.6392 -7.6
      vertex 65.0067 45.9048 -7.6
    endloop
  endfacet
  facet normal 0 0 1
    outer loop
      vertex 64.8961 45.8932 -7.6
      vertex 64.8386 44.6439 -7.6
      vertex 64.9916 44.6392 -7.6
    endloop
  endfacet
  facet normal -0 0 1
    outer loop
      vertex 64.7769 45.8893 -7.6
      vertex 64.8386 44.6439 -7.6
      vertex 64.8961 45.8932 -7.6
    endloop
  endfacet
  facet normal 0 0 1
    outer loop
      vertex 63.7659 44.6439 -7.6
      vertex 64.7769 45.8893 -7.6
      vertex 63.7659 45.8893 -7.6
    endloop
  endfacet
  facet normal 0 0 1
    outer loop
      vertex 64.7769 45.8893 -7.6
      vertex 63.7659 44.6439 -7.6
      vertex 64.8386 44.6439 -7.6
    endloop
  endfacet
  facet normal 0 0 1
    outer loop
      vertex 88.2929 48.6311 -7.6
      vertex 85.1884 47.2513 -7.6
      vertex 88.2929 47.2513 -7.6
    endloop
  endfacet
  facet normal 0 0 1
    outer loop
      vertex 83.3609 48.6311 -7.6
      vertex 85.1884 45.9297 -7.6
      vertex 85.1884 47.2513 -7.6
    endloop
  endfacet
  facet normal 0 0 1
    outer loop
      vertex 85.1884 45.9297 -7.6
      vertex 83.3609 48.6311 -7.6
      vertex 85.1884 44.5498 -7.6
    endloop
  endfacet
  facet normal 0 0 1
    outer loop
      vertex 83.3609 41.5438 -7.6
      vertex 85.1884 44.5498 -7.6
      vertex 83.3609 48.6311 -7.6
    endloop
  endfacet
  facet normal -0 0 1
    outer loop
      vertex 83.3609 48.6311 -7.6
      vertex 85.1884 47.2513 -7.6
      vertex 88.2929 48.6311 -7.6
    endloop
  endfacet
  facet normal -0 0 1
    outer loop
      vertex 85.1884 45.9297 -7.6
      vertex 88.1077 44.5498 -7.6
      vertex 88.1077 45.9297 -7.6
    endloop
  endfacet
  facet normal 0 0 1
    outer loop
      vertex 88.1077 44.5498 -7.6
      vertex 85.1884 45.9297 -7.6
      vertex 85.1884 44.5498 -7.6
    endloop
  endfacet
  facet normal -0 0 1
    outer loop
      vertex 85.1884 42.9236 -7.6
      vertex 88.3973 41.5438 -7.6
      vertex 88.3973 42.9236 -7.6
    endloop
  endfacet
  facet normal 0 0 1
    outer loop
      vertex 85.1884 42.9236 -7.6
      vertex 83.3609 41.5438 -7.6
      vertex 88.3973 41.5438 -7.6
    endloop
  endfacet
  facet normal 0 0 1
    outer loop
      vertex 85.1884 44.5498 -7.6
      vertex 83.3609 41.5438 -7.6
      vertex 85.1884 42.9236 -7.6
    endloop
  endfacet
  facet normal -0.0961666 0.995365 0
    outer loop
      vertex 79.857 41.4516 -7.6
      vertex 79.4937 41.4165 -7
      vertex 79.857 41.4516 -7
    endloop
  endfacet
  facet normal -0.0961666 0.995365 0
    outer loop
      vertex 79.4937 41.4165 -7
      vertex 79.857 41.4516 -7.6
      vertex 79.4937 41.4165 -7.6
    endloop
  endfacet
  facet normal -0.172251 0.985053 0
    outer loop
      vertex 80.1904 41.5099 -7.6
      vertex 79.857 41.4516 -7
      vertex 80.1904 41.5099 -7
    endloop
  endfacet
  facet normal -0.172251 0.985053 0
    outer loop
      vertex 79.857 41.4516 -7
      vertex 80.1904 41.5099 -7.6
      vertex 79.857 41.4516 -7.6
    endloop
  endfacet
  facet normal -0.260236 0.965545 0
    outer loop
      vertex 80.4939 41.5917 -7.6
      vertex 80.1904 41.5099 -7
      vertex 80.4939 41.5917 -7
    endloop
  endfacet
  facet normal -0.260236 0.965545 0
    outer loop
      vertex 80.1904 41.5099 -7
      vertex 80.4939 41.5917 -7.6
      vertex 80.1904 41.5099 -7.6
    endloop
  endfacet
  facet normal -0.358407 0.933565 0
    outer loop
      vertex 80.7674 41.6967 -7.6
      vertex 80.4939 41.5917 -7
      vertex 80.7674 41.6967 -7
    endloop
  endfacet
  facet normal -0.358407 0.933565 0
    outer loop
      vertex 80.4939 41.5917 -7
      vertex 80.7674 41.6967 -7.6
      vertex 80.4939 41.5917 -7.6
    endloop
  endfacet
  facet normal -0.466285 0.884634 0
    outer loop
      vertex 81.011 41.8251 -7.6
      vertex 80.7674 41.6967 -7
      vertex 81.011 41.8251 -7
    endloop
  endfacet
  facet normal -0.466285 0.884634 0
    outer loop
      vertex 80.7674 41.6967 -7
      vertex 81.011 41.8251 -7.6
      vertex 80.7674 41.6967 -7.6
    endloop
  endfacet
  facet normal -0.579107 0.815252 0
    outer loop
      vertex 81.2247 41.9769 -7.6
      vertex 81.011 41.8251 -7
      vertex 81.2247 41.9769 -7
    endloop
  endfacet
  facet normal -0.579107 0.815252 0
    outer loop
      vertex 81.011 41.8251 -7
      vertex 81.2247 41.9769 -7.6
      vertex 81.011 41.8251 -7.6
    endloop
  endfacet
  facet normal -0.689626 0.724166 0
    outer loop
      vertex 81.4092 42.1526 -7.6
      vertex 81.2247 41.9769 -7
      vertex 81.4092 42.1526 -7
    endloop
  endfacet
  facet normal -0.689626 0.724166 0
    outer loop
      vertex 81.2247 41.9769 -7
      vertex 81.4092 42.1526 -7.6
      vertex 81.2247 41.9769 -7.6
    endloop
  endfacet
  facet normal -0.788609 0.614895 0
    outer loop
      vertex 81.4092 42.1526 -7.6
      vertex 81.5653 42.3528 -7
      vertex 81.5653 42.3528 -7.6
    endloop
  endfacet
  facet normal -0.788609 0.614895 0
    outer loop
      vertex 81.5653 42.3528 -7
      vertex 81.4092 42.1526 -7.6
      vertex 81.4092 42.1526 -7
    endloop
  endfacet
  facet normal -0.869407 0.494096 0
    outer loop
      vertex 81.5653 42.3528 -7.6
      vertex 81.693 42.5775 -7
      vertex 81.693 42.5775 -7.6
    endloop
  endfacet
  facet normal -0.869407 0.494096 0
    outer loop
      vertex 81.693 42.5775 -7
      vertex 81.5653 42.3528 -7.6
      vertex 81.5653 42.3528 -7
    endloop
  endfacet
  facet normal -0.928887 0.370363 0
    outer loop
      vertex 81.693 42.5775 -7.6
      vertex 81.7924 42.8268 -7
      vertex 81.7924 42.8268 -7.6
    endloop
  endfacet
  facet normal -0.928887 0.370363 0
    outer loop
      vertex 81.7924 42.8268 -7
      vertex 81.693 42.5775 -7.6
      vertex 81.693 42.5775 -7
    endloop
  endfacet
  facet normal -0.968048 0.250766 0
    outer loop
      vertex 81.7924 42.8268 -7.6
      vertex 81.8633 43.1005 -7
      vertex 81.8633 43.1005 -7.6
    endloop
  endfacet
  facet normal -0.968048 0.250766 0
    outer loop
      vertex 81.8633 43.1005 -7
      vertex 81.7924 42.8268 -7.6
      vertex 81.7924 42.8268 -7
    endloop
  endfacet
  facet normal -0.989949 0.141421 0
    outer loop
      vertex 81.8633 43.1005 -7.6
      vertex 81.9059 43.3987 -7
      vertex 81.9059 43.3987 -7.6
    endloop
  endfacet
  facet normal -0.989949 0.141421 0
    outer loop
      vertex 81.9059 43.3987 -7
      vertex 81.8633 43.1005 -7.6
      vertex 81.8633 43.1005 -7
    endloop
  endfacet
  facet normal -0.999034 0.0439476 0
    outer loop
      vertex 81.9059 43.3987 -7.6
      vertex 81.9201 43.7215 -7
      vertex 81.9201 43.7215 -7.6
    endloop
  endfacet
  facet normal -0.999034 0.0439476 0
    outer loop
      vertex 81.9201 43.7215 -7
      vertex 81.9059 43.3987 -7.6
      vertex 81.9059 43.3987 -7
    endloop
  endfacet
  facet normal -0.999146 -0.0413272 0
    outer loop
      vertex 81.9201 43.7215 -7.6
      vertex 81.9099 43.9681 -7
      vertex 81.9099 43.9681 -7.6
    endloop
  endfacet
  facet normal -0.999146 -0.0413272 0
    outer loop
      vertex 81.9099 43.9681 -7
      vertex 81.9201 43.7215 -7.6
      vertex 81.9201 43.7215 -7
    endloop
  endfacet
  facet normal -0.991322 -0.131458 0
    outer loop
      vertex 81.9099 43.9681 -7.6
      vertex 81.8794 44.1981 -7
      vertex 81.8794 44.1981 -7.6
    endloop
  endfacet
  facet normal -0.991322 -0.131458 0
    outer loop
      vertex 81.8794 44.1981 -7
      vertex 81.9099 43.9681 -7.6
      vertex 81.9099 43.9681 -7
    endloop
  endfacet
  facet normal -0.972816 -0.231579 0
    outer loop
      vertex 81.8794 44.1981 -7.6
      vertex 81.8286 44.4115 -7
      vertex 81.8286 44.4115 -7.6
    endloop
  endfacet
  facet normal -0.972816 -0.231579 0
    outer loop
      vertex 81.8286 44.4115 -7
      vertex 81.8794 44.1981 -7.6
      vertex 81.8794 44.1981 -7
    endloop
  endfacet
  facet normal -0.940086 -0.340937 0
    outer loop
      vertex 81.8286 44.4115 -7.6
      vertex 81.7573 44.6081 -7
      vertex 81.7573 44.6081 -7.6
    endloop
  endfacet
  facet normal -0.940086 -0.340937 0
    outer loop
      vertex 81.7573 44.6081 -7
      vertex 81.8286 44.4115 -7.6
      vertex 81.8286 44.4115 -7
    endloop
  endfacet
  facet normal -0.891436 -0.453147 0
    outer loop
      vertex 81.7573 44.6081 -7.6
      vertex 81.6658 44.7881 -7
      vertex 81.6658 44.7881 -7.6
    endloop
  endfacet
  facet normal -0.891436 -0.453147 0
    outer loop
      vertex 81.6658 44.7881 -7
      vertex 81.7573 44.6081 -7.6
      vertex 81.7573 44.6081 -7
    endloop
  endfacet
  facet normal -0.825072 -0.565028 0
    outer loop
      vertex 81.6658 44.7881 -7.6
      vertex 81.5539 44.9515 -7
      vertex 81.5539 44.9515 -7.6
    endloop
  endfacet
  facet normal -0.825072 -0.565028 0
    outer loop
      vertex 81.5539 44.9515 -7
      vertex 81.6658 44.7881 -7.6
      vertex 81.6658 44.7881 -7
    endloop
  endfacet
  facet normal -0.742387 -0.669971 0
    outer loop
      vertex 81.5539 44.9515 -7.6
      vertex 81.4216 45.0981 -7
      vertex 81.4216 45.0981 -7.6
    endloop
  endfacet
  facet normal -0.742387 -0.669971 0
    outer loop
      vertex 81.4216 45.0981 -7
      vertex 81.5539 44.9515 -7.6
      vertex 81.5539 44.9515 -7
    endloop
  endfacet
  facet normal -0.648905 -0.760869 0
    outer loop
      vertex 81.2653 45.2314 -7.6
      vertex 81.4216 45.0981 -7
      vertex 81.2653 45.2314 -7
    endloop
  endfacet
  facet normal -0.648905 -0.760869 -0
    outer loop
      vertex 81.4216 45.0981 -7
      vertex 81.2653 45.2314 -7.6
      vertex 81.4216 45.0981 -7.6
    endloop
  endfacet
  facet normal -0.556052 -0.831147 0
    outer loop
      vertex 81.081 45.3547 -7.6
      vertex 81.2653 45.2314 -7
      vertex 81.081 45.3547 -7
    endloop
  endfacet
  facet normal -0.556052 -0.831147 -0
    outer loop
      vertex 81.2653 45.2314 -7
      vertex 81.081 45.3547 -7.6
      vertex 81.2653 45.2314 -7.6
    endloop
  endfacet
  facet normal -0.470523 -0.882387 0
    outer loop
      vertex 80.8689 45.4678 -7.6
      vertex 81.081 45.3547 -7
      vertex 80.8689 45.4678 -7
    endloop
  endfacet
  facet normal -0.470523 -0.882387 -0
    outer loop
      vertex 81.081 45.3547 -7
      vertex 80.8689 45.4678 -7.6
      vertex 81.081 45.3547 -7.6
    endloop
  endfacet
  facet normal -0.394566 -0.918868 0
    outer loop
      vertex 80.6288 45.5709 -7.6
      vertex 80.8689 45.4678 -7
      vertex 80.6288 45.5709 -7
    endloop
  endfacet
  facet normal -0.394566 -0.918868 -0
    outer loop
      vertex 80.8689 45.4678 -7
      vertex 80.6288 45.5709 -7.6
      vertex 80.8689 45.4678 -7.6
    endloop
  endfacet
  facet normal -0.327946 -0.944696 0
    outer loop
      vertex 80.3609 45.6639 -7.6
      vertex 80.6288 45.5709 -7
      vertex 80.3609 45.6639 -7
    endloop
  endfacet
  facet normal -0.327946 -0.944696 -0
    outer loop
      vertex 80.6288 45.5709 -7
      vertex 80.3609 45.6639 -7.6
      vertex 80.6288 45.5709 -7.6
    endloop
  endfacet
  facet normal -0.269775 -0.962923 0
    outer loop
      vertex 80.065 45.7468 -7.6
      vertex 80.3609 45.6639 -7
      vertex 80.065 45.7468 -7
    endloop
  endfacet
  facet normal -0.269775 -0.962923 -0
    outer loop
      vertex 80.3609 45.6639 -7
      vertex 80.065 45.7468 -7.6
      vertex 80.3609 45.6639 -7.6
    endloop
  endfacet
  facet normal -0.219706 -0.975566 0
    outer loop
      vertex 79.7413 45.8197 -7.6
      vertex 80.065 45.7468 -7
      vertex 79.7413 45.8197 -7
    endloop
  endfacet
  facet normal -0.219706 -0.975566 -0
    outer loop
      vertex 80.065 45.7468 -7
      vertex 79.7413 45.8197 -7.6
      vertex 80.065 45.7468 -7.6
    endloop
  endfacet
  facet normal -0.197206 -0.980362 0
    outer loop
      vertex 78.9628 45.9763 -7.6
      vertex 79.7413 45.8197 -7
      vertex 78.9628 45.9763 -7
    endloop
  endfacet
  facet normal -0.197206 -0.980362 -0
    outer loop
      vertex 79.7413 45.8197 -7
      vertex 78.9628 45.9763 -7.6
      vertex 79.7413 45.8197 -7.6
    endloop
  endfacet
  facet normal -0.215635 -0.976474 0
    outer loop
      vertex 78.8111 46.0098 -7.6
      vertex 78.9628 45.9763 -7
      vertex 78.8111 46.0098 -7
    endloop
  endfacet
  facet normal -0.215635 -0.976474 -0
    outer loop
      vertex 78.9628 45.9763 -7
      vertex 78.8111 46.0098 -7.6
      vertex 78.9628 45.9763 -7.6
    endloop
  endfacet
  facet normal -0.248494 -0.968633 0
    outer loop
      vertex 78.6735 46.0451 -7.6
      vertex 78.8111 46.0098 -7
      vertex 78.6735 46.0451 -7
    endloop
  endfacet
  facet normal -0.248494 -0.968633 -0
    outer loop
      vertex 78.8111 46.0098 -7
      vertex 78.6735 46.0451 -7.6
      vertex 78.8111 46.0098 -7.6
    endloop
  endfacet
  facet normal -0.288201 -0.95757 0
    outer loop
      vertex 78.5499 46.0823 -7.6
      vertex 78.6735 46.0451 -7
      vertex 78.5499 46.0823 -7
    endloop
  endfacet
  facet normal -0.288201 -0.95757 -0
    outer loop
      vertex 78.6735 46.0451 -7
      vertex 78.5499 46.0823 -7.6
      vertex 78.6735 46.0451 -7.6
    endloop
  endfacet
  facet normal -0.335519 -0.942034 0
    outer loop
      vertex 78.4404 46.1213 -7.6
      vertex 78.5499 46.0823 -7
      vertex 78.4404 46.1213 -7
    endloop
  endfacet
  facet normal -0.335519 -0.942034 -0
    outer loop
      vertex 78.5499 46.0823 -7
      vertex 78.4404 46.1213 -7.6
      vertex 78.5499 46.0823 -7.6
    endloop
  endfacet
  facet normal -0.393687 -0.919245 0
    outer loop
      vertex 78.3449 46.1622 -7.6
      vertex 78.4404 46.1213 -7
      vertex 78.3449 46.1622 -7
    endloop
  endfacet
  facet normal -0.393687 -0.919245 -0
    outer loop
      vertex 78.4404 46.1213 -7
      vertex 78.3449 46.1622 -7.6
      vertex 78.4404 46.1213 -7.6
    endloop
  endfacet
  facet normal -0.464535 -0.885555 0
    outer loop
      vertex 78.2635 46.2049 -7.6
      vertex 78.3449 46.1622 -7
      vertex 78.2635 46.2049 -7
    endloop
  endfacet
  facet normal -0.464535 -0.885555 -0
    outer loop
      vertex 78.3449 46.1622 -7
      vertex 78.2635 46.2049 -7.6
      vertex 78.3449 46.1622 -7.6
    endloop
  endfacet
  facet normal -0.551842 -0.833949 0
    outer loop
      vertex 78.1961 46.2495 -7.6
      vertex 78.2635 46.2049 -7
      vertex 78.1961 46.2495 -7
    endloop
  endfacet
  facet normal -0.551842 -0.833949 -0
    outer loop
      vertex 78.2635 46.2049 -7
      vertex 78.1961 46.2495 -7.6
      vertex 78.2635 46.2049 -7.6
    endloop
  endfacet
  facet normal -0.650791 -0.759257 0
    outer loop
      vertex 78.1401 46.2975 -7.6
      vertex 78.1961 46.2495 -7
      vertex 78.1401 46.2975 -7
    endloop
  endfacet
  facet normal -0.650791 -0.759257 -0
    outer loop
      vertex 78.1961 46.2495 -7
      vertex 78.1401 46.2975 -7.6
      vertex 78.1961 46.2495 -7.6
    endloop
  endfacet
  facet normal -0.746634 -0.665234 0
    outer loop
      vertex 78.1401 46.2975 -7.6
      vertex 78.0927 46.3507 -7
      vertex 78.0927 46.3507 -7.6
    endloop
  endfacet
  facet normal -0.746634 -0.665234 0
    outer loop
      vertex 78.0927 46.3507 -7
      vertex 78.1401 46.2975 -7.6
      vertex 78.1401 46.2975 -7
    endloop
  endfacet
  facet normal -0.832489 -0.554041 0
    outer loop
      vertex 78.0927 46.3507 -7.6
      vertex 78.0539 46.409 -7
      vertex 78.0539 46.409 -7.6
    endloop
  endfacet
  facet normal -0.832489 -0.554041 0
    outer loop
      vertex 78.0539 46.409 -7
      vertex 78.0927 46.3507 -7.6
      vertex 78.0927 46.3507 -7
    endloop
  endfacet
  facet normal -0.903071 -0.429492 0
    outer loop
      vertex 78.0539 46.409 -7.6
      vertex 78.0237 46.4725 -7
      vertex 78.0237 46.4725 -7.6
    endloop
  endfacet
  facet normal -0.903071 -0.429492 0
    outer loop
      vertex 78.0237 46.4725 -7
      vertex 78.0539 46.409 -7.6
      vertex 78.0539 46.409 -7
    endloop
  endfacet
  facet normal -0.954232 -0.299067 0
    outer loop
      vertex 78.0237 46.4725 -7.6
      vertex 78.0022 46.5411 -7
      vertex 78.0022 46.5411 -7.6
    endloop
  endfacet
  facet normal -0.954232 -0.299067 0
    outer loop
      vertex 78.0022 46.5411 -7
      vertex 78.0237 46.4725 -7.6
      vertex 78.0237 46.4725 -7
    endloop
  endfacet
  facet normal -0.984797 -0.173709 0
    outer loop
      vertex 78.0022 46.5411 -7.6
      vertex 77.9892 46.6148 -7
      vertex 77.9892 46.6148 -7.6
    endloop
  endfacet
  facet normal -0.984797 -0.173709 0
    outer loop
      vertex 77.9892 46.6148 -7
      vertex 78.0022 46.5411 -7.6
      vertex 78.0022 46.5411 -7
    endloop
  endfacet
  facet normal -0.998518 -0.0544186 0
    outer loop
      vertex 77.9892 46.6148 -7.6
      vertex 77.9849 46.6937 -7
      vertex 77.9849 46.6937 -7.6
    endloop
  endfacet
  facet normal -0.998518 -0.0544186 0
    outer loop
      vertex 77.9849 46.6937 -7
      vertex 77.9892 46.6148 -7.6
      vertex 77.9892 46.6148 -7
    endloop
  endfacet
  facet normal -0.99813 0.0611295 0
    outer loop
      vertex 77.9849 46.6937 -7.6
      vertex 77.9913 46.7982 -7
      vertex 77.9913 46.7982 -7.6
    endloop
  endfacet
  facet normal -0.99813 0.0611295 0
    outer loop
      vertex 77.9913 46.7982 -7
      vertex 77.9849 46.6937 -7.6
      vertex 77.9849 46.6937 -7
    endloop
  endfacet
  facet normal -0.980737 0.195333 0
    outer loop
      vertex 77.9913 46.7982 -7.6
      vertex 78.0105 46.8946 -7
      vertex 78.0105 46.8946 -7.6
    endloop
  endfacet
  facet normal -0.980737 0.195333 0
    outer loop
      vertex 78.0105 46.8946 -7
      vertex 77.9913 46.7982 -7.6
      vertex 77.9913 46.7982 -7
    endloop
  endfacet
  facet normal -0.940383 0.340116 0
    outer loop
      vertex 78.0105 46.8946 -7.6
      vertex 78.0424 46.9828 -7
      vertex 78.0424 46.9828 -7.6
    endloop
  endfacet
  facet normal -0.940383 0.340116 0
    outer loop
      vertex 78.0424 46.9828 -7
      vertex 78.0105 46.8946 -7.6
      vertex 78.0105 46.8946 -7
    endloop
  endfacet
  facet normal -0.872766 0.488139 0
    outer loop
      vertex 78.0424 46.9828 -7.6
      vertex 78.0872 47.0629 -7
      vertex 78.0872 47.0629 -7.6
    endloop
  endfacet
  facet normal -0.872766 0.488139 0
    outer loop
      vertex 78.0872 47.0629 -7
      vertex 78.0424 46.9828 -7.6
      vertex 78.0424 46.9828 -7
    endloop
  endfacet
  facet normal -0.781398 0.624033 0
    outer loop
      vertex 78.0872 47.0629 -7.6
      vertex 78.1447 47.1349 -7
      vertex 78.1447 47.1349 -7.6
    endloop
  endfacet
  facet normal -0.781398 0.624033 0
    outer loop
      vertex 78.1447 47.1349 -7
      vertex 78.0872 47.0629 -7.6
      vertex 78.0872 47.0629 -7
    endloop
  endfacet
  facet normal -0.671519 0.740987 0
    outer loop
      vertex 78.2151 47.1987 -7.6
      vertex 78.1447 47.1349 -7
      vertex 78.2151 47.1987 -7
    endloop
  endfacet
  facet normal -0.671519 0.740987 0
    outer loop
      vertex 78.1447 47.1349 -7
      vertex 78.2151 47.1987 -7.6
      vertex 78.1447 47.1349 -7.6
    endloop
  endfacet
  facet normal -0.556084 0.831126 0
    outer loop
      vertex 78.2982 47.2543 -7.6
      vertex 78.2151 47.1987 -7
      vertex 78.2982 47.2543 -7
    endloop
  endfacet
  facet normal -0.556084 0.831126 0
    outer loop
      vertex 78.2151 47.1987 -7
      vertex 78.2982 47.2543 -7.6
      vertex 78.2151 47.1987 -7.6
    endloop
  endfacet
  facet normal -0.445357 0.895353 0
    outer loop
      vertex 78.3947 47.3023 -7.6
      vertex 78.2982 47.2543 -7
      vertex 78.3947 47.3023 -7
    endloop
  endfacet
  facet normal -0.445357 0.895353 0
    outer loop
      vertex 78.2982 47.2543 -7
      vertex 78.3947 47.3023 -7.6
      vertex 78.2982 47.2543 -7.6
    endloop
  endfacet
  facet normal -0.344405 0.938821 0
    outer loop
      vertex 78.5051 47.3428 -7.6
      vertex 78.3947 47.3023 -7
      vertex 78.5051 47.3428 -7
    endloop
  endfacet
  facet normal -0.344405 0.938821 0
    outer loop
      vertex 78.3947 47.3023 -7
      vertex 78.5051 47.3428 -7.6
      vertex 78.3947 47.3023 -7.6
    endloop
  endfacet
  facet normal -0.257856 0.966183 0
    outer loop
      vertex 78.6295 47.376 -7.6
      vertex 78.5051 47.3428 -7
      vertex 78.6295 47.376 -7
    endloop
  endfacet
  facet normal -0.257856 0.966183 0
    outer loop
      vertex 78.5051 47.3428 -7
      vertex 78.6295 47.376 -7.6
      vertex 78.5051 47.3428 -7.6
    endloop
  endfacet
  facet normal -0.183387 0.983041 0
    outer loop
      vertex 78.7678 47.4018 -7.6
      vertex 78.6295 47.376 -7
      vertex 78.7678 47.4018 -7
    endloop
  endfacet
  facet normal -0.183387 0.983041 0
    outer loop
      vertex 78.6295 47.376 -7
      vertex 78.7678 47.4018 -7.6
      vertex 78.6295 47.376 -7.6
    endloop
  endfacet
  facet normal -0.119942 0.992781 0
    outer loop
      vertex 78.9201 47.4202 -7.6
      vertex 78.7678 47.4018 -7
      vertex 78.9201 47.4202 -7
    endloop
  endfacet
  facet normal -0.119942 0.992781 0
    outer loop
      vertex 78.7678 47.4018 -7
      vertex 78.9201 47.4202 -7.6
      vertex 78.7678 47.4018 -7.6
    endloop
  endfacet
  facet normal -0.0665987 0.99778 0
    outer loop
      vertex 79.0864 47.4313 -7.6
      vertex 78.9201 47.4202 -7
      vertex 79.0864 47.4313 -7
    endloop
  endfacet
  facet normal -0.0665987 0.99778 0
    outer loop
      vertex 78.9201 47.4202 -7
      vertex 79.0864 47.4313 -7.6
      vertex 78.9201 47.4202 -7.6
    endloop
  endfacet
  facet normal -0.0199738 0.999801 0
    outer loop
      vertex 79.2666 47.4349 -7.6
      vertex 79.0864 47.4313 -7
      vertex 79.2666 47.4349 -7
    endloop
  endfacet
  facet normal -0.0199738 0.999801 0
    outer loop
      vertex 79.0864 47.4313 -7
      vertex 79.2666 47.4349 -7.6
      vertex 79.0864 47.4313 -7.6
    endloop
  endfacet
  facet normal 0.0189706 0.99982 -0
    outer loop
      vertex 79.4089 47.4322 -7.6
      vertex 79.2666 47.4349 -7
      vertex 79.4089 47.4322 -7
    endloop
  endfacet
  facet normal 0.0189706 0.99982 0
    outer loop
      vertex 79.2666 47.4349 -7
      vertex 79.4089 47.4322 -7.6
      vertex 79.2666 47.4349 -7.6
    endloop
  endfacet
  facet normal 0.0558519 0.998439 -0
    outer loop
      vertex 79.5537 47.4241 -7.6
      vertex 79.4089 47.4322 -7
      vertex 79.5537 47.4241 -7
    endloop
  endfacet
  facet normal 0.0558519 0.998439 0
    outer loop
      vertex 79.4089 47.4322 -7
      vertex 79.5537 47.4241 -7.6
      vertex 79.4089 47.4322 -7.6
    endloop
  endfacet
  facet normal 0.0925455 0.995708 -0
    outer loop
      vertex 79.7011 47.4104 -7.6
      vertex 79.5537 47.4241 -7
      vertex 79.7011 47.4104 -7
    endloop
  endfacet
  facet normal 0.0925455 0.995708 0
    outer loop
      vertex 79.5537 47.4241 -7
      vertex 79.7011 47.4104 -7.6
      vertex 79.5537 47.4241 -7.6
    endloop
  endfacet
  facet normal 0.125828 0.992052 -0
    outer loop
      vertex 79.8509 47.3914 -7.6
      vertex 79.7011 47.4104 -7
      vertex 79.8509 47.3914 -7
    endloop
  endfacet
  facet normal 0.125828 0.992052 0
    outer loop
      vertex 79.7011 47.4104 -7
      vertex 79.8509 47.3914 -7.6
      vertex 79.7011 47.4104 -7.6
    endloop
  endfacet
  facet normal 0.158723 0.987323 -0
    outer loop
      vertex 80.0033 47.3669 -7.6
      vertex 79.8509 47.3914 -7
      vertex 80.0033 47.3669 -7
    endloop
  endfacet
  facet normal 0.158723 0.987323 0
    outer loop
      vertex 79.8509 47.3914 -7
      vertex 80.0033 47.3669 -7.6
      vertex 79.8509 47.3914 -7.6
    endloop
  endfacet
  facet normal 0.189529 0.981875 -0
    outer loop
      vertex 80.1582 47.337 -7.6
      vertex 80.0033 47.3669 -7
      vertex 80.1582 47.337 -7
    endloop
  endfacet
  facet normal 0.189529 0.981875 0
    outer loop
      vertex 80.0033 47.3669 -7
      vertex 80.1582 47.337 -7.6
      vertex 80.0033 47.3669 -7.6
    endloop
  endfacet
  facet normal 0.219424 0.97563 -0
    outer loop
      vertex 80.3156 47.3016 -7.6
      vertex 80.1582 47.337 -7
      vertex 80.3156 47.3016 -7
    endloop
  endfacet
  facet normal 0.219424 0.97563 0
    outer loop
      vertex 80.1582 47.337 -7
      vertex 80.3156 47.3016 -7.6
      vertex 80.1582 47.337 -7.6
    endloop
  endfacet
  facet normal 0.247541 0.968877 -0
    outer loop
      vertex 80.4749 47.2609 -7.6
      vertex 80.3156 47.3016 -7
      vertex 80.4749 47.2609 -7
    endloop
  endfacet
  facet normal 0.247541 0.968877 0
    outer loop
      vertex 80.3156 47.3016 -7
      vertex 80.4749 47.2609 -7.6
      vertex 80.3156 47.3016 -7.6
    endloop
  endfacet
  facet normal 0.275671 0.961252 -0
    outer loop
      vertex 80.6353 47.2149 -7.6
      vertex 80.4749 47.2609 -7
      vertex 80.6353 47.2149 -7
    endloop
  endfacet
  facet normal 0.275671 0.961252 0
    outer loop
      vertex 80.4749 47.2609 -7
      vertex 80.6353 47.2149 -7.6
      vertex 80.4749 47.2609 -7.6
    endloop
  endfacet
  facet normal 0.302035 0.953297 -0
    outer loop
      vertex 80.7969 47.1637 -7.6
      vertex 80.6353 47.2149 -7
      vertex 80.7969 47.1637 -7
    endloop
  endfacet
  facet normal 0.302035 0.953297 0
    outer loop
      vertex 80.6353 47.2149 -7
      vertex 80.7969 47.1637 -7.6
      vertex 80.6353 47.2149 -7.6
    endloop
  endfacet
  facet normal 0.327868 0.944724 -0
    outer loop
      vertex 80.9597 47.1072 -7.6
      vertex 80.7969 47.1637 -7
      vertex 80.9597 47.1072 -7
    endloop
  endfacet
  facet normal 0.327868 0.944724 0
    outer loop
      vertex 80.7969 47.1637 -7
      vertex 80.9597 47.1072 -7.6
      vertex 80.7969 47.1637 -7.6
    endloop
  endfacet
  facet normal 0.352312 0.935883 -0
    outer loop
      vertex 81.1236 47.0455 -7.6
      vertex 80.9597 47.1072 -7
      vertex 81.1236 47.0455 -7
    endloop
  endfacet
  facet normal 0.352312 0.935883 0
    outer loop
      vertex 80.9597 47.1072 -7
      vertex 81.1236 47.0455 -7.6
      vertex 80.9597 47.1072 -7.6
    endloop
  endfacet
  facet normal 0.376031 0.926607 -0
    outer loop
      vertex 81.2887 46.9785 -7.6
      vertex 81.1236 47.0455 -7
      vertex 81.2887 46.9785 -7
    endloop
  endfacet
  facet normal 0.376031 0.926607 0
    outer loop
      vertex 81.1236 47.0455 -7
      vertex 81.2887 46.9785 -7.6
      vertex 81.1236 47.0455 -7.6
    endloop
  endfacet
  facet normal 0.398444 0.917193 -0
    outer loop
      vertex 81.4549 46.9063 -7.6
      vertex 81.2887 46.9785 -7
      vertex 81.4549 46.9063 -7
    endloop
  endfacet
  facet normal 0.398444 0.917193 0
    outer loop
      vertex 81.2887 46.9785 -7
      vertex 81.4549 46.9063 -7.6
      vertex 81.2887 46.9785 -7.6
    endloop
  endfacet
  facet normal -1 0 0
    outer loop
      vertex 81.4549 46.9063 -7.6
      vertex 81.4549 48.4093 -7
      vertex 81.4549 48.4093 -7.6
    endloop
  endfacet
  facet normal -1 -0 0
    outer loop
      vertex 81.4549 48.4093 -7
      vertex 81.4549 46.9063 -7.6
      vertex 81.4549 46.9063 -7
    endloop
  endfacet
  facet normal -0.249691 -0.968326 0
    outer loop
      vertex 81.2672 48.4577 -7.6
      vertex 81.4549 48.4093 -7
      vertex 81.2672 48.4577 -7
    endloop
  endfacet
  facet normal -0.249691 -0.968326 -0
    outer loop
      vertex 81.4549 48.4093 -7
      vertex 81.2672 48.4577 -7.6
      vertex 81.4549 48.4093 -7.6
    endloop
  endfacet
  facet normal -0.234777 -0.972049 0
    outer loop
      vertex 81.0813 48.5026 -7.6
      vertex 81.2672 48.4577 -7
      vertex 81.0813 48.5026 -7
    endloop
  endfacet
  facet normal -0.234777 -0.972049 -0
    outer loop
      vertex 81.2672 48.4577 -7
      vertex 81.0813 48.5026 -7.6
      vertex 81.2672 48.4577 -7.6
    endloop
  endfacet
  facet normal -0.218894 -0.975749 0
    outer loop
      vertex 80.8972 48.5439 -7.6
      vertex 81.0813 48.5026 -7
      vertex 80.8972 48.5439 -7
    endloop
  endfacet
  facet normal -0.218894 -0.975749 -0
    outer loop
      vertex 81.0813 48.5026 -7
      vertex 80.8972 48.5439 -7.6
      vertex 81.0813 48.5026 -7.6
    endloop
  endfacet
  facet normal -0.20241 -0.979301 0
    outer loop
      vertex 80.7148 48.5816 -7.6
      vertex 80.8972 48.5439 -7
      vertex 80.7148 48.5816 -7
    endloop
  endfacet
  facet normal -0.20241 -0.979301 -0
    outer loop
      vertex 80.8972 48.5439 -7
      vertex 80.7148 48.5816 -7.6
      vertex 80.8972 48.5439 -7.6
    endloop
  endfacet
  facet normal -0.185438 -0.982656 0
    outer loop
      vertex 80.5341 48.6157 -7.6
      vertex 80.7148 48.5816 -7
      vertex 80.5341 48.6157 -7
    endloop
  endfacet
  facet normal -0.185438 -0.982656 -0
    outer loop
      vertex 80.7148 48.5816 -7
      vertex 80.5341 48.6157 -7.6
      vertex 80.7148 48.5816 -7.6
    endloop
  endfacet
  facet normal -0.16797 -0.985792 0
    outer loop
      vertex 80.3551 48.6462 -7.6
      vertex 80.5341 48.6157 -7
      vertex 80.3551 48.6462 -7
    endloop
  endfacet
  facet normal -0.16797 -0.985792 -0
    outer loop
      vertex 80.5341 48.6157 -7
      vertex 80.3551 48.6462 -7.6
      vertex 80.5341 48.6157 -7.6
    endloop
  endfacet
  facet normal -0.150086 -0.988673 0
    outer loop
      vertex 80.1779 48.6731 -7.6
      vertex 80.3551 48.6462 -7
      vertex 80.1779 48.6731 -7
    endloop
  endfacet
  facet normal -0.150086 -0.988673 -0
    outer loop
      vertex 80.3551 48.6462 -7
      vertex 80.1779 48.6731 -7.6
      vertex 80.3551 48.6462 -7.6
    endloop
  endfacet
  facet normal -0.131535 -0.991312 0
    outer loop
      vertex 80.0023 48.6964 -7.6
      vertex 80.1779 48.6731 -7
      vertex 80.0023 48.6964 -7
    endloop
  endfacet
  facet normal -0.131535 -0.991312 -0
    outer loop
      vertex 80.1779 48.6731 -7
      vertex 80.0023 48.6964 -7.6
      vertex 80.1779 48.6731 -7.6
    endloop
  endfacet
  facet normal -0.112935 -0.993602 0
    outer loop
      vertex 79.8281 48.7162 -7.6
      vertex 80.0023 48.6964 -7
      vertex 79.8281 48.7162 -7
    endloop
  endfacet
  facet normal -0.112935 -0.993602 -0
    outer loop
      vertex 80.0023 48.6964 -7
      vertex 79.8281 48.7162 -7.6
      vertex 80.0023 48.6964 -7.6
    endloop
  endfacet
  facet normal -0.0927163 -0.995693 0
    outer loop
      vertex 79.6552 48.7323 -7.6
      vertex 79.8281 48.7162 -7
      vertex 79.6552 48.7323 -7
    endloop
  endfacet
  facet normal -0.0927163 -0.995693 -0
    outer loop
      vertex 79.8281 48.7162 -7
      vertex 79.6552 48.7323 -7.6
      vertex 79.8281 48.7162 -7.6
    endloop
  endfacet
  facet normal -0.0732294 -0.997315 0
    outer loop
      vertex 79.4836 48.7449 -7.6
      vertex 79.6552 48.7323 -7
      vertex 79.4836 48.7449 -7
    endloop
  endfacet
  facet normal -0.0732294 -0.997315 -0
    outer loop
      vertex 79.6552 48.7323 -7
      vertex 79.4836 48.7449 -7.6
      vertex 79.6552 48.7323 -7.6
    endloop
  endfacet
  facet normal -0.0522201 -0.998636 0
    outer loop
      vertex 79.3134 48.7538 -7.6
      vertex 79.4836 48.7449 -7
      vertex 79.3134 48.7538 -7
    endloop
  endfacet
  facet normal -0.0522201 -0.998636 -0
    outer loop
      vertex 79.4836 48.7449 -7
      vertex 79.3134 48.7538 -7.6
      vertex 79.4836 48.7449 -7.6
    endloop
  endfacet
  facet normal -0.0319553 -0.999489 0
    outer loop
      vertex 79.1445 48.7592 -7.6
      vertex 79.3134 48.7538 -7
      vertex 79.1445 48.7592 -7
    endloop
  endfacet
  facet normal -0.0319553 -0.999489 -0
    outer loop
      vertex 79.3134 48.7538 -7
      vertex 79.1445 48.7592 -7.6
      vertex 79.3134 48.7538 -7.6
    endloop
  endfacet
  facet normal -0.0107456 -0.999942 0
    outer loop
      vertex 78.977 48.761 -7.6
      vertex 79.1445 48.7592 -7
      vertex 78.977 48.761 -7
    endloop
  endfacet
  facet normal -0.0107456 -0.999942 -0
    outer loop
      vertex 79.1445 48.7592 -7
      vertex 78.977 48.761 -7.6
      vertex 79.1445 48.7592 -7.6
    endloop
  endfacet
  facet normal 0.0327508 -0.999464 0
    outer loop
      vertex 78.623 48.7494 -7.6
      vertex 78.977 48.761 -7
      vertex 78.623 48.7494 -7
    endloop
  endfacet
  facet normal 0.0327508 -0.999464 0
    outer loop
      vertex 78.977 48.761 -7
      vertex 78.623 48.7494 -7.6
      vertex 78.977 48.761 -7.6
    endloop
  endfacet
  facet normal 0.105329 -0.994437 0
    outer loop
      vertex 78.2935 48.7145 -7.6
      vertex 78.623 48.7494 -7
      vertex 78.2935 48.7145 -7
    endloop
  endfacet
  facet normal 0.105329 -0.994437 0
    outer loop
      vertex 78.623 48.7494 -7
      vertex 78.2935 48.7145 -7.6
      vertex 78.623 48.7494 -7.6
    endloop
  endfacet
  facet normal 0.187319 -0.982299 0
    outer loop
      vertex 77.9883 48.6563 -7.6
      vertex 78.2935 48.7145 -7
      vertex 77.9883 48.6563 -7
    endloop
  endfacet
  facet normal 0.187319 -0.982299 0
    outer loop
      vertex 78.2935 48.7145 -7
      vertex 77.9883 48.6563 -7.6
      vertex 78.2935 48.7145 -7.6
    endloop
  endfacet
  facet normal 0.278515 -0.960432 0
    outer loop
      vertex 77.7076 48.5749 -7.6
      vertex 77.9883 48.6563 -7
      vertex 77.7076 48.5749 -7
    endloop
  endfacet
  facet normal 0.278515 -0.960432 0
    outer loop
      vertex 77.9883 48.6563 -7
      vertex 77.7076 48.5749 -7.6
      vertex 77.9883 48.6563 -7.6
    endloop
  endfacet
  facet normal 0.378042 -0.925788 0
    outer loop
      vertex 77.4512 48.4702 -7.6
      vertex 77.7076 48.5749 -7
      vertex 77.4512 48.4702 -7
    endloop
  endfacet
  facet normal 0.378042 -0.925788 0
    outer loop
      vertex 77.7076 48.5749 -7
      vertex 77.4512 48.4702 -7.6
      vertex 77.7076 48.5749 -7.6
    endloop
  endfacet
  facet normal 0.482948 -0.875649 0
    outer loop
      vertex 77.2193 48.3423 -7.6
      vertex 77.4512 48.4702 -7
      vertex 77.2193 48.3423 -7
    endloop
  endfacet
  facet normal 0.482948 -0.875649 0
    outer loop
      vertex 77.4512 48.4702 -7
      vertex 77.2193 48.3423 -7.6
      vertex 77.4512 48.4702 -7.6
    endloop
  endfacet
  facet normal 0.588913 -0.808197 0
    outer loop
      vertex 77.0118 48.1911 -7.6
      vertex 77.2193 48.3423 -7
      vertex 77.0118 48.1911 -7
    endloop
  endfacet
  facet normal 0.588913 -0.808197 0
    outer loop
      vertex 77.2193 48.3423 -7
      vertex 77.0118 48.1911 -7.6
      vertex 77.2193 48.3423 -7.6
    endloop
  endfacet
  facet normal 0.689944 -0.723863 0
    outer loop
      vertex 76.8304 48.0182 -7.6
      vertex 77.0118 48.1911 -7
      vertex 76.8304 48.0182 -7
    endloop
  endfacet
  facet normal 0.689944 -0.723863 0
    outer loop
      vertex 77.0118 48.1911 -7
      vertex 76.8304 48.0182 -7.6
      vertex 77.0118 48.1911 -7.6
    endloop
  endfacet
  facet normal 0.782372 -0.622812 0
    outer loop
      vertex 76.677 47.8255 -7
      vertex 76.8304 48.0182 -7.6
      vertex 76.8304 48.0182 -7
    endloop
  endfacet
  facet normal 0.782372 -0.622812 0
    outer loop
      vertex 76.8304 48.0182 -7.6
      vertex 76.677 47.8255 -7
      vertex 76.677 47.8255 -7.6
    endloop
  endfacet
  facet normal 0.861184 -0.508293 0
    outer loop
      vertex 76.5514 47.6127 -7
      vertex 76.677 47.8255 -7.6
      vertex 76.677 47.8255 -7
    endloop
  endfacet
  facet normal 0.861184 -0.508293 0
    outer loop
      vertex 76.677 47.8255 -7.6
      vertex 76.5514 47.6127 -7
      vertex 76.5514 47.6127 -7.6
    endloop
  endfacet
  facet normal 0.922231 -0.38664 0
    outer loop
      vertex 76.4538 47.3799 -7
      vertex 76.5514 47.6127 -7.6
      vertex 76.5514 47.6127 -7
    endloop
  endfacet
  facet normal 0.922231 -0.38664 0
    outer loop
      vertex 76.5514 47.6127 -7.6
      vertex 76.4538 47.3799 -7
      vertex 76.4538 47.3799 -7.6
    endloop
  endfacet
  facet normal 0.963905 -0.266247 0
    outer loop
      vertex 76.384 47.1272 -7
      vertex 76.4538 47.3799 -7.6
      vertex 76.4538 47.3799 -7
    endloop
  endfacet
  facet normal 0.963905 -0.266247 0
    outer loop
      vertex 76.4538 47.3799 -7.6
      vertex 76.384 47.1272 -7
      vertex 76.384 47.1272 -7.6
    endloop
  endfacet
  facet normal 0.988447 -0.151567 0
    outer loop
      vertex 76.3422 46.8546 -7
      vertex 76.384 47.1272 -7.6
      vertex 76.384 47.1272 -7
    endloop
  endfacet
  facet normal 0.988447 -0.151567 0
    outer loop
      vertex 76.384 47.1272 -7.6
      vertex 76.3422 46.8546 -7
      vertex 76.3422 46.8546 -7.6
    endloop
  endfacet
  facet normal 0.998858 -0.0477759 0
    outer loop
      vertex 76.3282 46.5619 -7
      vertex 76.3422 46.8546 -7.6
      vertex 76.3422 46.8546 -7
    endloop
  endfacet
  facet normal 0.998858 -0.0477759 0
    outer loop
      vertex 76.3422 46.8546 -7.6
      vertex 76.3282 46.5619 -7
      vertex 76.3282 46.5619 -7.6
    endloop
  endfacet
  facet normal 0.999074 0.0430305 0
    outer loop
      vertex 76.3383 46.3274 -7
      vertex 76.3282 46.5619 -7.6
      vertex 76.3282 46.5619 -7
    endloop
  endfacet
  facet normal 0.999074 0.0430305 0
    outer loop
      vertex 76.3282 46.5619 -7.6
      vertex 76.3383 46.3274 -7
      vertex 76.3383 46.3274 -7.6
    endloop
  endfacet
  facet normal 0.990855 0.134933 0
    outer loop
      vertex 76.3683 46.1071 -7
      vertex 76.3383 46.3274 -7.6
      vertex 76.3383 46.3274 -7
    endloop
  endfacet
  facet normal 0.990855 0.134933 0
    outer loop
      vertex 76.3383 46.3274 -7.6
      vertex 76.3683 46.1071 -7
      vertex 76.3683 46.1071 -7.6
    endloop
  endfacet
  facet normal 0.971594 0.236652 0
    outer loop
      vertex 76.4185 45.901 -7
      vertex 76.3683 46.1071 -7.6
      vertex 76.3683 46.1071 -7
    endloop
  endfacet
  facet normal 0.971594 0.236652 0
    outer loop
      vertex 76.3683 46.1071 -7.6
      vertex 76.4185 45.901 -7
      vertex 76.4185 45.901 -7.6
    endloop
  endfacet
  facet normal 0.93925 0.343234 0
    outer loop
      vertex 76.4887 45.7089 -7
      vertex 76.4185 45.901 -7.6
      vertex 76.4185 45.901 -7
    endloop
  endfacet
  facet normal 0.93925 0.343234 0
    outer loop
      vertex 76.4185 45.901 -7.6
      vertex 76.4887 45.7089 -7
      vertex 76.4887 45.7089 -7.6
    endloop
  endfacet
  facet normal 0.891804 0.452422 0
    outer loop
      vertex 76.5789 45.5311 -7
      vertex 76.4887 45.7089 -7.6
      vertex 76.4887 45.7089 -7
    endloop
  endfacet
  facet normal 0.891804 0.452422 0
    outer loop
      vertex 76.4887 45.7089 -7.6
      vertex 76.5789 45.5311 -7
      vertex 76.5789 45.5311 -7.6
    endloop
  endfacet
  facet normal 0.82947 0.558551 0
    outer loop
      vertex 76.6892 45.3673 -7
      vertex 76.5789 45.5311 -7.6
      vertex 76.5789 45.5311 -7
    endloop
  endfacet
  facet normal 0.82947 0.558551 0
    outer loop
      vertex 76.5789 45.5311 -7.6
      vertex 76.6892 45.3673 -7
      vertex 76.6892 45.3673 -7.6
    endloop
  endfacet
  facet normal 0.753606 0.657326 0
    outer loop
      vertex 76.8196 45.2178 -7
      vertex 76.6892 45.3673 -7.6
      vertex 76.6892 45.3673 -7
    endloop
  endfacet
  facet normal 0.753606 0.657326 0
    outer loop
      vertex 76.6892 45.3673 -7.6
      vertex 76.8196 45.2178 -7
      vertex 76.8196 45.2178 -7.6
    endloop
  endfacet
  facet normal 0.669505 0.742808 -0
    outer loop
      vertex 76.9716 45.0808 -7.6
      vertex 76.8196 45.2178 -7
      vertex 76.9716 45.0808 -7
    endloop
  endfacet
  facet normal 0.669505 0.742808 0
    outer loop
      vertex 76.8196 45.2178 -7
      vertex 76.9716 45.0808 -7.6
      vertex 76.8196 45.2178 -7.6
    endloop
  endfacet
  facet normal 0.583121 0.812386 -0
    outer loop
      vertex 77.147 44.9549 -7.6
      vertex 76.9716 45.0808 -7
      vertex 77.147 44.9549 -7
    endloop
  endfacet
  facet normal 0.583121 0.812386 0
    outer loop
      vertex 76.9716 45.0808 -7
      vertex 77.147 44.9549 -7.6
      vertex 76.9716 45.0808 -7.6
    endloop
  endfacet
  facet normal 0.500074 0.865982 -0
    outer loop
      vertex 77.3458 44.8401 -7.6
      vertex 77.147 44.9549 -7
      vertex 77.3458 44.8401 -7
    endloop
  endfacet
  facet normal 0.500074 0.865982 0
    outer loop
      vertex 77.147 44.9549 -7
      vertex 77.3458 44.8401 -7.6
      vertex 77.147 44.9549 -7.6
    endloop
  endfacet
  facet normal 0.423556 0.90587 -0
    outer loop
      vertex 77.5678 44.7363 -7.6
      vertex 77.3458 44.8401 -7
      vertex 77.5678 44.7363 -7
    endloop
  endfacet
  facet normal 0.423556 0.90587 0
    outer loop
      vertex 77.3458 44.8401 -7
      vertex 77.5678 44.7363 -7.6
      vertex 77.3458 44.8401 -7.6
    endloop
  endfacet
  facet normal 0.353586 0.935402 -0
    outer loop
      vertex 77.8133 44.6435 -7.6
      vertex 77.5678 44.7363 -7
      vertex 77.8133 44.6435 -7
    endloop
  endfacet
  facet normal 0.353586 0.935402 0
    outer loop
      vertex 77.5678 44.7363 -7
      vertex 77.8133 44.6435 -7.6
      vertex 77.5678 44.7363 -7.6
    endloop
  endfacet
  facet normal 0.290807 0.956782 -0
    outer loop
      vertex 78.0821 44.5618 -7.6
      vertex 77.8133 44.6435 -7
      vertex 78.0821 44.5618 -7
    endloop
  endfacet
  facet normal 0.290807 0.956782 0
    outer loop
      vertex 77.8133 44.6435 -7
      vertex 78.0821 44.5618 -7.6
      vertex 77.8133 44.6435 -7.6
    endloop
  endfacet
  facet normal 0.235248 0.971935 -0
    outer loop
      vertex 78.3742 44.4911 -7.6
      vertex 78.0821 44.5618 -7
      vertex 78.3742 44.4911 -7
    endloop
  endfacet
  facet normal 0.235248 0.971935 0
    outer loop
      vertex 78.0821 44.5618 -7
      vertex 78.3742 44.4911 -7.6
      vertex 78.0821 44.5618 -7.6
    endloop
  endfacet
  facet normal 0.21617 0.976356 -0
    outer loop
      vertex 79.0815 44.3345 -7.6
      vertex 78.3742 44.4911 -7
      vertex 79.0815 44.3345 -7
    endloop
  endfacet
  facet normal 0.21617 0.976356 0
    outer loop
      vertex 78.3742 44.4911 -7
      vertex 79.0815 44.3345 -7.6
      vertex 78.3742 44.4911 -7.6
    endloop
  endfacet
  facet normal 0.229472 0.973315 -0
    outer loop
      vertex 79.2571 44.2931 -7.6
      vertex 79.0815 44.3345 -7
      vertex 79.2571 44.2931 -7
    endloop
  endfacet
  facet normal 0.229472 0.973315 0
    outer loop
      vertex 79.0815 44.3345 -7
      vertex 79.2571 44.2931 -7.6
      vertex 79.0815 44.3345 -7.6
    endloop
  endfacet
  facet normal 0.262291 0.964989 -0
    outer loop
      vertex 79.4153 44.2501 -7.6
      vertex 79.2571 44.2931 -7
      vertex 79.4153 44.2501 -7
    endloop
  endfacet
  facet normal 0.262291 0.964989 0
    outer loop
      vertex 79.2571 44.2931 -7
      vertex 79.4153 44.2501 -7.6
      vertex 79.2571 44.2931 -7.6
    endloop
  endfacet
  facet normal 0.301748 0.953388 -0
    outer loop
      vertex 79.5559 44.2056 -7.6
      vertex 79.4153 44.2501 -7
      vertex 79.5559 44.2056 -7
    endloop
  endfacet
  facet normal 0.301748 0.953388 0
    outer loop
      vertex 79.4153 44.2501 -7
      vertex 79.5559 44.2056 -7.6
      vertex 79.4153 44.2501 -7.6
    endloop
  endfacet
  facet normal 0.350707 0.936485 -0
    outer loop
      vertex 79.679 44.1595 -7.6
      vertex 79.5559 44.2056 -7
      vertex 79.679 44.1595 -7
    endloop
  endfacet
  facet normal 0.350707 0.936485 0
    outer loop
      vertex 79.5559 44.2056 -7
      vertex 79.679 44.1595 -7.6
      vertex 79.5559 44.2056 -7.6
    endloop
  endfacet
  facet normal 0.41198 0.911193 -0
    outer loop
      vertex 79.7845 44.1118 -7.6
      vertex 79.679 44.1595 -7
      vertex 79.7845 44.1118 -7
    endloop
  endfacet
  facet normal 0.41198 0.911193 0
    outer loop
      vertex 79.679 44.1595 -7
      vertex 79.7845 44.1118 -7.6
      vertex 79.679 44.1595 -7.6
    endloop
  endfacet
  facet normal 0.487999 0.872844 -0
    outer loop
      vertex 79.8725 44.0626 -7.6
      vertex 79.7845 44.1118 -7
      vertex 79.8725 44.0626 -7
    endloop
  endfacet
  facet normal 0.487999 0.872844 0
    outer loop
      vertex 79.7845 44.1118 -7
      vertex 79.8725 44.0626 -7.6
      vertex 79.7845 44.1118 -7.6
    endloop
  endfacet
  facet normal 0.58385 0.811862 -0
    outer loop
      vertex 79.943 44.0119 -7.6
      vertex 79.8725 44.0626 -7
      vertex 79.943 44.0119 -7
    endloop
  endfacet
  facet normal 0.58385 0.811862 0
    outer loop
      vertex 79.8725 44.0626 -7
      vertex 79.943 44.0119 -7.6
      vertex 79.8725 44.0626 -7.6
    endloop
  endfacet
  facet normal 0.689844 0.723958 -0
    outer loop
      vertex 80.0003 43.9573 -7.6
      vertex 79.943 44.0119 -7
      vertex 80.0003 43.9573 -7
    endloop
  endfacet
  facet normal 0.689844 0.723958 0
    outer loop
      vertex 79.943 44.0119 -7
      vertex 80.0003 43.9573 -7.6
      vertex 79.943 44.0119 -7.6
    endloop
  endfacet
  facet normal 0.781746 0.623597 0
    outer loop
      vertex 80.0488 43.8965 -7
      vertex 80.0003 43.9573 -7.6
      vertex 80.0003 43.9573 -7
    endloop
  endfacet
  facet normal 0.781746 0.623597 0
    outer loop
      vertex 80.0003 43.9573 -7.6
      vertex 80.0488 43.8965 -7
      vertex 80.0488 43.8965 -7.6
    endloop
  endfacet
  facet normal 0.860875 0.508816 0
    outer loop
      vertex 80.0884 43.8295 -7
      vertex 80.0488 43.8965 -7.6
      vertex 80.0488 43.8965 -7
    endloop
  endfacet
  facet normal 0.860875 0.508816 0
    outer loop
      vertex 80.0488 43.8965 -7.6
      vertex 80.0884 43.8295 -7
      vertex 80.0884 43.8295 -7.6
    endloop
  endfacet
  facet normal 0.92128 0.388901 0
    outer loop
      vertex 80.1193 43.7563 -7
      vertex 80.0884 43.8295 -7.6
      vertex 80.0884 43.8295 -7
    endloop
  endfacet
  facet normal 0.92128 0.388901 0
    outer loop
      vertex 80.0884 43.8295 -7.6
      vertex 80.1193 43.7563 -7
      vertex 80.1193 43.7563 -7.6
    endloop
  endfacet
  facet normal 0.963692 0.267018 0
    outer loop
      vertex 80.1413 43.6769 -7
      vertex 80.1193 43.7563 -7.6
      vertex 80.1193 43.7563 -7
    endloop
  endfacet
  facet normal 0.963692 0.267018 0
    outer loop
      vertex 80.1193 43.7563 -7.6
      vertex 80.1413 43.6769 -7
      vertex 80.1413 43.6769 -7.6
    endloop
  endfacet
  facet normal 0.988144 0.153532 0
    outer loop
      vertex 80.1546 43.5913 -7
      vertex 80.1413 43.6769 -7.6
      vertex 80.1413 43.6769 -7
    endloop
  endfacet
  facet normal 0.988144 0.153532 0
    outer loop
      vertex 80.1413 43.6769 -7.6
      vertex 80.1546 43.5913 -7
      vertex 80.1546 43.5913 -7.6
    endloop
  endfacet
  facet normal 0.998851 0.0479274 0
    outer loop
      vertex 80.159 43.4996 -7
      vertex 80.1546 43.5913 -7.6
      vertex 80.1546 43.5913 -7
    endloop
  endfacet
  facet normal 0.998851 0.0479274 0
    outer loop
      vertex 80.1546 43.5913 -7.6
      vertex 80.159 43.4996 -7
      vertex 80.159 43.4996 -7.6
    endloop
  endfacet
  facet normal 0.997988 -0.0634107 0
    outer loop
      vertex 80.1525 43.3973 -7
      vertex 80.159 43.4996 -7.6
      vertex 80.159 43.4996 -7
    endloop
  endfacet
  facet normal 0.997988 -0.0634107 0
    outer loop
      vertex 80.159 43.4996 -7.6
      vertex 80.1525 43.3973 -7
      vertex 80.1525 43.3973 -7.6
    endloop
  endfacet
  facet normal 0.979701 -0.200464 0
    outer loop
      vertex 80.133 43.302 -7
      vertex 80.1525 43.3973 -7.6
      vertex 80.1525 43.3973 -7
    endloop
  endfacet
  facet normal 0.979701 -0.200464 0
    outer loop
      vertex 80.1525 43.3973 -7.6
      vertex 80.133 43.302 -7
      vertex 80.133 43.302 -7.6
    endloop
  endfacet
  facet normal 0.938796 -0.344473 0
    outer loop
      vertex 80.1006 43.2137 -7
      vertex 80.133 43.302 -7.6
      vertex 80.133 43.302 -7
    endloop
  endfacet
  facet normal 0.938796 -0.344473 0
    outer loop
      vertex 80.133 43.302 -7.6
      vertex 80.1006 43.2137 -7
      vertex 80.1006 43.2137 -7.6
    endloop
  endfacet
  facet normal 0.872634 -0.488375 0
    outer loop
      vertex 80.0551 43.1324 -7
      vertex 80.1006 43.2137 -7.6
      vertex 80.1006 43.2137 -7
    endloop
  endfacet
  facet normal 0.872634 -0.488375 0
    outer loop
      vertex 80.1006 43.2137 -7.6
      vertex 80.0551 43.1324 -7
      vertex 80.0551 43.1324 -7.6
    endloop
  endfacet
  facet normal 0.786612 -0.617448 0
    outer loop
      vertex 79.9967 43.058 -7
      vertex 80.0551 43.1324 -7.6
      vertex 80.0551 43.1324 -7
    endloop
  endfacet
  facet normal 0.786612 -0.617448 0
    outer loop
      vertex 80.0551 43.1324 -7.6
      vertex 79.9967 43.058 -7
      vertex 79.9967 43.058 -7.6
    endloop
  endfacet
  facet normal 0.686444 -0.727183 0
    outer loop
      vertex 79.9253 42.9906 -7.6
      vertex 79.9967 43.058 -7
      vertex 79.9253 42.9906 -7
    endloop
  endfacet
  facet normal 0.686444 -0.727183 0
    outer loop
      vertex 79.9967 43.058 -7
      vertex 79.9253 42.9906 -7.6
      vertex 79.9967 43.058 -7.6
    endloop
  endfacet
  facet normal 0.581967 -0.813212 0
    outer loop
      vertex 79.8409 42.9302 -7.6
      vertex 79.9253 42.9906 -7
      vertex 79.8409 42.9302 -7
    endloop
  endfacet
  facet normal 0.581967 -0.813212 0
    outer loop
      vertex 79.9253 42.9906 -7
      vertex 79.8409 42.9302 -7.6
      vertex 79.9253 42.9906 -7.6
    endloop
  endfacet
  facet normal 0.480315 -0.877096 0
    outer loop
      vertex 79.7443 42.8773 -7.6
      vertex 79.8409 42.9302 -7
      vertex 79.7443 42.8773 -7
    endloop
  endfacet
  facet normal 0.480315 -0.877096 0
    outer loop
      vertex 79.8409 42.9302 -7
      vertex 79.7443 42.8773 -7.6
      vertex 79.8409 42.9302 -7.6
    endloop
  endfacet
  facet normal 0.382427 -0.923986 0
    outer loop
      vertex 79.6363 42.8326 -7.6
      vertex 79.7443 42.8773 -7
      vertex 79.6363 42.8326 -7
    endloop
  endfacet
  facet normal 0.382427 -0.923986 0
    outer loop
      vertex 79.7443 42.8773 -7
      vertex 79.6363 42.8326 -7.6
      vertex 79.7443 42.8773 -7.6
    endloop
  endfacet
  facet normal 0.293073 -0.95609 0
    outer loop
      vertex 79.5169 42.796 -7.6
      vertex 79.6363 42.8326 -7
      vertex 79.5169 42.796 -7
    endloop
  endfacet
  facet normal 0.293073 -0.95609 0
    outer loop
      vertex 79.6363 42.8326 -7
      vertex 79.5169 42.796 -7.6
      vertex 79.6363 42.8326 -7.6
    endloop
  endfacet
  facet normal 0.21274 -0.977109 0
    outer loop
      vertex 79.386 42.7675 -7.6
      vertex 79.5169 42.796 -7
      vertex 79.386 42.7675 -7
    endloop
  endfacet
  facet normal 0.21274 -0.977109 0
    outer loop
      vertex 79.5169 42.796 -7
      vertex 79.386 42.7675 -7.6
      vertex 79.5169 42.796 -7.6
    endloop
  endfacet
  facet normal 0.141227 -0.989977 0
    outer loop
      vertex 79.2437 42.7472 -7.6
      vertex 79.386 42.7675 -7
      vertex 79.2437 42.7472 -7
    endloop
  endfacet
  facet normal 0.141227 -0.989977 0
    outer loop
      vertex 79.386 42.7675 -7
      vertex 79.2437 42.7472 -7.6
      vertex 79.386 42.7675 -7.6
    endloop
  endfacet
  facet normal 0.0791265 -0.996865 0
    outer loop
      vertex 79.09 42.735 -7.6
      vertex 79.2437 42.7472 -7
      vertex 79.09 42.735 -7
    endloop
  endfacet
  facet normal 0.0791265 -0.996865 0
    outer loop
      vertex 79.2437 42.7472 -7
      vertex 79.09 42.735 -7.6
      vertex 79.2437 42.7472 -7.6
    endloop
  endfacet
  facet normal 0.024206 -0.999707 0
    outer loop
      vertex 78.9248 42.731 -7.6
      vertex 79.09 42.735 -7
      vertex 78.9248 42.731 -7
    endloop
  endfacet
  facet normal 0.024206 -0.999707 0
    outer loop
      vertex 79.09 42.735 -7
      vertex 78.9248 42.731 -7.6
      vertex 79.09 42.735 -7.6
    endloop
  endfacet
  facet normal -0.0218753 -0.999761 0
    outer loop
      vertex 78.7557 42.7347 -7.6
      vertex 78.9248 42.731 -7
      vertex 78.7557 42.7347 -7
    endloop
  endfacet
  facet normal -0.0218753 -0.999761 -0
    outer loop
      vertex 78.9248 42.731 -7
      vertex 78.7557 42.7347 -7.6
      vertex 78.9248 42.731 -7.6
    endloop
  endfacet
  facet normal -0.0653951 -0.997859 0
    outer loop
      vertex 78.5848 42.7459 -7.6
      vertex 78.7557 42.7347 -7
      vertex 78.5848 42.7459 -7
    endloop
  endfacet
  facet normal -0.0653951 -0.997859 -0
    outer loop
      vertex 78.7557 42.7347 -7
      vertex 78.5848 42.7459 -7.6
      vertex 78.7557 42.7347 -7.6
    endloop
  endfacet
  facet normal -0.107021 -0.994257 0
    outer loop
      vertex 78.412 42.7645 -7.6
      vertex 78.5848 42.7459 -7
      vertex 78.412 42.7645 -7
    endloop
  endfacet
  facet normal -0.107021 -0.994257 -0
    outer loop
      vertex 78.5848 42.7459 -7
      vertex 78.412 42.7645 -7.6
      vertex 78.5848 42.7459 -7.6
    endloop
  endfacet
  facet normal -0.147842 -0.989011 0
    outer loop
      vertex 78.2374 42.7906 -7.6
      vertex 78.412 42.7645 -7
      vertex 78.2374 42.7906 -7
    endloop
  endfacet
  facet normal -0.147842 -0.989011 -0
    outer loop
      vertex 78.412 42.7645 -7
      vertex 78.2374 42.7906 -7.6
      vertex 78.412 42.7645 -7.6
    endloop
  endfacet
  facet normal -0.186473 -0.98246 0
    outer loop
      vertex 78.0609 42.8241 -7.6
      vertex 78.2374 42.7906 -7
      vertex 78.0609 42.8241 -7
    endloop
  endfacet
  facet normal -0.186473 -0.98246 -0
    outer loop
      vertex 78.2374 42.7906 -7
      vertex 78.0609 42.8241 -7.6
      vertex 78.2374 42.7906 -7.6
    endloop
  endfacet
  facet normal -0.224101 -0.974566 0
    outer loop
      vertex 77.8826 42.8651 -7.6
      vertex 78.0609 42.8241 -7
      vertex 77.8826 42.8651 -7
    endloop
  endfacet
  facet normal -0.224101 -0.974566 -0
    outer loop
      vertex 78.0609 42.8241 -7
      vertex 77.8826 42.8651 -7.6
      vertex 78.0609 42.8241 -7.6
    endloop
  endfacet
  facet normal -0.260031 -0.9656 0
    outer loop
      vertex 77.7025 42.9136 -7.6
      vertex 77.8826 42.8651 -7
      vertex 77.7025 42.9136 -7
    endloop
  endfacet
  facet normal -0.260031 -0.9656 -0
    outer loop
      vertex 77.8826 42.8651 -7
      vertex 77.7025 42.9136 -7.6
      vertex 77.8826 42.8651 -7.6
    endloop
  endfacet
  facet normal -0.293126 -0.956074 0
    outer loop
      vertex 77.5205 42.9694 -7.6
      vertex 77.7025 42.9136 -7
      vertex 77.5205 42.9694 -7
    endloop
  endfacet
  facet normal -0.293126 -0.956074 -0
    outer loop
      vertex 77.7025 42.9136 -7
      vertex 77.5205 42.9694 -7.6
      vertex 77.7025 42.9136 -7.6
    endloop
  endfacet
  facet normal -0.324706 -0.945815 0
    outer loop
      vertex 77.3367 43.0325 -7.6
      vertex 77.5205 42.9694 -7
      vertex 77.3367 43.0325 -7
    endloop
  endfacet
  facet normal -0.324706 -0.945815 -0
    outer loop
      vertex 77.5205 42.9694 -7
      vertex 77.3367 43.0325 -7.6
      vertex 77.5205 42.9694 -7.6
    endloop
  endfacet
  facet normal -0.354047 -0.935228 0
    outer loop
      vertex 77.151 43.1028 -7.6
      vertex 77.3367 43.0325 -7
      vertex 77.151 43.1028 -7
    endloop
  endfacet
  facet normal -0.354047 -0.935228 -0
    outer loop
      vertex 77.3367 43.0325 -7
      vertex 77.151 43.1028 -7.6
      vertex 77.3367 43.0325 -7.6
    endloop
  endfacet
  facet normal -0.38241 -0.923993 0
    outer loop
      vertex 76.9635 43.1804 -7.6
      vertex 77.151 43.1028 -7
      vertex 76.9635 43.1804 -7
    endloop
  endfacet
  facet normal -0.38241 -0.923993 -0
    outer loop
      vertex 77.151 43.1028 -7
      vertex 76.9635 43.1804 -7.6
      vertex 77.151 43.1028 -7.6
    endloop
  endfacet
  facet normal -0.408821 -0.912615 0
    outer loop
      vertex 76.7742 43.2652 -7.6
      vertex 76.9635 43.1804 -7
      vertex 76.7742 43.2652 -7
    endloop
  endfacet
  facet normal -0.408821 -0.912615 -0
    outer loop
      vertex 76.9635 43.1804 -7
      vertex 76.7742 43.2652 -7.6
      vertex 76.9635 43.1804 -7.6
    endloop
  endfacet
  facet normal -0.433971 -0.900927 0
    outer loop
      vertex 76.583 43.3573 -7.6
      vertex 76.7742 43.2652 -7
      vertex 76.583 43.3573 -7
    endloop
  endfacet
  facet normal -0.433971 -0.900927 -0
    outer loop
      vertex 76.7742 43.2652 -7
      vertex 76.583 43.3573 -7.6
      vertex 76.7742 43.2652 -7.6
    endloop
  endfacet
  facet normal -0.457868 -0.88902 0
    outer loop
      vertex 76.39 43.4567 -7.6
      vertex 76.583 43.3573 -7
      vertex 76.39 43.4567 -7
    endloop
  endfacet
  facet normal -0.457868 -0.88902 -0
    outer loop
      vertex 76.583 43.3573 -7
      vertex 76.39 43.4567 -7.6
      vertex 76.583 43.3573 -7.6
    endloop
  endfacet
  facet normal 1 -0 0
    outer loop
      vertex 76.39 41.9134 -7
      vertex 76.39 43.4567 -7.6
      vertex 76.39 43.4567 -7
    endloop
  endfacet
  facet normal 1 0 0
    outer loop
      vertex 76.39 43.4567 -7.6
      vertex 76.39 41.9134 -7
      vertex 76.39 41.9134 -7.6
    endloop
  endfacet
  facet normal 0.336982 0.941511 -0
    outer loop
      vertex 76.5839 41.844 -7.6
      vertex 76.39 41.9134 -7
      vertex 76.5839 41.844 -7
    endloop
  endfacet
  facet normal 0.336982 0.941511 0
    outer loop
      vertex 76.39 41.9134 -7
      vertex 76.5839 41.844 -7.6
      vertex 76.39 41.9134 -7.6
    endloop
  endfacet
  facet normal 0.3152 0.949025 -0
    outer loop
      vertex 76.7778 41.7796 -7.6
      vertex 76.5839 41.844 -7
      vertex 76.7778 41.7796 -7
    endloop
  endfacet
  facet normal 0.3152 0.949025 0
    outer loop
      vertex 76.5839 41.844 -7
      vertex 76.7778 41.7796 -7.6
      vertex 76.5839 41.844 -7.6
    endloop
  endfacet
  facet normal 0.292769 0.956183 -0
    outer loop
      vertex 76.9718 41.7202 -7.6
      vertex 76.7778 41.7796 -7
      vertex 76.9718 41.7202 -7
    endloop
  endfacet
  facet normal 0.292769 0.956183 0
    outer loop
      vertex 76.7778 41.7796 -7
      vertex 76.9718 41.7202 -7.6
      vertex 76.7778 41.7796 -7.6
    endloop
  endfacet
  facet normal 0.269667 0.962954 -0
    outer loop
      vertex 77.1657 41.6659 -7.6
      vertex 76.9718 41.7202 -7
      vertex 77.1657 41.6659 -7
    endloop
  endfacet
  facet normal 0.269667 0.962954 0
    outer loop
      vertex 76.9718 41.7202 -7
      vertex 77.1657 41.6659 -7.6
      vertex 76.9718 41.7202 -7.6
    endloop
  endfacet
  facet normal 0.246295 0.969195 -0
    outer loop
      vertex 77.3597 41.6166 -7.6
      vertex 77.1657 41.6659 -7
      vertex 77.3597 41.6166 -7
    endloop
  endfacet
  facet normal 0.246295 0.969195 0
    outer loop
      vertex 77.1657 41.6659 -7
      vertex 77.3597 41.6166 -7.6
      vertex 77.1657 41.6659 -7.6
    endloop
  endfacet
  facet normal 0.222251 0.974989 -0
    outer loop
      vertex 77.5536 41.5724 -7.6
      vertex 77.3597 41.6166 -7
      vertex 77.5536 41.5724 -7
    endloop
  endfacet
  facet normal 0.222251 0.974989 0
    outer loop
      vertex 77.3597 41.6166 -7
      vertex 77.5536 41.5724 -7.6
      vertex 77.3597 41.6166 -7.6
    endloop
  endfacet
  facet normal 0.198157 0.98017 -0
    outer loop
      vertex 77.7475 41.5332 -7.6
      vertex 77.5536 41.5724 -7
      vertex 77.7475 41.5332 -7
    endloop
  endfacet
  facet normal 0.198157 0.98017 0
    outer loop
      vertex 77.5536 41.5724 -7
      vertex 77.7475 41.5332 -7.6
      vertex 77.5536 41.5724 -7.6
    endloop
  endfacet
  facet normal 0.173206 0.984886 -0
    outer loop
      vertex 77.9414 41.4991 -7.6
      vertex 77.7475 41.5332 -7
      vertex 77.9414 41.4991 -7
    endloop
  endfacet
  facet normal 0.173206 0.984886 0
    outer loop
      vertex 77.7475 41.5332 -7
      vertex 77.9414 41.4991 -7.6
      vertex 77.7475 41.5332 -7.6
    endloop
  endfacet
  facet normal 0.147067 0.989127 -0
    outer loop
      vertex 78.1351 41.4703 -7.6
      vertex 77.9414 41.4991 -7
      vertex 78.1351 41.4703 -7
    endloop
  endfacet
  facet normal 0.147067 0.989127 0
    outer loop
      vertex 77.9414 41.4991 -7
      vertex 78.1351 41.4703 -7.6
      vertex 77.9414 41.4991 -7.6
    endloop
  endfacet
  facet normal 0.120623 0.992698 -0
    outer loop
      vertex 78.3285 41.4468 -7.6
      vertex 78.1351 41.4703 -7
      vertex 78.3285 41.4468 -7
    endloop
  endfacet
  facet normal 0.120623 0.992698 0
    outer loop
      vertex 78.1351 41.4703 -7
      vertex 78.3285 41.4468 -7.6
      vertex 78.1351 41.4703 -7.6
    endloop
  endfacet
  facet normal 0.0942501 0.995549 -0
    outer loop
      vertex 78.5218 41.4285 -7.6
      vertex 78.3285 41.4468 -7
      vertex 78.5218 41.4285 -7
    endloop
  endfacet
  facet normal 0.0942501 0.995549 0
    outer loop
      vertex 78.3285 41.4468 -7
      vertex 78.5218 41.4285 -7.6
      vertex 78.3285 41.4468 -7.6
    endloop
  endfacet
  facet normal 0.0676849 0.997707 -0
    outer loop
      vertex 78.7149 41.4154 -7.6
      vertex 78.5218 41.4285 -7
      vertex 78.7149 41.4154 -7
    endloop
  endfacet
  facet normal 0.0676849 0.997707 0
    outer loop
      vertex 78.5218 41.4285 -7
      vertex 78.7149 41.4154 -7.6
      vertex 78.5218 41.4285 -7.6
    endloop
  endfacet
  facet normal 0.0409196 0.999162 -0
    outer loop
      vertex 78.9078 41.4075 -7.6
      vertex 78.7149 41.4154 -7
      vertex 78.9078 41.4075 -7
    endloop
  endfacet
  facet normal 0.0409196 0.999162 0
    outer loop
      vertex 78.7149 41.4154 -7
      vertex 78.9078 41.4075 -7.6
      vertex 78.7149 41.4154 -7.6
    endloop
  endfacet
  facet normal 0.0134983 0.999909 -0
    outer loop
      vertex 79.1004 41.4049 -7.6
      vertex 78.9078 41.4075 -7
      vertex 79.1004 41.4049 -7
    endloop
  endfacet
  facet normal 0.0134983 0.999909 0
    outer loop
      vertex 78.9078 41.4075 -7
      vertex 79.1004 41.4049 -7.6
      vertex 78.9078 41.4075 -7.6
    endloop
  endfacet
  facet normal -0.0294812 0.999565 0
    outer loop
      vertex 79.4937 41.4165 -7.6
      vertex 79.1004 41.4049 -7
      vertex 79.4937 41.4165 -7
    endloop
  endfacet
  facet normal -0.0294812 0.999565 0
    outer loop
      vertex 79.1004 41.4049 -7
      vertex 79.4937 41.4165 -7.6
      vertex 79.1004 41.4049 -7.6
    endloop
  endfacet
  facet normal -0.0855189 0.996337 0
    outer loop
      vertex 65.721 41.5849 -7.6
      vertex 65.361 41.554 -7
      vertex 65.721 41.5849 -7
    endloop
  endfacet
  facet normal -0.0855189 0.996337 0
    outer loop
      vertex 65.361 41.554 -7
      vertex 65.721 41.5849 -7.6
      vertex 65.361 41.554 -7.6
    endloop
  endfacet
  facet normal -0.153383 0.988167 0
    outer loop
      vertex 66.0515 41.6362 -7.6
      vertex 65.721 41.5849 -7
      vertex 66.0515 41.6362 -7
    endloop
  endfacet
  facet normal -0.153383 0.988167 0
    outer loop
      vertex 65.721 41.5849 -7
      vertex 66.0515 41.6362 -7.6
      vertex 65.721 41.5849 -7.6
    endloop
  endfacet
  facet normal -0.232261 0.972653 0
    outer loop
      vertex 66.3526 41.7081 -7.6
      vertex 66.0515 41.6362 -7
      vertex 66.3526 41.7081 -7
    endloop
  endfacet
  facet normal -0.232261 0.972653 0
    outer loop
      vertex 66.0515 41.6362 -7
      vertex 66.3526 41.7081 -7.6
      vertex 66.0515 41.6362 -7.6
    endloop
  endfacet
  facet normal -0.32239 0.946607 0
    outer loop
      vertex 66.6242 41.8006 -7.6
      vertex 66.3526 41.7081 -7
      vertex 66.6242 41.8006 -7
    endloop
  endfacet
  facet normal -0.32239 0.946607 0
    outer loop
      vertex 66.3526 41.7081 -7
      vertex 66.6242 41.8006 -7.6
      vertex 66.3526 41.7081 -7.6
    endloop
  endfacet
  facet normal -0.422804 0.906221 0
    outer loop
      vertex 66.8664 41.9136 -7.6
      vertex 66.6242 41.8006 -7
      vertex 66.8664 41.9136 -7
    endloop
  endfacet
  facet normal -0.422804 0.906221 0
    outer loop
      vertex 66.6242 41.8006 -7
      vertex 66.8664 41.9136 -7.6
      vertex 66.6242 41.8006 -7.6
    endloop
  endfacet
  facet normal -0.531609 0.84699 0
    outer loop
      vertex 67.0791 42.0471 -7.6
      vertex 66.8664 41.9136 -7
      vertex 67.0791 42.0471 -7
    endloop
  endfacet
  facet normal -0.531609 0.84699 0
    outer loop
      vertex 66.8664 41.9136 -7
      vertex 67.0791 42.0471 -7.6
      vertex 66.8664 41.9136 -7.6
    endloop
  endfacet
  facet normal -0.643251 0.765656 0
    outer loop
      vertex 67.263 42.2016 -7.6
      vertex 67.0791 42.0471 -7
      vertex 67.263 42.2016 -7
    endloop
  endfacet
  facet normal -0.643251 0.765656 0
    outer loop
      vertex 67.0791 42.0471 -7
      vertex 67.263 42.2016 -7.6
      vertex 67.0791 42.0471 -7.6
    endloop
  endfacet
  facet normal -0.748818 0.662776 0
    outer loop
      vertex 67.263 42.2016 -7.6
      vertex 67.4186 42.3774 -7
      vertex 67.4186 42.3774 -7.6
    endloop
  endfacet
  facet normal -0.748818 0.662776 0
    outer loop
      vertex 67.4186 42.3774 -7
      vertex 67.263 42.2016 -7.6
      vertex 67.263 42.2016 -7
    endloop
  endfacet
  facet normal -0.840027 0.542544 0
    outer loop
      vertex 67.4186 42.3774 -7.6
      vertex 67.5459 42.5745 -7
      vertex 67.5459 42.5745 -7.6
    endloop
  endfacet
  facet normal -0.840027 0.542544 0
    outer loop
      vertex 67.5459 42.5745 -7
      vertex 67.4186 42.3774 -7.6
      vertex 67.4186 42.3774 -7
    endloop
  endfacet
  facet normal -0.910865 0.412703 0
    outer loop
      vertex 67.5459 42.5745 -7.6
      vertex 67.6449 42.793 -7
      vertex 67.6449 42.793 -7.6
    endloop
  endfacet
  facet normal -0.910865 0.412703 0
    outer loop
      vertex 67.6449 42.793 -7
      vertex 67.5459 42.5745 -7.6
      vertex 67.5459 42.5745 -7
    endloop
  endfacet
  facet normal -0.959149 0.282903 0
    outer loop
      vertex 67.6449 42.793 -7.6
      vertex 67.7156 43.0327 -7
      vertex 67.7156 43.0327 -7.6
    endloop
  endfacet
  facet normal -0.959149 0.282903 0
    outer loop
      vertex 67.7156 43.0327 -7
      vertex 67.6449 42.793 -7.6
      vertex 67.6449 42.793 -7
    endloop
  endfacet
  facet normal -0.98707 0.16029 0
    outer loop
      vertex 67.7156 43.0327 -7.6
      vertex 67.758 43.2938 -7
      vertex 67.758 43.2938 -7.6
    endloop
  endfacet
  facet normal -0.98707 0.16029 0
    outer loop
      vertex 67.758 43.2938 -7
      vertex 67.7156 43.0327 -7.6
      vertex 67.7156 43.0327 -7
    endloop
  endfacet
  facet normal -0.998738 0.0502198 0
    outer loop
      vertex 67.758 43.2938 -7.6
      vertex 67.7722 43.5762 -7
      vertex 67.7722 43.5762 -7.6
    endloop
  endfacet
  facet normal -0.998738 0.0502198 0
    outer loop
      vertex 67.7722 43.5762 -7
      vertex 67.758 43.2938 -7.6
      vertex 67.758 43.2938 -7
    endloop
  endfacet
  facet normal -0.999378 -0.0352722 0
    outer loop
      vertex 67.7722 43.5762 -7.6
      vertex 67.7656 43.7632 -7
      vertex 67.7656 43.7632 -7.6
    endloop
  endfacet
  facet normal -0.999378 -0.0352722 0
    outer loop
      vertex 67.7656 43.7632 -7
      vertex 67.7722 43.5762 -7.6
      vertex 67.7722 43.5762 -7
    endloop
  endfacet
  facet normal -0.993911 -0.110187 0
    outer loop
      vertex 67.7656 43.7632 -7.6
      vertex 67.7458 43.9418 -7
      vertex 67.7458 43.9418 -7.6
    endloop
  endfacet
  facet normal -0.993911 -0.110187 0
    outer loop
      vertex 67.7458 43.9418 -7
      vertex 67.7656 43.7632 -7.6
      vertex 67.7656 43.7632 -7
    endloop
  endfacet
  facet normal -0.981762 -0.190112 0
    outer loop
      vertex 67.7458 43.9418 -7.6
      vertex 67.7129 44.1117 -7
      vertex 67.7129 44.1117 -7.6
    endloop
  endfacet
  facet normal -0.981762 -0.190112 0
    outer loop
      vertex 67.7129 44.1117 -7
      vertex 67.7458 43.9418 -7.6
      vertex 67.7458 43.9418 -7
    endloop
  endfacet
  facet normal -0.961591 -0.274485 0
    outer loop
      vertex 67.7129 44.1117 -7.6
      vertex 67.6668 44.2732 -7
      vertex 67.6668 44.2732 -7.6
    endloop
  endfacet
  facet normal -0.961591 -0.274485 0
    outer loop
      vertex 67.6668 44.2732 -7
      vertex 67.7129 44.1117 -7.6
      vertex 67.7129 44.1117 -7
    endloop
  endfacet
  facet normal -0.932336 -0.361593 0
    outer loop
      vertex 67.6668 44.2732 -7.6
      vertex 67.6075 44.4261 -7
      vertex 67.6075 44.4261 -7.6
    endloop
  endfacet
  facet normal -0.932336 -0.361593 0
    outer loop
      vertex 67.6075 44.4261 -7
      vertex 67.6668 44.2732 -7.6
      vertex 67.6668 44.2732 -7
    endloop
  endfacet
  facet normal -0.893683 -0.448698 0
    outer loop
      vertex 67.6075 44.4261 -7.6
      vertex 67.535 44.5705 -7
      vertex 67.535 44.5705 -7.6
    endloop
  endfacet
  facet normal -0.893683 -0.448698 0
    outer loop
      vertex 67.535 44.5705 -7
      vertex 67.6075 44.4261 -7.6
      vertex 67.6075 44.4261 -7
    endloop
  endfacet
  facet normal -0.846139 -0.532962 0
    outer loop
      vertex 67.535 44.5705 -7.6
      vertex 67.4494 44.7064 -7
      vertex 67.4494 44.7064 -7.6
    endloop
  endfacet
  facet normal -0.846139 -0.532962 0
    outer loop
      vertex 67.4494 44.7064 -7
      vertex 67.535 44.5705 -7.6
      vertex 67.535 44.5705 -7
    endloop
  endfacet
  facet normal -0.789859 -0.613288 0
    outer loop
      vertex 67.4494 44.7064 -7.6
      vertex 67.3518 44.8321 -7
      vertex 67.3518 44.8321 -7.6
    endloop
  endfacet
  facet normal -0.789859 -0.613288 0
    outer loop
      vertex 67.3518 44.8321 -7
      vertex 67.4494 44.7064 -7.6
      vertex 67.4494 44.7064 -7
    endloop
  endfacet
  facet normal -0.724062 -0.689735 0
    outer loop
      vertex 67.3518 44.8321 -7.6
      vertex 67.2433 44.946 -7
      vertex 67.2433 44.946 -7.6
    endloop
  endfacet
  facet normal -0.724062 -0.689735 0
    outer loop
      vertex 67.2433 44.946 -7
      vertex 67.3518 44.8321 -7.6
      vertex 67.3518 44.8321 -7
    endloop
  endfacet
  facet normal -0.649532 -0.760334 0
    outer loop
      vertex 67.1239 45.048 -7.6
      vertex 67.2433 44.946 -7
      vertex 67.1239 45.048 -7
    endloop
  endfacet
  facet normal -0.649532 -0.760334 -0
    outer loop
      vertex 67.2433 44.946 -7
      vertex 67.1239 45.048 -7.6
      vertex 67.2433 44.946 -7.6
    endloop
  endfacet
  facet normal -0.569473 -0.82201 0
    outer loop
      vertex 66.9937 45.1382 -7.6
      vertex 67.1239 45.048 -7
      vertex 66.9937 45.1382 -7
    endloop
  endfacet
  facet normal -0.569473 -0.82201 -0
    outer loop
      vertex 67.1239 45.048 -7
      vertex 66.9937 45.1382 -7.6
      vertex 67.1239 45.048 -7.6
    endloop
  endfacet
  facet normal -0.485959 -0.873982 0
    outer loop
      vertex 66.8527 45.2166 -7.6
      vertex 66.9937 45.1382 -7
      vertex 66.8527 45.2166 -7
    endloop
  endfacet
  facet normal -0.485959 -0.873982 -0
    outer loop
      vertex 66.9937 45.1382 -7
      vertex 66.8527 45.2166 -7.6
      vertex 66.9937 45.1382 -7.6
    endloop
  endfacet
  facet normal -0.401546 -0.915839 0
    outer loop
      vertex 66.7008 45.2832 -7.6
      vertex 66.8527 45.2166 -7
      vertex 66.7008 45.2832 -7
    endloop
  endfacet
  facet normal -0.401546 -0.915839 -0
    outer loop
      vertex 66.8527 45.2166 -7
      vertex 66.7008 45.2832 -7.6
      vertex 66.8527 45.2166 -7.6
    endloop
  endfacet
  facet normal -0.319021 -0.947748 0
    outer loop
      vertex 66.538 45.338 -7.6
      vertex 66.7008 45.2832 -7
      vertex 66.538 45.338 -7
    endloop
  endfacet
  facet normal -0.319021 -0.947748 -0
    outer loop
      vertex 66.7008 45.2832 -7
      vertex 66.538 45.338 -7.6
      vertex 66.7008 45.2832 -7.6
    endloop
  endfacet
  facet normal -0.39042 0.920637 0
    outer loop
      vertex 66.6651 45.3919 -7.6
      vertex 66.538 45.338 -7
      vertex 66.6651 45.3919 -7
    endloop
  endfacet
  facet normal -0.39042 0.920637 0
    outer loop
      vertex 66.538 45.338 -7
      vertex 66.6651 45.3919 -7.6
      vertex 66.538 45.338 -7.6
    endloop
  endfacet
  facet normal -0.462745 0.886491 0
    outer loop
      vertex 66.7833 45.4536 -7.6
      vertex 66.6651 45.3919 -7
      vertex 66.7833 45.4536 -7
    endloop
  endfacet
  facet normal -0.462745 0.886491 0
    outer loop
      vertex 66.6651 45.3919 -7
      vertex 66.7833 45.4536 -7.6
      vertex 66.6651 45.3919 -7.6
    endloop
  endfacet
  facet normal -0.535475 0.844551 0
    outer loop
      vertex 66.8926 45.5229 -7.6
      vertex 66.7833 45.4536 -7
      vertex 66.8926 45.5229 -7
    endloop
  endfacet
  facet normal -0.535475 0.844551 0
    outer loop
      vertex 66.7833 45.4536 -7
      vertex 66.8926 45.5229 -7.6
      vertex 66.7833 45.4536 -7.6
    endloop
  endfacet
  facet normal -0.608448 0.793594 0
    outer loop
      vertex 66.9929 45.5998 -7.6
      vertex 66.8926 45.5229 -7
      vertex 66.9929 45.5998 -7
    endloop
  endfacet
  facet normal -0.608448 0.793594 0
    outer loop
      vertex 66.8926 45.5229 -7
      vertex 66.9929 45.5998 -7.6
      vertex 66.8926 45.5229 -7.6
    endloop
  endfacet
  facet normal -0.67888 0.734249 0
    outer loop
      vertex 67.0844 45.6844 -7.6
      vertex 66.9929 45.5998 -7
      vertex 67.0844 45.6844 -7
    endloop
  endfacet
  facet normal -0.67888 0.734249 0
    outer loop
      vertex 66.9929 45.5998 -7
      vertex 67.0844 45.6844 -7.6
      vertex 66.9929 45.5998 -7.6
    endloop
  endfacet
  facet normal -0.74522 0.666818 0
    outer loop
      vertex 67.0844 45.6844 -7.6
      vertex 67.1669 45.7766 -7
      vertex 67.1669 45.7766 -7.6
    endloop
  endfacet
  facet normal -0.74522 0.666818 0
    outer loop
      vertex 67.1669 45.7766 -7
      vertex 67.0844 45.6844 -7.6
      vertex 67.0844 45.6844 -7
    endloop
  endfacet
  facet normal -0.805096 0.593144 0
    outer loop
      vertex 67.1669 45.7766 -7.6
      vertex 67.2405 45.8765 -7
      vertex 67.2405 45.8765 -7.6
    endloop
  endfacet
  facet normal -0.805096 0.593144 0
    outer loop
      vertex 67.2405 45.8765 -7
      vertex 67.1669 45.7766 -7.6
      vertex 67.1669 45.7766 -7
    endloop
  endfacet
  facet normal -0.856927 0.515439 0
    outer loop
      vertex 67.2405 45.8765 -7.6
      vertex 67.3048 45.9834 -7
      vertex 67.3048 45.9834 -7.6
    endloop
  endfacet
  facet normal -0.856927 0.515439 0
    outer loop
      vertex 67.3048 45.9834 -7
      vertex 67.2405 45.8765 -7.6
      vertex 67.2405 45.8765 -7
    endloop
  endfacet
  facet normal -0.901635 0.432498 0
    outer loop
      vertex 67.3048 45.9834 -7.6
      vertex 67.3591 46.0966 -7
      vertex 67.3591 46.0966 -7.6
    endloop
  endfacet
  facet normal -0.901635 0.432498 0
    outer loop
      vertex 67.3591 46.0966 -7
      vertex 67.3048 45.9834 -7.6
      vertex 67.3048 45.9834 -7
    endloop
  endfacet
  facet normal -0.937037 0.349231 0
    outer loop
      vertex 67.3591 46.0966 -7.6
      vertex 67.4036 46.216 -7
      vertex 67.4036 46.216 -7.6
    endloop
  endfacet
  facet normal -0.937037 0.349231 0
    outer loop
      vertex 67.4036 46.216 -7
      vertex 67.3591 46.0966 -7.6
      vertex 67.3591 46.0966 -7
    endloop
  endfacet
  facet normal -0.964196 0.265192 0
    outer loop
      vertex 67.4036 46.216 -7.6
      vertex 67.4382 46.3418 -7
      vertex 67.4382 46.3418 -7.6
    endloop
  endfacet
  facet normal -0.964196 0.265192 0
    outer loop
      vertex 67.4382 46.3418 -7
      vertex 67.4036 46.216 -7.6
      vertex 67.4036 46.216 -7
    endloop
  endfacet
  facet normal -0.98294 0.183929 0
    outer loop
      vertex 67.4382 46.3418 -7.6
      vertex 67.4629 46.4738 -7
      vertex 67.4629 46.4738 -7.6
    endloop
  endfacet
  facet normal -0.98294 0.183929 0
    outer loop
      vertex 67.4629 46.4738 -7
      vertex 67.4382 46.3418 -7.6
      vertex 67.4382 46.3418 -7
    endloop
  endfacet
  facet normal -0.994331 0.10633 0
    outer loop
      vertex 67.4629 46.4738 -7.6
      vertex 67.4777 46.6122 -7
      vertex 67.4777 46.6122 -7.6
    endloop
  endfacet
  facet normal -0.994331 0.10633 0
    outer loop
      vertex 67.4777 46.6122 -7
      vertex 67.4629 46.4738 -7.6
      vertex 67.4629 46.4738 -7
    endloop
  endfacet
  facet normal -0.999403 0.0345575 0
    outer loop
      vertex 67.4777 46.6122 -7.6
      vertex 67.4827 46.7568 -7
      vertex 67.4827 46.7568 -7.6
    endloop
  endfacet
  facet normal -0.999403 0.0345575 0
    outer loop
      vertex 67.4827 46.7568 -7
      vertex 67.4777 46.6122 -7.6
      vertex 67.4777 46.6122 -7
    endloop
  endfacet
  facet normal -0.998731 -0.0503624 0
    outer loop
      vertex 67.4827 46.7568 -7.6
      vertex 67.4691 47.0265 -7
      vertex 67.4691 47.0265 -7.6
    endloop
  endfacet
  facet normal -0.998731 -0.0503624 0
    outer loop
      vertex 67.4691 47.0265 -7
      vertex 67.4827 46.7568 -7.6
      vertex 67.4827 46.7568 -7
    endloop
  endfacet
  facet normal -0.986906 -0.161298 0
    outer loop
      vertex 67.4691 47.0265 -7.6
      vertex 67.4286 47.2743 -7
      vertex 67.4286 47.2743 -7.6
    endloop
  endfacet
  facet normal -0.986906 -0.161298 0
    outer loop
      vertex 67.4286 47.2743 -7
      vertex 67.4691 47.0265 -7.6
      vertex 67.4691 47.0265 -7
    endloop
  endfacet
  facet normal -0.958024 -0.286686 0
    outer loop
      vertex 67.4286 47.2743 -7.6
      vertex 67.361 47.5002 -7
      vertex 67.361 47.5002 -7.6
    endloop
  endfacet
  facet normal -0.958024 -0.286686 0
    outer loop
      vertex 67.361 47.5002 -7
      vertex 67.4286 47.2743 -7.6
      vertex 67.4286 47.2743 -7
    endloop
  endfacet
  facet normal -0.907282 -0.420523 0
    outer loop
      vertex 67.361 47.5002 -7.6
      vertex 67.2664 47.7043 -7
      vertex 67.2664 47.7043 -7.6
    endloop
  endfacet
  facet normal -0.907282 -0.420523 0
    outer loop
      vertex 67.2664 47.7043 -7
      vertex 67.361 47.5002 -7.6
      vertex 67.361 47.5002 -7
    endloop
  endfacet
  facet normal -0.831628 -0.555332 0
    outer loop
      vertex 67.2664 47.7043 -7.6
      vertex 67.1448 47.8864 -7
      vertex 67.1448 47.8864 -7.6
    endloop
  endfacet
  facet normal -0.831628 -0.555332 0
    outer loop
      vertex 67.1448 47.8864 -7
      vertex 67.2664 47.7043 -7.6
      vertex 67.2664 47.7043 -7
    endloop
  endfacet
  facet normal -0.733135 -0.680083 0
    outer loop
      vertex 67.1448 47.8864 -7.6
      vertex 66.9961 48.0467 -7
      vertex 66.9961 48.0467 -7.6
    endloop
  endfacet
  facet normal -0.733135 -0.680083 0
    outer loop
      vertex 66.9961 48.0467 -7
      vertex 67.1448 47.8864 -7.6
      vertex 67.1448 47.8864 -7
    endloop
  endfacet
  facet normal -0.618789 -0.785558 0
    outer loop
      vertex 66.8204 48.1851 -7.6
      vertex 66.9961 48.0467 -7
      vertex 66.8204 48.1851 -7
    endloop
  endfacet
  facet normal -0.618789 -0.785558 -0
    outer loop
      vertex 66.9961 48.0467 -7
      vertex 66.8204 48.1851 -7.6
      vertex 66.9961 48.0467 -7.6
    endloop
  endfacet
  facet normal -0.49836 -0.86697 0
    outer loop
      vertex 66.6146 48.3034 -7.6
      vertex 66.8204 48.1851 -7
      vertex 66.6146 48.3034 -7
    endloop
  endfacet
  facet normal -0.49836 -0.86697 -0
    outer loop
      vertex 66.8204 48.1851 -7
      vertex 66.6146 48.3034 -7.6
      vertex 66.8204 48.1851 -7.6
    endloop
  endfacet
  facet normal -0.386314 -0.922367 0
    outer loop
      vertex 66.3756 48.4035 -7.6
      vertex 66.6146 48.3034 -7
      vertex 66.3756 48.4035 -7
    endloop
  endfacet
  facet normal -0.386314 -0.922367 -0
    outer loop
      vertex 66.6146 48.3034 -7
      vertex 66.3756 48.4035 -7.6
      vertex 66.6146 48.3034 -7.6
    endloop
  endfacet
  facet normal -0.288348 -0.957526 0
    outer loop
      vertex 66.1033 48.4855 -7.6
      vertex 66.3756 48.4035 -7
      vertex 66.1033 48.4855 -7
    endloop
  endfacet
  facet normal -0.288348 -0.957526 -0
    outer loop
      vertex 66.3756 48.4035 -7
      vertex 66.1033 48.4855 -7.6
      vertex 66.3756 48.4035 -7.6
    endloop
  endfacet
  facet normal -0.204121 -0.978946 0
    outer loop
      vertex 65.7978 48.5492 -7.6
      vertex 66.1033 48.4855 -7
      vertex 65.7978 48.5492 -7
    endloop
  endfacet
  facet normal -0.204121 -0.978946 -0
    outer loop
      vertex 66.1033 48.4855 -7
      vertex 65.7978 48.5492 -7.6
      vertex 66.1033 48.4855 -7.6
    endloop
  endfacet
  facet normal -0.133141 -0.991097 0
    outer loop
      vertex 65.4591 48.5947 -7.6
      vertex 65.7978 48.5492 -7
      vertex 65.4591 48.5947 -7
    endloop
  endfacet
  facet normal -0.133141 -0.991097 -0
    outer loop
      vertex 65.7978 48.5492 -7
      vertex 65.4591 48.5947 -7.6
      vertex 65.7978 48.5492 -7.6
    endloop
  endfacet
  facet normal -0.0731903 -0.997318 0
    outer loop
      vertex 65.0871 48.622 -7.6
      vertex 65.4591 48.5947 -7
      vertex 65.0871 48.622 -7
    endloop
  endfacet
  facet normal -0.0731903 -0.997318 -0
    outer loop
      vertex 65.4591 48.5947 -7
      vertex 65.0871 48.622 -7.6
      vertex 65.4591 48.5947 -7.6
    endloop
  endfacet
  facet normal -0.0224579 -0.999748 0
    outer loop
      vertex 64.682 48.6311 -7.6
      vertex 65.0871 48.622 -7
      vertex 64.682 48.6311 -7
    endloop
  endfacet
  facet normal -0.0224579 -0.999748 -0
    outer loop
      vertex 65.0871 48.622 -7
      vertex 64.682 48.6311 -7.6
      vertex 65.0871 48.622 -7.6
    endloop
  endfacet
  facet normal 0 -1 0
    outer loop
      vertex 61.9383 48.6311 -7.6
      vertex 64.682 48.6311 -7
      vertex 61.9383 48.6311 -7
    endloop
  endfacet
  facet normal 0 -1 -0
    outer loop
      vertex 64.682 48.6311 -7
      vertex 61.9383 48.6311 -7.6
      vertex 64.682 48.6311 -7.6
    endloop
  endfacet
  facet normal 1 -0 0
    outer loop
      vertex 61.9383 41.5438 -7
      vertex 61.9383 48.6311 -7.6
      vertex 61.9383 48.6311 -7
    endloop
  endfacet
  facet normal 1 0 0
    outer loop
      vertex 61.9383 48.6311 -7.6
      vertex 61.9383 41.5438 -7
      vertex 61.9383 41.5438 -7.6
    endloop
  endfacet
  facet normal 0 1 -0
    outer loop
      vertex 64.9715 41.5438 -7.6
      vertex 61.9383 41.5438 -7
      vertex 64.9715 41.5438 -7
    endloop
  endfacet
  facet normal 0 1 0
    outer loop
      vertex 61.9383 41.5438 -7
      vertex 64.9715 41.5438 -7.6
      vertex 61.9383 41.5438 -7.6
    endloop
  endfacet
  facet normal -0.0261784 0.999657 0
    outer loop
      vertex 65.361 41.554 -7.6
      vertex 64.9715 41.5438 -7
      vertex 65.361 41.554 -7
    endloop
  endfacet
  facet normal -0.0261784 0.999657 0
    outer loop
      vertex 64.9715 41.5438 -7
      vertex 65.361 41.554 -7.6
      vertex 64.9715 41.5438 -7.6
    endloop
  endfacet
  facet normal -1 0 0
    outer loop
      vertex 63.7659 45.8893 -7.6
      vertex 63.7659 47.3857 -7
      vertex 63.7659 47.3857 -7.6
    endloop
  endfacet
  facet normal -1 -0 0
    outer loop
      vertex 63.7659 47.3857 -7
      vertex 63.7659 45.8893 -7.6
      vertex 63.7659 45.8893 -7
    endloop
  endfacet
  facet normal 0 1 -0
    outer loop
      vertex 64.7769 47.3857 -7.6
      vertex 63.7659 47.3857 -7
      vertex 64.7769 47.3857 -7
    endloop
  endfacet
  facet normal 0 1 0
    outer loop
      vertex 63.7659 47.3857 -7
      vertex 64.7769 47.3857 -7.6
      vertex 63.7659 47.3857 -7.6
    endloop
  endfacet
  facet normal 0.0335382 0.999437 -0
    outer loop
      vertex 64.8961 47.3817 -7.6
      vertex 64.7769 47.3857 -7
      vertex 64.8961 47.3817 -7
    endloop
  endfacet
  facet normal 0.0335382 0.999437 0
    outer loop
      vertex 64.7769 47.3857 -7
      vertex 64.8961 47.3817 -7.6
      vertex 64.7769 47.3857 -7.6
    endloop
  endfacet
  facet normal 0.1052 0.994451 -0
    outer loop
      vertex 65.0067 47.37 -7.6
      vertex 64.8961 47.3817 -7
      vertex 65.0067 47.37 -7
    endloop
  endfacet
  facet normal 0.1052 0.994451 0
    outer loop
      vertex 64.8961 47.3817 -7
      vertex 65.0067 47.37 -7.6
      vertex 64.8961 47.3817 -7.6
    endloop
  endfacet
  facet normal 0.188526 0.982068 -0
    outer loop
      vertex 65.1088 47.3504 -7.6
      vertex 65.0067 47.37 -7
      vertex 65.1088 47.3504 -7
    endloop
  endfacet
  facet normal 0.188526 0.982068 0
    outer loop
      vertex 65.0067 47.37 -7
      vertex 65.1088 47.3504 -7.6
      vertex 65.0067 47.37 -7.6
    endloop
  endfacet
  facet normal 0.280945 0.959724 -0
    outer loop
      vertex 65.2024 47.323 -7.6
      vertex 65.1088 47.3504 -7
      vertex 65.2024 47.323 -7
    endloop
  endfacet
  facet normal 0.280945 0.959724 0
    outer loop
      vertex 65.1088 47.3504 -7
      vertex 65.2024 47.323 -7.6
      vertex 65.1088 47.3504 -7.6
    endloop
  endfacet
  facet normal 0.382224 0.92407 -0
    outer loop
      vertex 65.2875 47.2878 -7.6
      vertex 65.2024 47.323 -7
      vertex 65.2875 47.2878 -7
    endloop
  endfacet
  facet normal 0.382224 0.92407 0
    outer loop
      vertex 65.2024 47.323 -7
      vertex 65.2875 47.2878 -7.6
      vertex 65.2024 47.323 -7.6
    endloop
  endfacet
  facet normal 0.489991 0.871728 -0
    outer loop
      vertex 65.364 47.2448 -7.6
      vertex 65.2875 47.2878 -7
      vertex 65.364 47.2448 -7
    endloop
  endfacet
  facet normal 0.489991 0.871728 0
    outer loop
      vertex 65.2875 47.2878 -7
      vertex 65.364 47.2448 -7.6
      vertex 65.2875 47.2878 -7.6
    endloop
  endfacet
  facet normal 0.599246 0.800565 -0
    outer loop
      vertex 65.432 47.1939 -7.6
      vertex 65.364 47.2448 -7
      vertex 65.432 47.1939 -7
    endloop
  endfacet
  facet normal 0.599246 0.800565 0
    outer loop
      vertex 65.364 47.2448 -7
      vertex 65.432 47.1939 -7.6
      vertex 65.364 47.2448 -7.6
    endloop
  endfacet
  facet normal 0.70167 0.712502 -0
    outer loop
      vertex 65.4912 47.1356 -7.6
      vertex 65.432 47.1939 -7
      vertex 65.4912 47.1356 -7
    endloop
  endfacet
  facet normal 0.70167 0.712502 0
    outer loop
      vertex 65.432 47.1939 -7
      vertex 65.4912 47.1356 -7.6
      vertex 65.432 47.1939 -7.6
    endloop
  endfacet
  facet normal 0.793841 0.608126 0
    outer loop
      vertex 65.5413 47.0702 -7
      vertex 65.4912 47.1356 -7.6
      vertex 65.4912 47.1356 -7
    endloop
  endfacet
  facet normal 0.793841 0.608126 0
    outer loop
      vertex 65.4912 47.1356 -7.6
      vertex 65.5413 47.0702 -7
      vertex 65.5413 47.0702 -7.6
    endloop
  endfacet
  facet normal 0.870675 0.491859 0
    outer loop
      vertex 65.5822 46.9978 -7
      vertex 65.5413 47.0702 -7.6
      vertex 65.5413 47.0702 -7
    endloop
  endfacet
  facet normal 0.870675 0.491859 0
    outer loop
      vertex 65.5413 47.0702 -7.6
      vertex 65.5822 46.9978 -7
      vertex 65.5822 46.9978 -7.6
    endloop
  endfacet
  facet normal 0.928074 0.372397 0
    outer loop
      vertex 65.6141 46.9183 -7
      vertex 65.5822 46.9978 -7.6
      vertex 65.5822 46.9978 -7
    endloop
  endfacet
  facet normal 0.928074 0.372397 0
    outer loop
      vertex 65.5822 46.9978 -7.6
      vertex 65.6141 46.9183 -7
      vertex 65.6141 46.9183 -7.6
    endloop
  endfacet
  facet normal 0.967046 0.254603 0
    outer loop
      vertex 65.6369 46.8317 -7
      vertex 65.6141 46.9183 -7.6
      vertex 65.6141 46.9183 -7
    endloop
  endfacet
  facet normal 0.967046 0.254603 0
    outer loop
      vertex 65.6141 46.9183 -7.6
      vertex 65.6369 46.8317 -7
      vertex 65.6369 46.8317 -7.6
    endloop
  endfacet
  facet normal 0.989586 0.14394 0
    outer loop
      vertex 65.6505 46.7382 -7
      vertex 65.6369 46.8317 -7.6
      vertex 65.6369 46.8317 -7
    endloop
  endfacet
  facet normal 0.989586 0.14394 0
    outer loop
      vertex 65.6369 46.8317 -7.6
      vertex 65.6505 46.7382 -7
      vertex 65.6505 46.7382 -7.6
    endloop
  endfacet
  facet normal 0.998958 0.0456327 0
    outer loop
      vertex 65.6551 46.6375 -7
      vertex 65.6505 46.7382 -7.6
      vertex 65.6505 46.7382 -7
    endloop
  endfacet
  facet normal 0.998958 0.0456327 0
    outer loop
      vertex 65.6505 46.7382 -7.6
      vertex 65.6551 46.6375 -7
      vertex 65.6551 46.6375 -7.6
    endloop
  endfacet
  facet normal 0.998981 -0.0451406 0
    outer loop
      vertex 65.6505 46.5357 -7
      vertex 65.6551 46.6375 -7.6
      vertex 65.6551 46.6375 -7
    endloop
  endfacet
  facet normal 0.998981 -0.0451406 0
    outer loop
      vertex 65.6551 46.6375 -7.6
      vertex 65.6505 46.5357 -7
      vertex 65.6505 46.5357 -7.6
    endloop
  endfacet
  facet normal 0.989824 -0.1423 0
    outer loop
      vertex 65.6369 46.4411 -7
      vertex 65.6505 46.5357 -7.6
      vertex 65.6505 46.5357 -7
    endloop
  endfacet
  facet normal 0.989824 -0.1423 0
    outer loop
      vertex 65.6505 46.5357 -7.6
      vertex 65.6369 46.4411 -7
      vertex 65.6369 46.4411 -7.6
    endloop
  endfacet
  facet normal 0.967405 -0.253236 0
    outer loop
      vertex 65.6141 46.354 -7
      vertex 65.6369 46.4411 -7.6
      vertex 65.6369 46.4411 -7
    endloop
  endfacet
  facet normal 0.967405 -0.253236 0
    outer loop
      vertex 65.6369 46.4411 -7.6
      vertex 65.6141 46.354 -7
      vertex 65.6141 46.354 -7.6
    endloop
  endfacet
  facet normal 0.928557 -0.37119 0
    outer loop
      vertex 65.5822 46.2742 -7
      vertex 65.6141 46.354 -7.6
      vertex 65.6141 46.354 -7
    endloop
  endfacet
  facet normal 0.928557 -0.37119 0
    outer loop
      vertex 65.6141 46.354 -7.6
      vertex 65.5822 46.2742 -7
      vertex 65.5822 46.2742 -7.6
    endloop
  endfacet
  facet normal 0.870965 -0.491345 0
    outer loop
      vertex 65.5413 46.2017 -7
      vertex 65.5822 46.2742 -7.6
      vertex 65.5822 46.2742 -7
    endloop
  endfacet
  facet normal 0.870965 -0.491345 0
    outer loop
      vertex 65.5822 46.2742 -7.6
      vertex 65.5413 46.2017 -7
      vertex 65.5413 46.2017 -7.6
    endloop
  endfacet
  facet normal 0.792488 -0.609887 0
    outer loop
      vertex 65.4912 46.1366 -7
      vertex 65.5413 46.2017 -7.6
      vertex 65.5413 46.2017 -7
    endloop
  endfacet
  facet normal 0.792488 -0.609887 0
    outer loop
      vertex 65.5413 46.2017 -7.6
      vertex 65.4912 46.1366 -7
      vertex 65.4912 46.1366 -7.6
    endloop
  endfacet
  facet normal 0.698596 -0.715517 0
    outer loop
      vertex 65.432 46.0788 -7.6
      vertex 65.4912 46.1366 -7
      vertex 65.432 46.0788 -7
    endloop
  endfacet
  facet normal 0.698596 -0.715517 0
    outer loop
      vertex 65.4912 46.1366 -7
      vertex 65.432 46.0788 -7.6
      vertex 65.4912 46.1366 -7.6
    endloop
  endfacet
  facet normal 0.59469 -0.803955 0
    outer loop
      vertex 65.364 46.0285 -7.6
      vertex 65.432 46.0788 -7
      vertex 65.364 46.0285 -7
    endloop
  endfacet
  facet normal 0.59469 -0.803955 0
    outer loop
      vertex 65.432 46.0788 -7
      vertex 65.364 46.0285 -7.6
      vertex 65.432 46.0788 -7.6
    endloop
  endfacet
  facet normal 0.485643 -0.874157 0
    outer loop
      vertex 65.2875 45.986 -7.6
      vertex 65.364 46.0285 -7
      vertex 65.2875 45.986 -7
    endloop
  endfacet
  facet normal 0.485643 -0.874157 0
    outer loop
      vertex 65.364 46.0285 -7
      vertex 65.2875 45.986 -7.6
      vertex 65.364 46.0285 -7.6
    endloop
  endfacet
  facet normal 0.378506 -0.925599 0
    outer loop
      vertex 65.2024 45.9512 -7.6
      vertex 65.2875 45.986 -7
      vertex 65.2024 45.9512 -7
    endloop
  endfacet
  facet normal 0.378506 -0.925599 0
    outer loop
      vertex 65.2875 45.986 -7
      vertex 65.2024 45.9512 -7.6
      vertex 65.2875 45.986 -7.6
    endloop
  endfacet
  facet normal 0.278108 -0.96055 0
    outer loop
      vertex 65.1088 45.9241 -7.6
      vertex 65.2024 45.9512 -7
      vertex 65.1088 45.9241 -7
    endloop
  endfacet
  facet normal 0.278108 -0.96055 0
    outer loop
      vertex 65.2024 45.9512 -7
      vertex 65.1088 45.9241 -7.6
      vertex 65.2024 45.9512 -7.6
    endloop
  endfacet
  facet normal 0.185741 -0.982599 0
    outer loop
      vertex 65.0067 45.9048 -7.6
      vertex 65.1088 45.9241 -7
      vertex 65.0067 45.9048 -7
    endloop
  endfacet
  facet normal 0.185741 -0.982599 0
    outer loop
      vertex 65.1088 45.9241 -7
      vertex 65.0067 45.9048 -7.6
      vertex 65.1088 45.9241 -7.6
    endloop
  endfacet
  facet normal 0.10431 -0.994545 0
    outer loop
      vertex 64.8961 45.8932 -7.6
      vertex 65.0067 45.9048 -7
      vertex 64.8961 45.8932 -7
    endloop
  endfacet
  facet normal 0.10431 -0.994545 0
    outer loop
      vertex 65.0067 45.9048 -7
      vertex 64.8961 45.8932 -7.6
      vertex 65.0067 45.9048 -7.6
    endloop
  endfacet
  facet normal 0.0327006 -0.999465 0
    outer loop
      vertex 64.7769 45.8893 -7.6
      vertex 64.8961 45.8932 -7
      vertex 64.7769 45.8893 -7
    endloop
  endfacet
  facet normal 0.0327006 -0.999465 0
    outer loop
      vertex 64.8961 45.8932 -7
      vertex 64.7769 45.8893 -7.6
      vertex 64.8961 45.8932 -7.6
    endloop
  endfacet
  facet normal 0 -1 0
    outer loop
      vertex 63.7659 45.8893 -7.6
      vertex 64.7769 45.8893 -7
      vertex 63.7659 45.8893 -7
    endloop
  endfacet
  facet normal 0 -1 -0
    outer loop
      vertex 64.7769 45.8893 -7
      vertex 63.7659 45.8893 -7.6
      vertex 64.7769 45.8893 -7.6
    endloop
  endfacet
  facet normal -1 0 0
    outer loop
      vertex 63.7659 42.7892 -7.6
      vertex 63.7659 44.6439 -7
      vertex 63.7659 44.6439 -7.6
    endloop
  endfacet
  facet normal -1 -0 0
    outer loop
      vertex 63.7659 44.6439 -7
      vertex 63.7659 42.7892 -7.6
      vertex 63.7659 42.7892 -7
    endloop
  endfacet
  facet normal 0 1 -0
    outer loop
      vertex 64.8386 44.6439 -7.6
      vertex 63.7659 44.6439 -7
      vertex 64.8386 44.6439 -7
    endloop
  endfacet
  facet normal 0 1 0
    outer loop
      vertex 63.7659 44.6439 -7
      vertex 64.8386 44.6439 -7.6
      vertex 63.7659 44.6439 -7.6
    endloop
  endfacet
  facet normal 0.0307045 0.999529 -0
    outer loop
      vertex 64.9916 44.6392 -7.6
      vertex 64.8386 44.6439 -7
      vertex 64.9916 44.6392 -7
    endloop
  endfacet
  facet normal 0.0307045 0.999529 0
    outer loop
      vertex 64.8386 44.6439 -7
      vertex 64.9916 44.6392 -7.6
      vertex 64.8386 44.6439 -7.6
    endloop
  endfacet
  facet normal 0.0991556 0.995072 -0
    outer loop
      vertex 65.1331 44.6251 -7.6
      vertex 64.9916 44.6392 -7
      vertex 65.1331 44.6251 -7
    endloop
  endfacet
  facet normal 0.0991556 0.995072 0
    outer loop
      vertex 64.9916 44.6392 -7
      vertex 65.1331 44.6251 -7.6
      vertex 64.9916 44.6392 -7.6
    endloop
  endfacet
  facet normal 0.177021 0.984207 -0
    outer loop
      vertex 65.2632 44.6017 -7.6
      vertex 65.1331 44.6251 -7
      vertex 65.2632 44.6017 -7
    endloop
  endfacet
  facet normal 0.177021 0.984207 0
    outer loop
      vertex 65.1331 44.6251 -7
      vertex 65.2632 44.6017 -7.6
      vertex 65.1331 44.6251 -7.6
    endloop
  endfacet
  facet normal 0.267099 0.963669 -0
    outer loop
      vertex 65.3819 44.5688 -7.6
      vertex 65.2632 44.6017 -7
      vertex 65.3819 44.5688 -7
    endloop
  endfacet
  facet normal 0.267099 0.963669 0
    outer loop
      vertex 65.2632 44.6017 -7
      vertex 65.3819 44.5688 -7.6
      vertex 65.2632 44.6017 -7.6
    endloop
  endfacet
  facet normal 0.367048 0.930202 -0
    outer loop
      vertex 65.4891 44.5265 -7.6
      vertex 65.3819 44.5688 -7
      vertex 65.4891 44.5265 -7
    endloop
  endfacet
  facet normal 0.367048 0.930202 0
    outer loop
      vertex 65.3819 44.5688 -7
      vertex 65.4891 44.5265 -7.6
      vertex 65.3819 44.5688 -7.6
    endloop
  endfacet
  facet normal 0.474209 0.880412 -0
    outer loop
      vertex 65.5849 44.4749 -7.6
      vertex 65.4891 44.5265 -7
      vertex 65.5849 44.4749 -7
    endloop
  endfacet
  facet normal 0.474209 0.880412 0
    outer loop
      vertex 65.4891 44.5265 -7
      vertex 65.5849 44.4749 -7.6
      vertex 65.4891 44.5265 -7.6
    endloop
  endfacet
  facet normal 0.586401 0.810021 -0
    outer loop
      vertex 65.6693 44.4138 -7.6
      vertex 65.5849 44.4749 -7
      vertex 65.6693 44.4138 -7
    endloop
  endfacet
  facet normal 0.586401 0.810021 0
    outer loop
      vertex 65.5849 44.4749 -7
      vertex 65.6693 44.4138 -7.6
      vertex 65.5849 44.4749 -7.6
    endloop
  endfacet
  facet normal 0.69368 0.720284 -0
    outer loop
      vertex 65.7424 44.3434 -7.6
      vertex 65.6693 44.4138 -7
      vertex 65.7424 44.3434 -7
    endloop
  endfacet
  facet normal 0.69368 0.720284 0
    outer loop
      vertex 65.6693 44.4138 -7
      vertex 65.7424 44.3434 -7.6
      vertex 65.6693 44.4138 -7.6
    endloop
  endfacet
  facet normal 0.790631 0.612293 0
    outer loop
      vertex 65.8042 44.2636 -7
      vertex 65.7424 44.3434 -7.6
      vertex 65.7424 44.3434 -7
    endloop
  endfacet
  facet normal 0.790631 0.612293 0
    outer loop
      vertex 65.7424 44.3434 -7.6
      vertex 65.8042 44.2636 -7
      vertex 65.8042 44.2636 -7.6
    endloop
  endfacet
  facet normal 0.869799 0.493406 0
    outer loop
      vertex 65.8548 44.1744 -7
      vertex 65.8042 44.2636 -7.6
      vertex 65.8042 44.2636 -7
    endloop
  endfacet
  facet normal 0.869799 0.493406 0
    outer loop
      vertex 65.8042 44.2636 -7.6
      vertex 65.8548 44.1744 -7
      vertex 65.8548 44.1744 -7.6
    endloop
  endfacet
  facet normal 0.928931 0.370253 0
    outer loop
      vertex 65.8941 44.0758 -7
      vertex 65.8548 44.1744 -7.6
      vertex 65.8548 44.1744 -7
    endloop
  endfacet
  facet normal 0.928931 0.370253 0
    outer loop
      vertex 65.8548 44.1744 -7.6
      vertex 65.8941 44.0758 -7
      vertex 65.8941 44.0758 -7.6
    endloop
  endfacet
  facet normal 0.967779 0.251802 0
    outer loop
      vertex 65.9222 43.9678 -7
      vertex 65.8941 44.0758 -7.6
      vertex 65.8941 44.0758 -7
    endloop
  endfacet
  facet normal 0.967779 0.251802 0
    outer loop
      vertex 65.8941 44.0758 -7.6
      vertex 65.9222 43.9678 -7
      vertex 65.9222 43.9678 -7.6
    endloop
  endfacet
  facet normal 0.98978 0.142603 0
    outer loop
      vertex 65.9391 43.8505 -7
      vertex 65.9222 43.9678 -7.6
      vertex 65.9222 43.9678 -7
    endloop
  endfacet
  facet normal 0.98978 0.142603 0
    outer loop
      vertex 65.9222 43.9678 -7.6
      vertex 65.9391 43.8505 -7
      vertex 65.9391 43.8505 -7.6
    endloop
  endfacet
  facet normal 0.999026 0.044121 0
    outer loop
      vertex 65.9447 43.7237 -7
      vertex 65.9391 43.8505 -7.6
      vertex 65.9391 43.8505 -7
    endloop
  endfacet
  facet normal 0.999026 0.044121 0
    outer loop
      vertex 65.9391 43.8505 -7.6
      vertex 65.9447 43.7237 -7
      vertex 65.9447 43.7237 -7.6
    endloop
  endfacet
  facet normal 0.99903 -0.0440408 0
    outer loop
      vertex 65.939 43.5944 -7
      vertex 65.9447 43.7237 -7.6
      vertex 65.9447 43.7237 -7
    endloop
  endfacet
  facet normal 0.99903 -0.0440408 0
    outer loop
      vertex 65.9447 43.7237 -7.6
      vertex 65.939 43.5944 -7
      vertex 65.939 43.5944 -7.6
    endloop
  endfacet
  facet normal 0.990065 -0.140611 0
    outer loop
      vertex 65.922 43.4747 -7
      vertex 65.939 43.5944 -7.6
      vertex 65.939 43.5944 -7
    endloop
  endfacet
  facet normal 0.990065 -0.140611 0
    outer loop
      vertex 65.939 43.5944 -7.6
      vertex 65.922 43.4747 -7
      vertex 65.922 43.4747 -7.6
    endloop
  endfacet
  facet normal 0.968463 -0.249159 0
    outer loop
      vertex 65.8937 43.3647 -7
      vertex 65.922 43.4747 -7.6
      vertex 65.922 43.4747 -7
    endloop
  endfacet
  facet normal 0.968463 -0.249159 0
    outer loop
      vertex 65.922 43.4747 -7.6
      vertex 65.8937 43.3647 -7
      vertex 65.8937 43.3647 -7.6
    endloop
  endfacet
  facet normal 0.929813 -0.368032 0
    outer loop
      vertex 65.854 43.2644 -7
      vertex 65.8937 43.3647 -7.6
      vertex 65.8937 43.3647 -7
    endloop
  endfacet
  facet normal 0.929813 -0.368032 0
    outer loop
      vertex 65.8937 43.3647 -7.6
      vertex 65.854 43.2644 -7
      vertex 65.854 43.2644 -7.6
    endloop
  endfacet
  facet normal 0.871421 -0.490535 0
    outer loop
      vertex 65.803 43.1738 -7
      vertex 65.854 43.2644 -7.6
      vertex 65.854 43.2644 -7
    endloop
  endfacet
  facet normal 0.871421 -0.490535 0
    outer loop
      vertex 65.854 43.2644 -7.6
      vertex 65.803 43.1738 -7
      vertex 65.803 43.1738 -7.6
    endloop
  endfacet
  facet normal 0.792296 -0.610137 0
    outer loop
      vertex 65.7407 43.0929 -7
      vertex 65.803 43.1738 -7.6
      vertex 65.803 43.1738 -7
    endloop
  endfacet
  facet normal 0.792296 -0.610137 0
    outer loop
      vertex 65.803 43.1738 -7.6
      vertex 65.7407 43.0929 -7
      vertex 65.7407 43.0929 -7.6
    endloop
  endfacet
  facet normal 0.695308 -0.718712 0
    outer loop
      vertex 65.667 43.0216 -7.6
      vertex 65.7407 43.0929 -7
      vertex 65.667 43.0216 -7
    endloop
  endfacet
  facet normal 0.695308 -0.718712 0
    outer loop
      vertex 65.7407 43.0929 -7
      vertex 65.667 43.0216 -7.6
      vertex 65.7407 43.0929 -7.6
    endloop
  endfacet
  facet normal 0.587888 -0.808942 0
    outer loop
      vertex 65.5821 42.9599 -7.6
      vertex 65.667 43.0216 -7
      vertex 65.5821 42.9599 -7
    endloop
  endfacet
  facet normal 0.587888 -0.808942 0
    outer loop
      vertex 65.667 43.0216 -7
      vertex 65.5821 42.9599 -7.6
      vertex 65.667 43.0216 -7.6
    endloop
  endfacet
  facet normal 0.476607 -0.879116 0
    outer loop
      vertex 65.486 42.9078 -7.6
      vertex 65.5821 42.9599 -7
      vertex 65.486 42.9078 -7
    endloop
  endfacet
  facet normal 0.476607 -0.879116 0
    outer loop
      vertex 65.5821 42.9599 -7
      vertex 65.486 42.9078 -7.6
      vertex 65.5821 42.9599 -7.6
    endloop
  endfacet
  facet normal 0.370046 -0.929014 0
    outer loop
      vertex 65.3788 42.8651 -7.6
      vertex 65.486 42.9078 -7
      vertex 65.3788 42.8651 -7
    endloop
  endfacet
  facet normal 0.370046 -0.929014 0
    outer loop
      vertex 65.486 42.9078 -7
      vertex 65.3788 42.8651 -7.6
      vertex 65.486 42.9078 -7.6
    endloop
  endfacet
  facet normal 0.270203 -0.962803 0
    outer loop
      vertex 65.2605 42.8319 -7.6
      vertex 65.3788 42.8651 -7
      vertex 65.2605 42.8319 -7
    endloop
  endfacet
  facet normal 0.270203 -0.962803 0
    outer loop
      vertex 65.3788 42.8651 -7
      vertex 65.2605 42.8319 -7.6
      vertex 65.3788 42.8651 -7.6
    endloop
  endfacet
  facet normal 0.180022 -0.983663 0
    outer loop
      vertex 65.131 42.8082 -7.6
      vertex 65.2605 42.8319 -7
      vertex 65.131 42.8082 -7
    endloop
  endfacet
  facet normal 0.180022 -0.983663 0
    outer loop
      vertex 65.2605 42.8319 -7
      vertex 65.131 42.8082 -7.6
      vertex 65.2605 42.8319 -7.6
    endloop
  endfacet
  facet normal 0.101185 -0.994868 0
    outer loop
      vertex 64.9904 42.7939 -7.6
      vertex 65.131 42.8082 -7
      vertex 64.9904 42.7939 -7
    endloop
  endfacet
  facet normal 0.101185 -0.994868 0
    outer loop
      vertex 65.131 42.8082 -7
      vertex 64.9904 42.7939 -7.6
      vertex 65.131 42.8082 -7.6
    endloop
  endfacet
  facet normal 0.030947 -0.999521 0
    outer loop
      vertex 64.8386 42.7892 -7.6
      vertex 64.9904 42.7939 -7
      vertex 64.8386 42.7892 -7
    endloop
  endfacet
  facet normal 0.030947 -0.999521 0
    outer loop
      vertex 64.9904 42.7939 -7
      vertex 64.8386 42.7892 -7.6
      vertex 64.9904 42.7939 -7.6
    endloop
  endfacet
  facet normal 0 -1 0
    outer loop
      vertex 63.7659 42.7892 -7.6
      vertex 64.8386 42.7892 -7
      vertex 63.7659 42.7892 -7
    endloop
  endfacet
  facet normal 0 -1 -0
    outer loop
      vertex 64.8386 42.7892 -7
      vertex 63.7659 42.7892 -7.6
      vertex 64.8386 42.7892 -7.6
    endloop
  endfacet
  facet normal 0 1 -0
    outer loop
      vertex 73.4756 42.834 -7.6
      vertex 70.618 42.834 -7
      vertex 73.4756 42.834 -7
    endloop
  endfacet
  facet normal 0 1 0
    outer loop
      vertex 70.618 42.834 -7
      vertex 73.4756 42.834 -7.6
      vertex 70.618 42.834 -7.6
    endloop
  endfacet
  facet normal 0.945078 0.326844 0
    outer loop
      vertex 73.9218 41.5438 -7
      vertex 73.4756 42.834 -7.6
      vertex 73.4756 42.834 -7
    endloop
  endfacet
  facet normal 0.945078 0.326844 0
    outer loop
      vertex 73.4756 42.834 -7.6
      vertex 73.9218 41.5438 -7
      vertex 73.9218 41.5438 -7.6
    endloop
  endfacet
  facet normal 0 1 -0
    outer loop
      vertex 75.7589 41.5438 -7.6
      vertex 73.9218 41.5438 -7
      vertex 75.7589 41.5438 -7
    endloop
  endfacet
  facet normal 0 1 0
    outer loop
      vertex 73.9218 41.5438 -7
      vertex 75.7589 41.5438 -7.6
      vertex 73.9218 41.5438 -7.6
    endloop
  endfacet
  facet normal -0.937741 -0.347335 0
    outer loop
      vertex 75.7589 41.5438 -7.6
      vertex 73.1338 48.6311 -7
      vertex 73.1338 48.6311 -7.6
    endloop
  endfacet
  facet normal -0.937741 -0.347335 0
    outer loop
      vertex 73.1338 48.6311 -7
      vertex 75.7589 41.5438 -7.6
      vertex 75.7589 41.5438 -7
    endloop
  endfacet
  facet normal 0 -1 0
    outer loop
      vertex 70.955 48.6311 -7.6
      vertex 73.1338 48.6311 -7
      vertex 70.955 48.6311 -7
    endloop
  endfacet
  facet normal 0 -1 -0
    outer loop
      vertex 73.1338 48.6311 -7
      vertex 70.955 48.6311 -7.6
      vertex 73.1338 48.6311 -7.6
    endloop
  endfacet
  facet normal 0.937746 -0.347323 0
    outer loop
      vertex 68.33 41.5438 -7
      vertex 70.955 48.6311 -7.6
      vertex 70.955 48.6311 -7
    endloop
  endfacet
  facet normal 0.937746 -0.347323 0
    outer loop
      vertex 70.955 48.6311 -7.6
      vertex 68.33 41.5438 -7
      vertex 68.33 41.5438 -7.6
    endloop
  endfacet
  facet normal 0 1 -0
    outer loop
      vertex 70.1671 41.5438 -7.6
      vertex 68.33 41.5438 -7
      vertex 70.1671 41.5438 -7
    endloop
  endfacet
  facet normal 0 1 0
    outer loop
      vertex 68.33 41.5438 -7
      vertex 70.1671 41.5438 -7.6
      vertex 68.33 41.5438 -7.6
    endloop
  endfacet
  facet normal -0.944011 0.329914 0
    outer loop
      vertex 70.1671 41.5438 -7.6
      vertex 70.618 42.834 -7
      vertex 70.618 42.834 -7.6
    endloop
  endfacet
  facet normal -0.944011 0.329914 0
    outer loop
      vertex 70.618 42.834 -7
      vertex 70.1671 41.5438 -7.6
      vertex 70.1671 41.5438 -7
    endloop
  endfacet
  facet normal -0.945266 0.3263 0
    outer loop
      vertex 71.0737 44.1511 -7.6
      vertex 72.0468 46.9701 -7
      vertex 72.0468 46.9701 -7.6
    endloop
  endfacet
  facet normal -0.945266 0.3263 0
    outer loop
      vertex 72.0468 46.9701 -7
      vertex 71.0737 44.1511 -7.6
      vertex 71.0737 44.1511 -7
    endloop
  endfacet
  facet normal 0.945752 0.32489 0
    outer loop
      vertex 73.0152 44.1511 -7
      vertex 72.0468 46.9701 -7.6
      vertex 72.0468 46.9701 -7
    endloop
  endfacet
  facet normal 0.945752 0.32489 0
    outer loop
      vertex 72.0468 46.9701 -7.6
      vertex 73.0152 44.1511 -7
      vertex 73.0152 44.1511 -7.6
    endloop
  endfacet
  facet normal 0 -1 0
    outer loop
      vertex 71.0737 44.1511 -7.6
      vertex 73.0152 44.1511 -7
      vertex 71.0737 44.1511 -7
    endloop
  endfacet
  facet normal 0 -1 -0
    outer loop
      vertex 73.0152 44.1511 -7
      vertex 71.0737 44.1511 -7.6
      vertex 73.0152 44.1511 -7.6
    endloop
  endfacet
  facet normal 0 -1 0
    outer loop
      vertex 85.1884 42.9236 -7.6
      vertex 88.3973 42.9236 -7
      vertex 85.1884 42.9236 -7
    endloop
  endfacet
  facet normal 0 -1 -0
    outer loop
      vertex 88.3973 42.9236 -7
      vertex 85.1884 42.9236 -7.6
      vertex 88.3973 42.9236 -7.6
    endloop
  endfacet
  facet normal -1 0 0
    outer loop
      vertex 85.1884 42.9236 -7.6
      vertex 85.1884 44.5498 -7
      vertex 85.1884 44.5498 -7.6
    endloop
  endfacet
  facet normal -1 -0 0
    outer loop
      vertex 85.1884 44.5498 -7
      vertex 85.1884 42.9236 -7.6
      vertex 85.1884 42.9236 -7
    endloop
  endfacet
  facet normal 0 1 -0
    outer loop
      vertex 88.1077 44.5498 -7.6
      vertex 85.1884 44.5498 -7
      vertex 88.1077 44.5498 -7
    endloop
  endfacet
  facet normal 0 1 0
    outer loop
      vertex 85.1884 44.5498 -7
      vertex 88.1077 44.5498 -7.6
      vertex 85.1884 44.5498 -7.6
    endloop
  endfacet
  facet normal -1 0 0
    outer loop
      vertex 88.1077 44.5498 -7.6
      vertex 88.1077 45.9297 -7
      vertex 88.1077 45.9297 -7.6
    endloop
  endfacet
  facet normal -1 -0 0
    outer loop
      vertex 88.1077 45.9297 -7
      vertex 88.1077 44.5498 -7.6
      vertex 88.1077 44.5498 -7
    endloop
  endfacet
  facet normal 0 -1 0
    outer loop
      vertex 85.1884 45.9297 -7.6
      vertex 88.1077 45.9297 -7
      vertex 85.1884 45.9297 -7
    endloop
  endfacet
  facet normal 0 -1 -0
    outer loop
      vertex 88.1077 45.9297 -7
      vertex 85.1884 45.9297 -7.6
      vertex 88.1077 45.9297 -7.6
    endloop
  endfacet
  facet normal -1 0 0
    outer loop
      vertex 85.1884 45.9297 -7.6
      vertex 85.1884 47.2513 -7
      vertex 85.1884 47.2513 -7.6
    endloop
  endfacet
  facet normal -1 -0 0
    outer loop
      vertex 85.1884 47.2513 -7
      vertex 85.1884 45.9297 -7.6
      vertex 85.1884 45.9297 -7
    endloop
  endfacet
  facet normal 0 1 -0
    outer loop
      vertex 88.2929 47.2513 -7.6
      vertex 85.1884 47.2513 -7
      vertex 88.2929 47.2513 -7
    endloop
  endfacet
  facet normal 0 1 0
    outer loop
      vertex 85.1884 47.2513 -7
      vertex 88.2929 47.2513 -7.6
      vertex 85.1884 47.2513 -7.6
    endloop
  endfacet
  facet normal -1 0 0
    outer loop
      vertex 88.2929 47.2513 -7.6
      vertex 88.2929 48.6311 -7
      vertex 88.2929 48.6311 -7.6
    endloop
  endfacet
  facet normal -1 -0 0
    outer loop
      vertex 88.2929 48.6311 -7
      vertex 88.2929 47.2513 -7.6
      vertex 88.2929 47.2513 -7
    endloop
  endfacet
  facet normal 0 -1 0
    outer loop
      vertex 83.3609 48.6311 -7.6
      vertex 88.2929 48.6311 -7
      vertex 83.3609 48.6311 -7
    endloop
  endfacet
  facet normal 0 -1 -0
    outer loop
      vertex 88.2929 48.6311 -7
      vertex 83.3609 48.6311 -7.6
      vertex 88.2929 48.6311 -7.6
    endloop
  endfacet
  facet normal 1 -0 0
    outer loop
      vertex 83.3609 41.5438 -7
      vertex 83.3609 48.6311 -7.6
      vertex 83.3609 48.6311 -7
    endloop
  endfacet
  facet normal 1 0 0
    outer loop
      vertex 83.3609 48.6311 -7.6
      vertex 83.3609 41.5438 -7
      vertex 83.3609 41.5438 -7.6
    endloop
  endfacet
  facet normal 0 1 -0
    outer loop
      vertex 88.3973 41.5438 -7.6
      vertex 83.3609 41.5438 -7
      vertex 88.3973 41.5438 -7
    endloop
  endfacet
  facet normal 0 1 0
    outer loop
      vertex 83.3609 41.5438 -7
      vertex 88.3973 41.5438 -7.6
      vertex 83.3609 41.5438 -7.6
    endloop
  endfacet
  facet normal -1 0 0
    outer loop
      vertex 88.3973 41.5438 -7.6
      vertex 88.3973 42.9236 -7
      vertex 88.3973 42.9236 -7.6
    endloop
  endfacet
  facet normal -1 -0 0
    outer loop
      vertex 88.3973 42.9236 -7
      vertex 88.3973 41.5438 -7.6
      vertex 88.3973 41.5438 -7
    endloop
  endfacet
  facet normal -1 0 0
    outer loop
      vertex 0 33.75 -1
      vertex 0 47.25 0
      vertex 0 47.25 -1
    endloop
  endfacet
  facet normal -1 -0 0
    outer loop
      vertex 0 47.25 0
      vertex 0 33.75 -1
      vertex 0 33.75 0
    endloop
  endfacet
  facet normal -0 0 1
    outer loop
      vertex -3.3 47.25 -1
      vertex 0 33.75 -1
      vertex 0 47.25 -1
    endloop
  endfacet
  facet normal 0 0 1
    outer loop
      vertex 0 33.75 -1
      vertex -3.3 47.25 -1
      vertex -3.3 33.75 -1
    endloop
  endfacet
  facet normal 0 -1 0
    outer loop
      vertex -3.3 47.25 7.6
      vertex -0.299999 47.25 0
      vertex -0.299999 47.25 7.6
    endloop
  endfacet
  facet normal 0 -1 0
    outer loop
      vertex -3.3 47.25 -1
      vertex -0.299999 47.25 0
      vertex -3.3 47.25 7.6
    endloop
  endfacet
  facet normal 0 -1 0
    outer loop
      vertex 0 47.25 -1
      vertex -0.299999 47.25 0
      vertex -3.3 47.25 -1
    endloop
  endfacet
  facet normal 0 -1 0
    outer loop
      vertex -0.299999 47.25 0
      vertex 0 47.25 -1
      vertex 0 47.25 0
    endloop
  endfacet
  facet normal 0 1 0
    outer loop
      vertex 0 33.75 0
      vertex 0 33.75 -1
      vertex -0.299999 33.75 0
    endloop
  endfacet
  facet normal 0 1 -0
    outer loop
      vertex -0.299999 33.75 0
      vertex -3.3 33.75 7.6
      vertex -0.299999 33.75 7.6
    endloop
  endfacet
  facet normal 0 1 0
    outer loop
      vertex -3.3 33.75 -1
      vertex -0.299999 33.75 0
      vertex 0 33.75 -1
    endloop
  endfacet
  facet normal 0 1 0
    outer loop
      vertex -0.299999 33.75 0
      vertex -3.3 33.75 -1
      vertex -3.3 33.75 7.6
    endloop
  endfacet
endsolid OpenSCAD_Model
