solid OpenSCAD_Model
  facet normal 1 -0 0
    outer loop
      vertex 10 0 107.2
      vertex 10 10 104.8
      vertex 10 10 107.2
    endloop
  endfacet
  facet normal 1 0 0
    outer loop
      vertex 10 10 104.8
      vertex 10 0 107.2
      vertex 10 0 104.8
    endloop
  endfacet
  facet normal -0 0 1
    outer loop
      vertex 5.14207 3.93999 107.2
      vertex 10 0 107.2
      vertex 10 10 107.2
    endloop
  endfacet
  facet normal 0 0 1
    outer loop
      vertex 10 0 107.2
      vertex 5.18546 3.72189 107.2
      vertex 5.2 3.5 107.2
    endloop
  endfacet
  facet normal 0 0 1
    outer loop
      vertex 10 0 107.2
      vertex 5.14207 3.93999 107.2
      vertex 5.18546 3.72189 107.2
    endloop
  endfacet
  facet normal 0 0 1
    outer loop
      vertex 10 10 107.2
      vertex 5.07059 4.15056 107.2
      vertex 5.14207 3.93999 107.2
    endloop
  endfacet
  facet normal 0 0 1
    outer loop
      vertex 10 10 107.2
      vertex 4.97224 4.35 107.2
      vertex 5.07059 4.15056 107.2
    endloop
  endfacet
  facet normal 0 0 1
    outer loop
      vertex 10 10 107.2
      vertex 4.8487 4.53489 107.2
      vertex 4.97224 4.35 107.2
    endloop
  endfacet
  facet normal 0 0 1
    outer loop
      vertex 10 10 107.2
      vertex 4.70208 4.70208 107.2
      vertex 4.8487 4.53489 107.2
    endloop
  endfacet
  facet normal 0 0 1
    outer loop
      vertex 10 10 107.2
      vertex 4.53489 4.8487 107.2
      vertex 4.70208 4.70208 107.2
    endloop
  endfacet
  facet normal 0 0 1
    outer loop
      vertex 10 10 107.2
      vertex 4.35 4.97224 107.2
      vertex 4.53489 4.8487 107.2
    endloop
  endfacet
  facet normal 0 0 1
    outer loop
      vertex 10 10 107.2
      vertex 4.15056 5.07059 107.2
      vertex 4.35 4.97224 107.2
    endloop
  endfacet
  facet normal 0 0 1
    outer loop
      vertex 10 10 107.2
      vertex 3.93999 5.14207 107.2
      vertex 4.15056 5.07059 107.2
    endloop
  endfacet
  facet normal -0 0 1
    outer loop
      vertex 0 10 107.2
      vertex 3.93999 5.14207 107.2
      vertex 10 10 107.2
    endloop
  endfacet
  facet normal 0 0 1
    outer loop
      vertex 3.93999 5.14207 107.2
      vertex 0 10 107.2
      vertex 3.72189 5.18546 107.2
    endloop
  endfacet
  facet normal 0 0 1
    outer loop
      vertex 3.72189 5.18546 107.2
      vertex 0 10 107.2
      vertex 3.5 5.2 107.2
    endloop
  endfacet
  facet normal 0 0 1
    outer loop
      vertex 3.5 5.2 107.2
      vertex 0 10 107.2
      vertex 3.2781 5.18546 107.2
    endloop
  endfacet
  facet normal 0 0 1
    outer loop
      vertex 3.2781 5.18546 107.2
      vertex 0 10 107.2
      vertex 3.06001 5.14207 107.2
    endloop
  endfacet
  facet normal 0 0 1
    outer loop
      vertex 3.06001 5.14207 107.2
      vertex 0 10 107.2
      vertex 2.84944 5.07059 107.2
    endloop
  endfacet
  facet normal 0 0 1
    outer loop
      vertex 2.84944 5.07059 107.2
      vertex 0 10 107.2
      vertex 2.65 4.97224 107.2
    endloop
  endfacet
  facet normal 0 0 1
    outer loop
      vertex 1.81454 3.72189 107.2
      vertex 0 10 107.2
      vertex 1.8 3.5 107.2
    endloop
  endfacet
  facet normal 0 0 1
    outer loop
      vertex 1.85793 3.93999 107.2
      vertex 0 10 107.2
      vertex 1.81454 3.72189 107.2
    endloop
  endfacet
  facet normal 0 0 1
    outer loop
      vertex 1.9294 4.15056 107.2
      vertex 0 10 107.2
      vertex 1.85793 3.93999 107.2
    endloop
  endfacet
  facet normal 0 0 1
    outer loop
      vertex 2.02776 4.35 107.2
      vertex 0 10 107.2
      vertex 1.9294 4.15056 107.2
    endloop
  endfacet
  facet normal 0 0 1
    outer loop
      vertex 2.1513 4.53489 107.2
      vertex 0 10 107.2
      vertex 2.02776 4.35 107.2
    endloop
  endfacet
  facet normal 0 0 1
    outer loop
      vertex 2.29792 4.70208 107.2
      vertex 0 10 107.2
      vertex 2.1513 4.53489 107.2
    endloop
  endfacet
  facet normal 0 0 1
    outer loop
      vertex 2.46511 4.8487 107.2
      vertex 0 10 107.2
      vertex 2.29792 4.70208 107.2
    endloop
  endfacet
  facet normal 0 0 1
    outer loop
      vertex 2.65 4.97224 107.2
      vertex 0 10 107.2
      vertex 2.46511 4.8487 107.2
    endloop
  endfacet
  facet normal 0 0 1
    outer loop
      vertex 150 10 107.2
      vertex 148.2 3.5 107.2
      vertex 150 -2.4 107.2
    endloop
  endfacet
  facet normal 0 0 1
    outer loop
      vertex 150 10 107.2
      vertex 148.185 3.72189 107.2
      vertex 148.2 3.5 107.2
    endloop
  endfacet
  facet normal 0 0 1
    outer loop
      vertex 150 10 107.2
      vertex 148.142 3.93999 107.2
      vertex 148.185 3.72189 107.2
    endloop
  endfacet
  facet normal 0 0 1
    outer loop
      vertex 150 10 107.2
      vertex 148.071 4.15056 107.2
      vertex 148.142 3.93999 107.2
    endloop
  endfacet
  facet normal 0 0 1
    outer loop
      vertex 150 10 107.2
      vertex 147.972 4.35 107.2
      vertex 148.071 4.15056 107.2
    endloop
  endfacet
  facet normal 0 0 1
    outer loop
      vertex 150 10 107.2
      vertex 147.849 4.53489 107.2
      vertex 147.972 4.35 107.2
    endloop
  endfacet
  facet normal 0 0 1
    outer loop
      vertex 150 10 107.2
      vertex 147.702 4.70208 107.2
      vertex 147.849 4.53489 107.2
    endloop
  endfacet
  facet normal 0 0 1
    outer loop
      vertex 150 10 107.2
      vertex 147.535 4.8487 107.2
      vertex 147.702 4.70208 107.2
    endloop
  endfacet
  facet normal 0 0 1
    outer loop
      vertex 150 10 107.2
      vertex 147.35 4.97224 107.2
      vertex 147.535 4.8487 107.2
    endloop
  endfacet
  facet normal 0 0 1
    outer loop
      vertex 150 10 107.2
      vertex 147.151 5.07059 107.2
      vertex 147.35 4.97224 107.2
    endloop
  endfacet
  facet normal 0 0 1
    outer loop
      vertex 150 10 107.2
      vertex 146.94 5.14207 107.2
      vertex 147.151 5.07059 107.2
    endloop
  endfacet
  facet normal 0 0 1
    outer loop
      vertex 150 10 107.2
      vertex 146.722 5.18546 107.2
      vertex 146.94 5.14207 107.2
    endloop
  endfacet
  facet normal 0 0 1
    outer loop
      vertex 150 10 107.2
      vertex 146.5 5.2 107.2
      vertex 146.722 5.18546 107.2
    endloop
  endfacet
  facet normal 0 0 1
    outer loop
      vertex 150 10 107.2
      vertex 146.278 5.18546 107.2
      vertex 146.5 5.2 107.2
    endloop
  endfacet
  facet normal 0 0 1
    outer loop
      vertex 150 10 107.2
      vertex 146.06 5.14207 107.2
      vertex 146.278 5.18546 107.2
    endloop
  endfacet
  facet normal -0 0 1
    outer loop
      vertex 140 10 107.2
      vertex 146.06 5.14207 107.2
      vertex 150 10 107.2
    endloop
  endfacet
  facet normal 0 0 1
    outer loop
      vertex 146.06 5.14207 107.2
      vertex 140 10 107.2
      vertex 145.849 5.07059 107.2
    endloop
  endfacet
  facet normal 0 0 1
    outer loop
      vertex 145.849 5.07059 107.2
      vertex 140 10 107.2
      vertex 145.65 4.97224 107.2
    endloop
  endfacet
  facet normal 0 0 1
    outer loop
      vertex 145.65 4.97224 107.2
      vertex 140 10 107.2
      vertex 145.465 4.8487 107.2
    endloop
  endfacet
  facet normal 0 0 1
    outer loop
      vertex 144.858 3.93999 107.2
      vertex 140 0 107.2
      vertex 144.815 3.72189 107.2
    endloop
  endfacet
  facet normal 0 0 1
    outer loop
      vertex 140 0 107.2
      vertex 144.858 3.93999 107.2
      vertex 140 10 107.2
    endloop
  endfacet
  facet normal 0 0 1
    outer loop
      vertex 144.929 4.15056 107.2
      vertex 140 10 107.2
      vertex 144.858 3.93999 107.2
    endloop
  endfacet
  facet normal 0 0 1
    outer loop
      vertex 145.028 4.35 107.2
      vertex 140 10 107.2
      vertex 144.929 4.15056 107.2
    endloop
  endfacet
  facet normal 0 0 1
    outer loop
      vertex 145.151 4.53489 107.2
      vertex 140 10 107.2
      vertex 145.028 4.35 107.2
    endloop
  endfacet
  facet normal 0 0 1
    outer loop
      vertex 145.298 4.70208 107.2
      vertex 140 10 107.2
      vertex 145.151 4.53489 107.2
    endloop
  endfacet
  facet normal 0 0 1
    outer loop
      vertex 145.465 4.8487 107.2
      vertex 140 10 107.2
      vertex 145.298 4.70208 107.2
    endloop
  endfacet
  facet normal -0 0 1
    outer loop
      vertex 148.185 3.2781 107.2
      vertex 150 -2.4 107.2
      vertex 148.2 3.5 107.2
    endloop
  endfacet
  facet normal -0 0 1
    outer loop
      vertex 148.142 3.06001 107.2
      vertex 150 -2.4 107.2
      vertex 148.185 3.2781 107.2
    endloop
  endfacet
  facet normal -0 0 1
    outer loop
      vertex 148.071 2.84944 107.2
      vertex 150 -2.4 107.2
      vertex 148.142 3.06001 107.2
    endloop
  endfacet
  facet normal -0 0 1
    outer loop
      vertex 147.972 2.65 107.2
      vertex 150 -2.4 107.2
      vertex 148.071 2.84944 107.2
    endloop
  endfacet
  facet normal -0 0 1
    outer loop
      vertex 147.849 2.46511 107.2
      vertex 150 -2.4 107.2
      vertex 147.972 2.65 107.2
    endloop
  endfacet
  facet normal -0 0 1
    outer loop
      vertex 147.702 2.29792 107.2
      vertex 150 -2.4 107.2
      vertex 147.849 2.46511 107.2
    endloop
  endfacet
  facet normal -0 0 1
    outer loop
      vertex 147.535 2.1513 107.2
      vertex 150 -2.4 107.2
      vertex 147.702 2.29792 107.2
    endloop
  endfacet
  facet normal -0 0 1
    outer loop
      vertex 147.35 2.02776 107.2
      vertex 150 -2.4 107.2
      vertex 147.535 2.1513 107.2
    endloop
  endfacet
  facet normal -0 0 1
    outer loop
      vertex 147.151 1.9294 107.2
      vertex 150 -2.4 107.2
      vertex 147.35 2.02776 107.2
    endloop
  endfacet
  facet normal -0 0 1
    outer loop
      vertex 146.94 1.85793 107.2
      vertex 150 -2.4 107.2
      vertex 147.151 1.9294 107.2
    endloop
  endfacet
  facet normal -0 0 1
    outer loop
      vertex 146.722 1.81454 107.2
      vertex 150 -2.4 107.2
      vertex 146.94 1.85793 107.2
    endloop
  endfacet
  facet normal -0 0 1
    outer loop
      vertex 146.5 1.8 107.2
      vertex 150 -2.4 107.2
      vertex 146.722 1.81454 107.2
    endloop
  endfacet
  facet normal 0 0 1
    outer loop
      vertex 146.278 1.81454 107.2
      vertex 150 -2.4 107.2
      vertex 146.5 1.8 107.2
    endloop
  endfacet
  facet normal 0 0 1
    outer loop
      vertex 146.06 1.85793 107.2
      vertex 150 -2.4 107.2
      vertex 146.278 1.81454 107.2
    endloop
  endfacet
  facet normal 0 0 1
    outer loop
      vertex 140 0 107.2
      vertex 146.06 1.85793 107.2
      vertex 145.849 1.9294 107.2
    endloop
  endfacet
  facet normal 0 0 1
    outer loop
      vertex 140 0 107.2
      vertex 145.849 1.9294 107.2
      vertex 145.65 2.02776 107.2
    endloop
  endfacet
  facet normal 0 0 1
    outer loop
      vertex 140 0 107.2
      vertex 145.65 2.02776 107.2
      vertex 145.465 2.1513 107.2
    endloop
  endfacet
  facet normal 0 0 1
    outer loop
      vertex 140 0 107.2
      vertex 145.465 2.1513 107.2
      vertex 145.298 2.29792 107.2
    endloop
  endfacet
  facet normal 0 0 1
    outer loop
      vertex 144.815 3.72189 107.2
      vertex 140 0 107.2
      vertex 144.8 3.5 107.2
    endloop
  endfacet
  facet normal 0 0 1
    outer loop
      vertex 144.8 3.5 107.2
      vertex 140 0 107.2
      vertex 144.815 3.2781 107.2
    endloop
  endfacet
  facet normal 0 0 1
    outer loop
      vertex 144.815 3.2781 107.2
      vertex 140 0 107.2
      vertex 144.858 3.06001 107.2
    endloop
  endfacet
  facet normal 0 0 1
    outer loop
      vertex 144.858 3.06001 107.2
      vertex 140 0 107.2
      vertex 144.929 2.84944 107.2
    endloop
  endfacet
  facet normal 0 0 1
    outer loop
      vertex 144.929 2.84944 107.2
      vertex 140 0 107.2
      vertex 145.028 2.65 107.2
    endloop
  endfacet
  facet normal 0 0 1
    outer loop
      vertex 145.028 2.65 107.2
      vertex 140 0 107.2
      vertex 145.151 2.46511 107.2
    endloop
  endfacet
  facet normal 0 0 1
    outer loop
      vertex 140 0 107.2
      vertex 145.298 2.29792 107.2
      vertex 145.151 2.46511 107.2
    endloop
  endfacet
  facet normal 0 0 1
    outer loop
      vertex 146.06 1.85793 107.2
      vertex 140 0 107.2
      vertex 150 -2.4 107.2
    endloop
  endfacet
  facet normal -0 0 1
    outer loop
      vertex 10 0 107.2
      vertex 150 -2.4 107.2
      vertex 140 0 107.2
    endloop
  endfacet
  facet normal -0 0 1
    outer loop
      vertex 5.18546 3.2781 107.2
      vertex 10 0 107.2
      vertex 5.2 3.5 107.2
    endloop
  endfacet
  facet normal -0 0 1
    outer loop
      vertex 5.14207 3.06001 107.2
      vertex 10 0 107.2
      vertex 5.18546 3.2781 107.2
    endloop
  endfacet
  facet normal -0 0 1
    outer loop
      vertex 5.07059 2.84944 107.2
      vertex 10 0 107.2
      vertex 5.14207 3.06001 107.2
    endloop
  endfacet
  facet normal -0 0 1
    outer loop
      vertex 4.97224 2.65 107.2
      vertex 10 0 107.2
      vertex 5.07059 2.84944 107.2
    endloop
  endfacet
  facet normal -0 0 1
    outer loop
      vertex 4.8487 2.46511 107.2
      vertex 10 0 107.2
      vertex 4.97224 2.65 107.2
    endloop
  endfacet
  facet normal -0 0 1
    outer loop
      vertex 4.70208 2.29792 107.2
      vertex 10 0 107.2
      vertex 4.8487 2.46511 107.2
    endloop
  endfacet
  facet normal -0 0 1
    outer loop
      vertex 4.53489 2.1513 107.2
      vertex 10 0 107.2
      vertex 4.70208 2.29792 107.2
    endloop
  endfacet
  facet normal -0 0 1
    outer loop
      vertex 4.35 2.02776 107.2
      vertex 10 0 107.2
      vertex 4.53489 2.1513 107.2
    endloop
  endfacet
  facet normal -0 0 1
    outer loop
      vertex 4.15056 1.9294 107.2
      vertex 10 0 107.2
      vertex 4.35 2.02776 107.2
    endloop
  endfacet
  facet normal -0 0 1
    outer loop
      vertex 3.93999 1.85793 107.2
      vertex 10 0 107.2
      vertex 4.15056 1.9294 107.2
    endloop
  endfacet
  facet normal 0 0 1
    outer loop
      vertex 0 -2.4 107.2
      vertex 3.93999 1.85793 107.2
      vertex 3.72189 1.81454 107.2
    endloop
  endfacet
  facet normal 0 0 1
    outer loop
      vertex 0 -2.4 107.2
      vertex 3.72189 1.81454 107.2
      vertex 3.5 1.8 107.2
    endloop
  endfacet
  facet normal 0 0 1
    outer loop
      vertex 0 -2.4 107.2
      vertex 3.5 1.8 107.2
      vertex 3.2781 1.81454 107.2
    endloop
  endfacet
  facet normal 0 0 1
    outer loop
      vertex 0 -2.4 107.2
      vertex 3.2781 1.81454 107.2
      vertex 3.06001 1.85793 107.2
    endloop
  endfacet
  facet normal 0 0 1
    outer loop
      vertex 0 -2.4 107.2
      vertex 1.8 3.5 107.2
      vertex 0 10 107.2
    endloop
  endfacet
  facet normal 0 0 1
    outer loop
      vertex 1.8 3.5 107.2
      vertex 0 -2.4 107.2
      vertex 1.81454 3.2781 107.2
    endloop
  endfacet
  facet normal 0 0 1
    outer loop
      vertex 10 0 107.2
      vertex 0 -2.4 107.2
      vertex 150 -2.4 107.2
    endloop
  endfacet
  facet normal 0 0 1
    outer loop
      vertex 3.93999 1.85793 107.2
      vertex 0 -2.4 107.2
      vertex 10 0 107.2
    endloop
  endfacet
  facet normal 0 0 1
    outer loop
      vertex 2.84944 1.9294 107.2
      vertex 0 -2.4 107.2
      vertex 3.06001 1.85793 107.2
    endloop
  endfacet
  facet normal 0 0 1
    outer loop
      vertex 2.65 2.02776 107.2
      vertex 0 -2.4 107.2
      vertex 2.84944 1.9294 107.2
    endloop
  endfacet
  facet normal 0 0 1
    outer loop
      vertex 2.46511 2.1513 107.2
      vertex 0 -2.4 107.2
      vertex 2.65 2.02776 107.2
    endloop
  endfacet
  facet normal 0 0 1
    outer loop
      vertex 2.29792 2.29792 107.2
      vertex 0 -2.4 107.2
      vertex 2.46511 2.1513 107.2
    endloop
  endfacet
  facet normal 0 0 1
    outer loop
      vertex 2.1513 2.46511 107.2
      vertex 0 -2.4 107.2
      vertex 2.29792 2.29792 107.2
    endloop
  endfacet
  facet normal 0 0 1
    outer loop
      vertex 2.02776 2.65 107.2
      vertex 0 -2.4 107.2
      vertex 2.1513 2.46511 107.2
    endloop
  endfacet
  facet normal 0 0 1
    outer loop
      vertex 1.9294 2.84944 107.2
      vertex 0 -2.4 107.2
      vertex 2.02776 2.65 107.2
    endloop
  endfacet
  facet normal 0 0 1
    outer loop
      vertex 1.85793 3.06001 107.2
      vertex 0 -2.4 107.2
      vertex 1.9294 2.84944 107.2
    endloop
  endfacet
  facet normal 0 0 1
    outer loop
      vertex 1.81454 3.2781 107.2
      vertex 0 -2.4 107.2
      vertex 1.85793 3.06001 107.2
    endloop
  endfacet
  facet normal 0 0 -1
    outer loop
      vertex 5.18546 3.72189 104.8
      vertex 10 0 104.8
      vertex 5.2 3.5 104.8
    endloop
  endfacet
  facet normal 0 0 -1
    outer loop
      vertex 10 0 104.8
      vertex 5.18546 3.2781 104.8
      vertex 5.2 3.5 104.8
    endloop
  endfacet
  facet normal 0 0 -1
    outer loop
      vertex 10 0 104.8
      vertex 5.14207 3.06001 104.8
      vertex 5.18546 3.2781 104.8
    endloop
  endfacet
  facet normal 0 0 -1
    outer loop
      vertex 10 0 104.8
      vertex 5.07059 2.84944 104.8
      vertex 5.14207 3.06001 104.8
    endloop
  endfacet
  facet normal 0 0 -1
    outer loop
      vertex 10 0 104.8
      vertex 4.97224 2.65 104.8
      vertex 5.07059 2.84944 104.8
    endloop
  endfacet
  facet normal 0 0 -1
    outer loop
      vertex 10 0 104.8
      vertex 4.8487 2.46511 104.8
      vertex 4.97224 2.65 104.8
    endloop
  endfacet
  facet normal 0 0 -1
    outer loop
      vertex 10 0 104.8
      vertex 4.70208 2.29792 104.8
      vertex 4.8487 2.46511 104.8
    endloop
  endfacet
  facet normal 0 0 -1
    outer loop
      vertex 10 0 104.8
      vertex 4.53489 2.1513 104.8
      vertex 4.70208 2.29792 104.8
    endloop
  endfacet
  facet normal 0 0 -1
    outer loop
      vertex 10 0 104.8
      vertex 4.35 2.02776 104.8
      vertex 4.53489 2.1513 104.8
    endloop
  endfacet
  facet normal 0 0 -1
    outer loop
      vertex 10 0 104.8
      vertex 4.15056 1.9294 104.8
      vertex 4.35 2.02776 104.8
    endloop
  endfacet
  facet normal 0 0 -1
    outer loop
      vertex 10 0 104.8
      vertex 3.93999 1.85793 104.8
      vertex 4.15056 1.9294 104.8
    endloop
  endfacet
  facet normal 0 0 -1
    outer loop
      vertex 10 0 104.8
      vertex 3.72189 1.81454 104.8
      vertex 3.93999 1.85793 104.8
    endloop
  endfacet
  facet normal 0 0 -1
    outer loop
      vertex 0 0 104.8
      vertex 3.72189 1.81454 104.8
      vertex 10 0 104.8
    endloop
  endfacet
  facet normal 0 0 -1
    outer loop
      vertex 3.72189 1.81454 104.8
      vertex 0 0 104.8
      vertex 3.5 1.8 104.8
    endloop
  endfacet
  facet normal -0 0 -1
    outer loop
      vertex 3.5 1.8 104.8
      vertex 0 0 104.8
      vertex 3.2781 1.81454 104.8
    endloop
  endfacet
  facet normal -0 0 -1
    outer loop
      vertex 1.81454 3.2781 104.8
      vertex 0 0 104.8
      vertex 1.8 3.5 104.8
    endloop
  endfacet
  facet normal -0 0 -1
    outer loop
      vertex 1.85793 3.06001 104.8
      vertex 0 0 104.8
      vertex 1.81454 3.2781 104.8
    endloop
  endfacet
  facet normal -0 0 -1
    outer loop
      vertex 1.9294 2.84944 104.8
      vertex 0 0 104.8
      vertex 1.85793 3.06001 104.8
    endloop
  endfacet
  facet normal -0 0 -1
    outer loop
      vertex 2.02776 2.65 104.8
      vertex 0 0 104.8
      vertex 1.9294 2.84944 104.8
    endloop
  endfacet
  facet normal -0 0 -1
    outer loop
      vertex 2.1513 2.46511 104.8
      vertex 0 0 104.8
      vertex 2.02776 2.65 104.8
    endloop
  endfacet
  facet normal -0 0 -1
    outer loop
      vertex 2.29792 2.29792 104.8
      vertex 0 0 104.8
      vertex 2.1513 2.46511 104.8
    endloop
  endfacet
  facet normal -0 0 -1
    outer loop
      vertex 2.46511 2.1513 104.8
      vertex 0 0 104.8
      vertex 2.29792 2.29792 104.8
    endloop
  endfacet
  facet normal -0 0 -1
    outer loop
      vertex 2.65 2.02776 104.8
      vertex 0 0 104.8
      vertex 2.46511 2.1513 104.8
    endloop
  endfacet
  facet normal -0 0 -1
    outer loop
      vertex 2.84944 1.9294 104.8
      vertex 0 0 104.8
      vertex 2.65 2.02776 104.8
    endloop
  endfacet
  facet normal -0 0 -1
    outer loop
      vertex 3.06001 1.85793 104.8
      vertex 0 0 104.8
      vertex 2.84944 1.9294 104.8
    endloop
  endfacet
  facet normal -0 0 -1
    outer loop
      vertex 3.2781 1.81454 104.8
      vertex 0 0 104.8
      vertex 3.06001 1.85793 104.8
    endloop
  endfacet
  facet normal 0 0 -1
    outer loop
      vertex 5.14207 3.93999 104.8
      vertex 10 0 104.8
      vertex 5.18546 3.72189 104.8
    endloop
  endfacet
  facet normal 0 0 -1
    outer loop
      vertex 10 0 104.8
      vertex 5.14207 3.93999 104.8
      vertex 10 10 104.8
    endloop
  endfacet
  facet normal 0 0 -1
    outer loop
      vertex 5.07059 4.15056 104.8
      vertex 10 10 104.8
      vertex 5.14207 3.93999 104.8
    endloop
  endfacet
  facet normal 0 0 -1
    outer loop
      vertex 4.97224 4.35 104.8
      vertex 10 10 104.8
      vertex 5.07059 4.15056 104.8
    endloop
  endfacet
  facet normal 0 0 -1
    outer loop
      vertex 4.8487 4.53489 104.8
      vertex 10 10 104.8
      vertex 4.97224 4.35 104.8
    endloop
  endfacet
  facet normal 0 0 -1
    outer loop
      vertex 4.70208 4.70208 104.8
      vertex 10 10 104.8
      vertex 4.8487 4.53489 104.8
    endloop
  endfacet
  facet normal 0 0 -1
    outer loop
      vertex 4.53489 4.8487 104.8
      vertex 10 10 104.8
      vertex 4.70208 4.70208 104.8
    endloop
  endfacet
  facet normal 0 0 -1
    outer loop
      vertex 4.35 4.97224 104.8
      vertex 10 10 104.8
      vertex 4.53489 4.8487 104.8
    endloop
  endfacet
  facet normal 0 0 -1
    outer loop
      vertex 4.15056 5.07059 104.8
      vertex 10 10 104.8
      vertex 4.35 4.97224 104.8
    endloop
  endfacet
  facet normal 0 0 -1
    outer loop
      vertex 3.93999 5.14207 104.8
      vertex 10 10 104.8
      vertex 4.15056 5.07059 104.8
    endloop
  endfacet
  facet normal 0 0 -1
    outer loop
      vertex 0 10 104.8
      vertex 3.93999 5.14207 104.8
      vertex 3.72189 5.18546 104.8
    endloop
  endfacet
  facet normal 0 0 -1
    outer loop
      vertex 0 10 104.8
      vertex 3.72189 5.18546 104.8
      vertex 3.5 5.2 104.8
    endloop
  endfacet
  facet normal 0 0 -1
    outer loop
      vertex 0 10 104.8
      vertex 3.5 5.2 104.8
      vertex 3.2781 5.18546 104.8
    endloop
  endfacet
  facet normal 0 0 -1
    outer loop
      vertex 0 10 104.8
      vertex 3.2781 5.18546 104.8
      vertex 3.06001 5.14207 104.8
    endloop
  endfacet
  facet normal 0 0 -1
    outer loop
      vertex 0 10 104.8
      vertex 3.06001 5.14207 104.8
      vertex 2.84944 5.07059 104.8
    endloop
  endfacet
  facet normal 0 0 -1
    outer loop
      vertex 0 10 104.8
      vertex 2.84944 5.07059 104.8
      vertex 2.65 4.97224 104.8
    endloop
  endfacet
  facet normal 0 0 -1
    outer loop
      vertex 0 10 104.8
      vertex 2.65 4.97224 104.8
      vertex 2.46511 4.8487 104.8
    endloop
  endfacet
  facet normal 0 0 -1
    outer loop
      vertex 0 0 104.8
      vertex 1.81454 3.72189 104.8
      vertex 1.8 3.5 104.8
    endloop
  endfacet
  facet normal 0 0 -1
    outer loop
      vertex 0 10 104.8
      vertex 1.81454 3.72189 104.8
      vertex 0 0 104.8
    endloop
  endfacet
  facet normal 0 0 -1
    outer loop
      vertex 1.81454 3.72189 104.8
      vertex 0 10 104.8
      vertex 1.85793 3.93999 104.8
    endloop
  endfacet
  facet normal 0 0 -1
    outer loop
      vertex 3.93999 5.14207 104.8
      vertex 0 10 104.8
      vertex 10 10 104.8
    endloop
  endfacet
  facet normal 0 0 -1
    outer loop
      vertex 2.29792 4.70208 104.8
      vertex 0 10 104.8
      vertex 2.46511 4.8487 104.8
    endloop
  endfacet
  facet normal 0 0 -1
    outer loop
      vertex 2.1513 4.53489 104.8
      vertex 0 10 104.8
      vertex 2.29792 4.70208 104.8
    endloop
  endfacet
  facet normal 0 0 -1
    outer loop
      vertex 2.02776 4.35 104.8
      vertex 0 10 104.8
      vertex 2.1513 4.53489 104.8
    endloop
  endfacet
  facet normal 0 0 -1
    outer loop
      vertex 1.9294 4.15056 104.8
      vertex 0 10 104.8
      vertex 2.02776 4.35 104.8
    endloop
  endfacet
  facet normal 0 0 -1
    outer loop
      vertex 1.85793 3.93999 104.8
      vertex 0 10 104.8
      vertex 1.9294 4.15056 104.8
    endloop
  endfacet
  facet normal -1 0 0
    outer loop
      vertex 0 10 63.2
      vertex 0 0 65.6
      vertex 0 10 65.6
    endloop
  endfacet
  facet normal -1 -0 0
    outer loop
      vertex 0 0 65.6
      vertex 0 -2.4 63.2
      vertex 0 0 104.8
    endloop
  endfacet
  facet normal -1 0 0
    outer loop
      vertex 0 -2.4 63.2
      vertex 0 0 65.6
      vertex 0 10 63.2
    endloop
  endfacet
  facet normal -1 0 0
    outer loop
      vertex 0 0 104.8
      vertex 0 10 107.2
      vertex 0 10 104.8
    endloop
  endfacet
  facet normal -1 0 0
    outer loop
      vertex 0 0 104.8
      vertex 0 -2.4 107.2
      vertex 0 10 107.2
    endloop
  endfacet
  facet normal -1 0 0
    outer loop
      vertex 0 -2.4 107.2
      vertex 0 0 104.8
      vertex 0 -2.4 63.2
    endloop
  endfacet
  facet normal 0 1 -0
    outer loop
      vertex 10 10 104.8
      vertex 0 10 107.2
      vertex 10 10 107.2
    endloop
  endfacet
  facet normal 0 1 0
    outer loop
      vertex 0 10 107.2
      vertex 10 10 104.8
      vertex 0 10 104.8
    endloop
  endfacet
  facet normal 0 -1 -0
    outer loop
      vertex 105 -2.4 99.3903
      vertex 61.5263 -2.4 85.7
      vertex 105 -2.4 98.9389
    endloop
  endfacet
  facet normal 0 -1 -0
    outer loop
      vertex 105 -2.4 98.9389
      vertex 61.5263 -2.4 85.7
      vertex 105 -2.4 95.73
    endloop
  endfacet
  facet normal 0 -1 -0
    outer loop
      vertex 105 -2.4 95.73
      vertex 62.1627 -2.4 84.4095
      vertex 105 -2.4 92.9212
    endloop
  endfacet
  facet normal 0 -1 0
    outer loop
      vertex 62.1627 -2.4 84.4095
      vertex 105 -2.4 95.73
      vertex 61.5263 -2.4 85.7
    endloop
  endfacet
  facet normal 0 -1 0
    outer loop
      vertex 119.087 -2.4 79.6615
      vertex 105 -2.4 88.4832
      vertex 118.5 -2.4 79.7
    endloop
  endfacet
  facet normal 0 -1 0
    outer loop
      vertex 105 -2.4 88.4832
      vertex 117.335 -2.4 79.5467
      vertex 117.913 -2.4 79.6615
    endloop
  endfacet
  facet normal 0 -1 0
    outer loop
      vertex 105 -2.4 88.4832
      vertex 116.778 -2.4 79.3575
      vertex 117.335 -2.4 79.5467
    endloop
  endfacet
  facet normal 0 -1 0
    outer loop
      vertex 105 -2.4 88.4832
      vertex 116.25 -2.4 79.0971
      vertex 116.778 -2.4 79.3575
    endloop
  endfacet
  facet normal 0 -1 0
    outer loop
      vertex 105 -2.4 88.4832
      vertex 115.761 -2.4 78.7701
      vertex 116.25 -2.4 79.0971
    endloop
  endfacet
  facet normal 0 -1 0
    outer loop
      vertex 62.6252 -2.4 77.353
      vertex 105 -2.4 88.4832
      vertex 62.9059 -2.4 78.7642
    endloop
  endfacet
  facet normal 0 -1 0
    outer loop
      vertex 105 -2.4 88.4832
      vertex 115.318 -2.4 78.382
      vertex 115.761 -2.4 78.7701
    endloop
  endfacet
  facet normal 0 -1 0
    outer loop
      vertex 105 -2.4 88.4832
      vertex 114.93 -2.4 77.9394
      vertex 115.318 -2.4 78.382
    endloop
  endfacet
  facet normal 0 -1 0
    outer loop
      vertex 105 -2.4 88.4832
      vertex 114.603 -2.4 77.45
      vertex 114.93 -2.4 77.9394
    endloop
  endfacet
  facet normal 0 -1 0
    outer loop
      vertex 62.1627 -2.4 75.9905
      vertex 105 -2.4 88.4832
      vertex 62.6252 -2.4 77.353
    endloop
  endfacet
  facet normal 0 -1 0
    outer loop
      vertex 105 -2.4 88.4832
      vertex 114.343 -2.4 76.9221
      vertex 114.603 -2.4 77.45
    endloop
  endfacet
  facet normal 0 -1 0
    outer loop
      vertex 105 -2.4 88.4832
      vertex 114.153 -2.4 76.3647
      vertex 114.343 -2.4 76.9221
    endloop
  endfacet
  facet normal 0 -1 -0
    outer loop
      vertex 105 -2.4 88.4832
      vertex 62.1627 -2.4 75.9905
      vertex 114.153 -2.4 74.0353
    endloop
  endfacet
  facet normal 0 -1 0
    outer loop
      vertex 105 -2.4 88.4832
      vertex 114.038 -2.4 75.7874
      vertex 114.153 -2.4 76.3647
    endloop
  endfacet
  facet normal 0 -1 0
    outer loop
      vertex 105 -2.4 88.4832
      vertex 114 -2.4 75.2
      vertex 114.038 -2.4 75.7874
    endloop
  endfacet
  facet normal 0 -1 0
    outer loop
      vertex 114.343 -2.4 73.4779
      vertex 62.1627 -2.4 75.9905
      vertex 61.5263 -2.4 74.7
    endloop
  endfacet
  facet normal 0 -1 0
    outer loop
      vertex 105 -2.4 88.4832
      vertex 114.038 -2.4 74.6126
      vertex 114 -2.4 75.2
    endloop
  endfacet
  facet normal 0 -1 0
    outer loop
      vertex 105 -2.4 88.4832
      vertex 114.153 -2.4 74.0353
      vertex 114.038 -2.4 74.6126
    endloop
  endfacet
  facet normal 0 -1 0
    outer loop
      vertex 114.603 -2.4 72.95
      vertex 61.5263 -2.4 74.7
      vertex 60.7269 -2.4 73.5036
    endloop
  endfacet
  facet normal 0 -1 0
    outer loop
      vertex 62.1627 -2.4 75.9905
      vertex 114.343 -2.4 73.4779
      vertex 114.153 -2.4 74.0353
    endloop
  endfacet
  facet normal 0 -1 0
    outer loop
      vertex 61.5263 -2.4 74.7
      vertex 114.603 -2.4 72.95
      vertex 114.343 -2.4 73.4779
    endloop
  endfacet
  facet normal 0 -1 0
    outer loop
      vertex 60.7269 -2.4 73.5036
      vertex 114.93 -2.4 72.4606
      vertex 114.603 -2.4 72.95
    endloop
  endfacet
  facet normal 0 -1 0
    outer loop
      vertex 59.7782 -2.4 72.4218
      vertex 114.93 -2.4 72.4606
      vertex 60.7269 -2.4 73.5036
    endloop
  endfacet
  facet normal 0 -1 0
    outer loop
      vertex 59.7782 -2.4 72.4218
      vertex 115.318 -2.4 72.018
      vertex 114.93 -2.4 72.4606
    endloop
  endfacet
  facet normal 0 -1 0
    outer loop
      vertex 59.7782 -2.4 72.4218
      vertex 115.761 -2.4 71.6299
      vertex 115.318 -2.4 72.018
    endloop
  endfacet
  facet normal 0 -1 0
    outer loop
      vertex 58.6964 -2.4 71.4731
      vertex 115.761 -2.4 71.6299
      vertex 59.7782 -2.4 72.4218
    endloop
  endfacet
  facet normal 0 -1 0
    outer loop
      vertex 58.6964 -2.4 71.4731
      vertex 116.25 -2.4 71.3029
      vertex 115.761 -2.4 71.6299
    endloop
  endfacet
  facet normal 0 -1 0
    outer loop
      vertex 57.5 -2.4 70.6737
      vertex 116.25 -2.4 71.3029
      vertex 58.6964 -2.4 71.4731
    endloop
  endfacet
  facet normal 0 -1 -0
    outer loop
      vertex 116.25 -2.4 71.3029
      vertex 57.5 -2.4 70.6737
      vertex 116.778 -2.4 71.0425
    endloop
  endfacet
  facet normal 0 -1 0
    outer loop
      vertex 56.2095 -2.4 70.0373
      vertex 116.778 -2.4 71.0425
      vertex 57.5 -2.4 70.6737
    endloop
  endfacet
  facet normal 0 -1 -0
    outer loop
      vertex 116.778 -2.4 71.0425
      vertex 56.2095 -2.4 70.0373
      vertex 117.335 -2.4 70.8533
    endloop
  endfacet
  facet normal 0 -1 0
    outer loop
      vertex 54.847 -2.4 69.5748
      vertex 117.335 -2.4 70.8533
      vertex 56.2095 -2.4 70.0373
    endloop
  endfacet
  facet normal 0 -1 0
    outer loop
      vertex 116.584 -2.4 94.4257
      vertex 116.584 -2.4 91.1159
      vertex 117.111 -2.4 91.6425
    endloop
  endfacet
  facet normal 0 -1 0
    outer loop
      vertex 59.7782 -2.4 87.9782
      vertex 105 -2.4 99.3903
      vertex 58.6964 -2.4 88.9269
    endloop
  endfacet
  facet normal 0 -1 0
    outer loop
      vertex 60.7269 -2.4 86.8964
      vertex 105 -2.4 99.3903
      vertex 59.7782 -2.4 87.9782
    endloop
  endfacet
  facet normal -0 -1 0
    outer loop
      vertex 116.584 -2.4 90.6646
      vertex 105.527 -2.4 92.3947
      vertex 105 -2.4 89.5363
    endloop
  endfacet
  facet normal 0 -1 0
    outer loop
      vertex 61.5263 -2.4 85.7
      vertex 105 -2.4 99.3903
      vertex 60.7269 -2.4 86.8964
    endloop
  endfacet
  facet normal 0 -1 0
    outer loop
      vertex 105.527 -2.4 92.3947
      vertex 116.584 -2.4 90.6646
      vertex 116.584 -2.4 91.1159
    endloop
  endfacet
  facet normal 0 -1 -0
    outer loop
      vertex 116.584 -2.4 90.6646
      vertex 105 -2.4 89.5363
      vertex 117.111 -2.4 90.1381
    endloop
  endfacet
  facet normal 0 -1 0
    outer loop
      vertex 105 -2.4 92.9212
      vertex 105 -2.4 89.5363
      vertex 105.527 -2.4 92.3947
    endloop
  endfacet
  facet normal 0 -1 0
    outer loop
      vertex 112.372 -2.4 92.9212
      vertex 114.854 -2.4 95.4035
      vertex 112.372 -2.4 95.4035
    endloop
  endfacet
  facet normal 0 -1 -0
    outer loop
      vertex 114.854 -2.4 95.4035
      vertex 112.372 -2.4 92.9212
      vertex 116.584 -2.4 94.4257
    endloop
  endfacet
  facet normal 0 -1 0
    outer loop
      vertex 116.584 -2.4 91.1159
      vertex 116.584 -2.4 94.4257
      vertex 112.372 -2.4 92.9212
    endloop
  endfacet
  facet normal 0 -1 0
    outer loop
      vertex 116.584 -2.4 94.4257
      vertex 117.111 -2.4 91.6425
      vertex 117.111 -2.4 93.8991
    endloop
  endfacet
  facet normal 0 -1 0
    outer loop
      vertex 116.584 -2.4 91.1159
      vertex 112.372 -2.4 92.9212
      vertex 111.845 -2.4 92.3947
    endloop
  endfacet
  facet normal 0 -1 0
    outer loop
      vertex 117.111 -2.4 93.8991
      vertex 117.111 -2.4 91.6425
      vertex 119.593 -2.4 93.8991
    endloop
  endfacet
  facet normal 0 -1 -0
    outer loop
      vertex 119.593 -2.4 93.8991
      vertex 117.111 -2.4 91.6425
      vertex 119.593 -2.4 91.6425
    endloop
  endfacet
  facet normal 0 -1 0
    outer loop
      vertex 137.496 -2.4 96.1557
      vertex 137.496 -2.4 93.8991
      vertex 138.473 -2.4 96.1557
    endloop
  endfacet
  facet normal 0 -1 0
    outer loop
      vertex 131.22 -2.4 97.6534
      vertex 136.518 -2.4 99.5407
      vertex 131.156 -2.4 97.6572
    endloop
  endfacet
  facet normal 0 -1 0
    outer loop
      vertex 131.285 -2.4 97.6474
      vertex 136.518 -2.4 99.5407
      vertex 131.22 -2.4 97.6534
    endloop
  endfacet
  facet normal 0 -1 0
    outer loop
      vertex 131.348 -2.4 97.6406
      vertex 136.518 -2.4 99.5407
      vertex 131.285 -2.4 97.6474
    endloop
  endfacet
  facet normal 0 -1 0
    outer loop
      vertex 136.518 -2.4 99.5407
      vertex 131.348 -2.4 97.6406
      vertex 135.991 -2.4 99.0142
    endloop
  endfacet
  facet normal 0 -1 0
    outer loop
      vertex 131.413 -2.4 97.6316
      vertex 135.991 -2.4 99.0142
      vertex 131.348 -2.4 97.6406
    endloop
  endfacet
  facet normal 0 -1 0
    outer loop
      vertex 131.476 -2.4 97.6211
      vertex 135.991 -2.4 99.0142
      vertex 131.413 -2.4 97.6316
    endloop
  endfacet
  facet normal 0 -1 0
    outer loop
      vertex 131.54 -2.4 97.6098
      vertex 135.991 -2.4 99.0142
      vertex 131.476 -2.4 97.6211
    endloop
  endfacet
  facet normal 0 -1 0
    outer loop
      vertex 131.604 -2.4 97.5962
      vertex 135.991 -2.4 99.0142
      vertex 131.54 -2.4 97.6098
    endloop
  endfacet
  facet normal 0 -1 0
    outer loop
      vertex 131.666 -2.4 97.5812
      vertex 135.991 -2.4 99.0142
      vertex 131.604 -2.4 97.5962
    endloop
  endfacet
  facet normal 0 -1 0
    outer loop
      vertex 131.728 -2.4 97.5646
      vertex 135.991 -2.4 99.0142
      vertex 131.666 -2.4 97.5812
    endloop
  endfacet
  facet normal 0 -1 0
    outer loop
      vertex 131.791 -2.4 97.5466
      vertex 135.991 -2.4 99.0142
      vertex 131.728 -2.4 97.5646
    endloop
  endfacet
  facet normal 0 -1 0
    outer loop
      vertex 131.852 -2.4 97.527
      vertex 135.991 -2.4 99.0142
      vertex 131.791 -2.4 97.5466
    endloop
  endfacet
  facet normal 0 -1 0
    outer loop
      vertex 131.913 -2.4 97.506
      vertex 135.991 -2.4 99.0142
      vertex 131.852 -2.4 97.527
    endloop
  endfacet
  facet normal 0 -1 0
    outer loop
      vertex 131.974 -2.4 97.4834
      vertex 135.991 -2.4 99.0142
      vertex 131.913 -2.4 97.506
    endloop
  endfacet
  facet normal 0 -1 0
    outer loop
      vertex 132.034 -2.4 97.4601
      vertex 135.991 -2.4 99.0142
      vertex 131.974 -2.4 97.4834
    endloop
  endfacet
  facet normal 0 -1 0
    outer loop
      vertex 132.093 -2.4 97.4345
      vertex 135.991 -2.4 99.0142
      vertex 132.034 -2.4 97.4601
    endloop
  endfacet
  facet normal 0 -1 0
    outer loop
      vertex 132.152 -2.4 97.4074
      vertex 135.991 -2.4 99.0142
      vertex 132.093 -2.4 97.4345
    endloop
  endfacet
  facet normal 0 -1 0
    outer loop
      vertex 132.211 -2.4 97.3788
      vertex 135.991 -2.4 99.0142
      vertex 132.152 -2.4 97.4074
    endloop
  endfacet
  facet normal 0 -1 0
    outer loop
      vertex 132.268 -2.4 97.3495
      vertex 135.991 -2.4 99.0142
      vertex 132.211 -2.4 97.3788
    endloop
  endfacet
  facet normal 0 -1 0
    outer loop
      vertex 132.324 -2.4 97.3179
      vertex 135.991 -2.4 99.0142
      vertex 132.268 -2.4 97.3495
    endloop
  endfacet
  facet normal 0 -1 0
    outer loop
      vertex 132.38 -2.4 97.2856
      vertex 135.991 -2.4 99.0142
      vertex 132.324 -2.4 97.3179
    endloop
  endfacet
  facet normal 0 -1 0
    outer loop
      vertex 132.435 -2.4 97.2517
      vertex 135.991 -2.4 99.0142
      vertex 132.38 -2.4 97.2856
    endloop
  endfacet
  facet normal 0 -1 0
    outer loop
      vertex 132.489 -2.4 97.2164
      vertex 135.991 -2.4 99.0142
      vertex 132.435 -2.4 97.2517
    endloop
  endfacet
  facet normal 0 -1 0
    outer loop
      vertex 132.542 -2.4 97.1803
      vertex 135.991 -2.4 99.0142
      vertex 132.489 -2.4 97.2164
    endloop
  endfacet
  facet normal 0 -1 0
    outer loop
      vertex 132.595 -2.4 97.1419
      vertex 135.991 -2.4 99.0142
      vertex 132.542 -2.4 97.1803
    endloop
  endfacet
  facet normal 0 -1 0
    outer loop
      vertex 132.646 -2.4 97.1028
      vertex 135.991 -2.4 99.0142
      vertex 132.595 -2.4 97.1419
    endloop
  endfacet
  facet normal 0 -1 0
    outer loop
      vertex 135.991 -2.4 99.0142
      vertex 135.239 -2.4 97.1336
      vertex 135.765 -2.4 97.6602
    endloop
  endfacet
  facet normal 0 -1 0
    outer loop
      vertex 135.991 -2.4 99.0142
      vertex 132.646 -2.4 97.1028
      vertex 135.239 -2.4 97.1336
    endloop
  endfacet
  facet normal 0 -1 0
    outer loop
      vertex 132.696 -2.4 97.0629
      vertex 135.239 -2.4 97.1336
      vertex 132.646 -2.4 97.1028
    endloop
  endfacet
  facet normal 0 -1 0
    outer loop
      vertex 132.746 -2.4 97.0208
      vertex 135.239 -2.4 97.1336
      vertex 132.696 -2.4 97.0629
    endloop
  endfacet
  facet normal 0 -1 0
    outer loop
      vertex 132.794 -2.4 96.9779
      vertex 135.239 -2.4 97.1336
      vertex 132.746 -2.4 97.0208
    endloop
  endfacet
  facet normal 0 -1 0
    outer loop
      vertex 132.842 -2.4 96.9343
      vertex 135.239 -2.4 97.1336
      vertex 132.794 -2.4 96.9779
    endloop
  endfacet
  facet normal 0 -1 0
    outer loop
      vertex 132.888 -2.4 96.8892
      vertex 135.239 -2.4 97.1336
      vertex 132.842 -2.4 96.9343
    endloop
  endfacet
  facet normal 0 -1 0
    outer loop
      vertex 132.933 -2.4 96.8425
      vertex 135.239 -2.4 97.1336
      vertex 132.888 -2.4 96.8892
    endloop
  endfacet
  facet normal 0 -1 0
    outer loop
      vertex 132.977 -2.4 96.7951
      vertex 135.239 -2.4 97.1336
      vertex 132.933 -2.4 96.8425
    endloop
  endfacet
  facet normal 0 -1 0
    outer loop
      vertex 133.02 -2.4 96.747
      vertex 135.239 -2.4 97.1336
      vertex 132.977 -2.4 96.7951
    endloop
  endfacet
  facet normal 0 -1 0
    outer loop
      vertex 133.062 -2.4 96.6973
      vertex 135.239 -2.4 97.1336
      vertex 133.02 -2.4 96.747
    endloop
  endfacet
  facet normal 0 -1 0
    outer loop
      vertex 133.102 -2.4 96.6469
      vertex 135.239 -2.4 97.1336
      vertex 133.062 -2.4 96.6973
    endloop
  endfacet
  facet normal 0 -1 0
    outer loop
      vertex 133.141 -2.4 96.5958
      vertex 135.239 -2.4 97.1336
      vertex 133.102 -2.4 96.6469
    endloop
  endfacet
  facet normal 0 -1 0
    outer loop
      vertex 133.179 -2.4 96.5431
      vertex 135.239 -2.4 97.1336
      vertex 133.141 -2.4 96.5958
    endloop
  endfacet
  facet normal 0 -1 0
    outer loop
      vertex 133.215 -2.4 96.4897
      vertex 135.239 -2.4 97.1336
      vertex 133.179 -2.4 96.5431
    endloop
  endfacet
  facet normal 0 -1 0
    outer loop
      vertex 133.251 -2.4 96.4356
      vertex 135.239 -2.4 97.1336
      vertex 133.215 -2.4 96.4897
    endloop
  endfacet
  facet normal 0 -1 0
    outer loop
      vertex 133.285 -2.4 96.3807
      vertex 135.239 -2.4 97.1336
      vertex 133.251 -2.4 96.4356
    endloop
  endfacet
  facet normal 0 -1 -0
    outer loop
      vertex 135.239 -2.4 97.1336
      vertex 133.285 -2.4 96.3807
      vertex 135.239 -2.4 96.6823
    endloop
  endfacet
  facet normal 0 -1 0
    outer loop
      vertex 133.317 -2.4 96.325
      vertex 135.239 -2.4 96.6823
      vertex 133.285 -2.4 96.3807
    endloop
  endfacet
  facet normal 0 -1 0
    outer loop
      vertex 133.349 -2.4 96.2686
      vertex 135.239 -2.4 96.6823
      vertex 133.317 -2.4 96.325
    endloop
  endfacet
  facet normal 0 -1 0
    outer loop
      vertex 133.378 -2.4 96.2114
      vertex 135.239 -2.4 96.6823
      vertex 133.349 -2.4 96.2686
    endloop
  endfacet
  facet normal 0 -1 0
    outer loop
      vertex 133.407 -2.4 96.1527
      vertex 135.239 -2.4 96.6823
      vertex 133.378 -2.4 96.2114
    endloop
  endfacet
  facet normal 0 -1 0
    outer loop
      vertex 133.434 -2.4 96.0941
      vertex 135.239 -2.4 96.6823
      vertex 133.407 -2.4 96.1527
    endloop
  endfacet
  facet normal 0 -1 0
    outer loop
      vertex 133.459 -2.4 96.0346
      vertex 135.239 -2.4 96.6823
      vertex 133.434 -2.4 96.0941
    endloop
  endfacet
  facet normal 0 -1 0
    outer loop
      vertex 133.483 -2.4 95.9752
      vertex 135.239 -2.4 96.6823
      vertex 133.459 -2.4 96.0346
    endloop
  endfacet
  facet normal 0 -1 0
    outer loop
      vertex 133.505 -2.4 95.9143
      vertex 135.239 -2.4 96.6823
      vertex 133.483 -2.4 95.9752
    endloop
  endfacet
  facet normal 0 -1 0
    outer loop
      vertex 133.526 -2.4 95.8534
      vertex 135.239 -2.4 96.6823
      vertex 133.505 -2.4 95.9143
    endloop
  endfacet
  facet normal 0 -1 0
    outer loop
      vertex 133.546 -2.4 95.7917
      vertex 135.239 -2.4 96.6823
      vertex 133.526 -2.4 95.8534
    endloop
  endfacet
  facet normal 0 -1 0
    outer loop
      vertex 133.564 -2.4 95.7292
      vertex 135.239 -2.4 96.6823
      vertex 133.546 -2.4 95.7917
    endloop
  endfacet
  facet normal 0 -1 0
    outer loop
      vertex 133.58 -2.4 95.6668
      vertex 135.239 -2.4 96.6823
      vertex 133.564 -2.4 95.7292
    endloop
  endfacet
  facet normal 0 -1 0
    outer loop
      vertex 133.595 -2.4 95.6044
      vertex 135.239 -2.4 96.6823
      vertex 133.58 -2.4 95.6668
    endloop
  endfacet
  facet normal 0 -1 0
    outer loop
      vertex 133.609 -2.4 95.5412
      vertex 135.239 -2.4 96.6823
      vertex 133.595 -2.4 95.6044
    endloop
  endfacet
  facet normal 0 -1 0
    outer loop
      vertex 133.62 -2.4 95.4773
      vertex 135.239 -2.4 96.6823
      vertex 133.609 -2.4 95.5412
    endloop
  endfacet
  facet normal 0 -1 -0
    outer loop
      vertex 135.239 -2.4 96.6823
      vertex 133.62 -2.4 95.4773
      vertex 135.765 -2.4 96.1557
    endloop
  endfacet
  facet normal 0 -1 0
    outer loop
      vertex 133.631 -2.4 95.4141
      vertex 135.765 -2.4 96.1557
      vertex 133.62 -2.4 95.4773
    endloop
  endfacet
  facet normal 0 -1 0
    outer loop
      vertex 133.64 -2.4 95.3494
      vertex 135.765 -2.4 96.1557
      vertex 133.631 -2.4 95.4141
    endloop
  endfacet
  facet normal 0 -1 0
    outer loop
      vertex 133.646 -2.4 95.2854
      vertex 135.765 -2.4 96.1557
      vertex 133.64 -2.4 95.3494
    endloop
  endfacet
  facet normal 0 -1 0
    outer loop
      vertex 133.653 -2.4 95.2207
      vertex 135.765 -2.4 96.1557
      vertex 133.646 -2.4 95.2854
    endloop
  endfacet
  facet normal 0 -1 0
    outer loop
      vertex 133.656 -2.4 95.1568
      vertex 135.765 -2.4 96.1557
      vertex 133.653 -2.4 95.2207
    endloop
  endfacet
  facet normal 0 -1 0
    outer loop
      vertex 133.659 -2.4 95.0921
      vertex 135.765 -2.4 96.1557
      vertex 133.656 -2.4 95.1568
    endloop
  endfacet
  facet normal 0 -1 0
    outer loop
      vertex 133.659 -2.4 95.0274
      vertex 135.765 -2.4 96.1557
      vertex 133.659 -2.4 95.0921
    endloop
  endfacet
  facet normal 0 -1 0
    outer loop
      vertex 133.659 -2.4 94.9627
      vertex 135.765 -2.4 96.1557
      vertex 133.659 -2.4 95.0274
    endloop
  endfacet
  facet normal 0 -1 0
    outer loop
      vertex 133.656 -2.4 94.898
      vertex 135.765 -2.4 96.1557
      vertex 133.659 -2.4 94.9627
    endloop
  endfacet
  facet normal 0 -1 0
    outer loop
      vertex 133.653 -2.4 94.8341
      vertex 135.765 -2.4 96.1557
      vertex 133.656 -2.4 94.898
    endloop
  endfacet
  facet normal 0 -1 0
    outer loop
      vertex 133.646 -2.4 94.7694
      vertex 135.765 -2.4 96.1557
      vertex 133.653 -2.4 94.8341
    endloop
  endfacet
  facet normal 0 -1 0
    outer loop
      vertex 133.64 -2.4 94.7055
      vertex 135.765 -2.4 96.1557
      vertex 133.646 -2.4 94.7694
    endloop
  endfacet
  facet normal 0 -1 0
    outer loop
      vertex 135.991 -2.4 92.9212
      vertex 135.765 -2.4 96.1557
      vertex 133.64 -2.4 94.7055
    endloop
  endfacet
  facet normal 0 -1 0
    outer loop
      vertex 135.991 -2.4 92.9212
      vertex 133.64 -2.4 94.7055
      vertex 133.631 -2.4 94.6408
    endloop
  endfacet
  facet normal 0 -1 0
    outer loop
      vertex 135.991 -2.4 92.9212
      vertex 133.631 -2.4 94.6408
      vertex 133.62 -2.4 94.5776
    endloop
  endfacet
  facet normal 0 -1 0
    outer loop
      vertex 135.991 -2.4 92.9212
      vertex 133.62 -2.4 94.5776
      vertex 133.609 -2.4 94.5137
    endloop
  endfacet
  facet normal 0 -1 0
    outer loop
      vertex 135.991 -2.4 92.9212
      vertex 133.609 -2.4 94.5137
      vertex 133.595 -2.4 94.4505
    endloop
  endfacet
  facet normal 0 -1 0
    outer loop
      vertex 135.991 -2.4 92.9212
      vertex 133.595 -2.4 94.4505
      vertex 133.58 -2.4 94.3881
    endloop
  endfacet
  facet normal 0 -1 0
    outer loop
      vertex 135.991 -2.4 92.9212
      vertex 133.58 -2.4 94.3881
      vertex 133.564 -2.4 94.3256
    endloop
  endfacet
  facet normal 0 -1 0
    outer loop
      vertex 135.991 -2.4 92.9212
      vertex 133.564 -2.4 94.3256
      vertex 133.546 -2.4 94.2632
    endloop
  endfacet
  facet normal 0 -1 0
    outer loop
      vertex 135.991 -2.4 92.9212
      vertex 133.546 -2.4 94.2632
      vertex 133.526 -2.4 94.2015
    endloop
  endfacet
  facet normal 0 -1 0
    outer loop
      vertex 135.991 -2.4 92.9212
      vertex 133.526 -2.4 94.2015
      vertex 133.505 -2.4 94.1406
    endloop
  endfacet
  facet normal 0 -1 0
    outer loop
      vertex 135.991 -2.4 92.9212
      vertex 133.505 -2.4 94.1406
      vertex 133.483 -2.4 94.0797
    endloop
  endfacet
  facet normal 0 -1 0
    outer loop
      vertex 135.991 -2.4 92.9212
      vertex 133.483 -2.4 94.0797
      vertex 133.459 -2.4 94.0202
    endloop
  endfacet
  facet normal 0 -1 0
    outer loop
      vertex 135.991 -2.4 92.9212
      vertex 133.459 -2.4 94.0202
      vertex 133.434 -2.4 93.9608
    endloop
  endfacet
  facet normal 0 -1 0
    outer loop
      vertex 135.991 -2.4 92.9212
      vertex 133.434 -2.4 93.9608
      vertex 133.407 -2.4 93.9021
    endloop
  endfacet
  facet normal 0 -1 0
    outer loop
      vertex 135.991 -2.4 92.9212
      vertex 133.407 -2.4 93.9021
      vertex 133.378 -2.4 93.8435
    endloop
  endfacet
  facet normal 0 -1 0
    outer loop
      vertex 135.991 -2.4 92.9212
      vertex 133.378 -2.4 93.8435
      vertex 133.349 -2.4 93.7863
    endloop
  endfacet
  facet normal 0 -1 0
    outer loop
      vertex 135.991 -2.4 92.9212
      vertex 133.349 -2.4 93.7863
      vertex 133.317 -2.4 93.7299
    endloop
  endfacet
  facet normal 0 -1 0
    outer loop
      vertex 135.991 -2.4 92.9212
      vertex 133.317 -2.4 93.7299
      vertex 133.285 -2.4 93.6742
    endloop
  endfacet
  facet normal 0 -1 0
    outer loop
      vertex 135.991 -2.4 92.9212
      vertex 133.285 -2.4 93.6742
      vertex 133.251 -2.4 93.6193
    endloop
  endfacet
  facet normal 0 -1 0
    outer loop
      vertex 135.991 -2.4 92.9212
      vertex 133.251 -2.4 93.6193
      vertex 133.215 -2.4 93.5651
    endloop
  endfacet
  facet normal 0 -1 0
    outer loop
      vertex 135.991 -2.4 92.9212
      vertex 133.215 -2.4 93.5651
      vertex 133.179 -2.4 93.5117
    endloop
  endfacet
  facet normal 0 -1 0
    outer loop
      vertex 135.991 -2.4 92.9212
      vertex 133.179 -2.4 93.5117
      vertex 133.141 -2.4 93.4591
    endloop
  endfacet
  facet normal 0 -1 0
    outer loop
      vertex 135.991 -2.4 92.9212
      vertex 133.141 -2.4 93.4591
      vertex 133.102 -2.4 93.4079
    endloop
  endfacet
  facet normal 0 -1 0
    outer loop
      vertex 135.991 -2.4 92.9212
      vertex 133.102 -2.4 93.4079
      vertex 133.062 -2.4 93.3575
    endloop
  endfacet
  facet normal 0 -1 0
    outer loop
      vertex 135.991 -2.4 92.9212
      vertex 133.062 -2.4 93.3575
      vertex 133.02 -2.4 93.3079
    endloop
  endfacet
  facet normal 0 -1 0
    outer loop
      vertex 135.991 -2.4 92.9212
      vertex 133.02 -2.4 93.3079
      vertex 132.977 -2.4 93.2597
    endloop
  endfacet
  facet normal 0 -1 0
    outer loop
      vertex 135.991 -2.4 92.9212
      vertex 132.977 -2.4 93.2597
      vertex 132.933 -2.4 93.2124
    endloop
  endfacet
  facet normal 0 -1 0
    outer loop
      vertex 135.991 -2.4 92.9212
      vertex 132.933 -2.4 93.2124
      vertex 132.888 -2.4 93.1657
    endloop
  endfacet
  facet normal 0 -1 0
    outer loop
      vertex 135.991 -2.4 92.9212
      vertex 132.888 -2.4 93.1657
      vertex 132.842 -2.4 93.1206
    endloop
  endfacet
  facet normal 0 -1 0
    outer loop
      vertex 135.765 -2.4 96.1557
      vertex 135.991 -2.4 92.9212
      vertex 135.991 -2.4 96.1557
    endloop
  endfacet
  facet normal 0 -1 0
    outer loop
      vertex 132.794 -2.4 93.077
      vertex 135.991 -2.4 92.9212
      vertex 132.842 -2.4 93.1206
    endloop
  endfacet
  facet normal 0 -1 0
    outer loop
      vertex 132.746 -2.4 93.0341
      vertex 135.991 -2.4 92.9212
      vertex 132.794 -2.4 93.077
    endloop
  endfacet
  facet normal 0 -1 0
    outer loop
      vertex 132.696 -2.4 92.992
      vertex 135.991 -2.4 92.9212
      vertex 132.746 -2.4 93.0341
    endloop
  endfacet
  facet normal 0 -1 0
    outer loop
      vertex 132.646 -2.4 92.9521
      vertex 135.991 -2.4 92.9212
      vertex 132.696 -2.4 92.992
    endloop
  endfacet
  facet normal 0 -1 0
    outer loop
      vertex 132.595 -2.4 92.913
      vertex 135.991 -2.4 92.9212
      vertex 132.646 -2.4 92.9521
    endloop
  endfacet
  facet normal 0 -1 0
    outer loop
      vertex 136.518 -2.4 92.3947
      vertex 132.595 -2.4 92.913
      vertex 132.542 -2.4 92.8746
    endloop
  endfacet
  facet normal 0 -1 0
    outer loop
      vertex 136.518 -2.4 92.3947
      vertex 132.542 -2.4 92.8746
      vertex 132.489 -2.4 92.8385
    endloop
  endfacet
  facet normal 0 -1 0
    outer loop
      vertex 136.518 -2.4 92.3947
      vertex 132.489 -2.4 92.8385
      vertex 132.435 -2.4 92.8031
    endloop
  endfacet
  facet normal 0 -1 0
    outer loop
      vertex 136.518 -2.4 92.3947
      vertex 132.435 -2.4 92.8031
      vertex 132.38 -2.4 92.7693
    endloop
  endfacet
  facet normal 0 -1 0
    outer loop
      vertex 136.518 -2.4 92.3947
      vertex 132.38 -2.4 92.7693
      vertex 132.324 -2.4 92.737
    endloop
  endfacet
  facet normal 0 -1 0
    outer loop
      vertex 136.518 -2.4 92.3947
      vertex 132.324 -2.4 92.737
      vertex 132.268 -2.4 92.7054
    endloop
  endfacet
  facet normal 0 -1 0
    outer loop
      vertex 136.518 -2.4 92.3947
      vertex 132.268 -2.4 92.7054
      vertex 132.211 -2.4 92.676
    endloop
  endfacet
  facet normal 0 -1 0
    outer loop
      vertex 136.518 -2.4 92.3947
      vertex 132.211 -2.4 92.676
      vertex 132.152 -2.4 92.6474
    endloop
  endfacet
  facet normal 0 -1 0
    outer loop
      vertex 136.518 -2.4 92.3947
      vertex 132.152 -2.4 92.6474
      vertex 132.093 -2.4 92.6204
    endloop
  endfacet
  facet normal 0 -1 0
    outer loop
      vertex 136.518 -2.4 92.3947
      vertex 132.093 -2.4 92.6204
      vertex 132.034 -2.4 92.5948
    endloop
  endfacet
  facet normal 0 -1 0
    outer loop
      vertex 139 -2.4 89.5363
      vertex 132.034 -2.4 92.5948
      vertex 131.974 -2.4 92.5715
    endloop
  endfacet
  facet normal 0 -1 0
    outer loop
      vertex 139 -2.4 89.5363
      vertex 131.974 -2.4 92.5715
      vertex 131.913 -2.4 92.5489
    endloop
  endfacet
  facet normal 0 -1 0
    outer loop
      vertex 139 -2.4 89.5363
      vertex 131.913 -2.4 92.5489
      vertex 131.852 -2.4 92.5278
    endloop
  endfacet
  facet normal 0 -1 0
    outer loop
      vertex 139 -2.4 89.5363
      vertex 131.852 -2.4 92.5278
      vertex 131.791 -2.4 92.5083
    endloop
  endfacet
  facet normal 0 -1 0
    outer loop
      vertex 139 -2.4 89.5363
      vertex 131.791 -2.4 92.5083
      vertex 131.728 -2.4 92.4902
    endloop
  endfacet
  facet normal 0 -1 0
    outer loop
      vertex 139 -2.4 89.5363
      vertex 131.728 -2.4 92.4902
      vertex 131.666 -2.4 92.4737
    endloop
  endfacet
  facet normal 0 -1 0
    outer loop
      vertex 139 -2.4 89.5363
      vertex 131.666 -2.4 92.4737
      vertex 131.604 -2.4 92.4586
    endloop
  endfacet
  facet normal 0 -1 0
    outer loop
      vertex 139 -2.4 89.5363
      vertex 131.604 -2.4 92.4586
      vertex 131.54 -2.4 92.4451
    endloop
  endfacet
  facet normal 0 -1 0
    outer loop
      vertex 139 -2.4 89.5363
      vertex 131.54 -2.4 92.4451
      vertex 131.476 -2.4 92.4338
    endloop
  endfacet
  facet normal 0 -1 0
    outer loop
      vertex 139 -2.4 89.5363
      vertex 131.476 -2.4 92.4338
      vertex 131.413 -2.4 92.4233
    endloop
  endfacet
  facet normal 0 -1 0
    outer loop
      vertex 139 -2.4 89.5363
      vertex 131.413 -2.4 92.4233
      vertex 131.348 -2.4 92.4143
    endloop
  endfacet
  facet normal 0 -1 0
    outer loop
      vertex 132.595 -2.4 92.913
      vertex 136.518 -2.4 92.3947
      vertex 135.991 -2.4 92.9212
    endloop
  endfacet
  facet normal 0 -1 0
    outer loop
      vertex 139 -2.4 89.5363
      vertex 131.348 -2.4 92.4143
      vertex 131.285 -2.4 92.4075
    endloop
  endfacet
  facet normal 0 -1 0
    outer loop
      vertex 139 -2.4 89.5363
      vertex 131.285 -2.4 92.4075
      vertex 131.22 -2.4 92.4015
    endloop
  endfacet
  facet normal 0 -1 0
    outer loop
      vertex 139 -2.4 89.5363
      vertex 131.22 -2.4 92.4015
      vertex 131.156 -2.4 92.3977
    endloop
  endfacet
  facet normal 0 -1 0
    outer loop
      vertex 139 -2.4 89.5363
      vertex 131.156 -2.4 92.3977
      vertex 131.091 -2.4 92.3955
    endloop
  endfacet
  facet normal 0 -1 0
    outer loop
      vertex 139 -2.4 89.5363
      vertex 131.091 -2.4 92.3955
      vertex 131.027 -2.4 92.3947
    endloop
  endfacet
  facet normal 0 -1 0
    outer loop
      vertex 118.089 -2.4 97.1336
      vertex 120.119 -2.4 97.6602
      vertex 117.562 -2.4 97.6602
    endloop
  endfacet
  facet normal 0 -1 0
    outer loop
      vertex 118.089 -2.4 97.1336
      vertex 119.593 -2.4 97.1336
      vertex 120.119 -2.4 97.6602
    endloop
  endfacet
  facet normal 0 -1 0
    outer loop
      vertex 118.089 -2.4 95.4035
      vertex 119.593 -2.4 97.1336
      vertex 118.089 -2.4 97.1336
    endloop
  endfacet
  facet normal 0 -1 -0
    outer loop
      vertex 119.593 -2.4 97.1336
      vertex 118.089 -2.4 95.4035
      vertex 119.593 -2.4 95.4035
    endloop
  endfacet
  facet normal 0 -1 0
    outer loop
      vertex 131.091 -2.4 97.6594
      vertex 126.814 -2.4 99.3903
      vertex 131.027 -2.4 97.6602
    endloop
  endfacet
  facet normal 0 -1 0
    outer loop
      vertex 126.814 -2.4 99.3903
      vertex 131.091 -2.4 97.6594
      vertex 126.288 -2.4 99.9168
    endloop
  endfacet
  facet normal 0 -1 0
    outer loop
      vertex 131.156 -2.4 97.6572
      vertex 126.288 -2.4 99.9168
      vertex 131.091 -2.4 97.6594
    endloop
  endfacet
  facet normal 0 -1 0
    outer loop
      vertex 126.814 -2.4 99.3903
      vertex 130.962 -2.4 97.6594
      vertex 131.027 -2.4 97.6602
    endloop
  endfacet
  facet normal 0 -1 0
    outer loop
      vertex 126.814 -2.4 99.3903
      vertex 130.897 -2.4 97.6572
      vertex 130.962 -2.4 97.6594
    endloop
  endfacet
  facet normal 0 -1 0
    outer loop
      vertex 126.814 -2.4 99.3903
      vertex 130.833 -2.4 97.6534
      vertex 130.897 -2.4 97.6572
    endloop
  endfacet
  facet normal 0 -1 0
    outer loop
      vertex 126.814 -2.4 99.3903
      vertex 130.769 -2.4 97.6474
      vertex 130.833 -2.4 97.6534
    endloop
  endfacet
  facet normal 0 -1 0
    outer loop
      vertex 126.814 -2.4 99.3903
      vertex 130.705 -2.4 97.6406
      vertex 130.769 -2.4 97.6474
    endloop
  endfacet
  facet normal 0 -1 0
    outer loop
      vertex 126.814 -2.4 99.3903
      vertex 130.64 -2.4 97.6316
      vertex 130.705 -2.4 97.6406
    endloop
  endfacet
  facet normal 0 -1 0
    outer loop
      vertex 126.814 -2.4 99.3903
      vertex 130.577 -2.4 97.6211
      vertex 130.64 -2.4 97.6316
    endloop
  endfacet
  facet normal 0 -1 0
    outer loop
      vertex 126.814 -2.4 99.3903
      vertex 130.513 -2.4 97.6098
      vertex 130.577 -2.4 97.6211
    endloop
  endfacet
  facet normal 0 -1 0
    outer loop
      vertex 126.814 -2.4 99.3903
      vertex 130.45 -2.4 97.5962
      vertex 130.513 -2.4 97.6098
    endloop
  endfacet
  facet normal 0 -1 0
    outer loop
      vertex 126.814 -2.4 99.3903
      vertex 130.387 -2.4 97.5812
      vertex 130.45 -2.4 97.5962
    endloop
  endfacet
  facet normal 0 -1 0
    outer loop
      vertex 126.814 -2.4 99.3903
      vertex 130.325 -2.4 97.5646
      vertex 130.387 -2.4 97.5812
    endloop
  endfacet
  facet normal 0 -1 0
    outer loop
      vertex 126.814 -2.4 99.3903
      vertex 130.262 -2.4 97.5466
      vertex 130.325 -2.4 97.5646
    endloop
  endfacet
  facet normal 0 -1 0
    outer loop
      vertex 126.814 -2.4 99.3903
      vertex 130.201 -2.4 97.527
      vertex 130.262 -2.4 97.5466
    endloop
  endfacet
  facet normal 0 -1 0
    outer loop
      vertex 126.814 -2.4 99.3903
      vertex 130.14 -2.4 97.506
      vertex 130.201 -2.4 97.527
    endloop
  endfacet
  facet normal 0 -1 0
    outer loop
      vertex 126.814 -2.4 99.3903
      vertex 130.079 -2.4 97.4834
      vertex 130.14 -2.4 97.506
    endloop
  endfacet
  facet normal 0 -1 0
    outer loop
      vertex 126.814 -2.4 99.3903
      vertex 130.019 -2.4 97.4601
      vertex 130.079 -2.4 97.4834
    endloop
  endfacet
  facet normal 0 -1 0
    outer loop
      vertex 126.814 -2.4 99.3903
      vertex 129.96 -2.4 97.4345
      vertex 130.019 -2.4 97.4601
    endloop
  endfacet
  facet normal 0 -1 0
    outer loop
      vertex 126.814 -2.4 99.3903
      vertex 129.901 -2.4 97.4074
      vertex 129.96 -2.4 97.4345
    endloop
  endfacet
  facet normal 0 -1 0
    outer loop
      vertex 126.814 -2.4 99.3903
      vertex 129.843 -2.4 97.3788
      vertex 129.901 -2.4 97.4074
    endloop
  endfacet
  facet normal 0 -1 0
    outer loop
      vertex 126.814 -2.4 99.3903
      vertex 129.785 -2.4 97.3495
      vertex 129.843 -2.4 97.3788
    endloop
  endfacet
  facet normal 0 -1 0
    outer loop
      vertex 126.814 -2.4 99.3903
      vertex 129.729 -2.4 97.3179
      vertex 129.785 -2.4 97.3495
    endloop
  endfacet
  facet normal 0 -1 0
    outer loop
      vertex 126.814 -2.4 99.3903
      vertex 129.673 -2.4 97.2856
      vertex 129.729 -2.4 97.3179
    endloop
  endfacet
  facet normal 0 -1 0
    outer loop
      vertex 126.814 -2.4 99.3903
      vertex 129.618 -2.4 97.2517
      vertex 129.673 -2.4 97.2856
    endloop
  endfacet
  facet normal 0 -1 0
    outer loop
      vertex 126.814 -2.4 99.3903
      vertex 129.564 -2.4 97.2164
      vertex 129.618 -2.4 97.2517
    endloop
  endfacet
  facet normal 0 -1 0
    outer loop
      vertex 126.814 -2.4 99.3903
      vertex 129.511 -2.4 97.1803
      vertex 129.564 -2.4 97.2164
    endloop
  endfacet
  facet normal 0 -1 0
    outer loop
      vertex 126.814 -2.4 99.3903
      vertex 129.458 -2.4 97.1419
      vertex 129.511 -2.4 97.1803
    endloop
  endfacet
  facet normal 0 -1 0
    outer loop
      vertex 126.814 -2.4 99.3903
      vertex 129.407 -2.4 97.1028
      vertex 129.458 -2.4 97.1419
    endloop
  endfacet
  facet normal 0 -1 0
    outer loop
      vertex 126.814 -2.4 99.3903
      vertex 129.357 -2.4 97.0629
      vertex 129.407 -2.4 97.1028
    endloop
  endfacet
  facet normal 0 -1 0
    outer loop
      vertex 126.814 -2.4 99.3903
      vertex 129.307 -2.4 97.0208
      vertex 129.357 -2.4 97.0629
    endloop
  endfacet
  facet normal 0 -1 0
    outer loop
      vertex 126.814 -2.4 99.3903
      vertex 129.259 -2.4 96.9779
      vertex 129.307 -2.4 97.0208
    endloop
  endfacet
  facet normal 0 -1 0
    outer loop
      vertex 127.04 -2.4 96.908
      vertex 129.259 -2.4 96.9779
      vertex 126.814 -2.4 99.3903
    endloop
  endfacet
  facet normal 0 -1 0
    outer loop
      vertex 127.04 -2.4 96.908
      vertex 126.814 -2.4 99.3903
      vertex 126.814 -2.4 96.908
    endloop
  endfacet
  facet normal 0 -1 0
    outer loop
      vertex 129.259 -2.4 96.9779
      vertex 127.04 -2.4 96.908
      vertex 129.211 -2.4 96.9343
    endloop
  endfacet
  facet normal 0 -1 0
    outer loop
      vertex 127.04 -2.4 96.908
      vertex 129.165 -2.4 96.8892
      vertex 129.211 -2.4 96.9343
    endloop
  endfacet
  facet normal 0 -1 0
    outer loop
      vertex 127.04 -2.4 96.908
      vertex 129.12 -2.4 96.8425
      vertex 129.165 -2.4 96.8892
    endloop
  endfacet
  facet normal 0 -1 0
    outer loop
      vertex 127.04 -2.4 96.908
      vertex 129.076 -2.4 96.7951
      vertex 129.12 -2.4 96.8425
    endloop
  endfacet
  facet normal 0 -1 0
    outer loop
      vertex 127.04 -2.4 96.908
      vertex 129.033 -2.4 96.747
      vertex 129.076 -2.4 96.7951
    endloop
  endfacet
  facet normal 0 -1 0
    outer loop
      vertex 127.04 -2.4 96.908
      vertex 128.991 -2.4 96.6973
      vertex 129.033 -2.4 96.747
    endloop
  endfacet
  facet normal 0 -1 0
    outer loop
      vertex 127.566 -2.4 96.3814
      vertex 128.991 -2.4 96.6973
      vertex 127.04 -2.4 96.908
    endloop
  endfacet
  facet normal 0 -1 0
    outer loop
      vertex 128.991 -2.4 96.6973
      vertex 127.566 -2.4 96.3814
      vertex 128.951 -2.4 96.6469
    endloop
  endfacet
  facet normal 0 -1 0
    outer loop
      vertex 128.951 -2.4 96.6469
      vertex 127.566 -2.4 96.3814
      vertex 128.912 -2.4 96.5958
    endloop
  endfacet
  facet normal 0 -1 0
    outer loop
      vertex 128.912 -2.4 96.5958
      vertex 127.566 -2.4 96.3814
      vertex 128.874 -2.4 96.5431
    endloop
  endfacet
  facet normal 0 -1 0
    outer loop
      vertex 128.874 -2.4 96.5431
      vertex 127.566 -2.4 96.3814
      vertex 128.838 -2.4 96.4897
    endloop
  endfacet
  facet normal 0 -1 0
    outer loop
      vertex 128.838 -2.4 96.4897
      vertex 127.566 -2.4 96.3814
      vertex 128.802 -2.4 96.4356
    endloop
  endfacet
  facet normal 0 -1 0
    outer loop
      vertex 127.566 -2.4 96.3814
      vertex 128.768 -2.4 96.3807
      vertex 128.802 -2.4 96.4356
    endloop
  endfacet
  facet normal 0 -1 0
    outer loop
      vertex 127.566 -2.4 96.3814
      vertex 128.736 -2.4 96.325
      vertex 128.768 -2.4 96.3807
    endloop
  endfacet
  facet normal 0 -1 0
    outer loop
      vertex 127.566 -2.4 96.3814
      vertex 128.704 -2.4 96.2686
      vertex 128.736 -2.4 96.325
    endloop
  endfacet
  facet normal 0 -1 0
    outer loop
      vertex 127.566 -2.4 96.3814
      vertex 128.675 -2.4 96.2114
      vertex 128.704 -2.4 96.2686
    endloop
  endfacet
  facet normal 0 -1 0
    outer loop
      vertex 127.566 -2.4 96.3814
      vertex 128.647 -2.4 96.1527
      vertex 128.675 -2.4 96.2114
    endloop
  endfacet
  facet normal 0 -1 0
    outer loop
      vertex 127.566 -2.4 96.3814
      vertex 128.619 -2.4 96.0941
      vertex 128.647 -2.4 96.1527
    endloop
  endfacet
  facet normal 0 -1 0
    outer loop
      vertex 127.566 -2.4 96.3814
      vertex 128.594 -2.4 96.0346
      vertex 128.619 -2.4 96.0941
    endloop
  endfacet
  facet normal 0 -1 0
    outer loop
      vertex 127.566 -2.4 96.3814
      vertex 128.571 -2.4 95.9752
      vertex 128.594 -2.4 96.0346
    endloop
  endfacet
  facet normal 0 -1 0
    outer loop
      vertex 127.566 -2.4 96.3814
      vertex 128.548 -2.4 95.9143
      vertex 128.571 -2.4 95.9752
    endloop
  endfacet
  facet normal 0 -1 0
    outer loop
      vertex 127.566 -2.4 96.3814
      vertex 128.527 -2.4 95.8534
      vertex 128.548 -2.4 95.9143
    endloop
  endfacet
  facet normal 0 -1 0
    outer loop
      vertex 127.566 -2.4 96.3814
      vertex 128.507 -2.4 95.7917
      vertex 128.527 -2.4 95.8534
    endloop
  endfacet
  facet normal 0 -1 0
    outer loop
      vertex 127.566 -2.4 96.3814
      vertex 128.489 -2.4 95.7292
      vertex 128.507 -2.4 95.7917
    endloop
  endfacet
  facet normal 0 -1 0
    outer loop
      vertex 127.566 -2.4 96.3814
      vertex 128.473 -2.4 95.6668
      vertex 128.489 -2.4 95.7292
    endloop
  endfacet
  facet normal 0 -1 0
    outer loop
      vertex 127.566 -2.4 96.3814
      vertex 128.458 -2.4 95.6044
      vertex 128.473 -2.4 95.6668
    endloop
  endfacet
  facet normal 0 -1 0
    outer loop
      vertex 127.566 -2.4 96.3814
      vertex 128.444 -2.4 95.5412
      vertex 128.458 -2.4 95.6044
    endloop
  endfacet
  facet normal 0 -1 0
    outer loop
      vertex 127.566 -2.4 96.3814
      vertex 128.433 -2.4 95.4773
      vertex 128.444 -2.4 95.5412
    endloop
  endfacet
  facet normal 0 -1 0
    outer loop
      vertex 127.566 -2.4 96.3814
      vertex 128.422 -2.4 95.4141
      vertex 128.433 -2.4 95.4773
    endloop
  endfacet
  facet normal 0 -1 0
    outer loop
      vertex 127.566 -2.4 96.3814
      vertex 128.413 -2.4 95.3494
      vertex 128.422 -2.4 95.4141
    endloop
  endfacet
  facet normal 0 -1 0
    outer loop
      vertex 127.566 -2.4 96.3814
      vertex 128.407 -2.4 95.2854
      vertex 128.413 -2.4 95.3494
    endloop
  endfacet
  facet normal 0 -1 0
    outer loop
      vertex 127.566 -2.4 96.3814
      vertex 128.401 -2.4 95.2207
      vertex 128.407 -2.4 95.2854
    endloop
  endfacet
  facet normal 0 -1 0
    outer loop
      vertex 127.566 -2.4 96.3814
      vertex 128.397 -2.4 95.1568
      vertex 128.401 -2.4 95.2207
    endloop
  endfacet
  facet normal 0 -1 0
    outer loop
      vertex 127.566 -2.4 96.3814
      vertex 128.395 -2.4 95.0921
      vertex 128.397 -2.4 95.1568
    endloop
  endfacet
  facet normal 0 -1 0
    outer loop
      vertex 127.566 -2.4 96.3814
      vertex 128.394 -2.4 95.0274
      vertex 128.395 -2.4 95.0921
    endloop
  endfacet
  facet normal 0 -1 0
    outer loop
      vertex 127.566 -2.4 96.3814
      vertex 128.395 -2.4 94.9627
      vertex 128.394 -2.4 95.0274
    endloop
  endfacet
  facet normal 0 -1 0
    outer loop
      vertex 127.566 -2.4 96.3814
      vertex 128.397 -2.4 94.898
      vertex 128.395 -2.4 94.9627
    endloop
  endfacet
  facet normal 0 -1 0
    outer loop
      vertex 127.566 -2.4 96.3814
      vertex 128.401 -2.4 94.8341
      vertex 128.397 -2.4 94.898
    endloop
  endfacet
  facet normal 0 -1 0
    outer loop
      vertex 127.566 -2.4 92.9212
      vertex 128.401 -2.4 94.8341
      vertex 127.566 -2.4 96.3814
    endloop
  endfacet
  facet normal 0 -1 -0
    outer loop
      vertex 128.401 -2.4 94.8341
      vertex 127.566 -2.4 92.9212
      vertex 128.407 -2.4 94.7694
    endloop
  endfacet
  facet normal 0 -1 -0
    outer loop
      vertex 128.407 -2.4 94.7694
      vertex 127.566 -2.4 92.9212
      vertex 128.413 -2.4 94.7055
    endloop
  endfacet
  facet normal 0 -1 -0
    outer loop
      vertex 128.413 -2.4 94.7055
      vertex 127.566 -2.4 92.9212
      vertex 128.422 -2.4 94.6408
    endloop
  endfacet
  facet normal 0 -1 -0
    outer loop
      vertex 128.422 -2.4 94.6408
      vertex 127.566 -2.4 92.9212
      vertex 128.433 -2.4 94.5776
    endloop
  endfacet
  facet normal 0 -1 -0
    outer loop
      vertex 128.433 -2.4 94.5776
      vertex 127.566 -2.4 92.9212
      vertex 128.444 -2.4 94.5137
    endloop
  endfacet
  facet normal 0 -1 -0
    outer loop
      vertex 128.444 -2.4 94.5137
      vertex 127.566 -2.4 92.9212
      vertex 128.458 -2.4 94.4505
    endloop
  endfacet
  facet normal 0 -1 -0
    outer loop
      vertex 128.458 -2.4 94.4505
      vertex 127.566 -2.4 92.9212
      vertex 128.473 -2.4 94.3881
    endloop
  endfacet
  facet normal 0 -1 -0
    outer loop
      vertex 128.473 -2.4 94.3881
      vertex 127.566 -2.4 92.9212
      vertex 128.489 -2.4 94.3256
    endloop
  endfacet
  facet normal 0 -1 -0
    outer loop
      vertex 128.489 -2.4 94.3256
      vertex 127.566 -2.4 92.9212
      vertex 128.507 -2.4 94.2632
    endloop
  endfacet
  facet normal 0 -1 -0
    outer loop
      vertex 128.507 -2.4 94.2632
      vertex 127.566 -2.4 92.9212
      vertex 128.527 -2.4 94.2015
    endloop
  endfacet
  facet normal 0 -1 -0
    outer loop
      vertex 128.527 -2.4 94.2015
      vertex 127.566 -2.4 92.9212
      vertex 128.548 -2.4 94.1406
    endloop
  endfacet
  facet normal 0 -1 -0
    outer loop
      vertex 128.548 -2.4 94.1406
      vertex 127.566 -2.4 92.9212
      vertex 128.571 -2.4 94.0797
    endloop
  endfacet
  facet normal 0 -1 -0
    outer loop
      vertex 128.571 -2.4 94.0797
      vertex 127.566 -2.4 92.9212
      vertex 128.594 -2.4 94.0202
    endloop
  endfacet
  facet normal 0 -1 -0
    outer loop
      vertex 128.594 -2.4 94.0202
      vertex 127.566 -2.4 92.9212
      vertex 128.619 -2.4 93.9608
    endloop
  endfacet
  facet normal 0 -1 0
    outer loop
      vertex 127.566 -2.4 92.9212
      vertex 128.647 -2.4 93.9021
      vertex 128.619 -2.4 93.9608
    endloop
  endfacet
  facet normal 0 -1 0
    outer loop
      vertex 127.566 -2.4 92.9212
      vertex 128.675 -2.4 93.8435
      vertex 128.647 -2.4 93.9021
    endloop
  endfacet
  facet normal 0 -1 0
    outer loop
      vertex 127.566 -2.4 92.9212
      vertex 128.704 -2.4 93.7863
      vertex 128.675 -2.4 93.8435
    endloop
  endfacet
  facet normal 0 -1 0
    outer loop
      vertex 127.566 -2.4 92.9212
      vertex 128.736 -2.4 93.7299
      vertex 128.704 -2.4 93.7863
    endloop
  endfacet
  facet normal 0 -1 0
    outer loop
      vertex 127.566 -2.4 92.9212
      vertex 128.768 -2.4 93.6742
      vertex 128.736 -2.4 93.7299
    endloop
  endfacet
  facet normal 0 -1 0
    outer loop
      vertex 127.566 -2.4 92.9212
      vertex 128.802 -2.4 93.6193
      vertex 128.768 -2.4 93.6742
    endloop
  endfacet
  facet normal 0 -1 0
    outer loop
      vertex 127.566 -2.4 92.9212
      vertex 128.838 -2.4 93.5651
      vertex 128.802 -2.4 93.6193
    endloop
  endfacet
  facet normal 0 -1 0
    outer loop
      vertex 127.566 -2.4 92.9212
      vertex 128.874 -2.4 93.5117
      vertex 128.838 -2.4 93.5651
    endloop
  endfacet
  facet normal 0 -1 0
    outer loop
      vertex 127.566 -2.4 92.9212
      vertex 128.912 -2.4 93.4591
      vertex 128.874 -2.4 93.5117
    endloop
  endfacet
  facet normal 0 -1 0
    outer loop
      vertex 127.566 -2.4 92.9212
      vertex 128.951 -2.4 93.4079
      vertex 128.912 -2.4 93.4591
    endloop
  endfacet
  facet normal 0 -1 0
    outer loop
      vertex 127.566 -2.4 92.9212
      vertex 128.991 -2.4 93.3575
      vertex 128.951 -2.4 93.4079
    endloop
  endfacet
  facet normal 0 -1 0
    outer loop
      vertex 127.566 -2.4 92.9212
      vertex 129.033 -2.4 93.3079
      vertex 128.991 -2.4 93.3575
    endloop
  endfacet
  facet normal 0 -1 0
    outer loop
      vertex 127.566 -2.4 92.9212
      vertex 129.076 -2.4 93.2597
      vertex 129.033 -2.4 93.3079
    endloop
  endfacet
  facet normal 0 -1 0
    outer loop
      vertex 127.566 -2.4 92.9212
      vertex 129.12 -2.4 93.2124
      vertex 129.076 -2.4 93.2597
    endloop
  endfacet
  facet normal 0 -1 0
    outer loop
      vertex 127.566 -2.4 92.9212
      vertex 129.165 -2.4 93.1657
      vertex 129.12 -2.4 93.2124
    endloop
  endfacet
  facet normal 0 -1 0
    outer loop
      vertex 127.566 -2.4 92.9212
      vertex 129.211 -2.4 93.1206
      vertex 129.165 -2.4 93.1657
    endloop
  endfacet
  facet normal 0 -1 0
    outer loop
      vertex 127.566 -2.4 92.9212
      vertex 129.259 -2.4 93.077
      vertex 129.211 -2.4 93.1206
    endloop
  endfacet
  facet normal 0 -1 0
    outer loop
      vertex 127.566 -2.4 92.9212
      vertex 129.307 -2.4 93.0341
      vertex 129.259 -2.4 93.077
    endloop
  endfacet
  facet normal 0 -1 0
    outer loop
      vertex 127.566 -2.4 92.9212
      vertex 129.357 -2.4 92.992
      vertex 129.307 -2.4 93.0341
    endloop
  endfacet
  facet normal 0 -1 0
    outer loop
      vertex 127.566 -2.4 92.9212
      vertex 129.407 -2.4 92.9521
      vertex 129.357 -2.4 92.992
    endloop
  endfacet
  facet normal 0 -1 0
    outer loop
      vertex 127.566 -2.4 92.9212
      vertex 129.458 -2.4 92.913
      vertex 129.407 -2.4 92.9521
    endloop
  endfacet
  facet normal 0 -1 0
    outer loop
      vertex 127.566 -2.4 92.9212
      vertex 129.511 -2.4 92.8746
      vertex 129.458 -2.4 92.913
    endloop
  endfacet
  facet normal 0 -1 0
    outer loop
      vertex 127.04 -2.4 92.3947
      vertex 129.511 -2.4 92.8746
      vertex 127.566 -2.4 92.9212
    endloop
  endfacet
  facet normal 0 -1 -0
    outer loop
      vertex 129.511 -2.4 92.8746
      vertex 127.04 -2.4 92.3947
      vertex 129.564 -2.4 92.8385
    endloop
  endfacet
  facet normal 0 -1 -0
    outer loop
      vertex 129.564 -2.4 92.8385
      vertex 127.04 -2.4 92.3947
      vertex 129.618 -2.4 92.8031
    endloop
  endfacet
  facet normal 0 -1 -0
    outer loop
      vertex 129.618 -2.4 92.8031
      vertex 127.04 -2.4 92.3947
      vertex 129.673 -2.4 92.7693
    endloop
  endfacet
  facet normal 0 -1 -0
    outer loop
      vertex 129.673 -2.4 92.7693
      vertex 127.04 -2.4 92.3947
      vertex 129.729 -2.4 92.737
    endloop
  endfacet
  facet normal 0 -1 -0
    outer loop
      vertex 129.729 -2.4 92.737
      vertex 127.04 -2.4 92.3947
      vertex 129.785 -2.4 92.7054
    endloop
  endfacet
  facet normal 0 -1 -0
    outer loop
      vertex 129.785 -2.4 92.7054
      vertex 127.04 -2.4 92.3947
      vertex 129.843 -2.4 92.676
    endloop
  endfacet
  facet normal 0 -1 -0
    outer loop
      vertex 129.843 -2.4 92.676
      vertex 127.04 -2.4 92.3947
      vertex 129.901 -2.4 92.6474
    endloop
  endfacet
  facet normal 0 -1 -0
    outer loop
      vertex 129.901 -2.4 92.6474
      vertex 127.04 -2.4 92.3947
      vertex 129.96 -2.4 92.6204
    endloop
  endfacet
  facet normal 0 -1 -0
    outer loop
      vertex 129.96 -2.4 92.6204
      vertex 127.04 -2.4 92.3947
      vertex 130.019 -2.4 92.5948
    endloop
  endfacet
  facet normal 0 -1 -0
    outer loop
      vertex 130.019 -2.4 92.5948
      vertex 127.04 -2.4 92.3947
      vertex 130.079 -2.4 92.5715
    endloop
  endfacet
  facet normal 0 -1 -0
    outer loop
      vertex 130.079 -2.4 92.5715
      vertex 127.04 -2.4 92.3947
      vertex 130.14 -2.4 92.5489
    endloop
  endfacet
  facet normal 0 -1 -0
    outer loop
      vertex 130.14 -2.4 92.5489
      vertex 127.04 -2.4 92.3947
      vertex 130.201 -2.4 92.5278
    endloop
  endfacet
  facet normal 0 -1 -0
    outer loop
      vertex 130.201 -2.4 92.5278
      vertex 127.04 -2.4 92.3947
      vertex 130.262 -2.4 92.5083
    endloop
  endfacet
  facet normal 0 -1 -0
    outer loop
      vertex 130.262 -2.4 92.5083
      vertex 127.04 -2.4 92.3947
      vertex 130.325 -2.4 92.4902
    endloop
  endfacet
  facet normal 0 -1 -0
    outer loop
      vertex 130.325 -2.4 92.4902
      vertex 127.04 -2.4 92.3947
      vertex 130.387 -2.4 92.4737
    endloop
  endfacet
  facet normal 0 -1 -0
    outer loop
      vertex 130.387 -2.4 92.4737
      vertex 127.04 -2.4 92.3947
      vertex 130.45 -2.4 92.4586
    endloop
  endfacet
  facet normal 0 -1 -0
    outer loop
      vertex 130.45 -2.4 92.4586
      vertex 127.04 -2.4 92.3947
      vertex 130.513 -2.4 92.4451
    endloop
  endfacet
  facet normal 0 -1 -0
    outer loop
      vertex 130.513 -2.4 92.4451
      vertex 127.04 -2.4 92.3947
      vertex 130.577 -2.4 92.4338
    endloop
  endfacet
  facet normal 0 -1 -0
    outer loop
      vertex 130.577 -2.4 92.4338
      vertex 127.04 -2.4 92.3947
      vertex 130.64 -2.4 92.4233
    endloop
  endfacet
  facet normal 0 -1 0
    outer loop
      vertex 127.04 -2.4 92.3947
      vertex 130.705 -2.4 92.4143
      vertex 130.64 -2.4 92.4233
    endloop
  endfacet
  facet normal 0 -1 0
    outer loop
      vertex 127.04 -2.4 92.3947
      vertex 130.769 -2.4 92.4075
      vertex 130.705 -2.4 92.4143
    endloop
  endfacet
  facet normal 0 -1 0
    outer loop
      vertex 120.571 -2.4 90.1381
      vertex 130.769 -2.4 92.4075
      vertex 127.04 -2.4 92.3947
    endloop
  endfacet
  facet normal 0 -1 -0
    outer loop
      vertex 130.769 -2.4 92.4075
      vertex 120.571 -2.4 90.1381
      vertex 130.833 -2.4 92.4015
    endloop
  endfacet
  facet normal 0 -1 0
    outer loop
      vertex 139 -2.4 89.5363
      vertex 130.833 -2.4 92.4015
      vertex 120.571 -2.4 90.1381
    endloop
  endfacet
  facet normal 0 -1 0
    outer loop
      vertex 130.833 -2.4 92.4015
      vertex 139 -2.4 89.5363
      vertex 130.897 -2.4 92.3977
    endloop
  endfacet
  facet normal 0 -1 0
    outer loop
      vertex 115.381 -2.4 99.3903
      vertex 122.827 -2.4 99.9168
      vertex 114.854 -2.4 99.9168
    endloop
  endfacet
  facet normal 0 -1 0
    outer loop
      vertex 115.381 -2.4 99.3903
      vertex 122.301 -2.4 99.3903
      vertex 122.827 -2.4 99.9168
    endloop
  endfacet
  facet normal 0 -1 0
    outer loop
      vertex 117.562 -2.4 97.6602
      vertex 115.381 -2.4 99.3903
      vertex 117.111 -2.4 97.6602
    endloop
  endfacet
  facet normal 0 -1 0
    outer loop
      vertex 115.381 -2.4 99.3903
      vertex 116.584 -2.4 97.1336
      vertex 117.111 -2.4 97.6602
    endloop
  endfacet
  facet normal 0 -1 0
    outer loop
      vertex 115.381 -2.4 95.9301
      vertex 116.584 -2.4 97.1336
      vertex 115.381 -2.4 99.3903
    endloop
  endfacet
  facet normal 0 -1 0
    outer loop
      vertex 115.381 -2.4 95.9301
      vertex 116.584 -2.4 94.4257
      vertex 116.584 -2.4 97.1336
    endloop
  endfacet
  facet normal 0 -1 0
    outer loop
      vertex 116.584 -2.4 94.4257
      vertex 115.381 -2.4 95.9301
      vertex 114.854 -2.4 95.4035
    endloop
  endfacet
  facet normal 0 -1 0
    outer loop
      vertex 109.513 -2.4 99.3903
      vertex 111.394 -2.4 99.9168
      vertex 108.987 -2.4 99.9168
    endloop
  endfacet
  facet normal 0 -1 0
    outer loop
      vertex 109.513 -2.4 99.3903
      vertex 110.867 -2.4 99.3903
      vertex 111.394 -2.4 99.9168
    endloop
  endfacet
  facet normal 0 -1 0
    outer loop
      vertex 109.513 -2.4 96.1302
      vertex 110.867 -2.4 99.3903
      vertex 109.513 -2.4 99.3903
    endloop
  endfacet
  facet normal 0 -1 0
    outer loop
      vertex 109.137 -2.4 93.8991
      vertex 106.504 -2.4 94.9665
      vertex 106.504 -2.4 93.8991
    endloop
  endfacet
  facet normal 0 -1 0
    outer loop
      vertex 106.504 -2.4 94.9665
      vertex 109.137 -2.4 93.8991
      vertex 109.115 -2.4 95.6194
    endloop
  endfacet
  facet normal 0 -1 0
    outer loop
      vertex 109.664 -2.4 93.3726
      vertex 109.115 -2.4 95.6194
      vertex 109.137 -2.4 93.8991
    endloop
  endfacet
  facet normal 0 -1 0
    outer loop
      vertex 109.115 -2.4 95.6194
      vertex 109.664 -2.4 93.3726
      vertex 109.513 -2.4 96.1302
    endloop
  endfacet
  facet normal 0 -1 0
    outer loop
      vertex 109.513 -2.4 96.1302
      vertex 109.664 -2.4 93.3726
      vertex 110.867 -2.4 92.9212
    endloop
  endfacet
  facet normal 0 -1 0
    outer loop
      vertex 110.867 -2.4 92.9212
      vertex 109.664 -2.4 93.3726
      vertex 109.664 -2.4 92.9212
    endloop
  endfacet
  facet normal 0 -1 0
    outer loop
      vertex 109.513 -2.4 96.1302
      vertex 110.867 -2.4 92.9212
      vertex 110.867 -2.4 99.3903
    endloop
  endfacet
  facet normal 0 -1 0
    outer loop
      vertex 109.137 -2.4 92.3947
      vertex 110.867 -2.4 92.9212
      vertex 109.664 -2.4 92.9212
    endloop
  endfacet
  facet normal 0 -1 -0
    outer loop
      vertex 110.867 -2.4 92.9212
      vertex 109.137 -2.4 92.3947
      vertex 111.394 -2.4 92.3947
    endloop
  endfacet
  facet normal 0 -1 0
    outer loop
      vertex 0 -2.4 107.2
      vertex 105.527 -2.4 99.9168
      vertex 150 -2.4 107.2
    endloop
  endfacet
  facet normal 0 -1 0
    outer loop
      vertex 52 -2.4 91.2
      vertex 105.527 -2.4 99.9168
      vertex 0 -2.4 107.2
    endloop
  endfacet
  facet normal 0 -1 0
    outer loop
      vertex 53.4358 -2.4 91.1059
      vertex 105.527 -2.4 99.9168
      vertex 52 -2.4 91.2
    endloop
  endfacet
  facet normal 0 -1 0
    outer loop
      vertex 54.847 -2.4 90.8252
      vertex 105.527 -2.4 99.9168
      vertex 53.4358 -2.4 91.1059
    endloop
  endfacet
  facet normal 0 -1 0
    outer loop
      vertex 105.527 -2.4 98.4124
      vertex 108.009 -2.4 96.8937
      vertex 108.009 -2.4 98.4124
    endloop
  endfacet
  facet normal 0 -1 0
    outer loop
      vertex 56.2095 -2.4 90.3627
      vertex 105.527 -2.4 99.9168
      vertex 54.847 -2.4 90.8252
    endloop
  endfacet
  facet normal 0 -1 -0
    outer loop
      vertex 105.527 -2.4 98.4124
      vertex 105.399 -2.4 96.2408
      vertex 108.009 -2.4 96.8937
    endloop
  endfacet
  facet normal -0 -1 0
    outer loop
      vertex 105.399 -2.4 96.2408
      vertex 105 -2.4 98.9389
      vertex 105 -2.4 95.73
    endloop
  endfacet
  facet normal 0 -1 0
    outer loop
      vertex 105 -2.4 98.9389
      vertex 105.399 -2.4 96.2408
      vertex 105.527 -2.4 98.4124
    endloop
  endfacet
  facet normal 0 -1 0
    outer loop
      vertex 105.527 -2.4 99.9168
      vertex 56.2095 -2.4 90.3627
      vertex 105 -2.4 99.3903
    endloop
  endfacet
  facet normal 0 -1 0
    outer loop
      vertex 116.584 -2.4 91.1159
      vertex 109.137 -2.4 92.3947
      vertex 105.527 -2.4 92.3947
    endloop
  endfacet
  facet normal 0 -1 0
    outer loop
      vertex 116.584 -2.4 91.1159
      vertex 111.394 -2.4 92.3947
      vertex 109.137 -2.4 92.3947
    endloop
  endfacet
  facet normal 0 -1 0
    outer loop
      vertex 116.584 -2.4 91.1159
      vertex 111.845 -2.4 92.3947
      vertex 111.394 -2.4 92.3947
    endloop
  endfacet
  facet normal 0 -1 0
    outer loop
      vertex 58.6964 -2.4 88.9269
      vertex 105 -2.4 99.3903
      vertex 57.5 -2.4 89.7263
    endloop
  endfacet
  facet normal 0 -1 0
    outer loop
      vertex 57.5 -2.4 89.7263
      vertex 105 -2.4 99.3903
      vertex 56.2095 -2.4 90.3627
    endloop
  endfacet
  facet normal 0 -1 0
    outer loop
      vertex 0 -2.4 107.2
      vertex 50.5642 -2.4 91.1059
      vertex 52 -2.4 91.2
    endloop
  endfacet
  facet normal 0 -1 0
    outer loop
      vertex 0 -2.4 107.2
      vertex 49.153 -2.4 90.8252
      vertex 50.5642 -2.4 91.1059
    endloop
  endfacet
  facet normal 0 -1 0
    outer loop
      vertex 0 -2.4 107.2
      vertex 47.7905 -2.4 90.3627
      vertex 49.153 -2.4 90.8252
    endloop
  endfacet
  facet normal 0 -1 0
    outer loop
      vertex 0 -2.4 107.2
      vertex 46.5 -2.4 89.7263
      vertex 47.7905 -2.4 90.3627
    endloop
  endfacet
  facet normal 0 -1 0
    outer loop
      vertex 0 -2.4 107.2
      vertex 45.3036 -2.4 88.9269
      vertex 46.5 -2.4 89.7263
    endloop
  endfacet
  facet normal 0 -1 0
    outer loop
      vertex 0 -2.4 107.2
      vertex 44.2218 -2.4 87.9782
      vertex 45.3036 -2.4 88.9269
    endloop
  endfacet
  facet normal 0 -1 0
    outer loop
      vertex 0 -2.4 107.2
      vertex 43.2731 -2.4 86.8964
      vertex 44.2218 -2.4 87.9782
    endloop
  endfacet
  facet normal 0 -1 0
    outer loop
      vertex 0 -2.4 107.2
      vertex 42.4737 -2.4 85.7
      vertex 43.2731 -2.4 86.8964
    endloop
  endfacet
  facet normal 0 -1 0
    outer loop
      vertex 0 -2.4 107.2
      vertex 41.8373 -2.4 84.4095
      vertex 42.4737 -2.4 85.7
    endloop
  endfacet
  facet normal 0 -1 0
    outer loop
      vertex 0 -2.4 107.2
      vertex 41.3748 -2.4 83.047
      vertex 41.8373 -2.4 84.4095
    endloop
  endfacet
  facet normal 0 -1 0
    outer loop
      vertex 0 -2.4 107.2
      vertex 41.0941 -2.4 81.6358
      vertex 41.3748 -2.4 83.047
    endloop
  endfacet
  facet normal 0 -1 0
    outer loop
      vertex 0 -2.4 63.2
      vertex 41.0941 -2.4 81.6358
      vertex 0 -2.4 107.2
    endloop
  endfacet
  facet normal 0 -1 0
    outer loop
      vertex 41.0941 -2.4 81.6358
      vertex 0 -2.4 63.2
      vertex 41 -2.4 80.2
    endloop
  endfacet
  facet normal 0 -1 -0
    outer loop
      vertex 41 -2.4 80.2
      vertex 0 -2.4 63.2
      vertex 41.0941 -2.4 78.7642
    endloop
  endfacet
  facet normal 0 -1 -0
    outer loop
      vertex 41.0941 -2.4 78.7642
      vertex 0 -2.4 63.2
      vertex 41.3748 -2.4 77.353
    endloop
  endfacet
  facet normal 0 -1 -0
    outer loop
      vertex 41.3748 -2.4 77.353
      vertex 0 -2.4 63.2
      vertex 41.8373 -2.4 75.9905
    endloop
  endfacet
  facet normal 0 -1 -0
    outer loop
      vertex 41.8373 -2.4 75.9905
      vertex 0 -2.4 63.2
      vertex 42.4737 -2.4 74.7
    endloop
  endfacet
  facet normal 0 -1 -0
    outer loop
      vertex 42.4737 -2.4 74.7
      vertex 0 -2.4 63.2
      vertex 43.2731 -2.4 73.5036
    endloop
  endfacet
  facet normal 0 -1 -0
    outer loop
      vertex 43.2731 -2.4 73.5036
      vertex 0 -2.4 63.2
      vertex 44.2218 -2.4 72.4218
    endloop
  endfacet
  facet normal 0 -1 -0
    outer loop
      vertex 50.5642 -2.4 69.2941
      vertex 0 -2.4 63.2
      vertex 52 -2.4 69.2
    endloop
  endfacet
  facet normal 0 -1 -0
    outer loop
      vertex 49.153 -2.4 69.5748
      vertex 0 -2.4 63.2
      vertex 50.5642 -2.4 69.2941
    endloop
  endfacet
  facet normal 0 -1 -0
    outer loop
      vertex 47.7905 -2.4 70.0373
      vertex 0 -2.4 63.2
      vertex 49.153 -2.4 69.5748
    endloop
  endfacet
  facet normal 0 -1 -0
    outer loop
      vertex 46.5 -2.4 70.6737
      vertex 0 -2.4 63.2
      vertex 47.7905 -2.4 70.0373
    endloop
  endfacet
  facet normal 0 -1 -0
    outer loop
      vertex 45.3036 -2.4 71.4731
      vertex 0 -2.4 63.2
      vertex 46.5 -2.4 70.6737
    endloop
  endfacet
  facet normal 0 -1 -0
    outer loop
      vertex 44.2218 -2.4 72.4218
      vertex 0 -2.4 63.2
      vertex 45.3036 -2.4 71.4731
    endloop
  endfacet
  facet normal 0 -1 0
    outer loop
      vertex 108.987 -2.4 99.9168
      vertex 150 -2.4 107.2
      vertex 105.527 -2.4 99.9168
    endloop
  endfacet
  facet normal 0 -1 0
    outer loop
      vertex 111.394 -2.4 99.9168
      vertex 150 -2.4 107.2
      vertex 108.987 -2.4 99.9168
    endloop
  endfacet
  facet normal 0 -1 0
    outer loop
      vertex 114.854 -2.4 99.9168
      vertex 150 -2.4 107.2
      vertex 111.394 -2.4 99.9168
    endloop
  endfacet
  facet normal 0 -1 0
    outer loop
      vertex 122.827 -2.4 99.9168
      vertex 150 -2.4 107.2
      vertex 114.854 -2.4 99.9168
    endloop
  endfacet
  facet normal 0 -1 0
    outer loop
      vertex 126.288 -2.4 99.9168
      vertex 150 -2.4 107.2
      vertex 122.827 -2.4 99.9168
    endloop
  endfacet
  facet normal 0 -1 0
    outer loop
      vertex 136.518 -2.4 99.5407
      vertex 150 -2.4 107.2
      vertex 126.288 -2.4 99.9168
    endloop
  endfacet
  facet normal 0 -1 0
    outer loop
      vertex 136.969 -2.4 99.5407
      vertex 150 -2.4 107.2
      vertex 136.518 -2.4 99.5407
    endloop
  endfacet
  facet normal 0 -1 0
    outer loop
      vertex 137.496 -2.4 99.0142
      vertex 150 -2.4 107.2
      vertex 136.969 -2.4 99.5407
    endloop
  endfacet
  facet normal 0 -1 0
    outer loop
      vertex 138.473 -2.4 97.6602
      vertex 137.496 -2.4 99.0142
      vertex 137.496 -2.4 97.6602
    endloop
  endfacet
  facet normal 0 -1 0
    outer loop
      vertex 137.496 -2.4 99.0142
      vertex 138.473 -2.4 97.6602
      vertex 150 -2.4 107.2
    endloop
  endfacet
  facet normal 0 -1 0
    outer loop
      vertex 139 -2.4 97.1336
      vertex 150 -2.4 107.2
      vertex 138.473 -2.4 97.6602
    endloop
  endfacet
  facet normal 0 -1 0
    outer loop
      vertex 139 -2.4 96.6823
      vertex 150 -2.4 107.2
      vertex 139 -2.4 97.1336
    endloop
  endfacet
  facet normal 0 -1 0
    outer loop
      vertex 139 -2.4 93.3726
      vertex 139 -2.4 96.6823
      vertex 138.473 -2.4 96.1557
    endloop
  endfacet
  facet normal 0 -1 0
    outer loop
      vertex 138.473 -2.4 93.8991
      vertex 138.473 -2.4 96.1557
      vertex 137.496 -2.4 93.8991
    endloop
  endfacet
  facet normal 0 -1 0
    outer loop
      vertex 139 -2.4 93.3726
      vertex 138.473 -2.4 96.1557
      vertex 138.473 -2.4 93.8991
    endloop
  endfacet
  facet normal 0 -1 0
    outer loop
      vertex 139 -2.4 96.6823
      vertex 139 -2.4 93.3726
      vertex 150 -2.4 107.2
    endloop
  endfacet
  facet normal 0 -1 0
    outer loop
      vertex 139 -2.4 92.9212
      vertex 150 -2.4 107.2
      vertex 139 -2.4 93.3726
    endloop
  endfacet
  facet normal 0 -1 0
    outer loop
      vertex 132.034 -2.4 92.5948
      vertex 139 -2.4 89.5363
      vertex 136.518 -2.4 92.3947
    endloop
  endfacet
  facet normal 0 -1 -0
    outer loop
      vertex 117.111 -2.4 90.1381
      vertex 105 -2.4 89.5363
      vertex 120.571 -2.4 90.1381
    endloop
  endfacet
  facet normal 0 -1 0
    outer loop
      vertex 139 -2.4 89.5363
      vertex 120.571 -2.4 90.1381
      vertex 105 -2.4 89.5363
    endloop
  endfacet
  facet normal 0 -1 0
    outer loop
      vertex 136.518 -2.4 92.3947
      vertex 139 -2.4 89.5363
      vertex 138.473 -2.4 92.3947
    endloop
  endfacet
  facet normal 0 -1 0
    outer loop
      vertex 139 -2.4 89.5363
      vertex 139 -2.4 92.9212
      vertex 138.473 -2.4 92.3947
    endloop
  endfacet
  facet normal 0 -1 0
    outer loop
      vertex 139 -2.4 89.5363
      vertex 150 -2.4 107.2
      vertex 139 -2.4 92.9212
    endloop
  endfacet
  facet normal 0 -1 -0
    outer loop
      vertex 105 -2.4 92.9212
      vertex 62.1627 -2.4 84.4095
      vertex 105 -2.4 89.5363
    endloop
  endfacet
  facet normal 0 -1 0
    outer loop
      vertex 62.6252 -2.4 83.047
      vertex 105 -2.4 89.5363
      vertex 62.1627 -2.4 84.4095
    endloop
  endfacet
  facet normal 0 -1 -0
    outer loop
      vertex 105 -2.4 89.5363
      vertex 62.6252 -2.4 83.047
      vertex 105 -2.4 88.4832
    endloop
  endfacet
  facet normal 0 -1 0
    outer loop
      vertex 62.9059 -2.4 81.6358
      vertex 105 -2.4 88.4832
      vertex 62.6252 -2.4 83.047
    endloop
  endfacet
  facet normal 0 -1 0
    outer loop
      vertex 63 -2.4 80.2
      vertex 105 -2.4 88.4832
      vertex 62.9059 -2.4 81.6358
    endloop
  endfacet
  facet normal 0 -1 0
    outer loop
      vertex 62.9059 -2.4 78.7642
      vertex 105 -2.4 88.4832
      vertex 63 -2.4 80.2
    endloop
  endfacet
  facet normal -0 -1 0
    outer loop
      vertex 118.5 -2.4 79.7
      vertex 105 -2.4 88.4832
      vertex 117.913 -2.4 79.6615
    endloop
  endfacet
  facet normal 0 -1 0
    outer loop
      vertex 105 -2.4 88.4832
      vertex 119.087 -2.4 79.6615
      vertex 137.947 -2.4 88.4832
    endloop
  endfacet
  facet normal 0 -1 0
    outer loop
      vertex 119.665 -2.4 79.5467
      vertex 137.947 -2.4 88.4832
      vertex 119.087 -2.4 79.6615
    endloop
  endfacet
  facet normal 0 -1 0
    outer loop
      vertex 120.222 -2.4 79.3575
      vertex 137.947 -2.4 88.4832
      vertex 119.665 -2.4 79.5467
    endloop
  endfacet
  facet normal 0 -1 0
    outer loop
      vertex 120.75 -2.4 79.0971
      vertex 137.947 -2.4 88.4832
      vertex 120.222 -2.4 79.3575
    endloop
  endfacet
  facet normal 0 -1 0
    outer loop
      vertex 121.239 -2.4 78.7701
      vertex 137.947 -2.4 88.4832
      vertex 120.75 -2.4 79.0971
    endloop
  endfacet
  facet normal 0 -1 0
    outer loop
      vertex 121.682 -2.4 78.382
      vertex 137.947 -2.4 88.4832
      vertex 121.239 -2.4 78.7701
    endloop
  endfacet
  facet normal 0 -1 0
    outer loop
      vertex 122.07 -2.4 77.9394
      vertex 137.947 -2.4 88.4832
      vertex 121.682 -2.4 78.382
    endloop
  endfacet
  facet normal 0 -1 0
    outer loop
      vertex 122.397 -2.4 77.45
      vertex 137.947 -2.4 88.4832
      vertex 122.07 -2.4 77.9394
    endloop
  endfacet
  facet normal 0 -1 0
    outer loop
      vertex 122.657 -2.4 76.9221
      vertex 137.947 -2.4 88.4832
      vertex 122.397 -2.4 77.45
    endloop
  endfacet
  facet normal 0 -1 0
    outer loop
      vertex 122.847 -2.4 76.3647
      vertex 137.947 -2.4 88.4832
      vertex 122.657 -2.4 76.9221
    endloop
  endfacet
  facet normal 0 -1 0
    outer loop
      vertex 122.962 -2.4 75.7874
      vertex 137.947 -2.4 88.4832
      vertex 122.847 -2.4 76.3647
    endloop
  endfacet
  facet normal 0 -1 0
    outer loop
      vertex 123 -2.4 75.2
      vertex 137.947 -2.4 88.4832
      vertex 122.962 -2.4 75.7874
    endloop
  endfacet
  facet normal 0 -1 0
    outer loop
      vertex 122.962 -2.4 74.6126
      vertex 137.947 -2.4 88.4832
      vertex 123 -2.4 75.2
    endloop
  endfacet
  facet normal 0 -1 0
    outer loop
      vertex 150 -2.4 63.2
      vertex 122.962 -2.4 74.6126
      vertex 122.847 -2.4 74.0353
    endloop
  endfacet
  facet normal 0 -1 0
    outer loop
      vertex 150 -2.4 63.2
      vertex 122.847 -2.4 74.0353
      vertex 122.657 -2.4 73.4779
    endloop
  endfacet
  facet normal 0 -1 0
    outer loop
      vertex 150 -2.4 63.2
      vertex 122.657 -2.4 73.4779
      vertex 122.397 -2.4 72.95
    endloop
  endfacet
  facet normal 0 -1 0
    outer loop
      vertex 150 -2.4 63.2
      vertex 122.397 -2.4 72.95
      vertex 122.07 -2.4 72.4606
    endloop
  endfacet
  facet normal 0 -1 0
    outer loop
      vertex 122.962 -2.4 74.6126
      vertex 150 -2.4 63.2
      vertex 137.947 -2.4 88.4832
    endloop
  endfacet
  facet normal 0 -1 0
    outer loop
      vertex 150 -2.4 63.2
      vertex 122.07 -2.4 72.4606
      vertex 121.682 -2.4 72.018
    endloop
  endfacet
  facet normal 0 -1 -0
    outer loop
      vertex 117.335 -2.4 70.8533
      vertex 54.847 -2.4 69.5748
      vertex 117.913 -2.4 70.7385
    endloop
  endfacet
  facet normal 0 -1 0
    outer loop
      vertex 53.4358 -2.4 69.2941
      vertex 117.913 -2.4 70.7385
      vertex 54.847 -2.4 69.5748
    endloop
  endfacet
  facet normal 0 -1 0
    outer loop
      vertex 150 -2.4 63.2
      vertex 117.913 -2.4 70.7385
      vertex 53.4358 -2.4 69.2941
    endloop
  endfacet
  facet normal 0 -1 0
    outer loop
      vertex 150 -2.4 63.2
      vertex 53.4358 -2.4 69.2941
      vertex 52 -2.4 69.2
    endloop
  endfacet
  facet normal 0 -1 0
    outer loop
      vertex 150 -2.4 63.2
      vertex 52 -2.4 69.2
      vertex 0 -2.4 63.2
    endloop
  endfacet
  facet normal 0 -1 0
    outer loop
      vertex 139 -2.4 89.5363
      vertex 150 -2.4 63.2
      vertex 150 -2.4 107.2
    endloop
  endfacet
  facet normal 0 -1 0
    outer loop
      vertex 137.947 -2.4 88.4832
      vertex 150 -2.4 63.2
      vertex 139 -2.4 89.5363
    endloop
  endfacet
  facet normal 0 -1 0
    outer loop
      vertex 121.239 -2.4 71.6299
      vertex 150 -2.4 63.2
      vertex 121.682 -2.4 72.018
    endloop
  endfacet
  facet normal 0 -1 0
    outer loop
      vertex 120.75 -2.4 71.3029
      vertex 150 -2.4 63.2
      vertex 121.239 -2.4 71.6299
    endloop
  endfacet
  facet normal 0 -1 0
    outer loop
      vertex 120.222 -2.4 71.0425
      vertex 150 -2.4 63.2
      vertex 120.75 -2.4 71.3029
    endloop
  endfacet
  facet normal 0 -1 0
    outer loop
      vertex 119.665 -2.4 70.8533
      vertex 150 -2.4 63.2
      vertex 120.222 -2.4 71.0425
    endloop
  endfacet
  facet normal 0 -1 0
    outer loop
      vertex 119.087 -2.4 70.7385
      vertex 150 -2.4 63.2
      vertex 119.665 -2.4 70.8533
    endloop
  endfacet
  facet normal 0 -1 0
    outer loop
      vertex 118.5 -2.4 70.7
      vertex 150 -2.4 63.2
      vertex 119.087 -2.4 70.7385
    endloop
  endfacet
  facet normal 0 -1 0
    outer loop
      vertex 117.913 -2.4 70.7385
      vertex 150 -2.4 63.2
      vertex 118.5 -2.4 70.7
    endloop
  endfacet
  facet normal 0 -1 0
    outer loop
      vertex 115.381 -2.4 99.3903
      vertex 117.562 -2.4 97.6602
      vertex 122.301 -2.4 99.3903
    endloop
  endfacet
  facet normal 0 -1 0
    outer loop
      vertex 120.119 -2.4 97.6602
      vertex 122.301 -2.4 99.3903
      vertex 117.562 -2.4 97.6602
    endloop
  endfacet
  facet normal 0 -1 0
    outer loop
      vertex 120.571 -2.4 97.6602
      vertex 122.301 -2.4 99.3903
      vertex 120.119 -2.4 97.6602
    endloop
  endfacet
  facet normal 0 -1 0
    outer loop
      vertex 121.097 -2.4 97.1336
      vertex 122.301 -2.4 99.3903
      vertex 120.571 -2.4 97.6602
    endloop
  endfacet
  facet normal 0 -1 0
    outer loop
      vertex 121.097 -2.4 97.1336
      vertex 122.302 -2.4 93.1469
      vertex 122.301 -2.4 99.3903
    endloop
  endfacet
  facet normal 0 -1 0
    outer loop
      vertex 121.097 -2.4 90.6646
      vertex 122.302 -2.4 93.1469
      vertex 121.097 -2.4 97.1336
    endloop
  endfacet
  facet normal 0 -1 0
    outer loop
      vertex 121.097 -2.4 90.6646
      vertex 127.04 -2.4 92.3947
      vertex 122.828 -2.4 92.3947
    endloop
  endfacet
  facet normal 0 -1 0
    outer loop
      vertex 120.571 -2.4 90.1381
      vertex 127.04 -2.4 92.3947
      vertex 121.097 -2.4 90.6646
    endloop
  endfacet
  facet normal 0 -1 0
    outer loop
      vertex 130.897 -2.4 92.3977
      vertex 139 -2.4 89.5363
      vertex 130.962 -2.4 92.3955
    endloop
  endfacet
  facet normal 0 -1 0
    outer loop
      vertex 130.962 -2.4 92.3955
      vertex 139 -2.4 89.5363
      vertex 131.027 -2.4 92.3947
    endloop
  endfacet
  facet normal 0 -1 -0
    outer loop
      vertex 122.302 -2.4 92.9212
      vertex 121.097 -2.4 90.6646
      vertex 122.828 -2.4 92.3947
    endloop
  endfacet
  facet normal 0 -1 -0
    outer loop
      vertex 122.302 -2.4 93.1469
      vertex 121.097 -2.4 90.6646
      vertex 122.302 -2.4 92.9212
    endloop
  endfacet
  facet normal 0 -1 0
    outer loop
      vertex 126.288 -2.4 99.9168
      vertex 131.156 -2.4 97.6572
      vertex 136.518 -2.4 99.5407
    endloop
  endfacet
  facet normal 0 -1 -0
    outer loop
      vertex 135.991 -2.4 99.0142
      vertex 135.765 -2.4 97.6602
      vertex 135.991 -2.4 97.6602
    endloop
  endfacet
  facet normal 0 -1 0
    outer loop
      vertex 123.805 -2.4 93.8991
      vertex 126.062 -2.4 95.4035
      vertex 123.805 -2.4 95.4035
    endloop
  endfacet
  facet normal 0 -1 -0
    outer loop
      vertex 126.062 -2.4 95.4035
      vertex 123.805 -2.4 93.8991
      vertex 126.062 -2.4 93.8991
    endloop
  endfacet
  facet normal 0 -1 0
    outer loop
      vertex 131.027 -2.4 95.5916
      vertex 131.027 -2.4 96.3062
      vertex 130.964 -2.4 96.3047
    endloop
  endfacet
  facet normal 0 -1 0
    outer loop
      vertex 130.999 -2.4 95.5908
      vertex 130.964 -2.4 96.3047
      vertex 130.901 -2.4 96.3002
    endloop
  endfacet
  facet normal 0 -1 0
    outer loop
      vertex 131.027 -2.4 96.3062
      vertex 131.027 -2.4 95.5916
      vertex 131.089 -2.4 96.3047
    endloop
  endfacet
  facet normal 0 -1 0
    outer loop
      vertex 130.944 -2.4 95.5856
      vertex 130.901 -2.4 96.3002
      vertex 130.839 -2.4 96.2927
    endloop
  endfacet
  facet normal 0 -1 0
    outer loop
      vertex 131.054 -2.4 95.5908
      vertex 131.089 -2.4 96.3047
      vertex 131.027 -2.4 95.5916
    endloop
  endfacet
  facet normal 0 -1 0
    outer loop
      vertex 130.944 -2.4 95.5856
      vertex 130.839 -2.4 96.2927
      vertex 130.808 -2.4 96.2874
    endloop
  endfacet
  facet normal 0 -1 -0
    outer loop
      vertex 131.089 -2.4 96.3047
      vertex 131.054 -2.4 95.5908
      vertex 131.152 -2.4 96.3002
    endloop
  endfacet
  facet normal 0 -1 0
    outer loop
      vertex 130.917 -2.4 95.5811
      vertex 130.808 -2.4 96.2874
      vertex 130.777 -2.4 96.2814
    endloop
  endfacet
  facet normal 0 -1 0
    outer loop
      vertex 131.082 -2.4 95.5886
      vertex 131.152 -2.4 96.3002
      vertex 131.054 -2.4 95.5908
    endloop
  endfacet
  facet normal 0 -1 0
    outer loop
      vertex 130.917 -2.4 95.5811
      vertex 130.777 -2.4 96.2814
      vertex 130.747 -2.4 96.2753
    endloop
  endfacet
  facet normal 0 -1 0
    outer loop
      vertex 131.109 -2.4 95.5856
      vertex 131.152 -2.4 96.3002
      vertex 131.082 -2.4 95.5886
    endloop
  endfacet
  facet normal 0 -1 0
    outer loop
      vertex 130.89 -2.4 95.575
      vertex 130.747 -2.4 96.2753
      vertex 130.716 -2.4 96.2678
    endloop
  endfacet
  facet normal 0 -1 -0
    outer loop
      vertex 131.152 -2.4 96.3002
      vertex 131.109 -2.4 95.5856
      vertex 131.214 -2.4 96.2927
    endloop
  endfacet
  facet normal 0 -1 0
    outer loop
      vertex 130.89 -2.4 95.575
      vertex 130.716 -2.4 96.2678
      vertex 130.656 -2.4 96.2513
    endloop
  endfacet
  facet normal 0 -1 -0
    outer loop
      vertex 131.214 -2.4 96.2927
      vertex 131.109 -2.4 95.5856
      vertex 131.245 -2.4 96.2874
    endloop
  endfacet
  facet normal 0 -1 0
    outer loop
      vertex 130.863 -2.4 95.5675
      vertex 130.656 -2.4 96.2513
      vertex 130.596 -2.4 96.2317
    endloop
  endfacet
  facet normal 0 -1 0
    outer loop
      vertex 131.136 -2.4 95.5811
      vertex 131.245 -2.4 96.2874
      vertex 131.109 -2.4 95.5856
    endloop
  endfacet
  facet normal 0 -1 0
    outer loop
      vertex 130.836 -2.4 95.5585
      vertex 130.596 -2.4 96.2317
      vertex 130.537 -2.4 96.2092
    endloop
  endfacet
  facet normal 0 -1 -0
    outer loop
      vertex 131.245 -2.4 96.2874
      vertex 131.136 -2.4 95.5811
      vertex 131.276 -2.4 96.2814
    endloop
  endfacet
  facet normal 0 -1 0
    outer loop
      vertex 130.811 -2.4 95.5487
      vertex 130.537 -2.4 96.2092
      vertex 130.48 -2.4 96.1836
    endloop
  endfacet
  facet normal 0 -1 -0
    outer loop
      vertex 131.276 -2.4 96.2814
      vertex 131.136 -2.4 95.5811
      vertex 131.306 -2.4 96.2753
    endloop
  endfacet
  facet normal 0 -1 0
    outer loop
      vertex 130.785 -2.4 95.5374
      vertex 130.48 -2.4 96.1836
      vertex 130.424 -2.4 96.155
    endloop
  endfacet
  facet normal 0 -1 0
    outer loop
      vertex 131.163 -2.4 95.575
      vertex 131.306 -2.4 96.2753
      vertex 131.136 -2.4 95.5811
    endloop
  endfacet
  facet normal 0 -1 0
    outer loop
      vertex 130.76 -2.4 95.5246
      vertex 130.424 -2.4 96.155
      vertex 130.396 -2.4 96.14
    endloop
  endfacet
  facet normal 0 -1 -0
    outer loop
      vertex 131.306 -2.4 96.2753
      vertex 131.163 -2.4 95.575
      vertex 131.337 -2.4 96.2678
    endloop
  endfacet
  facet normal 0 -1 0
    outer loop
      vertex 130.736 -2.4 95.5111
      vertex 130.396 -2.4 96.14
      vertex 130.369 -2.4 96.1242
    endloop
  endfacet
  facet normal 0 -1 -0
    outer loop
      vertex 131.337 -2.4 96.2678
      vertex 131.163 -2.4 95.575
      vertex 131.397 -2.4 96.2513
    endloop
  endfacet
  facet normal 0 -1 0
    outer loop
      vertex 130.736 -2.4 95.5111
      vertex 130.369 -2.4 96.1242
      vertex 130.343 -2.4 96.1076
    endloop
  endfacet
  facet normal 0 -1 0
    outer loop
      vertex 131.191 -2.4 95.5675
      vertex 131.397 -2.4 96.2513
      vertex 131.163 -2.4 95.575
    endloop
  endfacet
  facet normal 0 -1 0
    outer loop
      vertex 130.713 -2.4 95.4968
      vertex 130.343 -2.4 96.1076
      vertex 130.29 -2.4 96.073
    endloop
  endfacet
  facet normal 0 -1 -0
    outer loop
      vertex 131.397 -2.4 96.2513
      vertex 131.191 -2.4 95.5675
      vertex 131.458 -2.4 96.2317
    endloop
  endfacet
  facet normal 0 -1 0
    outer loop
      vertex 130.713 -2.4 95.4968
      vertex 130.29 -2.4 96.073
      vertex 130.265 -2.4 96.0542
    endloop
  endfacet
  facet normal 0 -1 0
    outer loop
      vertex 131.217 -2.4 95.5585
      vertex 131.458 -2.4 96.2317
      vertex 131.191 -2.4 95.5675
    endloop
  endfacet
  facet normal 0 -1 0
    outer loop
      vertex 130.69 -2.4 95.4803
      vertex 130.265 -2.4 96.0542
      vertex 130.24 -2.4 96.0354
    endloop
  endfacet
  facet normal 0 -1 -0
    outer loop
      vertex 131.458 -2.4 96.2317
      vertex 131.217 -2.4 95.5585
      vertex 131.516 -2.4 96.2092
    endloop
  endfacet
  facet normal 0 -1 0
    outer loop
      vertex 130.668 -2.4 95.4637
      vertex 130.24 -2.4 96.0354
      vertex 130.216 -2.4 96.0158
    endloop
  endfacet
  facet normal 0 -1 0
    outer loop
      vertex 131.242 -2.4 95.5487
      vertex 131.516 -2.4 96.2092
      vertex 131.217 -2.4 95.5585
    endloop
  endfacet
  facet normal 0 -1 0
    outer loop
      vertex 130.647 -2.4 95.4457
      vertex 130.216 -2.4 96.0158
      vertex 130.168 -2.4 95.9752
    endloop
  endfacet
  facet normal 0 -1 -0
    outer loop
      vertex 131.516 -2.4 96.2092
      vertex 131.242 -2.4 95.5487
      vertex 131.573 -2.4 96.1836
    endloop
  endfacet
  facet normal 0 -1 0
    outer loop
      vertex 130.647 -2.4 95.4457
      vertex 130.168 -2.4 95.9752
      vertex 130.122 -2.4 95.9316
    endloop
  endfacet
  facet normal 0 -1 0
    outer loop
      vertex 131.268 -2.4 95.5374
      vertex 131.573 -2.4 96.1836
      vertex 131.242 -2.4 95.5487
    endloop
  endfacet
  facet normal 0 -1 0
    outer loop
      vertex 130.608 -2.4 95.4065
      vertex 130.122 -2.4 95.9316
      vertex 130.079 -2.4 95.8865
    endloop
  endfacet
  facet normal 0 -1 -0
    outer loop
      vertex 131.573 -2.4 96.1836
      vertex 131.268 -2.4 95.5374
      vertex 131.629 -2.4 96.155
    endloop
  endfacet
  facet normal 0 -1 0
    outer loop
      vertex 130.608 -2.4 95.4065
      vertex 130.079 -2.4 95.8865
      vertex 130.038 -2.4 95.8383
    endloop
  endfacet
  facet normal 0 -1 0
    outer loop
      vertex 131.293 -2.4 95.5246
      vertex 131.629 -2.4 96.155
      vertex 131.268 -2.4 95.5374
    endloop
  endfacet
  facet normal 0 -1 0
    outer loop
      vertex 130.59 -2.4 95.3855
      vertex 130.038 -2.4 95.8383
      vertex 130.019 -2.4 95.8142
    endloop
  endfacet
  facet normal 0 -1 -0
    outer loop
      vertex 131.629 -2.4 96.155
      vertex 131.293 -2.4 95.5246
      vertex 131.657 -2.4 96.14
    endloop
  endfacet
  facet normal 0 -1 0
    outer loop
      vertex 130.574 -2.4 95.3637
      vertex 130.019 -2.4 95.8142
      vertex 130 -2.4 95.7894
    endloop
  endfacet
  facet normal 0 -1 0
    outer loop
      vertex 131.317 -2.4 95.5111
      vertex 131.657 -2.4 96.14
      vertex 131.293 -2.4 95.5246
    endloop
  endfacet
  facet normal 0 -1 0
    outer loop
      vertex 130.574 -2.4 95.3637
      vertex 130 -2.4 95.7894
      vertex 129.981 -2.4 95.7638
    endloop
  endfacet
  facet normal 0 -1 -0
    outer loop
      vertex 131.657 -2.4 96.14
      vertex 131.317 -2.4 95.5111
      vertex 131.684 -2.4 96.1242
    endloop
  endfacet
  facet normal 0 -1 0
    outer loop
      vertex 130.557 -2.4 95.3411
      vertex 129.981 -2.4 95.7638
      vertex 129.946 -2.4 95.7112
    endloop
  endfacet
  facet normal 0 -1 -0
    outer loop
      vertex 131.684 -2.4 96.1242
      vertex 131.317 -2.4 95.5111
      vertex 131.71 -2.4 96.1076
    endloop
  endfacet
  facet normal 0 -1 0
    outer loop
      vertex 130.543 -2.4 95.3178
      vertex 129.946 -2.4 95.7112
      vertex 129.93 -2.4 95.6849
    endloop
  endfacet
  facet normal 0 -1 0
    outer loop
      vertex 131.34 -2.4 95.4968
      vertex 131.71 -2.4 96.1076
      vertex 131.317 -2.4 95.5111
    endloop
  endfacet
  facet normal 0 -1 0
    outer loop
      vertex 130.543 -2.4 95.3178
      vertex 129.93 -2.4 95.6849
      vertex 129.914 -2.4 95.6578
    endloop
  endfacet
  facet normal 0 -1 -0
    outer loop
      vertex 131.71 -2.4 96.1076
      vertex 131.34 -2.4 95.4968
      vertex 131.763 -2.4 96.073
    endloop
  endfacet
  facet normal 0 -1 0
    outer loop
      vertex 130.529 -2.4 95.2937
      vertex 129.914 -2.4 95.6578
      vertex 129.899 -2.4 95.6299
    endloop
  endfacet
  facet normal 0 -1 -0
    outer loop
      vertex 131.763 -2.4 96.073
      vertex 131.34 -2.4 95.4968
      vertex 131.789 -2.4 96.0542
    endloop
  endfacet
  facet normal 0 -1 0
    outer loop
      vertex 131.363 -2.4 95.4803
      vertex 131.789 -2.4 96.0542
      vertex 131.34 -2.4 95.4968
    endloop
  endfacet
  facet normal 0 -1 0
    outer loop
      vertex 130.964 -2.4 96.3047
      vertex 130.999 -2.4 95.5908
      vertex 131.027 -2.4 95.5916
    endloop
  endfacet
  facet normal 0 -1 0
    outer loop
      vertex 130.901 -2.4 96.3002
      vertex 130.971 -2.4 95.5886
      vertex 130.999 -2.4 95.5908
    endloop
  endfacet
  facet normal 0 -1 0
    outer loop
      vertex 130.901 -2.4 96.3002
      vertex 130.944 -2.4 95.5856
      vertex 130.971 -2.4 95.5886
    endloop
  endfacet
  facet normal 0 -1 0
    outer loop
      vertex 130.808 -2.4 96.2874
      vertex 130.917 -2.4 95.5811
      vertex 130.944 -2.4 95.5856
    endloop
  endfacet
  facet normal 0 -1 0
    outer loop
      vertex 130.747 -2.4 96.2753
      vertex 130.89 -2.4 95.575
      vertex 130.917 -2.4 95.5811
    endloop
  endfacet
  facet normal 0 -1 0
    outer loop
      vertex 130.517 -2.4 95.2689
      vertex 129.899 -2.4 95.6299
      vertex 129.87 -2.4 95.5743
    endloop
  endfacet
  facet normal 0 -1 0
    outer loop
      vertex 130.656 -2.4 96.2513
      vertex 130.863 -2.4 95.5675
      vertex 130.89 -2.4 95.575
    endloop
  endfacet
  facet normal 0 -1 0
    outer loop
      vertex 130.596 -2.4 96.2317
      vertex 130.836 -2.4 95.5585
      vertex 130.863 -2.4 95.5675
    endloop
  endfacet
  facet normal 0 -1 0
    outer loop
      vertex 130.537 -2.4 96.2092
      vertex 130.811 -2.4 95.5487
      vertex 130.836 -2.4 95.5585
    endloop
  endfacet
  facet normal 0 -1 0
    outer loop
      vertex 130.48 -2.4 96.1836
      vertex 130.785 -2.4 95.5374
      vertex 130.811 -2.4 95.5487
    endloop
  endfacet
  facet normal 0 -1 0
    outer loop
      vertex 130.424 -2.4 96.155
      vertex 130.76 -2.4 95.5246
      vertex 130.785 -2.4 95.5374
    endloop
  endfacet
  facet normal 0 -1 0
    outer loop
      vertex 130.517 -2.4 95.2689
      vertex 129.87 -2.4 95.5743
      vertex 129.845 -2.4 95.5171
    endloop
  endfacet
  facet normal 0 -1 0
    outer loop
      vertex 130.396 -2.4 96.14
      vertex 130.736 -2.4 95.5111
      vertex 130.76 -2.4 95.5246
    endloop
  endfacet
  facet normal 0 -1 0
    outer loop
      vertex 130.343 -2.4 96.1076
      vertex 130.713 -2.4 95.4968
      vertex 130.736 -2.4 95.5111
    endloop
  endfacet
  facet normal 0 -1 0
    outer loop
      vertex 130.265 -2.4 96.0542
      vertex 130.69 -2.4 95.4803
      vertex 130.713 -2.4 95.4968
    endloop
  endfacet
  facet normal 0 -1 0
    outer loop
      vertex 130.24 -2.4 96.0354
      vertex 130.668 -2.4 95.4637
      vertex 130.69 -2.4 95.4803
    endloop
  endfacet
  facet normal 0 -1 0
    outer loop
      vertex 130.505 -2.4 95.2433
      vertex 129.845 -2.4 95.5171
      vertex 129.822 -2.4 95.4584
    endloop
  endfacet
  facet normal 0 -1 0
    outer loop
      vertex 130.216 -2.4 96.0158
      vertex 130.647 -2.4 95.4457
      vertex 130.668 -2.4 95.4637
    endloop
  endfacet
  facet normal 0 -1 0
    outer loop
      vertex 130.122 -2.4 95.9316
      vertex 130.608 -2.4 95.4065
      vertex 130.647 -2.4 95.4457
    endloop
  endfacet
  facet normal 0 -1 0
    outer loop
      vertex 130.495 -2.4 95.2177
      vertex 129.822 -2.4 95.4584
      vertex 129.803 -2.4 95.3983
    endloop
  endfacet
  facet normal 0 -1 0
    outer loop
      vertex 130.038 -2.4 95.8383
      vertex 130.59 -2.4 95.3855
      vertex 130.608 -2.4 95.4065
    endloop
  endfacet
  facet normal 0 -1 0
    outer loop
      vertex 130.019 -2.4 95.8142
      vertex 130.574 -2.4 95.3637
      vertex 130.59 -2.4 95.3855
    endloop
  endfacet
  facet normal 0 -1 0
    outer loop
      vertex 129.981 -2.4 95.7638
      vertex 130.557 -2.4 95.3411
      vertex 130.574 -2.4 95.3637
    endloop
  endfacet
  facet normal 0 -1 0
    outer loop
      vertex 130.486 -2.4 95.1914
      vertex 129.803 -2.4 95.3983
      vertex 129.786 -2.4 95.3381
    endloop
  endfacet
  facet normal 0 -1 0
    outer loop
      vertex 129.946 -2.4 95.7112
      vertex 130.543 -2.4 95.3178
      vertex 130.557 -2.4 95.3411
    endloop
  endfacet
  facet normal 0 -1 0
    outer loop
      vertex 130.479 -2.4 95.1643
      vertex 129.786 -2.4 95.3381
      vertex 129.779 -2.4 95.3072
    endloop
  endfacet
  facet normal 0 -1 0
    outer loop
      vertex 129.914 -2.4 95.6578
      vertex 130.529 -2.4 95.2937
      vertex 130.543 -2.4 95.3178
    endloop
  endfacet
  facet normal 0 -1 0
    outer loop
      vertex 130.473 -2.4 95.1372
      vertex 129.779 -2.4 95.3072
      vertex 129.773 -2.4 95.2772
    endloop
  endfacet
  facet normal 0 -1 0
    outer loop
      vertex 129.899 -2.4 95.6299
      vertex 130.517 -2.4 95.2689
      vertex 130.529 -2.4 95.2937
    endloop
  endfacet
  facet normal 0 -1 0
    outer loop
      vertex 130.473 -2.4 95.1372
      vertex 129.773 -2.4 95.2772
      vertex 129.767 -2.4 95.2463
    endloop
  endfacet
  facet normal 0 -1 0
    outer loop
      vertex 129.845 -2.4 95.5171
      vertex 130.505 -2.4 95.2433
      vertex 130.517 -2.4 95.2689
    endloop
  endfacet
  facet normal 0 -1 0
    outer loop
      vertex 129.822 -2.4 95.4584
      vertex 130.495 -2.4 95.2177
      vertex 130.505 -2.4 95.2433
    endloop
  endfacet
  facet normal 0 -1 0
    outer loop
      vertex 130.468 -2.4 95.1102
      vertex 129.767 -2.4 95.2463
      vertex 129.761 -2.4 95.2147
    endloop
  endfacet
  facet normal 0 -1 0
    outer loop
      vertex 129.803 -2.4 95.3983
      vertex 130.486 -2.4 95.1914
      vertex 130.495 -2.4 95.2177
    endloop
  endfacet
  facet normal 0 -1 0
    outer loop
      vertex 129.786 -2.4 95.3381
      vertex 130.479 -2.4 95.1643
      vertex 130.486 -2.4 95.1914
    endloop
  endfacet
  facet normal 0 -1 0
    outer loop
      vertex 130.468 -2.4 95.1102
      vertex 129.761 -2.4 95.2147
      vertex 129.754 -2.4 95.1531
    endloop
  endfacet
  facet normal 0 -1 0
    outer loop
      vertex 129.779 -2.4 95.3072
      vertex 130.473 -2.4 95.1372
      vertex 130.479 -2.4 95.1643
    endloop
  endfacet
  facet normal 0 -1 0
    outer loop
      vertex 129.767 -2.4 95.2463
      vertex 130.468 -2.4 95.1102
      vertex 130.473 -2.4 95.1372
    endloop
  endfacet
  facet normal 0 -1 0
    outer loop
      vertex 130.465 -2.4 95.0831
      vertex 129.754 -2.4 95.1531
      vertex 129.749 -2.4 95.0899
    endloop
  endfacet
  facet normal 0 -1 0
    outer loop
      vertex 129.754 -2.4 95.1531
      vertex 130.465 -2.4 95.0831
      vertex 130.468 -2.4 95.1102
    endloop
  endfacet
  facet normal 0 -1 0
    outer loop
      vertex 129.749 -2.4 95.0899
      vertex 130.463 -2.4 95.0553
      vertex 130.465 -2.4 95.0831
    endloop
  endfacet
  facet normal 0 -1 0
    outer loop
      vertex 129.748 -2.4 95.0274
      vertex 130.463 -2.4 95.0553
      vertex 129.749 -2.4 95.0899
    endloop
  endfacet
  facet normal 0 -1 0
    outer loop
      vertex 129.748 -2.4 95.0274
      vertex 130.462 -2.4 95.0274
      vertex 130.463 -2.4 95.0553
    endloop
  endfacet
  facet normal 0 -1 0
    outer loop
      vertex 129.748 -2.4 95.0274
      vertex 130.463 -2.4 94.9996
      vertex 130.462 -2.4 95.0274
    endloop
  endfacet
  facet normal 0 -1 0
    outer loop
      vertex 129.749 -2.4 94.965
      vertex 130.463 -2.4 94.9996
      vertex 129.748 -2.4 95.0274
    endloop
  endfacet
  facet normal 0 -1 -0
    outer loop
      vertex 130.463 -2.4 94.9996
      vertex 129.749 -2.4 94.965
      vertex 130.465 -2.4 94.9718
    endloop
  endfacet
  facet normal 0 -1 0
    outer loop
      vertex 129.754 -2.4 94.9018
      vertex 130.465 -2.4 94.9718
      vertex 129.749 -2.4 94.965
    endloop
  endfacet
  facet normal 0 -1 -0
    outer loop
      vertex 130.465 -2.4 94.9718
      vertex 129.754 -2.4 94.9018
      vertex 130.468 -2.4 94.9447
    endloop
  endfacet
  facet normal 0 -1 0
    outer loop
      vertex 129.761 -2.4 94.8401
      vertex 130.468 -2.4 94.9447
      vertex 129.754 -2.4 94.9018
    endloop
  endfacet
  facet normal 0 -1 0
    outer loop
      vertex 129.767 -2.4 94.8085
      vertex 130.468 -2.4 94.9447
      vertex 129.761 -2.4 94.8401
    endloop
  endfacet
  facet normal 0 -1 -0
    outer loop
      vertex 130.468 -2.4 94.9447
      vertex 129.767 -2.4 94.8085
      vertex 130.473 -2.4 94.9176
    endloop
  endfacet
  facet normal 0 -1 0
    outer loop
      vertex 129.773 -2.4 94.7777
      vertex 130.473 -2.4 94.9176
      vertex 129.767 -2.4 94.8085
    endloop
  endfacet
  facet normal 0 -1 0
    outer loop
      vertex 129.779 -2.4 94.7476
      vertex 130.473 -2.4 94.9176
      vertex 129.773 -2.4 94.7777
    endloop
  endfacet
  facet normal 0 -1 -0
    outer loop
      vertex 130.473 -2.4 94.9176
      vertex 129.779 -2.4 94.7476
      vertex 130.479 -2.4 94.8905
    endloop
  endfacet
  facet normal 0 -1 0
    outer loop
      vertex 129.786 -2.4 94.7168
      vertex 130.479 -2.4 94.8905
      vertex 129.779 -2.4 94.7476
    endloop
  endfacet
  facet normal 0 -1 -0
    outer loop
      vertex 130.479 -2.4 94.8905
      vertex 129.786 -2.4 94.7168
      vertex 130.486 -2.4 94.8634
    endloop
  endfacet
  facet normal 0 -1 0
    outer loop
      vertex 129.803 -2.4 94.6566
      vertex 130.486 -2.4 94.8634
      vertex 129.786 -2.4 94.7168
    endloop
  endfacet
  facet normal 0 -1 -0
    outer loop
      vertex 130.486 -2.4 94.8634
      vertex 129.803 -2.4 94.6566
      vertex 130.495 -2.4 94.8371
    endloop
  endfacet
  facet normal 0 -1 0
    outer loop
      vertex 129.822 -2.4 94.5964
      vertex 130.495 -2.4 94.8371
      vertex 129.803 -2.4 94.6566
    endloop
  endfacet
  facet normal 0 -1 -0
    outer loop
      vertex 130.495 -2.4 94.8371
      vertex 129.822 -2.4 94.5964
      vertex 130.505 -2.4 94.8115
    endloop
  endfacet
  facet normal 0 -1 0
    outer loop
      vertex 129.845 -2.4 94.5377
      vertex 130.505 -2.4 94.8115
      vertex 129.822 -2.4 94.5964
    endloop
  endfacet
  facet normal 0 -1 -0
    outer loop
      vertex 130.505 -2.4 94.8115
      vertex 129.845 -2.4 94.5377
      vertex 130.517 -2.4 94.786
    endloop
  endfacet
  facet normal 0 -1 0
    outer loop
      vertex 129.87 -2.4 94.4806
      vertex 130.517 -2.4 94.786
      vertex 129.845 -2.4 94.5377
    endloop
  endfacet
  facet normal 0 -1 0
    outer loop
      vertex 129.899 -2.4 94.4249
      vertex 130.517 -2.4 94.786
      vertex 129.87 -2.4 94.4806
    endloop
  endfacet
  facet normal 0 -1 -0
    outer loop
      vertex 130.517 -2.4 94.786
      vertex 129.899 -2.4 94.4249
      vertex 130.529 -2.4 94.7611
    endloop
  endfacet
  facet normal 0 -1 0
    outer loop
      vertex 129.914 -2.4 94.3971
      vertex 130.529 -2.4 94.7611
      vertex 129.899 -2.4 94.4249
    endloop
  endfacet
  facet normal 0 -1 -0
    outer loop
      vertex 130.529 -2.4 94.7611
      vertex 129.914 -2.4 94.3971
      vertex 130.543 -2.4 94.7371
    endloop
  endfacet
  facet normal 0 -1 0
    outer loop
      vertex 129.93 -2.4 94.37
      vertex 130.543 -2.4 94.7371
      vertex 129.914 -2.4 94.3971
    endloop
  endfacet
  facet normal 0 -1 0
    outer loop
      vertex 129.946 -2.4 94.3437
      vertex 130.543 -2.4 94.7371
      vertex 129.93 -2.4 94.37
    endloop
  endfacet
  facet normal 0 -1 -0
    outer loop
      vertex 130.543 -2.4 94.7371
      vertex 129.946 -2.4 94.3437
      vertex 130.557 -2.4 94.7138
    endloop
  endfacet
  facet normal 0 -1 0
    outer loop
      vertex 129.981 -2.4 94.291
      vertex 130.557 -2.4 94.7138
      vertex 129.946 -2.4 94.3437
    endloop
  endfacet
  facet normal 0 -1 -0
    outer loop
      vertex 130.557 -2.4 94.7138
      vertex 129.981 -2.4 94.291
      vertex 130.574 -2.4 94.6912
    endloop
  endfacet
  facet normal 0 -1 0
    outer loop
      vertex 130 -2.4 94.2654
      vertex 130.574 -2.4 94.6912
      vertex 129.981 -2.4 94.291
    endloop
  endfacet
  facet normal 0 -1 0
    outer loop
      vertex 130.019 -2.4 94.2406
      vertex 130.574 -2.4 94.6912
      vertex 130 -2.4 94.2654
    endloop
  endfacet
  facet normal 0 -1 -0
    outer loop
      vertex 130.574 -2.4 94.6912
      vertex 130.019 -2.4 94.2406
      vertex 130.59 -2.4 94.6694
    endloop
  endfacet
  facet normal 0 -1 0
    outer loop
      vertex 130.038 -2.4 94.2165
      vertex 130.59 -2.4 94.6694
      vertex 130.019 -2.4 94.2406
    endloop
  endfacet
  facet normal 0 -1 -0
    outer loop
      vertex 130.59 -2.4 94.6694
      vertex 130.038 -2.4 94.2165
      vertex 130.608 -2.4 94.6483
    endloop
  endfacet
  facet normal 0 -1 0
    outer loop
      vertex 130.079 -2.4 94.1684
      vertex 130.608 -2.4 94.6483
      vertex 130.038 -2.4 94.2165
    endloop
  endfacet
  facet normal 0 -1 0
    outer loop
      vertex 130.122 -2.4 94.1233
      vertex 130.608 -2.4 94.6483
      vertex 130.079 -2.4 94.1684
    endloop
  endfacet
  facet normal 0 -1 -0
    outer loop
      vertex 130.608 -2.4 94.6483
      vertex 130.122 -2.4 94.1233
      vertex 130.647 -2.4 94.6092
    endloop
  endfacet
  facet normal 0 -1 0
    outer loop
      vertex 130.168 -2.4 94.0797
      vertex 130.647 -2.4 94.6092
      vertex 130.122 -2.4 94.1233
    endloop
  endfacet
  facet normal 0 -1 0
    outer loop
      vertex 130.216 -2.4 94.039
      vertex 130.647 -2.4 94.6092
      vertex 130.168 -2.4 94.0797
    endloop
  endfacet
  facet normal 0 -1 -0
    outer loop
      vertex 130.647 -2.4 94.6092
      vertex 130.216 -2.4 94.039
      vertex 130.668 -2.4 94.5911
    endloop
  endfacet
  facet normal 0 -1 0
    outer loop
      vertex 130.24 -2.4 94.0195
      vertex 130.668 -2.4 94.5911
      vertex 130.216 -2.4 94.039
    endloop
  endfacet
  facet normal 0 -1 -0
    outer loop
      vertex 130.668 -2.4 94.5911
      vertex 130.24 -2.4 94.0195
      vertex 130.69 -2.4 94.5746
    endloop
  endfacet
  facet normal 0 -1 0
    outer loop
      vertex 130.265 -2.4 94.0007
      vertex 130.69 -2.4 94.5746
      vertex 130.24 -2.4 94.0195
    endloop
  endfacet
  facet normal 0 -1 -0
    outer loop
      vertex 131.789 -2.4 96.0542
      vertex 131.363 -2.4 95.4803
      vertex 131.813 -2.4 96.0354
    endloop
  endfacet
  facet normal 0 -1 0
    outer loop
      vertex 131.385 -2.4 95.4637
      vertex 131.813 -2.4 96.0354
      vertex 131.363 -2.4 95.4803
    endloop
  endfacet
  facet normal 0 -1 -0
    outer loop
      vertex 131.813 -2.4 96.0354
      vertex 131.385 -2.4 95.4637
      vertex 131.837 -2.4 96.0158
    endloop
  endfacet
  facet normal 0 -1 0
    outer loop
      vertex 131.406 -2.4 95.4457
      vertex 131.837 -2.4 96.0158
      vertex 131.385 -2.4 95.4637
    endloop
  endfacet
  facet normal 0 -1 -0
    outer loop
      vertex 131.837 -2.4 96.0158
      vertex 131.406 -2.4 95.4457
      vertex 131.886 -2.4 95.9752
    endloop
  endfacet
  facet normal 0 -1 -0
    outer loop
      vertex 131.886 -2.4 95.9752
      vertex 131.406 -2.4 95.4457
      vertex 131.931 -2.4 95.9316
    endloop
  endfacet
  facet normal 0 -1 0
    outer loop
      vertex 131.445 -2.4 95.4065
      vertex 131.931 -2.4 95.9316
      vertex 131.406 -2.4 95.4457
    endloop
  endfacet
  facet normal 0 -1 -0
    outer loop
      vertex 131.931 -2.4 95.9316
      vertex 131.445 -2.4 95.4065
      vertex 131.974 -2.4 95.8865
    endloop
  endfacet
  facet normal 0 -1 -0
    outer loop
      vertex 131.974 -2.4 95.8865
      vertex 131.445 -2.4 95.4065
      vertex 132.015 -2.4 95.8383
    endloop
  endfacet
  facet normal 0 -1 0
    outer loop
      vertex 131.463 -2.4 95.3855
      vertex 132.015 -2.4 95.8383
      vertex 131.445 -2.4 95.4065
    endloop
  endfacet
  facet normal 0 -1 -0
    outer loop
      vertex 132.015 -2.4 95.8383
      vertex 131.463 -2.4 95.3855
      vertex 132.035 -2.4 95.8142
    endloop
  endfacet
  facet normal 0 -1 0
    outer loop
      vertex 131.479 -2.4 95.3637
      vertex 132.035 -2.4 95.8142
      vertex 131.463 -2.4 95.3855
    endloop
  endfacet
  facet normal 0 -1 -0
    outer loop
      vertex 132.035 -2.4 95.8142
      vertex 131.479 -2.4 95.3637
      vertex 132.053 -2.4 95.7894
    endloop
  endfacet
  facet normal 0 -1 -0
    outer loop
      vertex 132.053 -2.4 95.7894
      vertex 131.479 -2.4 95.3637
      vertex 132.072 -2.4 95.7638
    endloop
  endfacet
  facet normal 0 -1 0
    outer loop
      vertex 131.496 -2.4 95.3411
      vertex 132.072 -2.4 95.7638
      vertex 131.479 -2.4 95.3637
    endloop
  endfacet
  facet normal 0 -1 -0
    outer loop
      vertex 132.072 -2.4 95.7638
      vertex 131.496 -2.4 95.3411
      vertex 132.107 -2.4 95.7112
    endloop
  endfacet
  facet normal 0 -1 0
    outer loop
      vertex 131.51 -2.4 95.3178
      vertex 132.107 -2.4 95.7112
      vertex 131.496 -2.4 95.3411
    endloop
  endfacet
  facet normal 0 -1 -0
    outer loop
      vertex 132.107 -2.4 95.7112
      vertex 131.51 -2.4 95.3178
      vertex 132.123 -2.4 95.6849
    endloop
  endfacet
  facet normal 0 -1 -0
    outer loop
      vertex 132.123 -2.4 95.6849
      vertex 131.51 -2.4 95.3178
      vertex 132.139 -2.4 95.6578
    endloop
  endfacet
  facet normal 0 -1 0
    outer loop
      vertex 131.524 -2.4 95.2937
      vertex 132.139 -2.4 95.6578
      vertex 131.51 -2.4 95.3178
    endloop
  endfacet
  facet normal 0 -1 -0
    outer loop
      vertex 132.139 -2.4 95.6578
      vertex 131.524 -2.4 95.2937
      vertex 132.154 -2.4 95.6299
    endloop
  endfacet
  facet normal 0 -1 0
    outer loop
      vertex 131.537 -2.4 95.2689
      vertex 132.154 -2.4 95.6299
      vertex 131.524 -2.4 95.2937
    endloop
  endfacet
  facet normal 0 -1 -0
    outer loop
      vertex 132.154 -2.4 95.6299
      vertex 131.537 -2.4 95.2689
      vertex 132.183 -2.4 95.5743
    endloop
  endfacet
  facet normal 0 -1 -0
    outer loop
      vertex 132.183 -2.4 95.5743
      vertex 131.537 -2.4 95.2689
      vertex 132.208 -2.4 95.5171
    endloop
  endfacet
  facet normal 0 -1 0
    outer loop
      vertex 131.548 -2.4 95.2433
      vertex 132.208 -2.4 95.5171
      vertex 131.537 -2.4 95.2689
    endloop
  endfacet
  facet normal 0 -1 -0
    outer loop
      vertex 132.208 -2.4 95.5171
      vertex 131.548 -2.4 95.2433
      vertex 132.231 -2.4 95.4584
    endloop
  endfacet
  facet normal 0 -1 0
    outer loop
      vertex 131.558 -2.4 95.2177
      vertex 132.231 -2.4 95.4584
      vertex 131.548 -2.4 95.2433
    endloop
  endfacet
  facet normal 0 -1 -0
    outer loop
      vertex 132.231 -2.4 95.4584
      vertex 131.558 -2.4 95.2177
      vertex 132.25 -2.4 95.3983
    endloop
  endfacet
  facet normal 0 -1 0
    outer loop
      vertex 131.567 -2.4 95.1914
      vertex 132.25 -2.4 95.3983
      vertex 131.558 -2.4 95.2177
    endloop
  endfacet
  facet normal 0 -1 -0
    outer loop
      vertex 132.25 -2.4 95.3983
      vertex 131.567 -2.4 95.1914
      vertex 132.267 -2.4 95.3381
    endloop
  endfacet
  facet normal 0 -1 0
    outer loop
      vertex 131.574 -2.4 95.1643
      vertex 132.267 -2.4 95.3381
      vertex 131.567 -2.4 95.1914
    endloop
  endfacet
  facet normal 0 -1 -0
    outer loop
      vertex 132.267 -2.4 95.3381
      vertex 131.574 -2.4 95.1643
      vertex 132.274 -2.4 95.3072
    endloop
  endfacet
  facet normal 0 -1 0
    outer loop
      vertex 131.58 -2.4 95.1372
      vertex 132.274 -2.4 95.3072
      vertex 131.574 -2.4 95.1643
    endloop
  endfacet
  facet normal 0 -1 -0
    outer loop
      vertex 132.274 -2.4 95.3072
      vertex 131.58 -2.4 95.1372
      vertex 132.28 -2.4 95.2772
    endloop
  endfacet
  facet normal 0 -1 -0
    outer loop
      vertex 132.28 -2.4 95.2772
      vertex 131.58 -2.4 95.1372
      vertex 132.286 -2.4 95.2463
    endloop
  endfacet
  facet normal 0 -1 0
    outer loop
      vertex 131.585 -2.4 95.1102
      vertex 132.286 -2.4 95.2463
      vertex 131.58 -2.4 95.1372
    endloop
  endfacet
  facet normal 0 -1 -0
    outer loop
      vertex 132.286 -2.4 95.2463
      vertex 131.585 -2.4 95.1102
      vertex 132.292 -2.4 95.2147
    endloop
  endfacet
  facet normal 0 -1 -0
    outer loop
      vertex 132.292 -2.4 95.2147
      vertex 131.585 -2.4 95.1102
      vertex 132.299 -2.4 95.1531
    endloop
  endfacet
  facet normal 0 -1 0
    outer loop
      vertex 131.588 -2.4 95.0831
      vertex 132.299 -2.4 95.1531
      vertex 131.585 -2.4 95.1102
    endloop
  endfacet
  facet normal 0 -1 -0
    outer loop
      vertex 132.299 -2.4 95.1531
      vertex 131.588 -2.4 95.0831
      vertex 132.304 -2.4 95.0899
    endloop
  endfacet
  facet normal 0 -1 0
    outer loop
      vertex 131.59 -2.4 95.0553
      vertex 132.304 -2.4 95.0899
      vertex 131.588 -2.4 95.0831
    endloop
  endfacet
  facet normal 0 -1 0
    outer loop
      vertex 131.591 -2.4 95.0274
      vertex 132.304 -2.4 95.0899
      vertex 131.59 -2.4 95.0553
    endloop
  endfacet
  facet normal 0 -1 0
    outer loop
      vertex 131.591 -2.4 95.0274
      vertex 132.305 -2.4 95.0274
      vertex 132.304 -2.4 95.0899
    endloop
  endfacet
  facet normal 0 -1 0
    outer loop
      vertex 131.59 -2.4 94.9996
      vertex 132.305 -2.4 95.0274
      vertex 131.591 -2.4 95.0274
    endloop
  endfacet
  facet normal 0 -1 0
    outer loop
      vertex 132.304 -2.4 94.965
      vertex 131.59 -2.4 94.9996
      vertex 131.588 -2.4 94.9718
    endloop
  endfacet
  facet normal 0 -1 0
    outer loop
      vertex 131.59 -2.4 94.9996
      vertex 132.304 -2.4 94.965
      vertex 132.305 -2.4 95.0274
    endloop
  endfacet
  facet normal 0 -1 0
    outer loop
      vertex 132.299 -2.4 94.9018
      vertex 131.588 -2.4 94.9718
      vertex 131.585 -2.4 94.9447
    endloop
  endfacet
  facet normal 0 -1 0
    outer loop
      vertex 132.286 -2.4 94.8085
      vertex 131.585 -2.4 94.9447
      vertex 131.58 -2.4 94.9176
    endloop
  endfacet
  facet normal 0 -1 0
    outer loop
      vertex 131.588 -2.4 94.9718
      vertex 132.299 -2.4 94.9018
      vertex 132.304 -2.4 94.965
    endloop
  endfacet
  facet normal 0 -1 0
    outer loop
      vertex 132.274 -2.4 94.7476
      vertex 131.58 -2.4 94.9176
      vertex 131.574 -2.4 94.8905
    endloop
  endfacet
  facet normal 0 -1 0
    outer loop
      vertex 132.267 -2.4 94.7168
      vertex 131.574 -2.4 94.8905
      vertex 131.567 -2.4 94.8634
    endloop
  endfacet
  facet normal 0 -1 0
    outer loop
      vertex 131.585 -2.4 94.9447
      vertex 132.292 -2.4 94.8401
      vertex 132.299 -2.4 94.9018
    endloop
  endfacet
  facet normal 0 -1 0
    outer loop
      vertex 132.25 -2.4 94.6566
      vertex 131.567 -2.4 94.8634
      vertex 131.558 -2.4 94.8371
    endloop
  endfacet
  facet normal 0 -1 0
    outer loop
      vertex 132.231 -2.4 94.5964
      vertex 131.558 -2.4 94.8371
      vertex 131.548 -2.4 94.8115
    endloop
  endfacet
  facet normal 0 -1 0
    outer loop
      vertex 131.585 -2.4 94.9447
      vertex 132.286 -2.4 94.8085
      vertex 132.292 -2.4 94.8401
    endloop
  endfacet
  facet normal 0 -1 0
    outer loop
      vertex 132.208 -2.4 94.5377
      vertex 131.548 -2.4 94.8115
      vertex 131.537 -2.4 94.786
    endloop
  endfacet
  facet normal 0 -1 0
    outer loop
      vertex 131.58 -2.4 94.9176
      vertex 132.28 -2.4 94.7777
      vertex 132.286 -2.4 94.8085
    endloop
  endfacet
  facet normal 0 -1 0
    outer loop
      vertex 132.154 -2.4 94.4249
      vertex 131.537 -2.4 94.786
      vertex 131.524 -2.4 94.7611
    endloop
  endfacet
  facet normal 0 -1 0
    outer loop
      vertex 131.58 -2.4 94.9176
      vertex 132.274 -2.4 94.7476
      vertex 132.28 -2.4 94.7777
    endloop
  endfacet
  facet normal 0 -1 0
    outer loop
      vertex 132.139 -2.4 94.3971
      vertex 131.524 -2.4 94.7611
      vertex 131.51 -2.4 94.7371
    endloop
  endfacet
  facet normal 0 -1 0
    outer loop
      vertex 131.574 -2.4 94.8905
      vertex 132.267 -2.4 94.7168
      vertex 132.274 -2.4 94.7476
    endloop
  endfacet
  facet normal 0 -1 0
    outer loop
      vertex 132.107 -2.4 94.3437
      vertex 131.51 -2.4 94.7371
      vertex 131.496 -2.4 94.7138
    endloop
  endfacet
  facet normal 0 -1 0
    outer loop
      vertex 132.072 -2.4 94.291
      vertex 131.496 -2.4 94.7138
      vertex 131.479 -2.4 94.6912
    endloop
  endfacet
  facet normal 0 -1 0
    outer loop
      vertex 132.035 -2.4 94.2406
      vertex 131.479 -2.4 94.6912
      vertex 131.463 -2.4 94.6694
    endloop
  endfacet
  facet normal 0 -1 0
    outer loop
      vertex 131.567 -2.4 94.8634
      vertex 132.25 -2.4 94.6566
      vertex 132.267 -2.4 94.7168
    endloop
  endfacet
  facet normal 0 -1 0
    outer loop
      vertex 132.015 -2.4 94.2165
      vertex 131.463 -2.4 94.6694
      vertex 131.445 -2.4 94.6483
    endloop
  endfacet
  facet normal 0 -1 0
    outer loop
      vertex 131.931 -2.4 94.1233
      vertex 131.445 -2.4 94.6483
      vertex 131.406 -2.4 94.6092
    endloop
  endfacet
  facet normal 0 -1 0
    outer loop
      vertex 131.558 -2.4 94.8371
      vertex 132.231 -2.4 94.5964
      vertex 132.25 -2.4 94.6566
    endloop
  endfacet
  facet normal 0 -1 0
    outer loop
      vertex 131.837 -2.4 94.039
      vertex 131.406 -2.4 94.6092
      vertex 131.385 -2.4 94.5911
    endloop
  endfacet
  facet normal 0 -1 0
    outer loop
      vertex 131.813 -2.4 94.0195
      vertex 131.385 -2.4 94.5911
      vertex 131.363 -2.4 94.5746
    endloop
  endfacet
  facet normal 0 -1 0
    outer loop
      vertex 131.789 -2.4 94.0007
      vertex 131.363 -2.4 94.5746
      vertex 131.34 -2.4 94.5581
    endloop
  endfacet
  facet normal 0 -1 0
    outer loop
      vertex 131.71 -2.4 93.9473
      vertex 131.34 -2.4 94.5581
      vertex 131.317 -2.4 94.5437
    endloop
  endfacet
  facet normal 0 -1 0
    outer loop
      vertex 131.548 -2.4 94.8115
      vertex 132.208 -2.4 94.5377
      vertex 132.231 -2.4 94.5964
    endloop
  endfacet
  facet normal 0 -1 0
    outer loop
      vertex 131.657 -2.4 93.9149
      vertex 131.317 -2.4 94.5437
      vertex 131.293 -2.4 94.5302
    endloop
  endfacet
  facet normal 0 -1 0
    outer loop
      vertex 131.629 -2.4 93.8999
      vertex 131.293 -2.4 94.5302
      vertex 131.268 -2.4 94.5174
    endloop
  endfacet
  facet normal 0 -1 0
    outer loop
      vertex 131.573 -2.4 93.8713
      vertex 131.268 -2.4 94.5174
      vertex 131.242 -2.4 94.5061
    endloop
  endfacet
  facet normal 0 -1 0
    outer loop
      vertex 131.516 -2.4 93.8457
      vertex 131.242 -2.4 94.5061
      vertex 131.217 -2.4 94.4964
    endloop
  endfacet
  facet normal 0 -1 0
    outer loop
      vertex 131.458 -2.4 93.8232
      vertex 131.217 -2.4 94.4964
      vertex 131.191 -2.4 94.4873
    endloop
  endfacet
  facet normal 0 -1 0
    outer loop
      vertex 131.537 -2.4 94.786
      vertex 132.183 -2.4 94.4806
      vertex 132.208 -2.4 94.5377
    endloop
  endfacet
  facet normal 0 -1 0
    outer loop
      vertex 131.397 -2.4 93.8036
      vertex 131.191 -2.4 94.4873
      vertex 131.163 -2.4 94.4798
    endloop
  endfacet
  facet normal 0 -1 0
    outer loop
      vertex 131.306 -2.4 93.7795
      vertex 131.163 -2.4 94.4798
      vertex 131.136 -2.4 94.4738
    endloop
  endfacet
  facet normal 0 -1 0
    outer loop
      vertex 131.245 -2.4 93.7675
      vertex 131.136 -2.4 94.4738
      vertex 131.109 -2.4 94.4693
    endloop
  endfacet
  facet normal 0 -1 0
    outer loop
      vertex 131.152 -2.4 93.7547
      vertex 131.109 -2.4 94.4693
      vertex 131.082 -2.4 94.4663
    endloop
  endfacet
  facet normal 0 -1 0
    outer loop
      vertex 131.152 -2.4 93.7547
      vertex 131.082 -2.4 94.4663
      vertex 131.054 -2.4 94.464
    endloop
  endfacet
  facet normal 0 -1 0
    outer loop
      vertex 131.089 -2.4 93.7502
      vertex 131.054 -2.4 94.464
      vertex 131.027 -2.4 94.4633
    endloop
  endfacet
  facet normal 0 -1 -0
    outer loop
      vertex 130.69 -2.4 94.5746
      vertex 130.265 -2.4 94.0007
      vertex 130.713 -2.4 94.5581
    endloop
  endfacet
  facet normal 0 -1 0
    outer loop
      vertex 131.537 -2.4 94.786
      vertex 132.154 -2.4 94.4249
      vertex 132.183 -2.4 94.4806
    endloop
  endfacet
  facet normal 0 -1 0
    outer loop
      vertex 130.29 -2.4 93.9819
      vertex 130.713 -2.4 94.5581
      vertex 130.265 -2.4 94.0007
    endloop
  endfacet
  facet normal 0 -1 0
    outer loop
      vertex 131.524 -2.4 94.7611
      vertex 132.139 -2.4 94.3971
      vertex 132.154 -2.4 94.4249
    endloop
  endfacet
  facet normal 0 -1 0
    outer loop
      vertex 130.343 -2.4 93.9473
      vertex 130.713 -2.4 94.5581
      vertex 130.29 -2.4 93.9819
    endloop
  endfacet
  facet normal 0 -1 0
    outer loop
      vertex 131.51 -2.4 94.7371
      vertex 132.123 -2.4 94.37
      vertex 132.139 -2.4 94.3971
    endloop
  endfacet
  facet normal 0 -1 -0
    outer loop
      vertex 130.713 -2.4 94.5581
      vertex 130.343 -2.4 93.9473
      vertex 130.736 -2.4 94.5437
    endloop
  endfacet
  facet normal 0 -1 0
    outer loop
      vertex 131.51 -2.4 94.7371
      vertex 132.107 -2.4 94.3437
      vertex 132.123 -2.4 94.37
    endloop
  endfacet
  facet normal 0 -1 0
    outer loop
      vertex 130.369 -2.4 93.9307
      vertex 130.736 -2.4 94.5437
      vertex 130.343 -2.4 93.9473
    endloop
  endfacet
  facet normal 0 -1 0
    outer loop
      vertex 130.396 -2.4 93.9149
      vertex 130.736 -2.4 94.5437
      vertex 130.369 -2.4 93.9307
    endloop
  endfacet
  facet normal 0 -1 0
    outer loop
      vertex 131.479 -2.4 94.6912
      vertex 132.053 -2.4 94.2654
      vertex 132.072 -2.4 94.291
    endloop
  endfacet
  facet normal 0 -1 0
    outer loop
      vertex 131.496 -2.4 94.7138
      vertex 132.072 -2.4 94.291
      vertex 132.107 -2.4 94.3437
    endloop
  endfacet
  facet normal 0 -1 -0
    outer loop
      vertex 130.736 -2.4 94.5437
      vertex 130.396 -2.4 93.9149
      vertex 130.76 -2.4 94.5302
    endloop
  endfacet
  facet normal 0 -1 0
    outer loop
      vertex 130.424 -2.4 93.8999
      vertex 130.76 -2.4 94.5302
      vertex 130.396 -2.4 93.9149
    endloop
  endfacet
  facet normal 0 -1 0
    outer loop
      vertex 131.463 -2.4 94.6694
      vertex 132.015 -2.4 94.2165
      vertex 132.035 -2.4 94.2406
    endloop
  endfacet
  facet normal 0 -1 0
    outer loop
      vertex 131.479 -2.4 94.6912
      vertex 132.035 -2.4 94.2406
      vertex 132.053 -2.4 94.2654
    endloop
  endfacet
  facet normal 0 -1 -0
    outer loop
      vertex 130.76 -2.4 94.5302
      vertex 130.424 -2.4 93.8999
      vertex 130.785 -2.4 94.5174
    endloop
  endfacet
  facet normal 0 -1 0
    outer loop
      vertex 130.48 -2.4 93.8713
      vertex 130.785 -2.4 94.5174
      vertex 130.424 -2.4 93.8999
    endloop
  endfacet
  facet normal 0 -1 0
    outer loop
      vertex 131.445 -2.4 94.6483
      vertex 131.931 -2.4 94.1233
      vertex 131.974 -2.4 94.1684
    endloop
  endfacet
  facet normal 0 -1 0
    outer loop
      vertex 131.445 -2.4 94.6483
      vertex 131.974 -2.4 94.1684
      vertex 132.015 -2.4 94.2165
    endloop
  endfacet
  facet normal 0 -1 -0
    outer loop
      vertex 130.785 -2.4 94.5174
      vertex 130.48 -2.4 93.8713
      vertex 130.811 -2.4 94.5061
    endloop
  endfacet
  facet normal 0 -1 0
    outer loop
      vertex 130.537 -2.4 93.8457
      vertex 130.811 -2.4 94.5061
      vertex 130.48 -2.4 93.8713
    endloop
  endfacet
  facet normal 0 -1 0
    outer loop
      vertex 131.406 -2.4 94.6092
      vertex 131.837 -2.4 94.039
      vertex 131.886 -2.4 94.0797
    endloop
  endfacet
  facet normal 0 -1 0
    outer loop
      vertex 131.406 -2.4 94.6092
      vertex 131.886 -2.4 94.0797
      vertex 131.931 -2.4 94.1233
    endloop
  endfacet
  facet normal 0 -1 -0
    outer loop
      vertex 130.811 -2.4 94.5061
      vertex 130.537 -2.4 93.8457
      vertex 130.836 -2.4 94.4964
    endloop
  endfacet
  facet normal 0 -1 0
    outer loop
      vertex 131.385 -2.4 94.5911
      vertex 131.813 -2.4 94.0195
      vertex 131.837 -2.4 94.039
    endloop
  endfacet
  facet normal 0 -1 0
    outer loop
      vertex 130.596 -2.4 93.8232
      vertex 130.836 -2.4 94.4964
      vertex 130.537 -2.4 93.8457
    endloop
  endfacet
  facet normal 0 -1 0
    outer loop
      vertex 131.363 -2.4 94.5746
      vertex 131.789 -2.4 94.0007
      vertex 131.813 -2.4 94.0195
    endloop
  endfacet
  facet normal 0 -1 -0
    outer loop
      vertex 130.836 -2.4 94.4964
      vertex 130.596 -2.4 93.8232
      vertex 130.863 -2.4 94.4873
    endloop
  endfacet
  facet normal 0 -1 0
    outer loop
      vertex 130.656 -2.4 93.8036
      vertex 130.863 -2.4 94.4873
      vertex 130.596 -2.4 93.8232
    endloop
  endfacet
  facet normal 0 -1 0
    outer loop
      vertex 131.34 -2.4 94.5581
      vertex 131.71 -2.4 93.9473
      vertex 131.763 -2.4 93.9819
    endloop
  endfacet
  facet normal 0 -1 0
    outer loop
      vertex 131.34 -2.4 94.5581
      vertex 131.763 -2.4 93.9819
      vertex 131.789 -2.4 94.0007
    endloop
  endfacet
  facet normal 0 -1 -0
    outer loop
      vertex 130.863 -2.4 94.4873
      vertex 130.656 -2.4 93.8036
      vertex 130.89 -2.4 94.4798
    endloop
  endfacet
  facet normal 0 -1 0
    outer loop
      vertex 131.317 -2.4 94.5437
      vertex 131.684 -2.4 93.9307
      vertex 131.71 -2.4 93.9473
    endloop
  endfacet
  facet normal 0 -1 0
    outer loop
      vertex 130.716 -2.4 93.787
      vertex 130.89 -2.4 94.4798
      vertex 130.656 -2.4 93.8036
    endloop
  endfacet
  facet normal 0 -1 0
    outer loop
      vertex 131.317 -2.4 94.5437
      vertex 131.657 -2.4 93.9149
      vertex 131.684 -2.4 93.9307
    endloop
  endfacet
  facet normal 0 -1 0
    outer loop
      vertex 130.747 -2.4 93.7795
      vertex 130.89 -2.4 94.4798
      vertex 130.716 -2.4 93.787
    endloop
  endfacet
  facet normal 0 -1 0
    outer loop
      vertex 131.293 -2.4 94.5302
      vertex 131.629 -2.4 93.8999
      vertex 131.657 -2.4 93.9149
    endloop
  endfacet
  facet normal 0 -1 -0
    outer loop
      vertex 130.89 -2.4 94.4798
      vertex 130.747 -2.4 93.7795
      vertex 130.917 -2.4 94.4738
    endloop
  endfacet
  facet normal 0 -1 0
    outer loop
      vertex 131.268 -2.4 94.5174
      vertex 131.573 -2.4 93.8713
      vertex 131.629 -2.4 93.8999
    endloop
  endfacet
  facet normal 0 -1 0
    outer loop
      vertex 130.777 -2.4 93.7735
      vertex 130.917 -2.4 94.4738
      vertex 130.747 -2.4 93.7795
    endloop
  endfacet
  facet normal 0 -1 0
    outer loop
      vertex 131.242 -2.4 94.5061
      vertex 131.516 -2.4 93.8457
      vertex 131.573 -2.4 93.8713
    endloop
  endfacet
  facet normal 0 -1 0
    outer loop
      vertex 130.808 -2.4 93.7675
      vertex 130.917 -2.4 94.4738
      vertex 130.777 -2.4 93.7735
    endloop
  endfacet
  facet normal 0 -1 0
    outer loop
      vertex 131.217 -2.4 94.4964
      vertex 131.458 -2.4 93.8232
      vertex 131.516 -2.4 93.8457
    endloop
  endfacet
  facet normal 0 -1 -0
    outer loop
      vertex 130.917 -2.4 94.4738
      vertex 130.808 -2.4 93.7675
      vertex 130.944 -2.4 94.4693
    endloop
  endfacet
  facet normal 0 -1 0
    outer loop
      vertex 131.191 -2.4 94.4873
      vertex 131.397 -2.4 93.8036
      vertex 131.458 -2.4 93.8232
    endloop
  endfacet
  facet normal 0 -1 0
    outer loop
      vertex 130.839 -2.4 93.7622
      vertex 130.944 -2.4 94.4693
      vertex 130.808 -2.4 93.7675
    endloop
  endfacet
  facet normal 0 -1 0
    outer loop
      vertex 131.163 -2.4 94.4798
      vertex 131.337 -2.4 93.787
      vertex 131.397 -2.4 93.8036
    endloop
  endfacet
  facet normal 0 -1 0
    outer loop
      vertex 130.901 -2.4 93.7547
      vertex 130.944 -2.4 94.4693
      vertex 130.839 -2.4 93.7622
    endloop
  endfacet
  facet normal 0 -1 -0
    outer loop
      vertex 130.944 -2.4 94.4693
      vertex 130.901 -2.4 93.7547
      vertex 130.971 -2.4 94.4663
    endloop
  endfacet
  facet normal 0 -1 0
    outer loop
      vertex 131.136 -2.4 94.4738
      vertex 131.276 -2.4 93.7735
      vertex 131.306 -2.4 93.7795
    endloop
  endfacet
  facet normal 0 -1 0
    outer loop
      vertex 131.163 -2.4 94.4798
      vertex 131.306 -2.4 93.7795
      vertex 131.337 -2.4 93.787
    endloop
  endfacet
  facet normal 0 -1 -0
    outer loop
      vertex 130.971 -2.4 94.4663
      vertex 130.901 -2.4 93.7547
      vertex 130.999 -2.4 94.464
    endloop
  endfacet
  facet normal 0 -1 0
    outer loop
      vertex 131.136 -2.4 94.4738
      vertex 131.245 -2.4 93.7675
      vertex 131.276 -2.4 93.7735
    endloop
  endfacet
  facet normal 0 -1 0
    outer loop
      vertex 130.964 -2.4 93.7502
      vertex 130.999 -2.4 94.464
      vertex 130.901 -2.4 93.7547
    endloop
  endfacet
  facet normal 0 -1 0
    outer loop
      vertex 131.109 -2.4 94.4693
      vertex 131.214 -2.4 93.7622
      vertex 131.245 -2.4 93.7675
    endloop
  endfacet
  facet normal 0 -1 -0
    outer loop
      vertex 130.999 -2.4 94.464
      vertex 130.964 -2.4 93.7502
      vertex 131.027 -2.4 94.4633
    endloop
  endfacet
  facet normal 0 -1 0
    outer loop
      vertex 131.109 -2.4 94.4693
      vertex 131.152 -2.4 93.7547
      vertex 131.214 -2.4 93.7622
    endloop
  endfacet
  facet normal 0 -1 0
    outer loop
      vertex 131.027 -2.4 93.7487
      vertex 131.027 -2.4 94.4633
      vertex 130.964 -2.4 93.7502
    endloop
  endfacet
  facet normal 0 -1 0
    outer loop
      vertex 131.054 -2.4 94.464
      vertex 131.089 -2.4 93.7502
      vertex 131.152 -2.4 93.7547
    endloop
  endfacet
  facet normal 0 -1 0
    outer loop
      vertex 131.027 -2.4 94.4633
      vertex 131.027 -2.4 93.7487
      vertex 131.089 -2.4 93.7502
    endloop
  endfacet
  facet normal 0 -1 0
    outer loop
      vertex 112.372 -2.4 96.908
      vertex 113.876 -2.4 98.4124
      vertex 112.372 -2.4 98.4124
    endloop
  endfacet
  facet normal 0 -1 -0
    outer loop
      vertex 113.876 -2.4 98.4124
      vertex 112.372 -2.4 96.908
      vertex 113.876 -2.4 96.908
    endloop
  endfacet
  facet normal 0 -1 0
    outer loop
      vertex 123.805 -2.4 96.908
      vertex 125.31 -2.4 98.4124
      vertex 123.805 -2.4 98.4124
    endloop
  endfacet
  facet normal 0 -1 -0
    outer loop
      vertex 125.31 -2.4 98.4124
      vertex 123.805 -2.4 96.908
      vertex 125.31 -2.4 96.908
    endloop
  endfacet
  facet normal 1 -0 0
    outer loop
      vertex 10 0 65.6
      vertex 10 10 63.2
      vertex 10 10 65.6
    endloop
  endfacet
  facet normal 1 0 0
    outer loop
      vertex 10 10 63.2
      vertex 10 0 65.6
      vertex 10 0 63.2
    endloop
  endfacet
  facet normal 0 0 1
    outer loop
      vertex 1.6 10 65.6
      vertex 0 10 65.6
      vertex 1.6 3.5 65.6
    endloop
  endfacet
  facet normal 0 0 1
    outer loop
      vertex 5.4 3.5 65.6
      vertex 10 10 65.6
      vertex 5.4 10 65.6
    endloop
  endfacet
  facet normal 0 0 1
    outer loop
      vertex 10 10 65.6
      vertex 5.4 3.5 65.6
      vertex 10 0 65.6
    endloop
  endfacet
  facet normal -0 0 1
    outer loop
      vertex 5.38375 3.252 65.6
      vertex 10 0 65.6
      vertex 5.4 3.5 65.6
    endloop
  endfacet
  facet normal -0 0 1
    outer loop
      vertex 5.33526 3.00824 65.6
      vertex 10 0 65.6
      vertex 5.38375 3.252 65.6
    endloop
  endfacet
  facet normal -0 0 1
    outer loop
      vertex 5.25537 2.7729 65.6
      vertex 10 0 65.6
      vertex 5.33526 3.00824 65.6
    endloop
  endfacet
  facet normal -0 0 1
    outer loop
      vertex 5.14545 2.55 65.6
      vertex 10 0 65.6
      vertex 5.25537 2.7729 65.6
    endloop
  endfacet
  facet normal -0 0 1
    outer loop
      vertex 5.00737 2.34335 65.6
      vertex 10 0 65.6
      vertex 5.14545 2.55 65.6
    endloop
  endfacet
  facet normal -0 0 1
    outer loop
      vertex 4.8435 2.1565 65.6
      vertex 10 0 65.6
      vertex 5.00737 2.34335 65.6
    endloop
  endfacet
  facet normal -0 0 1
    outer loop
      vertex 4.65665 1.99263 65.6
      vertex 10 0 65.6
      vertex 4.8435 2.1565 65.6
    endloop
  endfacet
  facet normal -0 0 1
    outer loop
      vertex 4.45 1.85455 65.6
      vertex 10 0 65.6
      vertex 4.65665 1.99263 65.6
    endloop
  endfacet
  facet normal -0 0 1
    outer loop
      vertex 4.2271 1.74463 65.6
      vertex 10 0 65.6
      vertex 4.45 1.85455 65.6
    endloop
  endfacet
  facet normal -0 0 1
    outer loop
      vertex 3.99176 1.66474 65.6
      vertex 10 0 65.6
      vertex 4.2271 1.74463 65.6
    endloop
  endfacet
  facet normal -0 0 1
    outer loop
      vertex 3.748 1.61625 65.6
      vertex 10 0 65.6
      vertex 3.99176 1.66474 65.6
    endloop
  endfacet
  facet normal 0 0 1
    outer loop
      vertex 0 0 65.6
      vertex 3.748 1.61625 65.6
      vertex 3.5 1.6 65.6
    endloop
  endfacet
  facet normal 0 0 1
    outer loop
      vertex 0 0 65.6
      vertex 3.5 1.6 65.6
      vertex 3.252 1.61625 65.6
    endloop
  endfacet
  facet normal 0 0 1
    outer loop
      vertex 0 0 65.6
      vertex 3.252 1.61625 65.6
      vertex 3.00824 1.66474 65.6
    endloop
  endfacet
  facet normal 0 0 1
    outer loop
      vertex 0 0 65.6
      vertex 1.6 3.5 65.6
      vertex 0 10 65.6
    endloop
  endfacet
  facet normal 0 0 1
    outer loop
      vertex 1.6 3.5 65.6
      vertex 0 0 65.6
      vertex 1.61625 3.252 65.6
    endloop
  endfacet
  facet normal 0 0 1
    outer loop
      vertex 3.748 1.61625 65.6
      vertex 0 0 65.6
      vertex 10 0 65.6
    endloop
  endfacet
  facet normal 0 0 1
    outer loop
      vertex 2.7729 1.74463 65.6
      vertex 0 0 65.6
      vertex 3.00824 1.66474 65.6
    endloop
  endfacet
  facet normal 0 0 1
    outer loop
      vertex 2.55 1.85455 65.6
      vertex 0 0 65.6
      vertex 2.7729 1.74463 65.6
    endloop
  endfacet
  facet normal 0 0 1
    outer loop
      vertex 2.34335 1.99263 65.6
      vertex 0 0 65.6
      vertex 2.55 1.85455 65.6
    endloop
  endfacet
  facet normal 0 0 1
    outer loop
      vertex 2.1565 2.1565 65.6
      vertex 0 0 65.6
      vertex 2.34335 1.99263 65.6
    endloop
  endfacet
  facet normal 0 0 1
    outer loop
      vertex 1.99263 2.34335 65.6
      vertex 0 0 65.6
      vertex 2.1565 2.1565 65.6
    endloop
  endfacet
  facet normal 0 0 1
    outer loop
      vertex 1.85455 2.55 65.6
      vertex 0 0 65.6
      vertex 1.99263 2.34335 65.6
    endloop
  endfacet
  facet normal 0 0 1
    outer loop
      vertex 1.74463 2.7729 65.6
      vertex 0 0 65.6
      vertex 1.85455 2.55 65.6
    endloop
  endfacet
  facet normal 0 0 1
    outer loop
      vertex 1.66474 3.00824 65.6
      vertex 0 0 65.6
      vertex 1.74463 2.7729 65.6
    endloop
  endfacet
  facet normal 0 0 1
    outer loop
      vertex 1.61625 3.252 65.6
      vertex 0 0 65.6
      vertex 1.66474 3.00824 65.6
    endloop
  endfacet
  facet normal 0 0 -1
    outer loop
      vertex 150 -2.4 63.2
      vertex 148.4 3.5 63.2
      vertex 150 10 63.2
    endloop
  endfacet
  facet normal 0 0 -1
    outer loop
      vertex 150 -2.4 63.2
      vertex 148.384 3.252 63.2
      vertex 148.4 3.5 63.2
    endloop
  endfacet
  facet normal 0 0 -1
    outer loop
      vertex 150 -2.4 63.2
      vertex 148.335 3.00824 63.2
      vertex 148.384 3.252 63.2
    endloop
  endfacet
  facet normal 0 0 -1
    outer loop
      vertex 150 -2.4 63.2
      vertex 148.255 2.7729 63.2
      vertex 148.335 3.00824 63.2
    endloop
  endfacet
  facet normal 0 0 -1
    outer loop
      vertex 150 -2.4 63.2
      vertex 148.145 2.55 63.2
      vertex 148.255 2.7729 63.2
    endloop
  endfacet
  facet normal 0 0 -1
    outer loop
      vertex 150 -2.4 63.2
      vertex 148.007 2.34335 63.2
      vertex 148.145 2.55 63.2
    endloop
  endfacet
  facet normal 0 0 -1
    outer loop
      vertex 150 -2.4 63.2
      vertex 147.844 2.1565 63.2
      vertex 148.007 2.34335 63.2
    endloop
  endfacet
  facet normal 0 0 -1
    outer loop
      vertex 150 -2.4 63.2
      vertex 147.657 1.99263 63.2
      vertex 147.844 2.1565 63.2
    endloop
  endfacet
  facet normal 0 0 -1
    outer loop
      vertex 150 -2.4 63.2
      vertex 147.45 1.85455 63.2
      vertex 147.657 1.99263 63.2
    endloop
  endfacet
  facet normal 0 0 -1
    outer loop
      vertex 150 -2.4 63.2
      vertex 147.227 1.74463 63.2
      vertex 147.45 1.85455 63.2
    endloop
  endfacet
  facet normal 0 0 -1
    outer loop
      vertex 150 -2.4 63.2
      vertex 146.992 1.66474 63.2
      vertex 147.227 1.74463 63.2
    endloop
  endfacet
  facet normal 0 0 -1
    outer loop
      vertex 150 -2.4 63.2
      vertex 146.748 1.61625 63.2
      vertex 146.992 1.66474 63.2
    endloop
  endfacet
  facet normal 0 0 -1
    outer loop
      vertex 150 -2.4 63.2
      vertex 146.5 1.6 63.2
      vertex 146.748 1.61625 63.2
    endloop
  endfacet
  facet normal 0 0 -1
    outer loop
      vertex 150 -2.4 63.2
      vertex 146.252 1.61625 63.2
      vertex 146.5 1.6 63.2
    endloop
  endfacet
  facet normal 0 0 -1
    outer loop
      vertex 150 -2.4 63.2
      vertex 146.008 1.66474 63.2
      vertex 146.252 1.61625 63.2
    endloop
  endfacet
  facet normal 0 0 -1
    outer loop
      vertex 140 0 63.2
      vertex 146.008 1.66474 63.2
      vertex 150 -2.4 63.2
    endloop
  endfacet
  facet normal -0 0 -1
    outer loop
      vertex 146.008 1.66474 63.2
      vertex 140 0 63.2
      vertex 145.773 1.74463 63.2
    endloop
  endfacet
  facet normal -0 0 -1
    outer loop
      vertex 145.773 1.74463 63.2
      vertex 140 0 63.2
      vertex 145.55 1.85455 63.2
    endloop
  endfacet
  facet normal -0 0 -1
    outer loop
      vertex 145.55 1.85455 63.2
      vertex 140 0 63.2
      vertex 145.343 1.99263 63.2
    endloop
  endfacet
  facet normal 0 0 -1
    outer loop
      vertex 140 10 63.2
      vertex 144.6 3.5 63.2
      vertex 140 0 63.2
    endloop
  endfacet
  facet normal -0 0 -1
    outer loop
      vertex 144.616 3.252 63.2
      vertex 140 0 63.2
      vertex 144.6 3.5 63.2
    endloop
  endfacet
  facet normal -0 0 -1
    outer loop
      vertex 144.665 3.00824 63.2
      vertex 140 0 63.2
      vertex 144.616 3.252 63.2
    endloop
  endfacet
  facet normal -0 0 -1
    outer loop
      vertex 144.745 2.7729 63.2
      vertex 140 0 63.2
      vertex 144.665 3.00824 63.2
    endloop
  endfacet
  facet normal -0 0 -1
    outer loop
      vertex 144.855 2.55 63.2
      vertex 140 0 63.2
      vertex 144.745 2.7729 63.2
    endloop
  endfacet
  facet normal -0 0 -1
    outer loop
      vertex 144.993 2.34335 63.2
      vertex 140 0 63.2
      vertex 144.855 2.55 63.2
    endloop
  endfacet
  facet normal -0 0 -1
    outer loop
      vertex 145.156 2.1565 63.2
      vertex 140 0 63.2
      vertex 144.993 2.34335 63.2
    endloop
  endfacet
  facet normal -0 0 -1
    outer loop
      vertex 145.343 1.99263 63.2
      vertex 140 0 63.2
      vertex 145.156 2.1565 63.2
    endloop
  endfacet
  facet normal 0 0 -1
    outer loop
      vertex 150 -2.4 63.2
      vertex 10 0 63.2
      vertex 140 0 63.2
    endloop
  endfacet
  facet normal 0 0 -1
    outer loop
      vertex 10 0 63.2
      vertex 5.4 3.5 63.2
      vertex 10 10 63.2
    endloop
  endfacet
  facet normal 0 0 -1
    outer loop
      vertex 10 0 63.2
      vertex 5.38375 3.252 63.2
      vertex 5.4 3.5 63.2
    endloop
  endfacet
  facet normal 0 0 -1
    outer loop
      vertex 10 0 63.2
      vertex 5.33526 3.00824 63.2
      vertex 5.38375 3.252 63.2
    endloop
  endfacet
  facet normal 0 0 -1
    outer loop
      vertex 10 0 63.2
      vertex 5.25537 2.7729 63.2
      vertex 5.33526 3.00824 63.2
    endloop
  endfacet
  facet normal 0 0 -1
    outer loop
      vertex 10 0 63.2
      vertex 5.14545 2.55 63.2
      vertex 5.25537 2.7729 63.2
    endloop
  endfacet
  facet normal 0 0 -1
    outer loop
      vertex 10 0 63.2
      vertex 5.00737 2.34335 63.2
      vertex 5.14545 2.55 63.2
    endloop
  endfacet
  facet normal 0 0 -1
    outer loop
      vertex 10 0 63.2
      vertex 4.8435 2.1565 63.2
      vertex 5.00737 2.34335 63.2
    endloop
  endfacet
  facet normal 0 0 -1
    outer loop
      vertex 10 0 63.2
      vertex 4.65665 1.99263 63.2
      vertex 4.8435 2.1565 63.2
    endloop
  endfacet
  facet normal 0 0 -1
    outer loop
      vertex 10 0 63.2
      vertex 4.45 1.85455 63.2
      vertex 4.65665 1.99263 63.2
    endloop
  endfacet
  facet normal 0 0 -1
    outer loop
      vertex 10 0 63.2
      vertex 4.2271 1.74463 63.2
      vertex 4.45 1.85455 63.2
    endloop
  endfacet
  facet normal 0 0 -1
    outer loop
      vertex 10 0 63.2
      vertex 3.99176 1.66474 63.2
      vertex 4.2271 1.74463 63.2
    endloop
  endfacet
  facet normal 0 0 -1
    outer loop
      vertex 0 -2.4 63.2
      vertex 3.99176 1.66474 63.2
      vertex 10 0 63.2
    endloop
  endfacet
  facet normal 0 0 -1
    outer loop
      vertex 3.99176 1.66474 63.2
      vertex 0 -2.4 63.2
      vertex 3.748 1.61625 63.2
    endloop
  endfacet
  facet normal 0 0 -1
    outer loop
      vertex 3.748 1.61625 63.2
      vertex 0 -2.4 63.2
      vertex 3.5 1.6 63.2
    endloop
  endfacet
  facet normal -0 0 -1
    outer loop
      vertex 3.5 1.6 63.2
      vertex 0 -2.4 63.2
      vertex 3.252 1.61625 63.2
    endloop
  endfacet
  facet normal 0 0 -1
    outer loop
      vertex 0 -2.4 63.2
      vertex 10 0 63.2
      vertex 150 -2.4 63.2
    endloop
  endfacet
  facet normal -0 0 -1
    outer loop
      vertex 3.252 1.61625 63.2
      vertex 0 -2.4 63.2
      vertex 3.00824 1.66474 63.2
    endloop
  endfacet
  facet normal 0 0 -1
    outer loop
      vertex 0 -2.4 63.2
      vertex 2.7729 1.74463 63.2
      vertex 3.00824 1.66474 63.2
    endloop
  endfacet
  facet normal 0 0 -1
    outer loop
      vertex 0 -2.4 63.2
      vertex 2.55 1.85455 63.2
      vertex 2.7729 1.74463 63.2
    endloop
  endfacet
  facet normal 0 0 -1
    outer loop
      vertex 0 -2.4 63.2
      vertex 2.34335 1.99263 63.2
      vertex 2.55 1.85455 63.2
    endloop
  endfacet
  facet normal 0 0 -1
    outer loop
      vertex 0 -2.4 63.2
      vertex 2.1565 2.1565 63.2
      vertex 2.34335 1.99263 63.2
    endloop
  endfacet
  facet normal 0 0 -1
    outer loop
      vertex 0 -2.4 63.2
      vertex 1.99263 2.34335 63.2
      vertex 2.1565 2.1565 63.2
    endloop
  endfacet
  facet normal 0 0 -1
    outer loop
      vertex 0 -2.4 63.2
      vertex 1.85455 2.55 63.2
      vertex 1.99263 2.34335 63.2
    endloop
  endfacet
  facet normal 0 0 -1
    outer loop
      vertex 0 -2.4 63.2
      vertex 1.74463 2.7729 63.2
      vertex 1.85455 2.55 63.2
    endloop
  endfacet
  facet normal 0 0 -1
    outer loop
      vertex 0 -2.4 63.2
      vertex 1.66474 3.00824 63.2
      vertex 1.74463 2.7729 63.2
    endloop
  endfacet
  facet normal 0 0 -1
    outer loop
      vertex 0 -2.4 63.2
      vertex 1.61625 3.252 63.2
      vertex 1.66474 3.00824 63.2
    endloop
  endfacet
  facet normal 0 0 -1
    outer loop
      vertex 0 -2.4 63.2
      vertex 1.6 3.5 63.2
      vertex 1.61625 3.252 63.2
    endloop
  endfacet
  facet normal 0 0 -1
    outer loop
      vertex 0 10 63.2
      vertex 1.6 3.5 63.2
      vertex 0 -2.4 63.2
    endloop
  endfacet
  facet normal 0 0 -1
    outer loop
      vertex 1.6 3.5 63.2
      vertex 0 10 63.2
      vertex 1.6 10 63.2
    endloop
  endfacet
  facet normal -0 0 -1
    outer loop
      vertex 150 10 63.2
      vertex 148.4 3.5 63.2
      vertex 148.4 10 63.2
    endloop
  endfacet
  facet normal 0 0 -1
    outer loop
      vertex 144.6 3.5 63.2
      vertex 140 10 63.2
      vertex 144.6 10 63.2
    endloop
  endfacet
  facet normal -0 0 -1
    outer loop
      vertex 10 10 63.2
      vertex 5.4 3.5 63.2
      vertex 5.4 10 63.2
    endloop
  endfacet
  facet normal 0 1 -0
    outer loop
      vertex 1.6 10 63.2
      vertex 0 10 65.6
      vertex 1.6 10 65.6
    endloop
  endfacet
  facet normal 0 1 0
    outer loop
      vertex 0 10 65.6
      vertex 1.6 10 63.2
      vertex 0 10 63.2
    endloop
  endfacet
  facet normal 0 1 -0
    outer loop
      vertex 10 10 63.2
      vertex 5.4 10 65.6
      vertex 10 10 65.6
    endloop
  endfacet
  facet normal 0 1 0
    outer loop
      vertex 5.4 10 65.6
      vertex 10 10 63.2
      vertex 5.4 10 63.2
    endloop
  endfacet
  facet normal 1 0 0
    outer loop
      vertex 150 10 107.2
      vertex 150 0 104.8
      vertex 150 10 104.8
    endloop
  endfacet
  facet normal 1 0 0
    outer loop
      vertex 150 0 104.8
      vertex 150 -2.4 107.2
      vertex 150 0 65.6
    endloop
  endfacet
  facet normal 1 -0 0
    outer loop
      vertex 150 -2.4 107.2
      vertex 150 0 104.8
      vertex 150 10 107.2
    endloop
  endfacet
  facet normal 1 -0 0
    outer loop
      vertex 150 0 65.6
      vertex 150 10 63.2
      vertex 150 10 65.6
    endloop
  endfacet
  facet normal 1 0 0
    outer loop
      vertex 150 0 65.6
      vertex 150 -2.4 63.2
      vertex 150 10 63.2
    endloop
  endfacet
  facet normal 1 0 0
    outer loop
      vertex 150 -2.4 63.2
      vertex 150 0 65.6
      vertex 150 -2.4 107.2
    endloop
  endfacet
  facet normal 0 0 -1
    outer loop
      vertex 148.185 3.72189 104.8
      vertex 150 0 104.8
      vertex 148.2 3.5 104.8
    endloop
  endfacet
  facet normal 0 0 -1
    outer loop
      vertex 150 0 104.8
      vertex 148.185 3.2781 104.8
      vertex 148.2 3.5 104.8
    endloop
  endfacet
  facet normal 0 0 -1
    outer loop
      vertex 150 0 104.8
      vertex 148.142 3.06001 104.8
      vertex 148.185 3.2781 104.8
    endloop
  endfacet
  facet normal 0 0 -1
    outer loop
      vertex 150 0 104.8
      vertex 148.071 2.84944 104.8
      vertex 148.142 3.06001 104.8
    endloop
  endfacet
  facet normal 0 0 -1
    outer loop
      vertex 150 0 104.8
      vertex 147.972 2.65 104.8
      vertex 148.071 2.84944 104.8
    endloop
  endfacet
  facet normal 0 0 -1
    outer loop
      vertex 150 0 104.8
      vertex 147.849 2.46511 104.8
      vertex 147.972 2.65 104.8
    endloop
  endfacet
  facet normal 0 0 -1
    outer loop
      vertex 150 0 104.8
      vertex 147.702 2.29792 104.8
      vertex 147.849 2.46511 104.8
    endloop
  endfacet
  facet normal 0 0 -1
    outer loop
      vertex 150 0 104.8
      vertex 147.535 2.1513 104.8
      vertex 147.702 2.29792 104.8
    endloop
  endfacet
  facet normal 0 0 -1
    outer loop
      vertex 150 0 104.8
      vertex 147.35 2.02776 104.8
      vertex 147.535 2.1513 104.8
    endloop
  endfacet
  facet normal 0 0 -1
    outer loop
      vertex 150 0 104.8
      vertex 147.151 1.9294 104.8
      vertex 147.35 2.02776 104.8
    endloop
  endfacet
  facet normal 0 0 -1
    outer loop
      vertex 150 0 104.8
      vertex 146.94 1.85793 104.8
      vertex 147.151 1.9294 104.8
    endloop
  endfacet
  facet normal 0 0 -1
    outer loop
      vertex 150 0 104.8
      vertex 146.722 1.81454 104.8
      vertex 146.94 1.85793 104.8
    endloop
  endfacet
  facet normal 0 0 -1
    outer loop
      vertex 150 0 104.8
      vertex 146.5 1.8 104.8
      vertex 146.722 1.81454 104.8
    endloop
  endfacet
  facet normal 0 0 -1
    outer loop
      vertex 150 0 104.8
      vertex 146.278 1.81454 104.8
      vertex 146.5 1.8 104.8
    endloop
  endfacet
  facet normal 0 0 -1
    outer loop
      vertex 140 0 104.8
      vertex 146.278 1.81454 104.8
      vertex 150 0 104.8
    endloop
  endfacet
  facet normal -0 0 -1
    outer loop
      vertex 146.278 1.81454 104.8
      vertex 140 0 104.8
      vertex 146.06 1.85793 104.8
    endloop
  endfacet
  facet normal -0 0 -1
    outer loop
      vertex 144.815 3.2781 104.8
      vertex 140 0 104.8
      vertex 144.8 3.5 104.8
    endloop
  endfacet
  facet normal -0 0 -1
    outer loop
      vertex 144.858 3.06001 104.8
      vertex 140 0 104.8
      vertex 144.815 3.2781 104.8
    endloop
  endfacet
  facet normal -0 0 -1
    outer loop
      vertex 144.929 2.84944 104.8
      vertex 140 0 104.8
      vertex 144.858 3.06001 104.8
    endloop
  endfacet
  facet normal -0 0 -1
    outer loop
      vertex 145.028 2.65 104.8
      vertex 140 0 104.8
      vertex 144.929 2.84944 104.8
    endloop
  endfacet
  facet normal -0 0 -1
    outer loop
      vertex 145.151 2.46511 104.8
      vertex 140 0 104.8
      vertex 145.028 2.65 104.8
    endloop
  endfacet
  facet normal -0 0 -1
    outer loop
      vertex 145.298 2.29792 104.8
      vertex 140 0 104.8
      vertex 145.151 2.46511 104.8
    endloop
  endfacet
  facet normal -0 0 -1
    outer loop
      vertex 145.465 2.1513 104.8
      vertex 140 0 104.8
      vertex 145.298 2.29792 104.8
    endloop
  endfacet
  facet normal -0 0 -1
    outer loop
      vertex 145.65 2.02776 104.8
      vertex 140 0 104.8
      vertex 145.465 2.1513 104.8
    endloop
  endfacet
  facet normal -0 0 -1
    outer loop
      vertex 145.849 1.9294 104.8
      vertex 140 0 104.8
      vertex 145.65 2.02776 104.8
    endloop
  endfacet
  facet normal -0 0 -1
    outer loop
      vertex 146.06 1.85793 104.8
      vertex 140 0 104.8
      vertex 145.849 1.9294 104.8
    endloop
  endfacet
  facet normal 0 0 -1
    outer loop
      vertex 150 0 104.8
      vertex 148.185 3.72189 104.8
      vertex 150 10 104.8
    endloop
  endfacet
  facet normal 0 0 -1
    outer loop
      vertex 148.142 3.93999 104.8
      vertex 150 10 104.8
      vertex 148.185 3.72189 104.8
    endloop
  endfacet
  facet normal 0 0 -1
    outer loop
      vertex 148.071 4.15056 104.8
      vertex 150 10 104.8
      vertex 148.142 3.93999 104.8
    endloop
  endfacet
  facet normal 0 0 -1
    outer loop
      vertex 147.972 4.35 104.8
      vertex 150 10 104.8
      vertex 148.071 4.15056 104.8
    endloop
  endfacet
  facet normal 0 0 -1
    outer loop
      vertex 147.849 4.53489 104.8
      vertex 150 10 104.8
      vertex 147.972 4.35 104.8
    endloop
  endfacet
  facet normal 0 0 -1
    outer loop
      vertex 147.702 4.70208 104.8
      vertex 150 10 104.8
      vertex 147.849 4.53489 104.8
    endloop
  endfacet
  facet normal 0 0 -1
    outer loop
      vertex 147.535 4.8487 104.8
      vertex 150 10 104.8
      vertex 147.702 4.70208 104.8
    endloop
  endfacet
  facet normal 0 0 -1
    outer loop
      vertex 147.35 4.97224 104.8
      vertex 150 10 104.8
      vertex 147.535 4.8487 104.8
    endloop
  endfacet
  facet normal 0 0 -1
    outer loop
      vertex 147.151 5.07059 104.8
      vertex 150 10 104.8
      vertex 147.35 4.97224 104.8
    endloop
  endfacet
  facet normal 0 0 -1
    outer loop
      vertex 146.94 5.14207 104.8
      vertex 150 10 104.8
      vertex 147.151 5.07059 104.8
    endloop
  endfacet
  facet normal 0 0 -1
    outer loop
      vertex 146.722 5.18546 104.8
      vertex 150 10 104.8
      vertex 146.94 5.14207 104.8
    endloop
  endfacet
  facet normal 0 0 -1
    outer loop
      vertex 146.5 5.2 104.8
      vertex 150 10 104.8
      vertex 146.722 5.18546 104.8
    endloop
  endfacet
  facet normal 0 0 -1
    outer loop
      vertex 146.278 5.18546 104.8
      vertex 150 10 104.8
      vertex 146.5 5.2 104.8
    endloop
  endfacet
  facet normal 0 0 -1
    outer loop
      vertex 146.06 5.14207 104.8
      vertex 150 10 104.8
      vertex 146.278 5.18546 104.8
    endloop
  endfacet
  facet normal 0 0 -1
    outer loop
      vertex 140 10 104.8
      vertex 146.06 5.14207 104.8
      vertex 145.849 5.07059 104.8
    endloop
  endfacet
  facet normal 0 0 -1
    outer loop
      vertex 140 10 104.8
      vertex 145.849 5.07059 104.8
      vertex 145.65 4.97224 104.8
    endloop
  endfacet
  facet normal 0 0 -1
    outer loop
      vertex 140 10 104.8
      vertex 145.65 4.97224 104.8
      vertex 145.465 4.8487 104.8
    endloop
  endfacet
  facet normal 0 0 -1
    outer loop
      vertex 140 10 104.8
      vertex 145.465 4.8487 104.8
      vertex 145.298 4.70208 104.8
    endloop
  endfacet
  facet normal 0 0 -1
    outer loop
      vertex 140 0 104.8
      vertex 144.815 3.72189 104.8
      vertex 144.8 3.5 104.8
    endloop
  endfacet
  facet normal 0 0 -1
    outer loop
      vertex 140 0 104.8
      vertex 144.858 3.93999 104.8
      vertex 144.815 3.72189 104.8
    endloop
  endfacet
  facet normal 0 0 -1
    outer loop
      vertex 140 10 104.8
      vertex 144.858 3.93999 104.8
      vertex 140 0 104.8
    endloop
  endfacet
  facet normal 0 0 -1
    outer loop
      vertex 144.858 3.93999 104.8
      vertex 140 10 104.8
      vertex 144.929 4.15056 104.8
    endloop
  endfacet
  facet normal 0 0 -1
    outer loop
      vertex 144.929 4.15056 104.8
      vertex 140 10 104.8
      vertex 145.028 4.35 104.8
    endloop
  endfacet
  facet normal 0 0 -1
    outer loop
      vertex 145.028 4.35 104.8
      vertex 140 10 104.8
      vertex 145.151 4.53489 104.8
    endloop
  endfacet
  facet normal 0 0 -1
    outer loop
      vertex 145.151 4.53489 104.8
      vertex 140 10 104.8
      vertex 145.298 4.70208 104.8
    endloop
  endfacet
  facet normal 0 0 -1
    outer loop
      vertex 146.06 5.14207 104.8
      vertex 140 10 104.8
      vertex 150 10 104.8
    endloop
  endfacet
  facet normal -1 0 0
    outer loop
      vertex 140 0 104.8
      vertex 140 10 107.2
      vertex 140 10 104.8
    endloop
  endfacet
  facet normal -1 -0 0
    outer loop
      vertex 140 10 107.2
      vertex 140 0 104.8
      vertex 140 0 107.2
    endloop
  endfacet
  facet normal 0 1 -0
    outer loop
      vertex 150 10 104.8
      vertex 140 10 107.2
      vertex 150 10 107.2
    endloop
  endfacet
  facet normal 0 1 0
    outer loop
      vertex 140 10 107.2
      vertex 150 10 104.8
      vertex 140 10 104.8
    endloop
  endfacet
  facet normal 0 0 1
    outer loop
      vertex 144.6 10 65.6
      vertex 140 10 65.6
      vertex 144.6 3.5 65.6
    endloop
  endfacet
  facet normal 0 0 1
    outer loop
      vertex 148.4 3.5 65.6
      vertex 150 10 65.6
      vertex 148.4 10 65.6
    endloop
  endfacet
  facet normal 0 0 1
    outer loop
      vertex 150 10 65.6
      vertex 148.4 3.5 65.6
      vertex 150 0 65.6
    endloop
  endfacet
  facet normal -0 0 1
    outer loop
      vertex 148.384 3.252 65.6
      vertex 150 0 65.6
      vertex 148.4 3.5 65.6
    endloop
  endfacet
  facet normal -0 0 1
    outer loop
      vertex 148.335 3.00824 65.6
      vertex 150 0 65.6
      vertex 148.384 3.252 65.6
    endloop
  endfacet
  facet normal -0 0 1
    outer loop
      vertex 148.255 2.7729 65.6
      vertex 150 0 65.6
      vertex 148.335 3.00824 65.6
    endloop
  endfacet
  facet normal -0 0 1
    outer loop
      vertex 148.145 2.55 65.6
      vertex 150 0 65.6
      vertex 148.255 2.7729 65.6
    endloop
  endfacet
  facet normal -0 0 1
    outer loop
      vertex 148.007 2.34335 65.6
      vertex 150 0 65.6
      vertex 148.145 2.55 65.6
    endloop
  endfacet
  facet normal -0 0 1
    outer loop
      vertex 147.844 2.1565 65.6
      vertex 150 0 65.6
      vertex 148.007 2.34335 65.6
    endloop
  endfacet
  facet normal -0 0 1
    outer loop
      vertex 147.657 1.99263 65.6
      vertex 150 0 65.6
      vertex 147.844 2.1565 65.6
    endloop
  endfacet
  facet normal -0 0 1
    outer loop
      vertex 147.45 1.85455 65.6
      vertex 150 0 65.6
      vertex 147.657 1.99263 65.6
    endloop
  endfacet
  facet normal -0 0 1
    outer loop
      vertex 147.227 1.74463 65.6
      vertex 150 0 65.6
      vertex 147.45 1.85455 65.6
    endloop
  endfacet
  facet normal -0 0 1
    outer loop
      vertex 146.992 1.66474 65.6
      vertex 150 0 65.6
      vertex 147.227 1.74463 65.6
    endloop
  endfacet
  facet normal -0 0 1
    outer loop
      vertex 146.748 1.61625 65.6
      vertex 150 0 65.6
      vertex 146.992 1.66474 65.6
    endloop
  endfacet
  facet normal -0 0 1
    outer loop
      vertex 146.5 1.6 65.6
      vertex 150 0 65.6
      vertex 146.748 1.61625 65.6
    endloop
  endfacet
  facet normal 0 0 1
    outer loop
      vertex 146.252 1.61625 65.6
      vertex 150 0 65.6
      vertex 146.5 1.6 65.6
    endloop
  endfacet
  facet normal 0 0 1
    outer loop
      vertex 140 0 65.6
      vertex 146.252 1.61625 65.6
      vertex 146.008 1.66474 65.6
    endloop
  endfacet
  facet normal 0 0 1
    outer loop
      vertex 140 0 65.6
      vertex 146.008 1.66474 65.6
      vertex 145.773 1.74463 65.6
    endloop
  endfacet
  facet normal 0 0 1
    outer loop
      vertex 140 0 65.6
      vertex 144.6 3.5 65.6
      vertex 140 10 65.6
    endloop
  endfacet
  facet normal 0 0 1
    outer loop
      vertex 144.6 3.5 65.6
      vertex 140 0 65.6
      vertex 144.616 3.252 65.6
    endloop
  endfacet
  facet normal 0 0 1
    outer loop
      vertex 144.616 3.252 65.6
      vertex 140 0 65.6
      vertex 144.665 3.00824 65.6
    endloop
  endfacet
  facet normal 0 0 1
    outer loop
      vertex 144.665 3.00824 65.6
      vertex 140 0 65.6
      vertex 144.745 2.7729 65.6
    endloop
  endfacet
  facet normal 0 0 1
    outer loop
      vertex 146.252 1.61625 65.6
      vertex 140 0 65.6
      vertex 150 0 65.6
    endloop
  endfacet
  facet normal 0 0 1
    outer loop
      vertex 145.55 1.85455 65.6
      vertex 140 0 65.6
      vertex 145.773 1.74463 65.6
    endloop
  endfacet
  facet normal 0 0 1
    outer loop
      vertex 145.343 1.99263 65.6
      vertex 140 0 65.6
      vertex 145.55 1.85455 65.6
    endloop
  endfacet
  facet normal 0 0 1
    outer loop
      vertex 145.156 2.1565 65.6
      vertex 140 0 65.6
      vertex 145.343 1.99263 65.6
    endloop
  endfacet
  facet normal 0 0 1
    outer loop
      vertex 144.993 2.34335 65.6
      vertex 140 0 65.6
      vertex 145.156 2.1565 65.6
    endloop
  endfacet
  facet normal 0 0 1
    outer loop
      vertex 144.855 2.55 65.6
      vertex 140 0 65.6
      vertex 144.993 2.34335 65.6
    endloop
  endfacet
  facet normal 0 0 1
    outer loop
      vertex 144.745 2.7729 65.6
      vertex 140 0 65.6
      vertex 144.855 2.55 65.6
    endloop
  endfacet
  facet normal -1 0 0
    outer loop
      vertex 140 0 63.2
      vertex 140 10 65.6
      vertex 140 10 63.2
    endloop
  endfacet
  facet normal -1 -0 0
    outer loop
      vertex 140 10 65.6
      vertex 140 0 63.2
      vertex 140 0 65.6
    endloop
  endfacet
  facet normal 0 1 -0
    outer loop
      vertex 144.6 10 63.2
      vertex 140 10 65.6
      vertex 144.6 10 65.6
    endloop
  endfacet
  facet normal 0 1 0
    outer loop
      vertex 140 10 65.6
      vertex 144.6 10 63.2
      vertex 140 10 63.2
    endloop
  endfacet
  facet normal 0 1 -0
    outer loop
      vertex 150 10 63.2
      vertex 148.4 10 65.6
      vertex 150 10 65.6
    endloop
  endfacet
  facet normal 0 1 0
    outer loop
      vertex 148.4 10 65.6
      vertex 150 10 63.2
      vertex 148.4 10 63.2
    endloop
  endfacet
  facet normal 0.980786 0 -0.195087
    outer loop
      vertex 62.9059 -3.29 78.7642
      vertex 62.6252 -2.4 77.353
      vertex 62.9059 -2.4 78.7642
    endloop
  endfacet
  facet normal 0.980786 0 -0.195087
    outer loop
      vertex 62.6252 -2.4 77.353
      vertex 62.9059 -3.29 78.7642
      vertex 62.6252 -3.29 77.353
    endloop
  endfacet
  facet normal 0.555566 0 -0.831472
    outer loop
      vertex 57.5 -3.29 70.6737
      vertex 58.6964 -2.4 71.4731
      vertex 58.6964 -3.29 71.4731
    endloop
  endfacet
  facet normal 0.555566 0 -0.831472
    outer loop
      vertex 58.6964 -2.4 71.4731
      vertex 57.5 -3.29 70.6737
      vertex 57.5 -2.4 70.6737
    endloop
  endfacet
  facet normal 0.980786 -0 0.195087
    outer loop
      vertex 62.6252 -3.29 83.047
      vertex 62.9059 -2.4 81.6358
      vertex 62.6252 -2.4 83.047
    endloop
  endfacet
  facet normal 0.980786 0 0.195087
    outer loop
      vertex 62.9059 -2.4 81.6358
      vertex 62.6252 -3.29 83.047
      vertex 62.9059 -3.29 81.6358
    endloop
  endfacet
  facet normal 0.997859 -0 0.0653981
    outer loop
      vertex 62.9059 -3.29 81.6358
      vertex 63 -2.4 80.2
      vertex 62.9059 -2.4 81.6358
    endloop
  endfacet
  facet normal 0.997859 0 0.0653981
    outer loop
      vertex 63 -2.4 80.2
      vertex 62.9059 -3.29 81.6358
      vertex 63 -3.29 80.2
    endloop
  endfacet
  facet normal -0.195087 0 0.980786
    outer loop
      vertex 49.153 -2.4 90.8252
      vertex 50.5642 -3.29 91.1059
      vertex 50.5642 -2.4 91.1059
    endloop
  endfacet
  facet normal -0.195087 0 0.980786
    outer loop
      vertex 50.5642 -3.29 91.1059
      vertex 49.153 -2.4 90.8252
      vertex 49.153 -3.29 90.8252
    endloop
  endfacet
  facet normal 0.442286 0 -0.896874
    outer loop
      vertex 56.2095 -3.29 70.0373
      vertex 57.5 -2.4 70.6737
      vertex 57.5 -3.29 70.6737
    endloop
  endfacet
  facet normal 0.442286 0 -0.896874
    outer loop
      vertex 57.5 -2.4 70.6737
      vertex 56.2095 -3.29 70.0373
      vertex 56.2095 -2.4 70.0373
    endloop
  endfacet
  facet normal 0 -1 0
    outer loop
      vertex 52 -3.29 88.2
      vertex 52 -3.29 91.2
      vertex 50.5642 -3.29 91.1059
    endloop
  endfacet
  facet normal 0 -1 0
    outer loop
      vertex 50.9558 -3.29 88.1316
      vertex 50.5642 -3.29 91.1059
      vertex 49.153 -3.29 90.8252
    endloop
  endfacet
  facet normal 0 -1 0
    outer loop
      vertex 52 -3.29 91.2
      vertex 52 -3.29 88.2
      vertex 53.4358 -3.29 91.1059
    endloop
  endfacet
  facet normal 0 -1 0
    outer loop
      vertex 49.9294 -3.29 87.9274
      vertex 49.153 -3.29 90.8252
      vertex 47.7905 -3.29 90.3627
    endloop
  endfacet
  facet normal 0 -1 0
    outer loop
      vertex 53.0442 -3.29 88.1316
      vertex 53.4358 -3.29 91.1059
      vertex 52 -3.29 88.2
    endloop
  endfacet
  facet normal 0 -1 0
    outer loop
      vertex 48.3806 -3.29 87.3159
      vertex 47.7905 -3.29 90.3627
      vertex 46.5 -3.29 89.7263
    endloop
  endfacet
  facet normal 0 -1 -0
    outer loop
      vertex 53.4358 -3.29 91.1059
      vertex 53.0442 -3.29 88.1316
      vertex 54.847 -3.29 90.8252
    endloop
  endfacet
  facet normal 0 -1 0
    outer loop
      vertex 47.7396 -3.29 86.9542
      vertex 46.5 -3.29 89.7263
      vertex 45.3036 -3.29 88.9269
    endloop
  endfacet
  facet normal 0 -1 0
    outer loop
      vertex 54.0706 -3.29 87.9274
      vertex 54.847 -3.29 90.8252
      vertex 53.0442 -3.29 88.1316
    endloop
  endfacet
  facet normal 0 -1 -0
    outer loop
      vertex 54.847 -3.29 90.8252
      vertex 54.0706 -3.29 87.9274
      vertex 56.2095 -3.29 90.3627
    endloop
  endfacet
  facet normal 0 -1 0
    outer loop
      vertex 50.5642 -3.29 91.1059
      vertex 50.9558 -3.29 88.1316
      vertex 52 -3.29 88.2
    endloop
  endfacet
  facet normal 0 -1 0
    outer loop
      vertex 47.1299 -3.29 86.5468
      vertex 45.3036 -3.29 88.9269
      vertex 44.2218 -3.29 87.9782
    endloop
  endfacet
  facet normal 0 -1 0
    outer loop
      vertex 49.153 -3.29 90.8252
      vertex 49.9294 -3.29 87.9274
      vertex 50.9558 -3.29 88.1316
    endloop
  endfacet
  facet normal 0 -1 0
    outer loop
      vertex 47.7905 -3.29 90.3627
      vertex 48.9385 -3.29 87.591
      vertex 49.9294 -3.29 87.9274
    endloop
  endfacet
  facet normal 0 -1 0
    outer loop
      vertex 47.7905 -3.29 90.3627
      vertex 48.3806 -3.29 87.3159
      vertex 48.9385 -3.29 87.591
    endloop
  endfacet
  facet normal 0 -1 0
    outer loop
      vertex 46.5 -3.29 89.7263
      vertex 48 -3.29 87.1282
      vertex 48.3806 -3.29 87.3159
    endloop
  endfacet
  facet normal 0 -1 0
    outer loop
      vertex 46.5 -3.29 89.7263
      vertex 47.7396 -3.29 86.9542
      vertex 48 -3.29 87.1282
    endloop
  endfacet
  facet normal 0 -1 0
    outer loop
      vertex 46.3431 -3.29 85.8569
      vertex 44.2218 -3.29 87.9782
      vertex 43.2731 -3.29 86.8964
    endloop
  endfacet
  facet normal 0 -1 0
    outer loop
      vertex 45.3036 -3.29 88.9269
      vertex 47.1299 -3.29 86.5468
      vertex 47.7396 -3.29 86.9542
    endloop
  endfacet
  facet normal 0 -1 0
    outer loop
      vertex 44.2218 -3.29 87.9782
      vertex 46.3431 -3.29 85.8569
      vertex 47.1299 -3.29 86.5468
    endloop
  endfacet
  facet normal 0 -1 0
    outer loop
      vertex 45.6532 -3.29 85.0701
      vertex 43.2731 -3.29 86.8964
      vertex 42.4737 -3.29 85.7
    endloop
  endfacet
  facet normal 0 -1 0
    outer loop
      vertex 43.2731 -3.29 86.8964
      vertex 45.6532 -3.29 85.0701
      vertex 46.3431 -3.29 85.8569
    endloop
  endfacet
  facet normal 0 -1 0
    outer loop
      vertex 45.0718 -3.29 84.2
      vertex 42.4737 -3.29 85.7
      vertex 41.8373 -3.29 84.4095
    endloop
  endfacet
  facet normal 0 -1 0
    outer loop
      vertex 42.4737 -3.29 85.7
      vertex 45.0718 -3.29 84.2
      vertex 45.6532 -3.29 85.0701
    endloop
  endfacet
  facet normal 0 -1 0
    outer loop
      vertex 41.8373 -3.29 84.4095
      vertex 44.609 -3.29 83.2615
      vertex 45.0718 -3.29 84.2
    endloop
  endfacet
  facet normal 0 -1 0
    outer loop
      vertex 41.3748 -3.29 83.047
      vertex 44.609 -3.29 83.2615
      vertex 41.8373 -3.29 84.4095
    endloop
  endfacet
  facet normal 0 -1 0
    outer loop
      vertex 41.3748 -3.29 83.047
      vertex 44.2726 -3.29 82.2706
      vertex 44.609 -3.29 83.2615
    endloop
  endfacet
  facet normal 0 -1 0
    outer loop
      vertex 41.0941 -3.29 81.6358
      vertex 44.2726 -3.29 82.2706
      vertex 41.3748 -3.29 83.047
    endloop
  endfacet
  facet normal 0 -1 0
    outer loop
      vertex 41.0941 -3.29 81.6358
      vertex 44.0684 -3.29 81.2442
      vertex 44.2726 -3.29 82.2706
    endloop
  endfacet
  facet normal 0 -1 0
    outer loop
      vertex 41.0941 -3.29 81.6358
      vertex 44.0009 -3.29 80.2137
      vertex 44.0684 -3.29 81.2442
    endloop
  endfacet
  facet normal 0 -1 0
    outer loop
      vertex 41 -3.29 80.2
      vertex 44.0009 -3.29 80.2137
      vertex 41.0941 -3.29 81.6358
    endloop
  endfacet
  facet normal 0 -1 0
    outer loop
      vertex 41 -3.29 80.2
      vertex 44 -3.29 80.2
      vertex 44.0009 -3.29 80.2137
    endloop
  endfacet
  facet normal 0 -1 0
    outer loop
      vertex 41 -3.29 80.2
      vertex 44.0684 -3.29 79.1558
      vertex 44 -3.29 80.2
    endloop
  endfacet
  facet normal 0 -1 0
    outer loop
      vertex 41.0941 -3.29 78.7642
      vertex 44.0684 -3.29 79.1558
      vertex 41 -3.29 80.2
    endloop
  endfacet
  facet normal 0 -1 0
    outer loop
      vertex 41.0941 -3.29 78.7642
      vertex 44.2726 -3.29 78.1294
      vertex 44.0684 -3.29 79.1558
    endloop
  endfacet
  facet normal 0 -1 0
    outer loop
      vertex 41.3748 -3.29 77.353
      vertex 44.2726 -3.29 78.1294
      vertex 41.0941 -3.29 78.7642
    endloop
  endfacet
  facet normal 0 -1 0
    outer loop
      vertex 41.3748 -3.29 77.353
      vertex 44.609 -3.29 77.1385
      vertex 44.2726 -3.29 78.1294
    endloop
  endfacet
  facet normal 0 -1 0
    outer loop
      vertex 41.8373 -3.29 75.9905
      vertex 44.609 -3.29 77.1385
      vertex 41.3748 -3.29 77.353
    endloop
  endfacet
  facet normal 0 -1 -0
    outer loop
      vertex 44.609 -3.29 77.1385
      vertex 41.8373 -3.29 75.9905
      vertex 45.0718 -3.29 76.2
    endloop
  endfacet
  facet normal 0 -1 0
    outer loop
      vertex 42.4737 -3.29 74.7
      vertex 45.0718 -3.29 76.2
      vertex 41.8373 -3.29 75.9905
    endloop
  endfacet
  facet normal 0 -1 -0
    outer loop
      vertex 45.0718 -3.29 76.2
      vertex 42.4737 -3.29 74.7
      vertex 45.6532 -3.29 75.3299
    endloop
  endfacet
  facet normal 0 -1 0
    outer loop
      vertex 43.2731 -3.29 73.5036
      vertex 45.6532 -3.29 75.3299
      vertex 42.4737 -3.29 74.7
    endloop
  endfacet
  facet normal 0 -1 -0
    outer loop
      vertex 45.6532 -3.29 75.3299
      vertex 43.2731 -3.29 73.5036
      vertex 46.3431 -3.29 74.5431
    endloop
  endfacet
  facet normal 0 -1 0
    outer loop
      vertex 44.2218 -3.29 72.4218
      vertex 46.3431 -3.29 74.5431
      vertex 43.2731 -3.29 73.5036
    endloop
  endfacet
  facet normal 0 -1 -0
    outer loop
      vertex 46.3431 -3.29 74.5431
      vertex 44.2218 -3.29 72.4218
      vertex 47.1299 -3.29 73.8532
    endloop
  endfacet
  facet normal 0 -1 0
    outer loop
      vertex 45.3036 -3.29 71.4731
      vertex 47.1299 -3.29 73.8532
      vertex 44.2218 -3.29 72.4218
    endloop
  endfacet
  facet normal 0 -1 -0
    outer loop
      vertex 47.1299 -3.29 73.8532
      vertex 45.3036 -3.29 71.4731
      vertex 48 -3.29 73.2718
    endloop
  endfacet
  facet normal 0 -1 0
    outer loop
      vertex 46.5 -3.29 70.6737
      vertex 48 -3.29 73.2718
      vertex 45.3036 -3.29 71.4731
    endloop
  endfacet
  facet normal 0 -1 -0
    outer loop
      vertex 48 -3.29 73.2718
      vertex 46.5 -3.29 70.6737
      vertex 48.9385 -3.29 72.809
    endloop
  endfacet
  facet normal 0 -1 0
    outer loop
      vertex 47.7905 -3.29 70.0373
      vertex 48.9385 -3.29 72.809
      vertex 46.5 -3.29 70.6737
    endloop
  endfacet
  facet normal 0 -1 -0
    outer loop
      vertex 48.9385 -3.29 72.809
      vertex 47.7905 -3.29 70.0373
      vertex 49.9294 -3.29 72.4726
    endloop
  endfacet
  facet normal 0 -1 0
    outer loop
      vertex 55.0615 -3.29 87.591
      vertex 56.2095 -3.29 90.3627
      vertex 54.0706 -3.29 87.9274
    endloop
  endfacet
  facet normal 0 -1 -0
    outer loop
      vertex 56.2095 -3.29 90.3627
      vertex 55.0615 -3.29 87.591
      vertex 57.5 -3.29 89.7263
    endloop
  endfacet
  facet normal 0 -1 0
    outer loop
      vertex 56 -3.29 87.1282
      vertex 57.5 -3.29 89.7263
      vertex 55.0615 -3.29 87.591
    endloop
  endfacet
  facet normal 0 -1 -0
    outer loop
      vertex 57.5 -3.29 89.7263
      vertex 56 -3.29 87.1282
      vertex 58.6964 -3.29 88.9269
    endloop
  endfacet
  facet normal 0 -1 0
    outer loop
      vertex 56.8701 -3.29 86.5468
      vertex 58.6964 -3.29 88.9269
      vertex 56 -3.29 87.1282
    endloop
  endfacet
  facet normal 0 -1 -0
    outer loop
      vertex 58.6964 -3.29 88.9269
      vertex 56.8701 -3.29 86.5468
      vertex 59.7782 -3.29 87.9782
    endloop
  endfacet
  facet normal 0 -1 0
    outer loop
      vertex 57.6569 -3.29 85.8569
      vertex 59.7782 -3.29 87.9782
      vertex 56.8701 -3.29 86.5468
    endloop
  endfacet
  facet normal 0 -1 0
    outer loop
      vertex 57.7948 -3.29 85.6995
      vertex 59.7782 -3.29 87.9782
      vertex 57.6569 -3.29 85.8569
    endloop
  endfacet
  facet normal 0 -1 -0
    outer loop
      vertex 59.7782 -3.29 87.9782
      vertex 57.7948 -3.29 85.6995
      vertex 60.7269 -3.29 86.8964
    endloop
  endfacet
  facet normal 0 -1 0
    outer loop
      vertex 58.3468 -3.29 85.0701
      vertex 60.7269 -3.29 86.8964
      vertex 57.7948 -3.29 85.6995
    endloop
  endfacet
  facet normal 0 -1 0
    outer loop
      vertex 58.8119 -3.29 84.374
      vertex 60.7269 -3.29 86.8964
      vertex 58.3468 -3.29 85.0701
    endloop
  endfacet
  facet normal 0 -1 -0
    outer loop
      vertex 60.7269 -3.29 86.8964
      vertex 58.8119 -3.29 84.374
      vertex 61.5263 -3.29 85.7
    endloop
  endfacet
  facet normal 0 -1 0
    outer loop
      vertex 58.9282 -3.29 84.2
      vertex 61.5263 -3.29 85.7
      vertex 58.8119 -3.29 84.374
    endloop
  endfacet
  facet normal 0 -1 -0
    outer loop
      vertex 61.5263 -3.29 85.7
      vertex 58.9282 -3.29 84.2
      vertex 62.1627 -3.29 84.4095
    endloop
  endfacet
  facet normal 0 -1 0
    outer loop
      vertex 59.391 -3.29 83.2615
      vertex 62.1627 -3.29 84.4095
      vertex 58.9282 -3.29 84.2
    endloop
  endfacet
  facet normal 0 -1 0
    outer loop
      vertex 59.391 -3.29 83.2615
      vertex 62.6252 -3.29 83.047
      vertex 62.1627 -3.29 84.4095
    endloop
  endfacet
  facet normal 0 -1 0
    outer loop
      vertex 59.7274 -3.29 82.2706
      vertex 62.6252 -3.29 83.047
      vertex 59.391 -3.29 83.2615
    endloop
  endfacet
  facet normal 0 -1 0
    outer loop
      vertex 59.7274 -3.29 82.2706
      vertex 62.9059 -3.29 81.6358
      vertex 62.6252 -3.29 83.047
    endloop
  endfacet
  facet normal 0 -1 0
    outer loop
      vertex 59.9316 -3.29 81.2442
      vertex 62.9059 -3.29 81.6358
      vertex 59.7274 -3.29 82.2706
    endloop
  endfacet
  facet normal 0 -1 0
    outer loop
      vertex 60 -3.29 80.2
      vertex 62.9059 -3.29 81.6358
      vertex 59.9316 -3.29 81.2442
    endloop
  endfacet
  facet normal 0 -1 0
    outer loop
      vertex 60 -3.29 80.2
      vertex 63 -3.29 80.2
      vertex 62.9059 -3.29 81.6358
    endloop
  endfacet
  facet normal 0 -1 0
    outer loop
      vertex 59.9316 -3.29 79.1558
      vertex 63 -3.29 80.2
      vertex 60 -3.29 80.2
    endloop
  endfacet
  facet normal 0 -1 0
    outer loop
      vertex 59.9316 -3.29 79.1558
      vertex 62.9059 -3.29 78.7642
      vertex 63 -3.29 80.2
    endloop
  endfacet
  facet normal 0 -1 0
    outer loop
      vertex 59.7274 -3.29 78.1294
      vertex 62.9059 -3.29 78.7642
      vertex 59.9316 -3.29 79.1558
    endloop
  endfacet
  facet normal 0 -1 0
    outer loop
      vertex 59.7274 -3.29 78.1294
      vertex 62.6252 -3.29 77.353
      vertex 62.9059 -3.29 78.7642
    endloop
  endfacet
  facet normal 0 -1 0
    outer loop
      vertex 59.391 -3.29 77.1385
      vertex 62.6252 -3.29 77.353
      vertex 59.7274 -3.29 78.1294
    endloop
  endfacet
  facet normal 0 -1 0
    outer loop
      vertex 62.1627 -3.29 75.9905
      vertex 59.391 -3.29 77.1385
      vertex 58.9282 -3.29 76.2
    endloop
  endfacet
  facet normal 0 -1 0
    outer loop
      vertex 59.391 -3.29 77.1385
      vertex 62.1627 -3.29 75.9905
      vertex 62.6252 -3.29 77.353
    endloop
  endfacet
  facet normal 0 -1 0
    outer loop
      vertex 61.5263 -3.29 74.7
      vertex 58.9282 -3.29 76.2
      vertex 58.3468 -3.29 75.3299
    endloop
  endfacet
  facet normal 0 -1 0
    outer loop
      vertex 58.9282 -3.29 76.2
      vertex 61.5263 -3.29 74.7
      vertex 62.1627 -3.29 75.9905
    endloop
  endfacet
  facet normal 0 -1 0
    outer loop
      vertex 60.7269 -3.29 73.5036
      vertex 58.3468 -3.29 75.3299
      vertex 57.6569 -3.29 74.5431
    endloop
  endfacet
  facet normal 0 -1 0
    outer loop
      vertex 59.7782 -3.29 72.4218
      vertex 57.6569 -3.29 74.5431
      vertex 56.8701 -3.29 73.8532
    endloop
  endfacet
  facet normal 0 -1 0
    outer loop
      vertex 58.3468 -3.29 75.3299
      vertex 60.7269 -3.29 73.5036
      vertex 61.5263 -3.29 74.7
    endloop
  endfacet
  facet normal 0 -1 0
    outer loop
      vertex 58.6964 -3.29 71.4731
      vertex 56.8701 -3.29 73.8532
      vertex 56 -3.29 73.2718
    endloop
  endfacet
  facet normal 0 -1 0
    outer loop
      vertex 57.5 -3.29 70.6737
      vertex 56 -3.29 73.2718
      vertex 55.0615 -3.29 72.809
    endloop
  endfacet
  facet normal 0 -1 0
    outer loop
      vertex 56.2095 -3.29 70.0373
      vertex 55.0615 -3.29 72.809
      vertex 54.0706 -3.29 72.4726
    endloop
  endfacet
  facet normal 0 -1 0
    outer loop
      vertex 57.6569 -3.29 74.5431
      vertex 59.7782 -3.29 72.4218
      vertex 60.7269 -3.29 73.5036
    endloop
  endfacet
  facet normal 0 -1 0
    outer loop
      vertex 54.847 -3.29 69.5748
      vertex 54.0706 -3.29 72.4726
      vertex 53.0442 -3.29 72.2684
    endloop
  endfacet
  facet normal 0 -1 0
    outer loop
      vertex 53.4358 -3.29 69.2941
      vertex 53.0442 -3.29 72.2684
      vertex 52 -3.29 72.2
    endloop
  endfacet
  facet normal 0 -1 0
    outer loop
      vertex 49.153 -3.29 69.5748
      vertex 49.9294 -3.29 72.4726
      vertex 47.7905 -3.29 70.0373
    endloop
  endfacet
  facet normal 0 -1 0
    outer loop
      vertex 56.8701 -3.29 73.8532
      vertex 58.6964 -3.29 71.4731
      vertex 59.7782 -3.29 72.4218
    endloop
  endfacet
  facet normal 0 -1 -0
    outer loop
      vertex 49.9294 -3.29 72.4726
      vertex 49.153 -3.29 69.5748
      vertex 50.9558 -3.29 72.2684
    endloop
  endfacet
  facet normal 0 -1 0
    outer loop
      vertex 56 -3.29 73.2718
      vertex 57.5 -3.29 70.6737
      vertex 58.6964 -3.29 71.4731
    endloop
  endfacet
  facet normal 0 -1 0
    outer loop
      vertex 50.5642 -3.29 69.2941
      vertex 50.9558 -3.29 72.2684
      vertex 49.153 -3.29 69.5748
    endloop
  endfacet
  facet normal 0 -1 0
    outer loop
      vertex 55.0615 -3.29 72.809
      vertex 56.2095 -3.29 70.0373
      vertex 57.5 -3.29 70.6737
    endloop
  endfacet
  facet normal 0 -1 -0
    outer loop
      vertex 50.9558 -3.29 72.2684
      vertex 50.5642 -3.29 69.2941
      vertex 52 -3.29 72.2
    endloop
  endfacet
  facet normal 0 -1 0
    outer loop
      vertex 54.0706 -3.29 72.4726
      vertex 54.847 -3.29 69.5748
      vertex 56.2095 -3.29 70.0373
    endloop
  endfacet
  facet normal 0 -1 0
    outer loop
      vertex 52 -3.29 69.2
      vertex 52 -3.29 72.2
      vertex 50.5642 -3.29 69.2941
    endloop
  endfacet
  facet normal 0 -1 0
    outer loop
      vertex 53.0442 -3.29 72.2684
      vertex 53.4358 -3.29 69.2941
      vertex 54.847 -3.29 69.5748
    endloop
  endfacet
  facet normal 0 -1 0
    outer loop
      vertex 52 -3.29 72.2
      vertex 52 -3.29 69.2
      vertex 53.4358 -3.29 69.2941
    endloop
  endfacet
  facet normal 0.946931 0 -0.321435
    outer loop
      vertex 62.6252 -3.29 77.353
      vertex 62.1627 -2.4 75.9905
      vertex 62.6252 -2.4 77.353
    endloop
  endfacet
  facet normal 0.946931 0 -0.321435
    outer loop
      vertex 62.1627 -2.4 75.9905
      vertex 62.6252 -3.29 77.353
      vertex 62.1627 -3.29 75.9905
    endloop
  endfacet
  facet normal -0.831472 0 0.555566
    outer loop
      vertex 42.4737 -3.29 85.7
      vertex 43.2731 -2.4 86.8964
      vertex 42.4737 -2.4 85.7
    endloop
  endfacet
  facet normal -0.831472 0 0.555566
    outer loop
      vertex 43.2731 -2.4 86.8964
      vertex 42.4737 -3.29 85.7
      vertex 43.2731 -3.29 86.8964
    endloop
  endfacet
  facet normal -0.442286 0 0.896874
    outer loop
      vertex 46.5 -2.4 89.7263
      vertex 47.7905 -3.29 90.3627
      vertex 47.7905 -2.4 90.3627
    endloop
  endfacet
  facet normal -0.442286 0 0.896874
    outer loop
      vertex 47.7905 -3.29 90.3627
      vertex 46.5 -2.4 89.7263
      vertex 46.5 -3.29 89.7263
    endloop
  endfacet
  facet normal -0.555566 0 0.831472
    outer loop
      vertex 45.3036 -2.4 88.9269
      vertex 46.5 -3.29 89.7263
      vertex 46.5 -2.4 89.7263
    endloop
  endfacet
  facet normal -0.555566 0 0.831472
    outer loop
      vertex 46.5 -3.29 89.7263
      vertex 45.3036 -2.4 88.9269
      vertex 45.3036 -3.29 88.9269
    endloop
  endfacet
  facet normal -0.946931 0 -0.321435
    outer loop
      vertex 41.8373 -3.29 75.9905
      vertex 41.3748 -2.4 77.353
      vertex 41.8373 -2.4 75.9905
    endloop
  endfacet
  facet normal -0.946931 -0 -0.321435
    outer loop
      vertex 41.3748 -2.4 77.353
      vertex 41.8373 -3.29 75.9905
      vertex 41.3748 -3.29 77.353
    endloop
  endfacet
  facet normal 0.321435 0 -0.946931
    outer loop
      vertex 54.847 -3.29 69.5748
      vertex 56.2095 -2.4 70.0373
      vertex 56.2095 -3.29 70.0373
    endloop
  endfacet
  facet normal 0.321435 0 -0.946931
    outer loop
      vertex 56.2095 -2.4 70.0373
      vertex 54.847 -3.29 69.5748
      vertex 54.847 -2.4 69.5748
    endloop
  endfacet
  facet normal -0.321435 0 0.946931
    outer loop
      vertex 47.7905 -2.4 90.3627
      vertex 49.153 -3.29 90.8252
      vertex 49.153 -2.4 90.8252
    endloop
  endfacet
  facet normal -0.321435 0 0.946931
    outer loop
      vertex 49.153 -3.29 90.8252
      vertex 47.7905 -2.4 90.3627
      vertex 47.7905 -3.29 90.3627
    endloop
  endfacet
  facet normal 0.946931 -0 0.321435
    outer loop
      vertex 62.1627 -3.29 84.4095
      vertex 62.6252 -2.4 83.047
      vertex 62.1627 -2.4 84.4095
    endloop
  endfacet
  facet normal 0.946931 0 0.321435
    outer loop
      vertex 62.6252 -2.4 83.047
      vertex 62.1627 -3.29 84.4095
      vertex 62.6252 -3.29 83.047
    endloop
  endfacet
  facet normal -0.442286 0 -0.896874
    outer loop
      vertex 46.5 -3.29 70.6737
      vertex 47.7905 -2.4 70.0373
      vertex 47.7905 -3.29 70.0373
    endloop
  endfacet
  facet normal -0.442286 0 -0.896874
    outer loop
      vertex 47.7905 -2.4 70.0373
      vertex 46.5 -3.29 70.6737
      vertex 46.5 -2.4 70.6737
    endloop
  endfacet
  facet normal -0.997859 0 0.0653981
    outer loop
      vertex 41 -3.29 80.2
      vertex 41.0941 -2.4 81.6358
      vertex 41 -2.4 80.2
    endloop
  endfacet
  facet normal -0.997859 0 0.0653981
    outer loop
      vertex 41.0941 -2.4 81.6358
      vertex 41 -3.29 80.2
      vertex 41.0941 -3.29 81.6358
    endloop
  endfacet
  facet normal -0.946931 0 0.321435
    outer loop
      vertex 41.3748 -3.29 83.047
      vertex 41.8373 -2.4 84.4095
      vertex 41.3748 -2.4 83.047
    endloop
  endfacet
  facet normal -0.946931 0 0.321435
    outer loop
      vertex 41.8373 -2.4 84.4095
      vertex 41.3748 -3.29 83.047
      vertex 41.8373 -3.29 84.4095
    endloop
  endfacet
  facet normal 0.0653981 0 -0.997859
    outer loop
      vertex 52 -3.29 69.2
      vertex 53.4358 -2.4 69.2941
      vertex 53.4358 -3.29 69.2941
    endloop
  endfacet
  facet normal 0.0653981 0 -0.997859
    outer loop
      vertex 53.4358 -2.4 69.2941
      vertex 52 -3.29 69.2
      vertex 52 -2.4 69.2
    endloop
  endfacet
  facet normal 0.659341 0 -0.751844
    outer loop
      vertex 58.6964 -3.29 71.4731
      vertex 59.7782 -2.4 72.4218
      vertex 59.7782 -3.29 72.4218
    endloop
  endfacet
  facet normal 0.659341 0 -0.751844
    outer loop
      vertex 59.7782 -2.4 72.4218
      vertex 58.6964 -3.29 71.4731
      vertex 58.6964 -2.4 71.4731
    endloop
  endfacet
  facet normal 0.831472 -0 0.555566
    outer loop
      vertex 60.7269 -3.29 86.8964
      vertex 61.5263 -2.4 85.7
      vertex 60.7269 -2.4 86.8964
    endloop
  endfacet
  facet normal 0.831472 0 0.555566
    outer loop
      vertex 61.5263 -2.4 85.7
      vertex 60.7269 -3.29 86.8964
      vertex 61.5263 -3.29 85.7
    endloop
  endfacet
  facet normal 0.659341 0 0.751844
    outer loop
      vertex 58.6964 -2.4 88.9269
      vertex 59.7782 -3.29 87.9782
      vertex 59.7782 -2.4 87.9782
    endloop
  endfacet
  facet normal 0.659341 0 0.751844
    outer loop
      vertex 59.7782 -3.29 87.9782
      vertex 58.6964 -2.4 88.9269
      vertex 58.6964 -3.29 88.9269
    endloop
  endfacet
  facet normal 0.997859 0 -0.0653981
    outer loop
      vertex 63 -3.29 80.2
      vertex 62.9059 -2.4 78.7642
      vertex 63 -2.4 80.2
    endloop
  endfacet
  facet normal 0.997859 0 -0.0653981
    outer loop
      vertex 62.9059 -2.4 78.7642
      vertex 63 -3.29 80.2
      vertex 62.9059 -3.29 78.7642
    endloop
  endfacet
  facet normal 0.442286 0 0.896874
    outer loop
      vertex 56.2095 -2.4 90.3627
      vertex 57.5 -3.29 89.7263
      vertex 57.5 -2.4 89.7263
    endloop
  endfacet
  facet normal 0.442286 0 0.896874
    outer loop
      vertex 57.5 -3.29 89.7263
      vertex 56.2095 -2.4 90.3627
      vertex 56.2095 -3.29 90.3627
    endloop
  endfacet
  facet normal 0.751844 -0 0.659341
    outer loop
      vertex 59.7782 -3.29 87.9782
      vertex 60.7269 -2.4 86.8964
      vertex 59.7782 -2.4 87.9782
    endloop
  endfacet
  facet normal 0.751844 0 0.659341
    outer loop
      vertex 60.7269 -2.4 86.8964
      vertex 59.7782 -3.29 87.9782
      vertex 60.7269 -3.29 86.8964
    endloop
  endfacet
  facet normal 0.751844 0 -0.659341
    outer loop
      vertex 60.7269 -3.29 73.5036
      vertex 59.7782 -2.4 72.4218
      vertex 60.7269 -2.4 73.5036
    endloop
  endfacet
  facet normal 0.751844 0 -0.659341
    outer loop
      vertex 59.7782 -2.4 72.4218
      vertex 60.7269 -3.29 73.5036
      vertex 59.7782 -3.29 72.4218
    endloop
  endfacet
  facet normal -0.0653981 0 -0.997859
    outer loop
      vertex 50.5642 -3.29 69.2941
      vertex 52 -2.4 69.2
      vertex 52 -3.29 69.2
    endloop
  endfacet
  facet normal -0.0653981 0 -0.997859
    outer loop
      vertex 52 -2.4 69.2
      vertex 50.5642 -3.29 69.2941
      vertex 50.5642 -2.4 69.2941
    endloop
  endfacet
  facet normal -0.0653981 0 0.997859
    outer loop
      vertex 50.5642 -2.4 91.1059
      vertex 52 -3.29 91.2
      vertex 52 -2.4 91.2
    endloop
  endfacet
  facet normal -0.0653981 0 0.997859
    outer loop
      vertex 52 -3.29 91.2
      vertex 50.5642 -2.4 91.1059
      vertex 50.5642 -3.29 91.1059
    endloop
  endfacet
  facet normal -0.831472 0 -0.555566
    outer loop
      vertex 43.2731 -3.29 73.5036
      vertex 42.4737 -2.4 74.7
      vertex 43.2731 -2.4 73.5036
    endloop
  endfacet
  facet normal -0.831472 -0 -0.555566
    outer loop
      vertex 42.4737 -2.4 74.7
      vertex 43.2731 -3.29 73.5036
      vertex 42.4737 -3.29 74.7
    endloop
  endfacet
  facet normal 0.195087 0 0.980786
    outer loop
      vertex 53.4358 -2.4 91.1059
      vertex 54.847 -3.29 90.8252
      vertex 54.847 -2.4 90.8252
    endloop
  endfacet
  facet normal 0.195087 0 0.980786
    outer loop
      vertex 54.847 -3.29 90.8252
      vertex 53.4358 -2.4 91.1059
      vertex 53.4358 -3.29 91.1059
    endloop
  endfacet
  facet normal 0.195087 0 -0.980786
    outer loop
      vertex 53.4358 -3.29 69.2941
      vertex 54.847 -2.4 69.5748
      vertex 54.847 -3.29 69.5748
    endloop
  endfacet
  facet normal 0.195087 0 -0.980786
    outer loop
      vertex 54.847 -2.4 69.5748
      vertex 53.4358 -3.29 69.2941
      vertex 53.4358 -2.4 69.2941
    endloop
  endfacet
  facet normal -0.751844 0 0.659341
    outer loop
      vertex 43.2731 -3.29 86.8964
      vertex 44.2218 -2.4 87.9782
      vertex 43.2731 -2.4 86.8964
    endloop
  endfacet
  facet normal -0.751844 0 0.659341
    outer loop
      vertex 44.2218 -2.4 87.9782
      vertex 43.2731 -3.29 86.8964
      vertex 44.2218 -3.29 87.9782
    endloop
  endfacet
  facet normal 0.896874 0 -0.442286
    outer loop
      vertex 62.1627 -3.29 75.9905
      vertex 61.5263 -2.4 74.7
      vertex 62.1627 -2.4 75.9905
    endloop
  endfacet
  facet normal 0.896874 0 -0.442286
    outer loop
      vertex 61.5263 -2.4 74.7
      vertex 62.1627 -3.29 75.9905
      vertex 61.5263 -3.29 74.7
    endloop
  endfacet
  facet normal -0.896874 0 -0.442286
    outer loop
      vertex 42.4737 -3.29 74.7
      vertex 41.8373 -2.4 75.9905
      vertex 42.4737 -2.4 74.7
    endloop
  endfacet
  facet normal -0.896874 -0 -0.442286
    outer loop
      vertex 41.8373 -2.4 75.9905
      vertex 42.4737 -3.29 74.7
      vertex 41.8373 -3.29 75.9905
    endloop
  endfacet
  facet normal 0.555566 0 0.831472
    outer loop
      vertex 57.5 -2.4 89.7263
      vertex 58.6964 -3.29 88.9269
      vertex 58.6964 -2.4 88.9269
    endloop
  endfacet
  facet normal 0.555566 0 0.831472
    outer loop
      vertex 58.6964 -3.29 88.9269
      vertex 57.5 -2.4 89.7263
      vertex 57.5 -3.29 89.7263
    endloop
  endfacet
  facet normal 0.831472 0 -0.555566
    outer loop
      vertex 61.5263 -3.29 74.7
      vertex 60.7269 -2.4 73.5036
      vertex 61.5263 -2.4 74.7
    endloop
  endfacet
  facet normal 0.831472 0 -0.555566
    outer loop
      vertex 60.7269 -2.4 73.5036
      vertex 61.5263 -3.29 74.7
      vertex 60.7269 -3.29 73.5036
    endloop
  endfacet
  facet normal -0.751844 0 -0.659341
    outer loop
      vertex 44.2218 -3.29 72.4218
      vertex 43.2731 -2.4 73.5036
      vertex 44.2218 -2.4 72.4218
    endloop
  endfacet
  facet normal -0.751844 -0 -0.659341
    outer loop
      vertex 43.2731 -2.4 73.5036
      vertex 44.2218 -3.29 72.4218
      vertex 43.2731 -3.29 73.5036
    endloop
  endfacet
  facet normal -0.659341 0 0.751844
    outer loop
      vertex 44.2218 -2.4 87.9782
      vertex 45.3036 -3.29 88.9269
      vertex 45.3036 -2.4 88.9269
    endloop
  endfacet
  facet normal -0.659341 0 0.751844
    outer loop
      vertex 45.3036 -3.29 88.9269
      vertex 44.2218 -2.4 87.9782
      vertex 44.2218 -3.29 87.9782
    endloop
  endfacet
  facet normal 0.896874 -0 0.442286
    outer loop
      vertex 61.5263 -3.29 85.7
      vertex 62.1627 -2.4 84.4095
      vertex 61.5263 -2.4 85.7
    endloop
  endfacet
  facet normal 0.896874 0 0.442286
    outer loop
      vertex 62.1627 -2.4 84.4095
      vertex 61.5263 -3.29 85.7
      vertex 62.1627 -3.29 84.4095
    endloop
  endfacet
  facet normal 0.321435 0 0.946931
    outer loop
      vertex 54.847 -2.4 90.8252
      vertex 56.2095 -3.29 90.3627
      vertex 56.2095 -2.4 90.3627
    endloop
  endfacet
  facet normal 0.321435 0 0.946931
    outer loop
      vertex 56.2095 -3.29 90.3627
      vertex 54.847 -2.4 90.8252
      vertex 54.847 -3.29 90.8252
    endloop
  endfacet
  facet normal -0.980786 0 -0.195087
    outer loop
      vertex 41.3748 -3.29 77.353
      vertex 41.0941 -2.4 78.7642
      vertex 41.3748 -2.4 77.353
    endloop
  endfacet
  facet normal -0.980786 -0 -0.195087
    outer loop
      vertex 41.0941 -2.4 78.7642
      vertex 41.3748 -3.29 77.353
      vertex 41.0941 -3.29 78.7642
    endloop
  endfacet
  facet normal -0.980786 0 0.195087
    outer loop
      vertex 41.0941 -3.29 81.6358
      vertex 41.3748 -2.4 83.047
      vertex 41.0941 -2.4 81.6358
    endloop
  endfacet
  facet normal -0.980786 0 0.195087
    outer loop
      vertex 41.3748 -2.4 83.047
      vertex 41.0941 -3.29 81.6358
      vertex 41.3748 -3.29 83.047
    endloop
  endfacet
  facet normal -0.659341 0 -0.751844
    outer loop
      vertex 44.2218 -3.29 72.4218
      vertex 45.3036 -2.4 71.4731
      vertex 45.3036 -3.29 71.4731
    endloop
  endfacet
  facet normal -0.659341 0 -0.751844
    outer loop
      vertex 45.3036 -2.4 71.4731
      vertex 44.2218 -3.29 72.4218
      vertex 44.2218 -2.4 72.4218
    endloop
  endfacet
  facet normal -0.896874 0 0.442286
    outer loop
      vertex 41.8373 -3.29 84.4095
      vertex 42.4737 -2.4 85.7
      vertex 41.8373 -2.4 84.4095
    endloop
  endfacet
  facet normal -0.896874 0 0.442286
    outer loop
      vertex 42.4737 -2.4 85.7
      vertex 41.8373 -3.29 84.4095
      vertex 42.4737 -3.29 85.7
    endloop
  endfacet
  facet normal -0.321435 0 -0.946931
    outer loop
      vertex 47.7905 -3.29 70.0373
      vertex 49.153 -2.4 69.5748
      vertex 49.153 -3.29 69.5748
    endloop
  endfacet
  facet normal -0.321435 0 -0.946931
    outer loop
      vertex 49.153 -2.4 69.5748
      vertex 47.7905 -3.29 70.0373
      vertex 47.7905 -2.4 70.0373
    endloop
  endfacet
  facet normal -0.997859 0 -0.0653981
    outer loop
      vertex 41.0941 -3.29 78.7642
      vertex 41 -2.4 80.2
      vertex 41.0941 -2.4 78.7642
    endloop
  endfacet
  facet normal -0.997859 -0 -0.0653981
    outer loop
      vertex 41 -2.4 80.2
      vertex 41.0941 -3.29 78.7642
      vertex 41 -3.29 80.2
    endloop
  endfacet
  facet normal 0.0653981 0 0.997859
    outer loop
      vertex 52 -2.4 91.2
      vertex 53.4358 -3.29 91.1059
      vertex 53.4358 -2.4 91.1059
    endloop
  endfacet
  facet normal 0.0653981 0 0.997859
    outer loop
      vertex 53.4358 -3.29 91.1059
      vertex 52 -2.4 91.2
      vertex 52 -3.29 91.2
    endloop
  endfacet
  facet normal -0.195087 0 -0.980786
    outer loop
      vertex 49.153 -3.29 69.5748
      vertex 50.5642 -2.4 69.2941
      vertex 50.5642 -3.29 69.2941
    endloop
  endfacet
  facet normal -0.195087 0 -0.980786
    outer loop
      vertex 50.5642 -2.4 69.2941
      vertex 49.153 -3.29 69.5748
      vertex 49.153 -2.4 69.5748
    endloop
  endfacet
  facet normal -0.555566 0 -0.831472
    outer loop
      vertex 45.3036 -3.29 71.4731
      vertex 46.5 -2.4 70.6737
      vertex 46.5 -3.29 70.6737
    endloop
  endfacet
  facet normal -0.555566 0 -0.831472
    outer loop
      vertex 46.5 -2.4 70.6737
      vertex 45.3036 -3.29 71.4731
      vertex 45.3036 -2.4 71.4731
    endloop
  endfacet
  facet normal -0.980779 0 -0.195124
    outer loop
      vertex 59.9316 -3.29 81.2442
      vertex 59.7274 -2.4 82.2706
      vertex 59.9316 -2.4 81.2442
    endloop
  endfacet
  facet normal -0.980779 -0 -0.195124
    outer loop
      vertex 59.7274 -2.4 82.2706
      vertex 59.9316 -3.29 81.2442
      vertex 59.7274 -3.29 82.2706
    endloop
  endfacet
  facet normal -0.997861 0 -0.0653646
    outer loop
      vertex 60 -3.29 80.2
      vertex 59.9316 -2.4 81.2442
      vertex 60 -2.4 80.2
    endloop
  endfacet
  facet normal -0.997861 -0 -0.0653646
    outer loop
      vertex 59.9316 -2.4 81.2442
      vertex 60 -3.29 80.2
      vertex 59.9316 -3.29 81.2442
    endloop
  endfacet
  facet normal -0.94692 0 -0.321469
    outer loop
      vertex 59.7274 -3.29 82.2706
      vertex 59.391 -2.4 83.2615
      vertex 59.7274 -2.4 82.2706
    endloop
  endfacet
  facet normal -0.94692 -0 -0.321469
    outer loop
      vertex 59.391 -2.4 83.2615
      vertex 59.7274 -3.29 82.2706
      vertex 59.391 -3.29 83.2615
    endloop
  endfacet
  facet normal -0.442276 0 -0.896879
    outer loop
      vertex 55.0615 -3.29 87.591
      vertex 56 -2.4 87.1282
      vertex 56 -3.29 87.1282
    endloop
  endfacet
  facet normal -0.442276 0 -0.896879
    outer loop
      vertex 56 -2.4 87.1282
      vertex 55.0615 -3.29 87.591
      vertex 55.0615 -2.4 87.591
    endloop
  endfacet
  facet normal -0.896879 0 -0.442276
    outer loop
      vertex 59.391 -3.29 83.2615
      vertex 58.9282 -2.4 84.2
      vertex 59.391 -2.4 83.2615
    endloop
  endfacet
  facet normal -0.896879 -0 -0.442276
    outer loop
      vertex 58.9282 -2.4 84.2
      vertex 59.391 -3.29 83.2615
      vertex 58.9282 -3.29 84.2
    endloop
  endfacet
  facet normal 0.442305 0 -0.896864
    outer loop
      vertex 48 -3.29 87.1282
      vertex 48.3806 -2.4 87.3159
      vertex 48.3806 -3.29 87.3159
    endloop
  endfacet
  facet normal 0.442305 0 -0.896864
    outer loop
      vertex 48.3806 -2.4 87.3159
      vertex 48 -3.29 87.1282
      vertex 48 -2.4 87.1282
    endloop
  endfacet
  facet normal 0.195124 0 -0.980779
    outer loop
      vertex 49.9294 -3.29 87.9274
      vertex 50.9558 -2.4 88.1316
      vertex 50.9558 -3.29 88.1316
    endloop
  endfacet
  facet normal 0.195124 0 -0.980779
    outer loop
      vertex 50.9558 -2.4 88.1316
      vertex 49.9294 -3.29 87.9274
      vertex 49.9294 -2.4 87.9274
    endloop
  endfacet
  facet normal 0.555584 0 -0.83146
    outer loop
      vertex 47.7396 -3.29 86.9542
      vertex 48 -2.4 87.1282
      vertex 48 -3.29 87.1282
    endloop
  endfacet
  facet normal 0.555584 0 -0.83146
    outer loop
      vertex 48 -2.4 87.1282
      vertex 47.7396 -3.29 86.9542
      vertex 47.7396 -2.4 86.9542
    endloop
  endfacet
  facet normal -0.321469 0 -0.94692
    outer loop
      vertex 54.0706 -3.29 87.9274
      vertex 55.0615 -2.4 87.591
      vertex 55.0615 -3.29 87.591
    endloop
  endfacet
  facet normal -0.321469 0 -0.94692
    outer loop
      vertex 55.0615 -2.4 87.591
      vertex 54.0706 -3.29 87.9274
      vertex 54.0706 -2.4 87.9274
    endloop
  endfacet
  facet normal -0.555582 0 -0.831462
    outer loop
      vertex 56 -3.29 87.1282
      vertex 56.8701 -2.4 86.5468
      vertex 56.8701 -3.29 86.5468
    endloop
  endfacet
  facet normal -0.555582 0 -0.831462
    outer loop
      vertex 56.8701 -2.4 86.5468
      vertex 56 -3.29 87.1282
      vertex 56 -2.4 87.1282
    endloop
  endfacet
  facet normal -0.831388 0 -0.555692
    outer loop
      vertex 58.9282 -3.29 84.2
      vertex 58.8119 -2.4 84.374
      vertex 58.9282 -2.4 84.2
    endloop
  endfacet
  facet normal -0.831388 -0 -0.555692
    outer loop
      vertex 58.8119 -2.4 84.374
      vertex 58.9282 -3.29 84.2
      vertex 58.8119 -3.29 84.374
    endloop
  endfacet
  facet normal 0.0653646 0 -0.997861
    outer loop
      vertex 50.9558 -3.29 88.1316
      vertex 52 -2.4 88.2
      vertex 52 -3.29 88.2
    endloop
  endfacet
  facet normal 0.0653646 0 -0.997861
    outer loop
      vertex 52 -2.4 88.2
      vertex 50.9558 -3.29 88.1316
      vertex 50.9558 -2.4 88.1316
    endloop
  endfacet
  facet normal -0.752162 0 -0.658978
    outer loop
      vertex 57.7948 -3.29 85.6995
      vertex 57.6569 -2.4 85.8569
      vertex 57.7948 -2.4 85.6995
    endloop
  endfacet
  facet normal -0.752162 -0 -0.658978
    outer loop
      vertex 57.6569 -2.4 85.8569
      vertex 57.7948 -3.29 85.6995
      vertex 57.6569 -3.29 85.8569
    endloop
  endfacet
  facet normal -0.659289 0 -0.75189
    outer loop
      vertex 56.8701 -3.29 86.5468
      vertex 57.6569 -2.4 85.8569
      vertex 57.6569 -3.29 85.8569
    endloop
  endfacet
  facet normal -0.659289 0 -0.75189
    outer loop
      vertex 57.6569 -2.4 85.8569
      vertex 56.8701 -3.29 86.5468
      vertex 56.8701 -2.4 86.5468
    endloop
  endfacet
  facet normal -0.195124 0 -0.980779
    outer loop
      vertex 53.0442 -3.29 88.1316
      vertex 54.0706 -2.4 87.9274
      vertex 54.0706 -3.29 87.9274
    endloop
  endfacet
  facet normal -0.195124 0 -0.980779
    outer loop
      vertex 54.0706 -2.4 87.9274
      vertex 53.0442 -3.29 88.1316
      vertex 53.0442 -2.4 88.1316
    endloop
  endfacet
  facet normal -0.0653646 0 -0.997861
    outer loop
      vertex 52 -3.29 88.2
      vertex 53.0442 -2.4 88.1316
      vertex 53.0442 -3.29 88.1316
    endloop
  endfacet
  facet normal -0.0653646 0 -0.997861
    outer loop
      vertex 53.0442 -2.4 88.1316
      vertex 52 -3.29 88.2
      vertex 52 -2.4 88.2
    endloop
  endfacet
  facet normal 0.997849 0 -0.0655521
    outer loop
      vertex 44.0009 -3.29 80.2137
      vertex 44 -2.4 80.2
      vertex 44.0009 -2.4 80.2137
    endloop
  endfacet
  facet normal 0.997849 0 -0.0655521
    outer loop
      vertex 44 -2.4 80.2
      vertex 44.0009 -3.29 80.2137
      vertex 44 -3.29 80.2
    endloop
  endfacet
  facet normal 0 1 0
    outer loop
      vertex 10 0 63.2
      vertex 53.0442 0 72.2684
      vertex 140 0 63.2
    endloop
  endfacet
  facet normal 0 1 0
    outer loop
      vertex 53.0442 0 72.2684
      vertex 10 0 63.2
      vertex 10 0 65.6
    endloop
  endfacet
  facet normal 0 1 0
    outer loop
      vertex 140 0 65.6
      vertex 140 0 104.8
      vertex 150 0 104.8
    endloop
  endfacet
  facet normal 0 1 0
    outer loop
      vertex 140 0 104.8
      vertex 53.0442 0 88.1316
      vertex 10 0 104.8
    endloop
  endfacet
  facet normal -0 1 -0
    outer loop
      vertex 52 0 88.2
      vertex 10 0 104.8
      vertex 53.0442 0 88.1316
    endloop
  endfacet
  facet normal 0 1 -0
    outer loop
      vertex 50.9558 0 88.1316
      vertex 10 0 104.8
      vertex 52 0 88.2
    endloop
  endfacet
  facet normal 0 1 0
    outer loop
      vertex 140 0 104.8
      vertex 54.0706 0 87.9274
      vertex 53.0442 0 88.1316
    endloop
  endfacet
  facet normal 0 1 0
    outer loop
      vertex 140 0 104.8
      vertex 55.0615 0 87.591
      vertex 54.0706 0 87.9274
    endloop
  endfacet
  facet normal 0 1 0
    outer loop
      vertex 140 0 104.8
      vertex 56 0 87.1282
      vertex 55.0615 0 87.591
    endloop
  endfacet
  facet normal 0 1 0
    outer loop
      vertex 140 0 104.8
      vertex 56.8701 0 86.5468
      vertex 56 0 87.1282
    endloop
  endfacet
  facet normal 0 1 0
    outer loop
      vertex 116.25 0 79.0971
      vertex 140 0 104.8
      vertex 116.778 0 79.3575
    endloop
  endfacet
  facet normal 0 1 0
    outer loop
      vertex 140 0 104.8
      vertex 116.25 0 79.0971
      vertex 56.8701 0 86.5468
    endloop
  endfacet
  facet normal 0 1 0
    outer loop
      vertex 56.8701 0 86.5468
      vertex 116.25 0 79.0971
      vertex 57.6569 0 85.8569
    endloop
  endfacet
  facet normal 0 1 -0
    outer loop
      vertex 115.761 0 78.7701
      vertex 57.6569 0 85.8569
      vertex 116.25 0 79.0971
    endloop
  endfacet
  facet normal 0 1 0
    outer loop
      vertex 57.6569 0 85.8569
      vertex 115.761 0 78.7701
      vertex 58.3468 0 85.0701
    endloop
  endfacet
  facet normal 0 1 -0
    outer loop
      vertex 115.318 0 78.382
      vertex 58.3468 0 85.0701
      vertex 115.761 0 78.7701
    endloop
  endfacet
  facet normal 0 1 0
    outer loop
      vertex 58.3468 0 85.0701
      vertex 115.318 0 78.382
      vertex 58.9282 0 84.2
    endloop
  endfacet
  facet normal 0 1 0
    outer loop
      vertex 140 0 104.8
      vertex 118.5 0 79.7
      vertex 117.913 0 79.6615
    endloop
  endfacet
  facet normal 0 1 0
    outer loop
      vertex 140 0 104.8
      vertex 119.087 0 79.6615
      vertex 118.5 0 79.7
    endloop
  endfacet
  facet normal 0 1 0
    outer loop
      vertex 140 0 104.8
      vertex 119.665 0 79.5467
      vertex 119.087 0 79.6615
    endloop
  endfacet
  facet normal 0 1 0
    outer loop
      vertex 140 0 104.8
      vertex 120.222 0 79.3575
      vertex 119.665 0 79.5467
    endloop
  endfacet
  facet normal 0 1 0
    outer loop
      vertex 140 0 104.8
      vertex 120.75 0 79.0971
      vertex 120.222 0 79.3575
    endloop
  endfacet
  facet normal 0 1 0
    outer loop
      vertex 140 0 104.8
      vertex 121.239 0 78.7701
      vertex 120.75 0 79.0971
    endloop
  endfacet
  facet normal 0 1 0
    outer loop
      vertex 140 0 104.8
      vertex 121.682 0 78.382
      vertex 121.239 0 78.7701
    endloop
  endfacet
  facet normal 0 1 0
    outer loop
      vertex 140 0 104.8
      vertex 122.07 0 77.9394
      vertex 121.682 0 78.382
    endloop
  endfacet
  facet normal 0 1 0
    outer loop
      vertex 140 0 104.8
      vertex 122.397 0 77.45
      vertex 122.07 0 77.9394
    endloop
  endfacet
  facet normal 0 1 0
    outer loop
      vertex 140 0 104.8
      vertex 122.657 0 76.9221
      vertex 122.397 0 77.45
    endloop
  endfacet
  facet normal 0 1 0
    outer loop
      vertex 140 0 104.8
      vertex 140 0 65.6
      vertex 122.657 0 76.9221
    endloop
  endfacet
  facet normal 0 1 0
    outer loop
      vertex 122.657 0 76.9221
      vertex 140 0 65.6
      vertex 122.847 0 76.3647
    endloop
  endfacet
  facet normal 0 1 0
    outer loop
      vertex 122.847 0 76.3647
      vertex 140 0 65.6
      vertex 122.962 0 75.7874
    endloop
  endfacet
  facet normal 0 1 0
    outer loop
      vertex 122.962 0 75.7874
      vertex 140 0 65.6
      vertex 123 0 75.2
    endloop
  endfacet
  facet normal 0 1 0
    outer loop
      vertex 123 0 75.2
      vertex 140 0 65.6
      vertex 122.962 0 74.6126
    endloop
  endfacet
  facet normal 0 1 0
    outer loop
      vertex 122.962 0 74.6126
      vertex 140 0 65.6
      vertex 122.847 0 74.0353
    endloop
  endfacet
  facet normal 0 1 0
    outer loop
      vertex 122.847 0 74.0353
      vertex 140 0 65.6
      vertex 122.657 0 73.4779
    endloop
  endfacet
  facet normal 0 1 0
    outer loop
      vertex 122.657 0 73.4779
      vertex 140 0 65.6
      vertex 122.397 0 72.95
    endloop
  endfacet
  facet normal 0 1 0
    outer loop
      vertex 120.222 0 71.0425
      vertex 140 0 63.2
      vertex 119.665 0 70.8533
    endloop
  endfacet
  facet normal 0 1 0
    outer loop
      vertex 120.75 0 71.3029
      vertex 140 0 63.2
      vertex 120.222 0 71.0425
    endloop
  endfacet
  facet normal 0 1 0
    outer loop
      vertex 121.239 0 71.6299
      vertex 140 0 63.2
      vertex 120.75 0 71.3029
    endloop
  endfacet
  facet normal 0 1 0
    outer loop
      vertex 121.682 0 72.018
      vertex 140 0 63.2
      vertex 121.239 0 71.6299
    endloop
  endfacet
  facet normal 0 1 -0
    outer loop
      vertex 140 0 63.2
      vertex 121.682 0 72.018
      vertex 140 0 65.6
    endloop
  endfacet
  facet normal 0 1 0
    outer loop
      vertex 122.07 0 72.4606
      vertex 140 0 65.6
      vertex 121.682 0 72.018
    endloop
  endfacet
  facet normal 0 1 0
    outer loop
      vertex 122.397 0 72.95
      vertex 140 0 65.6
      vertex 122.07 0 72.4606
    endloop
  endfacet
  facet normal 0 1 0
    outer loop
      vertex 140 0 65.6
      vertex 150 0 104.8
      vertex 150 0 65.6
    endloop
  endfacet
  facet normal 0 1 -0
    outer loop
      vertex 140 0 104.8
      vertex 10 0 107.2
      vertex 140 0 107.2
    endloop
  endfacet
  facet normal 0 1 0
    outer loop
      vertex 10 0 107.2
      vertex 140 0 104.8
      vertex 10 0 104.8
    endloop
  endfacet
  facet normal 0 1 -0
    outer loop
      vertex 49.9294 0 87.9274
      vertex 10 0 104.8
      vertex 50.9558 0 88.1316
    endloop
  endfacet
  facet normal 0 1 -0
    outer loop
      vertex 48.9385 0 87.591
      vertex 10 0 104.8
      vertex 49.9294 0 87.9274
    endloop
  endfacet
  facet normal 0 1 -0
    outer loop
      vertex 48 0 87.1282
      vertex 10 0 104.8
      vertex 48.9385 0 87.591
    endloop
  endfacet
  facet normal 0 1 -0
    outer loop
      vertex 47.1299 0 86.5468
      vertex 10 0 104.8
      vertex 48 0 87.1282
    endloop
  endfacet
  facet normal 0 1 -0
    outer loop
      vertex 46.3431 0 85.8569
      vertex 10 0 104.8
      vertex 47.1299 0 86.5468
    endloop
  endfacet
  facet normal 0 1 -0
    outer loop
      vertex 45.6532 0 85.0701
      vertex 10 0 104.8
      vertex 46.3431 0 85.8569
    endloop
  endfacet
  facet normal 0 1 -0
    outer loop
      vertex 45.0718 0 84.2
      vertex 10 0 104.8
      vertex 45.6532 0 85.0701
    endloop
  endfacet
  facet normal 0 1 -0
    outer loop
      vertex 44.609 0 83.2615
      vertex 10 0 104.8
      vertex 45.0718 0 84.2
    endloop
  endfacet
  facet normal 0 1 -0
    outer loop
      vertex 44.2726 0 82.2706
      vertex 10 0 104.8
      vertex 44.609 0 83.2615
    endloop
  endfacet
  facet normal 0 1 -0
    outer loop
      vertex 44.0684 0 81.2442
      vertex 10 0 104.8
      vertex 44.2726 0 82.2706
    endloop
  endfacet
  facet normal 0 1 0
    outer loop
      vertex 10 0 104.8
      vertex 44.0684 0 81.2442
      vertex 10 0 65.6
    endloop
  endfacet
  facet normal 0 1 0
    outer loop
      vertex 10 0 65.6
      vertex 44.0684 0 81.2442
      vertex 44 0 80.2
    endloop
  endfacet
  facet normal 0 1 0
    outer loop
      vertex 10 0 65.6
      vertex 44 0 80.2
      vertex 44.0684 0 79.1558
    endloop
  endfacet
  facet normal 0 1 0
    outer loop
      vertex 10 0 65.6
      vertex 44.0684 0 79.1558
      vertex 44.2726 0 78.1294
    endloop
  endfacet
  facet normal 0 1 0
    outer loop
      vertex 10 0 65.6
      vertex 44.2726 0 78.1294
      vertex 44.609 0 77.1385
    endloop
  endfacet
  facet normal 0 1 0
    outer loop
      vertex 10 0 65.6
      vertex 44.609 0 77.1385
      vertex 45.0718 0 76.2
    endloop
  endfacet
  facet normal 0 1 0
    outer loop
      vertex 10 0 65.6
      vertex 45.0718 0 76.2
      vertex 45.6532 0 75.3299
    endloop
  endfacet
  facet normal 0 1 0
    outer loop
      vertex 10 0 65.6
      vertex 45.6532 0 75.3299
      vertex 46.3431 0 74.5431
    endloop
  endfacet
  facet normal 0 1 0
    outer loop
      vertex 10 0 65.6
      vertex 46.3431 0 74.5431
      vertex 47.1299 0 73.8532
    endloop
  endfacet
  facet normal 0 1 0
    outer loop
      vertex 10 0 65.6
      vertex 47.1299 0 73.8532
      vertex 48 0 73.2718
    endloop
  endfacet
  facet normal 0 1 0
    outer loop
      vertex 55.0615 0 72.809
      vertex 116.778 0 71.0425
      vertex 54.0706 0 72.4726
    endloop
  endfacet
  facet normal 0 1 0
    outer loop
      vertex 117.335 0 70.8533
      vertex 54.0706 0 72.4726
      vertex 116.778 0 71.0425
    endloop
  endfacet
  facet normal 0 1 0
    outer loop
      vertex 54.0706 0 72.4726
      vertex 117.335 0 70.8533
      vertex 53.0442 0 72.2684
    endloop
  endfacet
  facet normal 0 1 0
    outer loop
      vertex 140 0 63.2
      vertex 117.335 0 70.8533
      vertex 117.913 0 70.7385
    endloop
  endfacet
  facet normal 0 1 0
    outer loop
      vertex 118.5 0 70.7
      vertex 140 0 63.2
      vertex 117.913 0 70.7385
    endloop
  endfacet
  facet normal 0 1 0
    outer loop
      vertex 119.087 0 70.7385
      vertex 140 0 63.2
      vertex 118.5 0 70.7
    endloop
  endfacet
  facet normal 0 1 0
    outer loop
      vertex 119.665 0 70.8533
      vertex 140 0 63.2
      vertex 119.087 0 70.7385
    endloop
  endfacet
  facet normal 0 1 0
    outer loop
      vertex 117.335 0 70.8533
      vertex 140 0 63.2
      vertex 53.0442 0 72.2684
    endloop
  endfacet
  facet normal 0 1 0
    outer loop
      vertex 53.0442 0 72.2684
      vertex 10 0 65.6
      vertex 52 0 72.2
    endloop
  endfacet
  facet normal 0 1 0
    outer loop
      vertex 52 0 72.2
      vertex 10 0 65.6
      vertex 50.9558 0 72.2684
    endloop
  endfacet
  facet normal 0 1 0
    outer loop
      vertex 10 0 65.6
      vertex 49.9294 0 72.4726
      vertex 50.9558 0 72.2684
    endloop
  endfacet
  facet normal 0 1 0
    outer loop
      vertex 10 0 65.6
      vertex 48.9385 0 72.809
      vertex 49.9294 0 72.4726
    endloop
  endfacet
  facet normal 0 1 0
    outer loop
      vertex 10 0 65.6
      vertex 48 0 73.2718
      vertex 48.9385 0 72.809
    endloop
  endfacet
  facet normal 0 1 0
    outer loop
      vertex 10 0 104.8
      vertex 10 0 65.6
      vertex 0 0 104.8
    endloop
  endfacet
  facet normal 0 1 0
    outer loop
      vertex 0 0 104.8
      vertex 10 0 65.6
      vertex 0 0 65.6
    endloop
  endfacet
  facet normal 0 1 0
    outer loop
      vertex 140 0 104.8
      vertex 117.913 0 79.6615
      vertex 117.335 0 79.5467
    endloop
  endfacet
  facet normal 0 1 0
    outer loop
      vertex 140 0 104.8
      vertex 117.335 0 79.5467
      vertex 116.778 0 79.3575
    endloop
  endfacet
  facet normal 0 1 -0
    outer loop
      vertex 114.93 0 77.9394
      vertex 58.9282 0 84.2
      vertex 115.318 0 78.382
    endloop
  endfacet
  facet normal 0 1 0
    outer loop
      vertex 58.9282 0 84.2
      vertex 114.93 0 77.9394
      vertex 59.391 0 83.2615
    endloop
  endfacet
  facet normal 0 1 -0
    outer loop
      vertex 114.603 0 77.45
      vertex 59.391 0 83.2615
      vertex 114.93 0 77.9394
    endloop
  endfacet
  facet normal 0 1 0
    outer loop
      vertex 59.391 0 83.2615
      vertex 114.603 0 77.45
      vertex 59.7274 0 82.2706
    endloop
  endfacet
  facet normal 0 1 -0
    outer loop
      vertex 114.343 0 76.9221
      vertex 59.7274 0 82.2706
      vertex 114.603 0 77.45
    endloop
  endfacet
  facet normal 0 1 0
    outer loop
      vertex 59.7274 0 82.2706
      vertex 114.343 0 76.9221
      vertex 59.9316 0 81.2442
    endloop
  endfacet
  facet normal 0 1 -0
    outer loop
      vertex 114.153 0 76.3647
      vertex 59.9316 0 81.2442
      vertex 114.343 0 76.9221
    endloop
  endfacet
  facet normal 0 1 0
    outer loop
      vertex 59.9316 0 81.2442
      vertex 114.153 0 76.3647
      vertex 60 0 80.2
    endloop
  endfacet
  facet normal 0 1 -0
    outer loop
      vertex 114.038 0 75.7874
      vertex 60 0 80.2
      vertex 114.153 0 76.3647
    endloop
  endfacet
  facet normal 0 1 0
    outer loop
      vertex 60 0 80.2
      vertex 114.038 0 75.7874
      vertex 59.9316 0 79.1558
    endloop
  endfacet
  facet normal 0 1 -0
    outer loop
      vertex 114 0 75.2
      vertex 59.9316 0 79.1558
      vertex 114.038 0 75.7874
    endloop
  endfacet
  facet normal 0 1 0
    outer loop
      vertex 59.9316 0 79.1558
      vertex 114 0 75.2
      vertex 59.7274 0 78.1294
    endloop
  endfacet
  facet normal 0 1 0
    outer loop
      vertex 114.038 0 74.6126
      vertex 59.7274 0 78.1294
      vertex 114 0 75.2
    endloop
  endfacet
  facet normal 0 1 0
    outer loop
      vertex 59.7274 0 78.1294
      vertex 114.038 0 74.6126
      vertex 59.391 0 77.1385
    endloop
  endfacet
  facet normal 0 1 0
    outer loop
      vertex 114.153 0 74.0353
      vertex 59.391 0 77.1385
      vertex 114.038 0 74.6126
    endloop
  endfacet
  facet normal 0 1 0
    outer loop
      vertex 114.343 0 73.4779
      vertex 59.391 0 77.1385
      vertex 114.153 0 74.0353
    endloop
  endfacet
  facet normal 0 1 0
    outer loop
      vertex 59.391 0 77.1385
      vertex 114.343 0 73.4779
      vertex 58.9282 0 76.2
    endloop
  endfacet
  facet normal 0 1 0
    outer loop
      vertex 114.603 0 72.95
      vertex 58.9282 0 76.2
      vertex 114.343 0 73.4779
    endloop
  endfacet
  facet normal 0 1 0
    outer loop
      vertex 58.9282 0 76.2
      vertex 114.603 0 72.95
      vertex 58.3468 0 75.3299
    endloop
  endfacet
  facet normal 0 1 0
    outer loop
      vertex 114.93 0 72.4606
      vertex 58.3468 0 75.3299
      vertex 114.603 0 72.95
    endloop
  endfacet
  facet normal 0 1 0
    outer loop
      vertex 58.3468 0 75.3299
      vertex 114.93 0 72.4606
      vertex 57.6569 0 74.5431
    endloop
  endfacet
  facet normal 0 1 0
    outer loop
      vertex 115.318 0 72.018
      vertex 57.6569 0 74.5431
      vertex 114.93 0 72.4606
    endloop
  endfacet
  facet normal 0 1 0
    outer loop
      vertex 57.6569 0 74.5431
      vertex 115.318 0 72.018
      vertex 56.8701 0 73.8532
    endloop
  endfacet
  facet normal 0 1 0
    outer loop
      vertex 115.761 0 71.6299
      vertex 56.8701 0 73.8532
      vertex 115.318 0 72.018
    endloop
  endfacet
  facet normal 0 1 0
    outer loop
      vertex 56.8701 0 73.8532
      vertex 115.761 0 71.6299
      vertex 56 0 73.2718
    endloop
  endfacet
  facet normal 0 1 0
    outer loop
      vertex 116.25 0 71.3029
      vertex 56 0 73.2718
      vertex 115.761 0 71.6299
    endloop
  endfacet
  facet normal 0 1 0
    outer loop
      vertex 56 0 73.2718
      vertex 116.25 0 71.3029
      vertex 55.0615 0 72.809
    endloop
  endfacet
  facet normal 0 1 0
    outer loop
      vertex 116.778 0 71.0425
      vertex 55.0615 0 72.809
      vertex 116.25 0 71.3029
    endloop
  endfacet
  facet normal -0.980779 -0.195122 0
    outer loop
      vertex 5.18546 3.72189 104.8
      vertex 5.14207 3.93999 107.2
      vertex 5.14207 3.93999 104.8
    endloop
  endfacet
  facet normal -0.980779 -0.195122 0
    outer loop
      vertex 5.14207 3.93999 107.2
      vertex 5.18546 3.72189 104.8
      vertex 5.18546 3.72189 107.2
    endloop
  endfacet
  facet normal -0.99786 -0.0653877 0
    outer loop
      vertex 5.2 3.5 104.8
      vertex 5.18546 3.72189 107.2
      vertex 5.18546 3.72189 104.8
    endloop
  endfacet
  facet normal -0.99786 -0.0653877 0
    outer loop
      vertex 5.18546 3.72189 107.2
      vertex 5.2 3.5 104.8
      vertex 5.2 3.5 107.2
    endloop
  endfacet
  facet normal 0.442278 -0.896878 0
    outer loop
      vertex 2.65 4.97224 104.8
      vertex 2.84944 5.07059 107.2
      vertex 2.65 4.97224 107.2
    endloop
  endfacet
  facet normal 0.442278 -0.896878 0
    outer loop
      vertex 2.84944 5.07059 107.2
      vertex 2.65 4.97224 104.8
      vertex 2.84944 5.07059 104.8
    endloop
  endfacet
  facet normal -0.555572 -0.831469 0
    outer loop
      vertex 4.35 4.97224 104.8
      vertex 4.53489 4.8487 107.2
      vertex 4.35 4.97224 107.2
    endloop
  endfacet
  facet normal -0.555572 -0.831469 -0
    outer loop
      vertex 4.53489 4.8487 107.2
      vertex 4.35 4.97224 104.8
      vertex 4.53489 4.8487 104.8
    endloop
  endfacet
  facet normal 0.659342 -0.751844 0
    outer loop
      vertex 2.29792 4.70208 104.8
      vertex 2.46511 4.8487 107.2
      vertex 2.29792 4.70208 107.2
    endloop
  endfacet
  facet normal 0.659342 -0.751844 0
    outer loop
      vertex 2.46511 4.8487 107.2
      vertex 2.29792 4.70208 104.8
      vertex 2.46511 4.8487 104.8
    endloop
  endfacet
  facet normal -0.321404 0.946942 0
    outer loop
      vertex 4.15056 1.9294 104.8
      vertex 3.93999 1.85793 107.2
      vertex 4.15056 1.9294 107.2
    endloop
  endfacet
  facet normal -0.321404 0.946942 0
    outer loop
      vertex 3.93999 1.85793 107.2
      vertex 4.15056 1.9294 104.8
      vertex 3.93999 1.85793 104.8
    endloop
  endfacet
  facet normal -0.831469 0.555572 0
    outer loop
      vertex 4.8487 2.46511 104.8
      vertex 4.97224 2.65 107.2
      vertex 4.97224 2.65 104.8
    endloop
  endfacet
  facet normal -0.831469 0.555572 0
    outer loop
      vertex 4.97224 2.65 107.2
      vertex 4.8487 2.46511 104.8
      vertex 4.8487 2.46511 107.2
    endloop
  endfacet
  facet normal -0.946929 0.321444 0
    outer loop
      vertex 5.07059 2.84944 104.8
      vertex 5.14207 3.06001 107.2
      vertex 5.14207 3.06001 104.8
    endloop
  endfacet
  facet normal -0.946929 0.321444 0
    outer loop
      vertex 5.14207 3.06001 107.2
      vertex 5.07059 2.84944 104.8
      vertex 5.07059 2.84944 107.2
    endloop
  endfacet
  facet normal -0.321444 -0.946929 0
    outer loop
      vertex 3.93999 5.14207 104.8
      vertex 4.15056 5.07059 107.2
      vertex 3.93999 5.14207 107.2
    endloop
  endfacet
  facet normal -0.321444 -0.946929 -0
    outer loop
      vertex 4.15056 5.07059 107.2
      vertex 3.93999 5.14207 104.8
      vertex 4.15056 5.07059 104.8
    endloop
  endfacet
  facet normal -0.195122 -0.980779 0
    outer loop
      vertex 3.72189 5.18546 104.8
      vertex 3.93999 5.14207 107.2
      vertex 3.72189 5.18546 107.2
    endloop
  endfacet
  facet normal -0.195122 -0.980779 -0
    outer loop
      vertex 3.93999 5.14207 107.2
      vertex 3.72189 5.18546 104.8
      vertex 3.93999 5.14207 104.8
    endloop
  endfacet
  facet normal 0.555572 -0.831469 0
    outer loop
      vertex 2.46511 4.8487 104.8
      vertex 2.65 4.97224 107.2
      vertex 2.46511 4.8487 107.2
    endloop
  endfacet
  facet normal 0.555572 -0.831469 0
    outer loop
      vertex 2.65 4.97224 107.2
      vertex 2.46511 4.8487 104.8
      vertex 2.65 4.97224 104.8
    endloop
  endfacet
  facet normal -0.896878 0.442278 0
    outer loop
      vertex 4.97224 2.65 104.8
      vertex 5.07059 2.84944 107.2
      vertex 5.07059 2.84944 104.8
    endloop
  endfacet
  facet normal -0.896878 0.442278 0
    outer loop
      vertex 5.07059 2.84944 107.2
      vertex 4.97224 2.65 104.8
      vertex 4.97224 2.65 107.2
    endloop
  endfacet
  facet normal -0.659342 -0.751844 0
    outer loop
      vertex 4.53489 4.8487 104.8
      vertex 4.70208 4.70208 107.2
      vertex 4.53489 4.8487 107.2
    endloop
  endfacet
  facet normal -0.659342 -0.751844 -0
    outer loop
      vertex 4.70208 4.70208 107.2
      vertex 4.53489 4.8487 104.8
      vertex 4.70208 4.70208 104.8
    endloop
  endfacet
  facet normal -0.555572 0.831469 0
    outer loop
      vertex 4.53489 2.1513 104.8
      vertex 4.35 2.02776 107.2
      vertex 4.53489 2.1513 107.2
    endloop
  endfacet
  facet normal -0.555572 0.831469 0
    outer loop
      vertex 4.35 2.02776 107.2
      vertex 4.53489 2.1513 104.8
      vertex 4.35 2.02776 104.8
    endloop
  endfacet
  facet normal -0.442278 -0.896878 0
    outer loop
      vertex 4.15056 5.07059 104.8
      vertex 4.35 4.97224 107.2
      vertex 4.15056 5.07059 107.2
    endloop
  endfacet
  facet normal -0.442278 -0.896878 -0
    outer loop
      vertex 4.35 4.97224 107.2
      vertex 4.15056 5.07059 104.8
      vertex 4.35 4.97224 104.8
    endloop
  endfacet
  facet normal 0.659342 0.751844 -0
    outer loop
      vertex 2.46511 2.1513 104.8
      vertex 2.29792 2.29792 107.2
      vertex 2.46511 2.1513 107.2
    endloop
  endfacet
  facet normal 0.659342 0.751844 0
    outer loop
      vertex 2.29792 2.29792 107.2
      vertex 2.46511 2.1513 104.8
      vertex 2.29792 2.29792 104.8
    endloop
  endfacet
  facet normal 0.751844 0.659342 0
    outer loop
      vertex 2.29792 2.29792 107.2
      vertex 2.1513 2.46511 104.8
      vertex 2.1513 2.46511 107.2
    endloop
  endfacet
  facet normal 0.751844 0.659342 0
    outer loop
      vertex 2.1513 2.46511 104.8
      vertex 2.29792 2.29792 107.2
      vertex 2.29792 2.29792 104.8
    endloop
  endfacet
  facet normal 0.831469 0.555572 0
    outer loop
      vertex 2.1513 2.46511 107.2
      vertex 2.02776 2.65 104.8
      vertex 2.02776 2.65 107.2
    endloop
  endfacet
  facet normal 0.831469 0.555572 0
    outer loop
      vertex 2.02776 2.65 104.8
      vertex 2.1513 2.46511 107.2
      vertex 2.1513 2.46511 104.8
    endloop
  endfacet
  facet normal -0.831469 -0.555572 0
    outer loop
      vertex 4.97224 4.35 104.8
      vertex 4.8487 4.53489 107.2
      vertex 4.8487 4.53489 104.8
    endloop
  endfacet
  facet normal -0.831469 -0.555572 0
    outer loop
      vertex 4.8487 4.53489 107.2
      vertex 4.97224 4.35 104.8
      vertex 4.97224 4.35 107.2
    endloop
  endfacet
  facet normal -0.195122 0.980779 0
    outer loop
      vertex 3.93999 1.85793 104.8
      vertex 3.72189 1.81454 107.2
      vertex 3.93999 1.85793 107.2
    endloop
  endfacet
  facet normal -0.195122 0.980779 0
    outer loop
      vertex 3.72189 1.81454 107.2
      vertex 3.93999 1.85793 104.8
      vertex 3.72189 1.81454 104.8
    endloop
  endfacet
  facet normal -0.980777 0.19513 0
    outer loop
      vertex 5.14207 3.06001 104.8
      vertex 5.18546 3.2781 107.2
      vertex 5.18546 3.2781 104.8
    endloop
  endfacet
  facet normal -0.980777 0.19513 0
    outer loop
      vertex 5.18546 3.2781 107.2
      vertex 5.14207 3.06001 104.8
      vertex 5.14207 3.06001 107.2
    endloop
  endfacet
  facet normal 0.946942 0.321404 0
    outer loop
      vertex 1.9294 2.84944 107.2
      vertex 1.85793 3.06001 104.8
      vertex 1.85793 3.06001 107.2
    endloop
  endfacet
  facet normal 0.946942 0.321404 0
    outer loop
      vertex 1.85793 3.06001 104.8
      vertex 1.9294 2.84944 107.2
      vertex 1.9294 2.84944 104.8
    endloop
  endfacet
  facet normal -0.442314 0.89686 0
    outer loop
      vertex 4.35 2.02776 104.8
      vertex 4.15056 1.9294 107.2
      vertex 4.35 2.02776 107.2
    endloop
  endfacet
  facet normal -0.442314 0.89686 0
    outer loop
      vertex 4.15056 1.9294 107.2
      vertex 4.35 2.02776 104.8
      vertex 4.15056 1.9294 104.8
    endloop
  endfacet
  facet normal -0.0653877 -0.99786 0
    outer loop
      vertex 3.5 5.2 104.8
      vertex 3.72189 5.18546 107.2
      vertex 3.5 5.2 107.2
    endloop
  endfacet
  facet normal -0.0653877 -0.99786 -0
    outer loop
      vertex 3.72189 5.18546 107.2
      vertex 3.5 5.2 104.8
      vertex 3.72189 5.18546 104.8
    endloop
  endfacet
  facet normal 0.321444 -0.946929 0
    outer loop
      vertex 2.84944 5.07059 104.8
      vertex 3.06001 5.14207 107.2
      vertex 2.84944 5.07059 107.2
    endloop
  endfacet
  facet normal 0.321444 -0.946929 0
    outer loop
      vertex 3.06001 5.14207 107.2
      vertex 2.84944 5.07059 104.8
      vertex 3.06001 5.14207 104.8
    endloop
  endfacet
  facet normal 0.19513 -0.980777 0
    outer loop
      vertex 3.06001 5.14207 104.8
      vertex 3.2781 5.18546 107.2
      vertex 3.06001 5.14207 107.2
    endloop
  endfacet
  facet normal 0.19513 -0.980777 0
    outer loop
      vertex 3.2781 5.18546 107.2
      vertex 3.06001 5.14207 104.8
      vertex 3.2781 5.18546 104.8
    endloop
  endfacet
  facet normal -0.896878 -0.442278 0
    outer loop
      vertex 5.07059 4.15056 104.8
      vertex 4.97224 4.35 107.2
      vertex 4.97224 4.35 104.8
    endloop
  endfacet
  facet normal -0.896878 -0.442278 0
    outer loop
      vertex 4.97224 4.35 107.2
      vertex 5.07059 4.15056 104.8
      vertex 5.07059 4.15056 107.2
    endloop
  endfacet
  facet normal -0.99786 0.0653848 0
    outer loop
      vertex 5.18546 3.2781 104.8
      vertex 5.2 3.5 107.2
      vertex 5.2 3.5 104.8
    endloop
  endfacet
  facet normal -0.99786 0.0653848 0
    outer loop
      vertex 5.2 3.5 107.2
      vertex 5.18546 3.2781 104.8
      vertex 5.18546 3.2781 107.2
    endloop
  endfacet
  facet normal -0.0653877 0.99786 0
    outer loop
      vertex 3.72189 1.81454 104.8
      vertex 3.5 1.8 107.2
      vertex 3.72189 1.81454 107.2
    endloop
  endfacet
  facet normal -0.0653877 0.99786 0
    outer loop
      vertex 3.5 1.8 107.2
      vertex 3.72189 1.81454 104.8
      vertex 3.5 1.8 104.8
    endloop
  endfacet
  facet normal -0.751844 -0.659342 0
    outer loop
      vertex 4.8487 4.53489 104.8
      vertex 4.70208 4.70208 107.2
      vertex 4.70208 4.70208 104.8
    endloop
  endfacet
  facet normal -0.751844 -0.659342 0
    outer loop
      vertex 4.70208 4.70208 107.2
      vertex 4.8487 4.53489 104.8
      vertex 4.8487 4.53489 107.2
    endloop
  endfacet
  facet normal 0.99786 0.0653848 0
    outer loop
      vertex 1.81454 3.2781 107.2
      vertex 1.8 3.5 104.8
      vertex 1.8 3.5 107.2
    endloop
  endfacet
  facet normal 0.99786 0.0653848 0
    outer loop
      vertex 1.8 3.5 104.8
      vertex 1.81454 3.2781 107.2
      vertex 1.81454 3.2781 104.8
    endloop
  endfacet
  facet normal -0.751844 0.659342 0
    outer loop
      vertex 4.70208 2.29792 104.8
      vertex 4.8487 2.46511 107.2
      vertex 4.8487 2.46511 104.8
    endloop
  endfacet
  facet normal -0.751844 0.659342 0
    outer loop
      vertex 4.8487 2.46511 107.2
      vertex 4.70208 2.29792 104.8
      vertex 4.70208 2.29792 107.2
    endloop
  endfacet
  facet normal 0.751844 -0.659342 0
    outer loop
      vertex 2.1513 4.53489 107.2
      vertex 2.29792 4.70208 104.8
      vertex 2.29792 4.70208 107.2
    endloop
  endfacet
  facet normal 0.751844 -0.659342 0
    outer loop
      vertex 2.29792 4.70208 104.8
      vertex 2.1513 4.53489 107.2
      vertex 2.1513 4.53489 104.8
    endloop
  endfacet
  facet normal 0.831469 -0.555572 0
    outer loop
      vertex 2.02776 4.35 107.2
      vertex 2.1513 4.53489 104.8
      vertex 2.1513 4.53489 107.2
    endloop
  endfacet
  facet normal 0.831469 -0.555572 0
    outer loop
      vertex 2.1513 4.53489 104.8
      vertex 2.02776 4.35 107.2
      vertex 2.02776 4.35 104.8
    endloop
  endfacet
  facet normal 0.0653848 -0.99786 0
    outer loop
      vertex 3.2781 5.18546 104.8
      vertex 3.5 5.2 107.2
      vertex 3.2781 5.18546 107.2
    endloop
  endfacet
  facet normal 0.0653848 -0.99786 0
    outer loop
      vertex 3.5 5.2 107.2
      vertex 3.2781 5.18546 104.8
      vertex 3.5 5.2 104.8
    endloop
  endfacet
  facet normal 0.980777 0.19513 0
    outer loop
      vertex 1.85793 3.06001 107.2
      vertex 1.81454 3.2781 104.8
      vertex 1.81454 3.2781 107.2
    endloop
  endfacet
  facet normal 0.980777 0.19513 0
    outer loop
      vertex 1.81454 3.2781 104.8
      vertex 1.85793 3.06001 107.2
      vertex 1.85793 3.06001 104.8
    endloop
  endfacet
  facet normal 0.321404 0.946942 -0
    outer loop
      vertex 3.06001 1.85793 104.8
      vertex 2.84944 1.9294 107.2
      vertex 3.06001 1.85793 107.2
    endloop
  endfacet
  facet normal 0.321404 0.946942 0
    outer loop
      vertex 2.84944 1.9294 107.2
      vertex 3.06001 1.85793 104.8
      vertex 2.84944 1.9294 104.8
    endloop
  endfacet
  facet normal -0.946929 -0.321444 0
    outer loop
      vertex 5.14207 3.93999 104.8
      vertex 5.07059 4.15056 107.2
      vertex 5.07059 4.15056 104.8
    endloop
  endfacet
  facet normal -0.946929 -0.321444 0
    outer loop
      vertex 5.07059 4.15056 107.2
      vertex 5.14207 3.93999 104.8
      vertex 5.14207 3.93999 107.2
    endloop
  endfacet
  facet normal 0.442314 0.89686 -0
    outer loop
      vertex 2.84944 1.9294 104.8
      vertex 2.65 2.02776 107.2
      vertex 2.84944 1.9294 107.2
    endloop
  endfacet
  facet normal 0.442314 0.89686 0
    outer loop
      vertex 2.65 2.02776 107.2
      vertex 2.84944 1.9294 104.8
      vertex 2.65 2.02776 104.8
    endloop
  endfacet
  facet normal 0.555572 0.831469 -0
    outer loop
      vertex 2.65 2.02776 104.8
      vertex 2.46511 2.1513 107.2
      vertex 2.65 2.02776 107.2
    endloop
  endfacet
  facet normal 0.555572 0.831469 0
    outer loop
      vertex 2.46511 2.1513 107.2
      vertex 2.65 2.02776 104.8
      vertex 2.46511 2.1513 104.8
    endloop
  endfacet
  facet normal 0.19513 0.980777 -0
    outer loop
      vertex 3.2781 1.81454 104.8
      vertex 3.06001 1.85793 107.2
      vertex 3.2781 1.81454 107.2
    endloop
  endfacet
  facet normal 0.19513 0.980777 0
    outer loop
      vertex 3.06001 1.85793 107.2
      vertex 3.2781 1.81454 104.8
      vertex 3.06001 1.85793 104.8
    endloop
  endfacet
  facet normal 0.89686 -0.442314 0
    outer loop
      vertex 1.9294 4.15056 107.2
      vertex 2.02776 4.35 104.8
      vertex 2.02776 4.35 107.2
    endloop
  endfacet
  facet normal 0.89686 -0.442314 0
    outer loop
      vertex 2.02776 4.35 104.8
      vertex 1.9294 4.15056 107.2
      vertex 1.9294 4.15056 104.8
    endloop
  endfacet
  facet normal 0.0653848 0.99786 -0
    outer loop
      vertex 3.5 1.8 104.8
      vertex 3.2781 1.81454 107.2
      vertex 3.5 1.8 107.2
    endloop
  endfacet
  facet normal 0.0653848 0.99786 0
    outer loop
      vertex 3.2781 1.81454 107.2
      vertex 3.5 1.8 104.8
      vertex 3.2781 1.81454 104.8
    endloop
  endfacet
  facet normal 0.89686 0.442314 0
    outer loop
      vertex 2.02776 2.65 107.2
      vertex 1.9294 2.84944 104.8
      vertex 1.9294 2.84944 107.2
    endloop
  endfacet
  facet normal 0.89686 0.442314 0
    outer loop
      vertex 1.9294 2.84944 104.8
      vertex 2.02776 2.65 107.2
      vertex 2.02776 2.65 104.8
    endloop
  endfacet
  facet normal 0.99786 -0.0653877 0
    outer loop
      vertex 1.8 3.5 107.2
      vertex 1.81454 3.72189 104.8
      vertex 1.81454 3.72189 107.2
    endloop
  endfacet
  facet normal 0.99786 -0.0653877 0
    outer loop
      vertex 1.81454 3.72189 104.8
      vertex 1.8 3.5 107.2
      vertex 1.8 3.5 104.8
    endloop
  endfacet
  facet normal 0.980779 -0.195122 0
    outer loop
      vertex 1.81454 3.72189 107.2
      vertex 1.85793 3.93999 104.8
      vertex 1.85793 3.93999 107.2
    endloop
  endfacet
  facet normal 0.980779 -0.195122 0
    outer loop
      vertex 1.85793 3.93999 104.8
      vertex 1.81454 3.72189 107.2
      vertex 1.81454 3.72189 104.8
    endloop
  endfacet
  facet normal 0.946942 -0.321404 0
    outer loop
      vertex 1.85793 3.93999 107.2
      vertex 1.9294 4.15056 104.8
      vertex 1.9294 4.15056 107.2
    endloop
  endfacet
  facet normal 0.946942 -0.321404 0
    outer loop
      vertex 1.9294 4.15056 104.8
      vertex 1.85793 3.93999 107.2
      vertex 1.85793 3.93999 104.8
    endloop
  endfacet
  facet normal -0.659342 0.751844 0
    outer loop
      vertex 4.70208 2.29792 104.8
      vertex 4.53489 2.1513 107.2
      vertex 4.70208 2.29792 107.2
    endloop
  endfacet
  facet normal -0.659342 0.751844 0
    outer loop
      vertex 4.53489 2.1513 107.2
      vertex 4.70208 2.29792 104.8
      vertex 4.53489 2.1513 104.8
    endloop
  endfacet
  facet normal 1 -0 0
    outer loop
      vertex 1.6 3.5 65.6
      vertex 1.6 10 63.2
      vertex 1.6 10 65.6
    endloop
  endfacet
  facet normal 1 0 0
    outer loop
      vertex 1.6 10 63.2
      vertex 1.6 3.5 65.6
      vertex 1.6 3.5 63.2
    endloop
  endfacet
  facet normal 0.896876 0.442282 0
    outer loop
      vertex 1.85455 2.55 65.6
      vertex 1.74463 2.7729 63.2
      vertex 1.74463 2.7729 65.6
    endloop
  endfacet
  facet normal 0.896876 0.442282 0
    outer loop
      vertex 1.74463 2.7729 63.2
      vertex 1.85455 2.55 65.6
      vertex 1.85455 2.55 63.2
    endloop
  endfacet
  facet normal 0.99786 0.065384 0
    outer loop
      vertex 1.61625 3.252 65.6
      vertex 1.6 3.5 63.2
      vertex 1.6 3.5 65.6
    endloop
  endfacet
  facet normal 0.99786 0.065384 0
    outer loop
      vertex 1.6 3.5 63.2
      vertex 1.61625 3.252 65.6
      vertex 1.61625 3.252 63.2
    endloop
  endfacet
  facet normal -0.751826 0.659362 0
    outer loop
      vertex 4.8435 2.1565 63.2
      vertex 5.00737 2.34335 65.6
      vertex 5.00737 2.34335 63.2
    endloop
  endfacet
  facet normal -0.751826 0.659362 0
    outer loop
      vertex 5.00737 2.34335 65.6
      vertex 4.8435 2.1565 63.2
      vertex 4.8435 2.1565 65.6
    endloop
  endfacet
  facet normal -0.32145 0.946927 0
    outer loop
      vertex 4.2271 1.74463 63.2
      vertex 3.99176 1.66474 65.6
      vertex 4.2271 1.74463 65.6
    endloop
  endfacet
  facet normal -0.32145 0.946927 0
    outer loop
      vertex 3.99176 1.66474 65.6
      vertex 4.2271 1.74463 63.2
      vertex 3.99176 1.66474 63.2
    endloop
  endfacet
  facet normal 0.065384 0.99786 -0
    outer loop
      vertex 3.5 1.6 63.2
      vertex 3.252 1.61625 65.6
      vertex 3.5 1.6 65.6
    endloop
  endfacet
  facet normal 0.065384 0.99786 0
    outer loop
      vertex 3.252 1.61625 65.6
      vertex 3.5 1.6 63.2
      vertex 3.252 1.61625 63.2
    endloop
  endfacet
  facet normal 0.946927 0.32145 0
    outer loop
      vertex 1.74463 2.7729 65.6
      vertex 1.66474 3.00824 63.2
      vertex 1.66474 3.00824 65.6
    endloop
  endfacet
  facet normal 0.946927 0.32145 0
    outer loop
      vertex 1.66474 3.00824 63.2
      vertex 1.74463 2.7729 65.6
      vertex 1.74463 2.7729 63.2
    endloop
  endfacet
  facet normal -0.195102 0.980783 0
    outer loop
      vertex 3.99176 1.66474 63.2
      vertex 3.748 1.61625 65.6
      vertex 3.99176 1.66474 65.6
    endloop
  endfacet
  facet normal -0.195102 0.980783 0
    outer loop
      vertex 3.748 1.61625 65.6
      vertex 3.99176 1.66474 63.2
      vertex 3.748 1.61625 63.2
    endloop
  endfacet
  facet normal -1 0 0
    outer loop
      vertex 5.4 3.5 63.2
      vertex 5.4 10 65.6
      vertex 5.4 10 63.2
    endloop
  endfacet
  facet normal -1 -0 0
    outer loop
      vertex 5.4 10 65.6
      vertex 5.4 3.5 63.2
      vertex 5.4 3.5 65.6
    endloop
  endfacet
  facet normal 0.32145 0.946927 -0
    outer loop
      vertex 3.00824 1.66474 63.2
      vertex 2.7729 1.74463 65.6
      vertex 3.00824 1.66474 65.6
    endloop
  endfacet
  facet normal 0.32145 0.946927 0
    outer loop
      vertex 2.7729 1.74463 65.6
      vertex 3.00824 1.66474 63.2
      vertex 2.7729 1.74463 63.2
    endloop
  endfacet
  facet normal 0.751826 0.659362 0
    outer loop
      vertex 2.1565 2.1565 65.6
      vertex 1.99263 2.34335 63.2
      vertex 1.99263 2.34335 65.6
    endloop
  endfacet
  facet normal 0.751826 0.659362 0
    outer loop
      vertex 1.99263 2.34335 63.2
      vertex 2.1565 2.1565 65.6
      vertex 2.1565 2.1565 63.2
    endloop
  endfacet
  facet normal 0.195102 0.980783 -0
    outer loop
      vertex 3.252 1.61625 63.2
      vertex 3.00824 1.66474 65.6
      vertex 3.252 1.61625 65.6
    endloop
  endfacet
  facet normal 0.195102 0.980783 0
    outer loop
      vertex 3.00824 1.66474 65.6
      vertex 3.252 1.61625 63.2
      vertex 3.00824 1.66474 63.2
    endloop
  endfacet
  facet normal -0.659362 0.751826 0
    outer loop
      vertex 4.8435 2.1565 63.2
      vertex 4.65665 1.99263 65.6
      vertex 4.8435 2.1565 65.6
    endloop
  endfacet
  facet normal -0.659362 0.751826 0
    outer loop
      vertex 4.65665 1.99263 65.6
      vertex 4.8435 2.1565 63.2
      vertex 4.65665 1.99263 63.2
    endloop
  endfacet
  facet normal 0.980783 0.195102 0
    outer loop
      vertex 1.66474 3.00824 65.6
      vertex 1.61625 3.252 63.2
      vertex 1.61625 3.252 65.6
    endloop
  endfacet
  facet normal 0.980783 0.195102 0
    outer loop
      vertex 1.61625 3.252 63.2
      vertex 1.66474 3.00824 65.6
      vertex 1.66474 3.00824 63.2
    endloop
  endfacet
  facet normal 0.659362 0.751826 -0
    outer loop
      vertex 2.34335 1.99263 63.2
      vertex 2.1565 2.1565 65.6
      vertex 2.34335 1.99263 65.6
    endloop
  endfacet
  facet normal 0.659362 0.751826 0
    outer loop
      vertex 2.1565 2.1565 65.6
      vertex 2.34335 1.99263 63.2
      vertex 2.1565 2.1565 63.2
    endloop
  endfacet
  facet normal 0.831468 0.555573 0
    outer loop
      vertex 1.99263 2.34335 65.6
      vertex 1.85455 2.55 63.2
      vertex 1.85455 2.55 65.6
    endloop
  endfacet
  facet normal 0.831468 0.555573 0
    outer loop
      vertex 1.85455 2.55 63.2
      vertex 1.99263 2.34335 65.6
      vertex 1.99263 2.34335 63.2
    endloop
  endfacet
  facet normal 0.442282 0.896876 -0
    outer loop
      vertex 2.7729 1.74463 63.2
      vertex 2.55 1.85455 65.6
      vertex 2.7729 1.74463 65.6
    endloop
  endfacet
  facet normal 0.442282 0.896876 0
    outer loop
      vertex 2.55 1.85455 65.6
      vertex 2.7729 1.74463 63.2
      vertex 2.55 1.85455 63.2
    endloop
  endfacet
  facet normal -0.065384 0.99786 0
    outer loop
      vertex 3.748 1.61625 63.2
      vertex 3.5 1.6 65.6
      vertex 3.748 1.61625 65.6
    endloop
  endfacet
  facet normal -0.065384 0.99786 0
    outer loop
      vertex 3.5 1.6 65.6
      vertex 3.748 1.61625 63.2
      vertex 3.5 1.6 63.2
    endloop
  endfacet
  facet normal -0.99786 0.065384 0
    outer loop
      vertex 5.38375 3.252 63.2
      vertex 5.4 3.5 65.6
      vertex 5.4 3.5 63.2
    endloop
  endfacet
  facet normal -0.99786 0.065384 0
    outer loop
      vertex 5.4 3.5 65.6
      vertex 5.38375 3.252 63.2
      vertex 5.38375 3.252 65.6
    endloop
  endfacet
  facet normal -0.946927 0.32145 0
    outer loop
      vertex 5.25537 2.7729 63.2
      vertex 5.33526 3.00824 65.6
      vertex 5.33526 3.00824 63.2
    endloop
  endfacet
  facet normal -0.946927 0.32145 0
    outer loop
      vertex 5.33526 3.00824 65.6
      vertex 5.25537 2.7729 63.2
      vertex 5.25537 2.7729 65.6
    endloop
  endfacet
  facet normal 0.555573 0.831468 -0
    outer loop
      vertex 2.55 1.85455 63.2
      vertex 2.34335 1.99263 65.6
      vertex 2.55 1.85455 65.6
    endloop
  endfacet
  facet normal 0.555573 0.831468 0
    outer loop
      vertex 2.34335 1.99263 65.6
      vertex 2.55 1.85455 63.2
      vertex 2.34335 1.99263 63.2
    endloop
  endfacet
  facet normal -0.896876 0.442282 0
    outer loop
      vertex 5.14545 2.55 63.2
      vertex 5.25537 2.7729 65.6
      vertex 5.25537 2.7729 63.2
    endloop
  endfacet
  facet normal -0.896876 0.442282 0
    outer loop
      vertex 5.25537 2.7729 65.6
      vertex 5.14545 2.55 63.2
      vertex 5.14545 2.55 65.6
    endloop
  endfacet
  facet normal -0.442282 0.896876 0
    outer loop
      vertex 4.45 1.85455 63.2
      vertex 4.2271 1.74463 65.6
      vertex 4.45 1.85455 65.6
    endloop
  endfacet
  facet normal -0.442282 0.896876 0
    outer loop
      vertex 4.2271 1.74463 65.6
      vertex 4.45 1.85455 63.2
      vertex 4.2271 1.74463 63.2
    endloop
  endfacet
  facet normal -0.980783 0.195102 0
    outer loop
      vertex 5.33526 3.00824 63.2
      vertex 5.38375 3.252 65.6
      vertex 5.38375 3.252 63.2
    endloop
  endfacet
  facet normal -0.980783 0.195102 0
    outer loop
      vertex 5.38375 3.252 65.6
      vertex 5.33526 3.00824 63.2
      vertex 5.33526 3.00824 65.6
    endloop
  endfacet
  facet normal -0.555573 0.831468 0
    outer loop
      vertex 4.65665 1.99263 63.2
      vertex 4.45 1.85455 65.6
      vertex 4.65665 1.99263 65.6
    endloop
  endfacet
  facet normal -0.555573 0.831468 0
    outer loop
      vertex 4.45 1.85455 65.6
      vertex 4.65665 1.99263 63.2
      vertex 4.45 1.85455 63.2
    endloop
  endfacet
  facet normal -0.831468 0.555573 0
    outer loop
      vertex 5.00737 2.34335 63.2
      vertex 5.14545 2.55 65.6
      vertex 5.14545 2.55 63.2
    endloop
  endfacet
  facet normal -0.831468 0.555573 0
    outer loop
      vertex 5.14545 2.55 65.6
      vertex 5.00737 2.34335 63.2
      vertex 5.00737 2.34335 65.6
    endloop
  endfacet
  facet normal -0.981113 -0.193434 0
    outer loop
      vertex 148.185 3.72189 104.8
      vertex 148.142 3.93999 107.2
      vertex 148.142 3.93999 104.8
    endloop
  endfacet
  facet normal -0.981113 -0.193434 0
    outer loop
      vertex 148.142 3.93999 107.2
      vertex 148.185 3.72189 104.8
      vertex 148.185 3.72189 107.2
    endloop
  endfacet
  facet normal -0.997723 -0.0674471 0
    outer loop
      vertex 148.2 3.5 104.8
      vertex 148.185 3.72189 107.2
      vertex 148.185 3.72189 104.8
    endloop
  endfacet
  facet normal -0.997723 -0.0674471 0
    outer loop
      vertex 148.185 3.72189 107.2
      vertex 148.2 3.5 104.8
      vertex 148.2 3.5 107.2
    endloop
  endfacet
  facet normal 0.443064 -0.89649 0
    outer loop
      vertex 145.65 4.97224 104.8
      vertex 145.849 5.07059 107.2
      vertex 145.65 4.97224 107.2
    endloop
  endfacet
  facet normal 0.443064 -0.89649 0
    outer loop
      vertex 145.849 5.07059 107.2
      vertex 145.65 4.97224 104.8
      vertex 145.849 5.07059 104.8
    endloop
  endfacet
  facet normal -0.555343 -0.831621 0
    outer loop
      vertex 147.35 4.97224 104.8
      vertex 147.535 4.8487 107.2
      vertex 147.35 4.97224 107.2
    endloop
  endfacet
  facet normal -0.555343 -0.831621 -0
    outer loop
      vertex 147.535 4.8487 107.2
      vertex 147.35 4.97224 104.8
      vertex 147.535 4.8487 104.8
    endloop
  endfacet
  facet normal 0.659765 -0.751472 0
    outer loop
      vertex 145.298 4.70208 104.8
      vertex 145.465 4.8487 107.2
      vertex 145.298 4.70208 107.2
    endloop
  endfacet
  facet normal 0.659765 -0.751472 0
    outer loop
      vertex 145.465 4.8487 107.2
      vertex 145.298 4.70208 104.8
      vertex 145.465 4.8487 104.8
    endloop
  endfacet
  facet normal -0.320816 0.947141 0
    outer loop
      vertex 147.151 1.9294 104.8
      vertex 146.94 1.85793 107.2
      vertex 147.151 1.9294 107.2
    endloop
  endfacet
  facet normal -0.320816 0.947141 0
    outer loop
      vertex 146.94 1.85793 107.2
      vertex 147.151 1.9294 104.8
      vertex 146.94 1.85793 104.8
    endloop
  endfacet
  facet normal -0.947584 0.319506 0
    outer loop
      vertex 148.071 2.84944 104.8
      vertex 148.142 3.06001 107.2
      vertex 148.142 3.06001 104.8
    endloop
  endfacet
  facet normal -0.947584 0.319506 0
    outer loop
      vertex 148.142 3.06001 107.2
      vertex 148.071 2.84944 104.8
      vertex 148.071 2.84944 107.2
    endloop
  endfacet
  facet normal -0.320856 -0.947128 0
    outer loop
      vertex 146.94 5.14207 104.8
      vertex 147.151 5.07059 107.2
      vertex 146.94 5.14207 107.2
    endloop
  endfacet
  facet normal -0.320856 -0.947128 -0
    outer loop
      vertex 147.151 5.07059 107.2
      vertex 146.94 5.14207 104.8
      vertex 147.151 5.07059 104.8
    endloop
  endfacet
  facet normal -0.195208 -0.980762 0
    outer loop
      vertex 146.722 5.18546 104.8
      vertex 146.94 5.14207 107.2
      vertex 146.722 5.18546 107.2
    endloop
  endfacet
  facet normal -0.195208 -0.980762 -0
    outer loop
      vertex 146.94 5.14207 107.2
      vertex 146.722 5.18546 104.8
      vertex 146.94 5.14207 104.8
    endloop
  endfacet
  facet normal 0.555343 -0.831621 0
    outer loop
      vertex 145.465 4.8487 104.8
      vertex 145.65 4.97224 107.2
      vertex 145.465 4.8487 107.2
    endloop
  endfacet
  facet normal 0.555343 -0.831621 0
    outer loop
      vertex 145.65 4.97224 107.2
      vertex 145.465 4.8487 104.8
      vertex 145.65 4.97224 104.8
    endloop
  endfacet
  facet normal -0.895717 0.444625 0
    outer loop
      vertex 147.972 2.65 104.8
      vertex 148.071 2.84944 107.2
      vertex 148.071 2.84944 104.8
    endloop
  endfacet
  facet normal -0.895717 0.444625 0
    outer loop
      vertex 148.071 2.84944 107.2
      vertex 147.972 2.65 104.8
      vertex 147.972 2.65 107.2
    endloop
  endfacet
  facet normal -0.659765 -0.751472 0
    outer loop
      vertex 147.535 4.8487 104.8
      vertex 147.702 4.70208 107.2
      vertex 147.535 4.8487 107.2
    endloop
  endfacet
  facet normal -0.659765 -0.751472 -0
    outer loop
      vertex 147.702 4.70208 107.2
      vertex 147.535 4.8487 104.8
      vertex 147.702 4.70208 104.8
    endloop
  endfacet
  facet normal -0.555343 0.831621 0
    outer loop
      vertex 147.535 2.1513 104.8
      vertex 147.35 2.02776 107.2
      vertex 147.535 2.1513 107.2
    endloop
  endfacet
  facet normal -0.555343 0.831621 0
    outer loop
      vertex 147.35 2.02776 107.2
      vertex 147.535 2.1513 104.8
      vertex 147.35 2.02776 104.8
    endloop
  endfacet
  facet normal -0.443064 -0.89649 0
    outer loop
      vertex 147.151 5.07059 104.8
      vertex 147.35 4.97224 107.2
      vertex 147.151 5.07059 107.2
    endloop
  endfacet
  facet normal -0.443064 -0.89649 -0
    outer loop
      vertex 147.35 4.97224 107.2
      vertex 147.151 5.07059 104.8
      vertex 147.35 4.97224 104.8
    endloop
  endfacet
  facet normal 0.659765 0.751472 -0
    outer loop
      vertex 145.465 2.1513 104.8
      vertex 145.298 2.29792 107.2
      vertex 145.465 2.1513 107.2
    endloop
  endfacet
  facet normal 0.659765 0.751472 0
    outer loop
      vertex 145.298 2.29792 107.2
      vertex 145.465 2.1513 104.8
      vertex 145.298 2.29792 104.8
    endloop
  endfacet
  facet normal 0.750997 0.660306 0
    outer loop
      vertex 145.298 2.29792 107.2
      vertex 145.151 2.46511 104.8
      vertex 145.151 2.46511 107.2
    endloop
  endfacet
  facet normal 0.750997 0.660306 0
    outer loop
      vertex 145.151 2.46511 104.8
      vertex 145.298 2.29792 107.2
      vertex 145.298 2.29792 104.8
    endloop
  endfacet
  facet normal 0.83259 0.553889 0
    outer loop
      vertex 145.151 2.46511 107.2
      vertex 145.028 2.65 104.8
      vertex 145.028 2.65 107.2
    endloop
  endfacet
  facet normal 0.83259 0.553889 0
    outer loop
      vertex 145.028 2.65 104.8
      vertex 145.151 2.46511 107.2
      vertex 145.151 2.46511 104.8
    endloop
  endfacet
  facet normal -0.83259 -0.553889 0
    outer loop
      vertex 147.972 4.35 104.8
      vertex 147.849 4.53489 107.2
      vertex 147.849 4.53489 104.8
    endloop
  endfacet
  facet normal -0.83259 -0.553889 0
    outer loop
      vertex 147.849 4.53489 107.2
      vertex 147.972 4.35 104.8
      vertex 147.972 4.35 107.2
    endloop
  endfacet
  facet normal -0.195208 0.980762 0
    outer loop
      vertex 146.94 1.85793 104.8
      vertex 146.722 1.81454 107.2
      vertex 146.94 1.85793 107.2
    endloop
  endfacet
  facet normal -0.195208 0.980762 0
    outer loop
      vertex 146.722 1.81454 107.2
      vertex 146.94 1.85793 104.8
      vertex 146.722 1.81454 104.8
    endloop
  endfacet
  facet normal -0.981112 0.193442 0
    outer loop
      vertex 148.142 3.06001 104.8
      vertex 148.185 3.2781 107.2
      vertex 148.185 3.2781 104.8
    endloop
  endfacet
  facet normal -0.981112 0.193442 0
    outer loop
      vertex 148.185 3.2781 107.2
      vertex 148.142 3.06001 104.8
      vertex 148.142 3.06001 107.2
    endloop
  endfacet
  facet normal 0.947584 0.319506 0
    outer loop
      vertex 144.929 2.84944 107.2
      vertex 144.858 3.06001 104.8
      vertex 144.858 3.06001 107.2
    endloop
  endfacet
  facet normal 0.947584 0.319506 0
    outer loop
      vertex 144.858 3.06001 104.8
      vertex 144.929 2.84944 107.2
      vertex 144.929 2.84944 104.8
    endloop
  endfacet
  facet normal -0.4431 0.896472 0
    outer loop
      vertex 147.35 2.02776 104.8
      vertex 147.151 1.9294 107.2
      vertex 147.35 2.02776 107.2
    endloop
  endfacet
  facet normal -0.4431 0.896472 0
    outer loop
      vertex 147.151 1.9294 107.2
      vertex 147.35 2.02776 104.8
      vertex 147.151 1.9294 104.8
    endloop
  endfacet
  facet normal -0.0653555 -0.997862 0
    outer loop
      vertex 146.5 5.2 104.8
      vertex 146.722 5.18546 107.2
      vertex 146.5 5.2 107.2
    endloop
  endfacet
  facet normal -0.0653555 -0.997862 -0
    outer loop
      vertex 146.722 5.18546 107.2
      vertex 146.5 5.2 104.8
      vertex 146.722 5.18546 104.8
    endloop
  endfacet
  facet normal 0.320856 -0.947128 0
    outer loop
      vertex 145.849 5.07059 104.8
      vertex 146.06 5.14207 107.2
      vertex 145.849 5.07059 107.2
    endloop
  endfacet
  facet normal 0.320856 -0.947128 0
    outer loop
      vertex 146.06 5.14207 107.2
      vertex 145.849 5.07059 104.8
      vertex 146.06 5.14207 104.8
    endloop
  endfacet
  facet normal 0.195208 -0.980762 0
    outer loop
      vertex 146.06 5.14207 104.8
      vertex 146.278 5.18546 107.2
      vertex 146.06 5.14207 107.2
    endloop
  endfacet
  facet normal 0.195208 -0.980762 0
    outer loop
      vertex 146.278 5.18546 107.2
      vertex 146.06 5.14207 104.8
      vertex 146.278 5.18546 104.8
    endloop
  endfacet
  facet normal -0.895717 -0.444625 0
    outer loop
      vertex 148.071 4.15056 104.8
      vertex 147.972 4.35 107.2
      vertex 147.972 4.35 104.8
    endloop
  endfacet
  facet normal -0.895717 -0.444625 0
    outer loop
      vertex 147.972 4.35 107.2
      vertex 148.071 4.15056 104.8
      vertex 148.071 4.15056 107.2
    endloop
  endfacet
  facet normal -0.997723 0.0674441 0
    outer loop
      vertex 148.185 3.2781 104.8
      vertex 148.2 3.5 107.2
      vertex 148.2 3.5 104.8
    endloop
  endfacet
  facet normal -0.997723 0.0674441 0
    outer loop
      vertex 148.2 3.5 107.2
      vertex 148.185 3.2781 104.8
      vertex 148.185 3.2781 107.2
    endloop
  endfacet
  facet normal -0.0653555 0.997862 0
    outer loop
      vertex 146.722 1.81454 104.8
      vertex 146.5 1.8 107.2
      vertex 146.722 1.81454 107.2
    endloop
  endfacet
  facet normal -0.0653555 0.997862 0
    outer loop
      vertex 146.5 1.8 107.2
      vertex 146.722 1.81454 104.8
      vertex 146.5 1.8 104.8
    endloop
  endfacet
  facet normal -0.750997 -0.660306 0
    outer loop
      vertex 147.849 4.53489 104.8
      vertex 147.702 4.70208 107.2
      vertex 147.702 4.70208 104.8
    endloop
  endfacet
  facet normal -0.750997 -0.660306 0
    outer loop
      vertex 147.702 4.70208 107.2
      vertex 147.849 4.53489 104.8
      vertex 147.849 4.53489 107.2
    endloop
  endfacet
  facet normal 0.997723 0.0674441 0
    outer loop
      vertex 144.815 3.2781 107.2
      vertex 144.8 3.5 104.8
      vertex 144.8 3.5 107.2
    endloop
  endfacet
  facet normal 0.997723 0.0674441 0
    outer loop
      vertex 144.8 3.5 104.8
      vertex 144.815 3.2781 107.2
      vertex 144.815 3.2781 104.8
    endloop
  endfacet
  facet normal -0.750997 0.660306 0
    outer loop
      vertex 147.702 2.29792 104.8
      vertex 147.849 2.46511 107.2
      vertex 147.849 2.46511 104.8
    endloop
  endfacet
  facet normal -0.750997 0.660306 0
    outer loop
      vertex 147.849 2.46511 107.2
      vertex 147.702 2.29792 104.8
      vertex 147.702 2.29792 107.2
    endloop
  endfacet
  facet normal 0.750997 -0.660306 0
    outer loop
      vertex 145.151 4.53489 107.2
      vertex 145.298 4.70208 104.8
      vertex 145.298 4.70208 107.2
    endloop
  endfacet
  facet normal 0.750997 -0.660306 0
    outer loop
      vertex 145.298 4.70208 104.8
      vertex 145.151 4.53489 107.2
      vertex 145.151 4.53489 104.8
    endloop
  endfacet
  facet normal 0.83259 -0.553889 0
    outer loop
      vertex 145.028 4.35 107.2
      vertex 145.151 4.53489 104.8
      vertex 145.151 4.53489 107.2
    endloop
  endfacet
  facet normal 0.83259 -0.553889 0
    outer loop
      vertex 145.151 4.53489 104.8
      vertex 145.028 4.35 107.2
      vertex 145.028 4.35 104.8
    endloop
  endfacet
  facet normal 0.0653555 -0.997862 0
    outer loop
      vertex 146.278 5.18546 104.8
      vertex 146.5 5.2 107.2
      vertex 146.278 5.18546 107.2
    endloop
  endfacet
  facet normal 0.0653555 -0.997862 0
    outer loop
      vertex 146.5 5.2 107.2
      vertex 146.278 5.18546 104.8
      vertex 146.5 5.2 104.8
    endloop
  endfacet
  facet normal 0.981112 0.193442 0
    outer loop
      vertex 144.858 3.06001 107.2
      vertex 144.815 3.2781 104.8
      vertex 144.815 3.2781 107.2
    endloop
  endfacet
  facet normal 0.981112 0.193442 0
    outer loop
      vertex 144.815 3.2781 104.8
      vertex 144.858 3.06001 107.2
      vertex 144.858 3.06001 104.8
    endloop
  endfacet
  facet normal 0.320816 0.947141 -0
    outer loop
      vertex 146.06 1.85793 104.8
      vertex 145.849 1.9294 107.2
      vertex 146.06 1.85793 107.2
    endloop
  endfacet
  facet normal 0.320816 0.947141 0
    outer loop
      vertex 145.849 1.9294 107.2
      vertex 146.06 1.85793 104.8
      vertex 145.849 1.9294 104.8
    endloop
  endfacet
  facet normal -0.947584 -0.319506 0
    outer loop
      vertex 148.142 3.93999 104.8
      vertex 148.071 4.15056 107.2
      vertex 148.071 4.15056 104.8
    endloop
  endfacet
  facet normal -0.947584 -0.319506 0
    outer loop
      vertex 148.071 4.15056 107.2
      vertex 148.142 3.93999 104.8
      vertex 148.142 3.93999 107.2
    endloop
  endfacet
  facet normal 0.4431 0.896472 -0
    outer loop
      vertex 145.849 1.9294 104.8
      vertex 145.65 2.02776 107.2
      vertex 145.849 1.9294 107.2
    endloop
  endfacet
  facet normal 0.4431 0.896472 0
    outer loop
      vertex 145.65 2.02776 107.2
      vertex 145.849 1.9294 104.8
      vertex 145.65 2.02776 104.8
    endloop
  endfacet
  facet normal -0.83259 0.553889 0
    outer loop
      vertex 147.849 2.46511 104.8
      vertex 147.972 2.65 107.2
      vertex 147.972 2.65 104.8
    endloop
  endfacet
  facet normal -0.83259 0.553889 0
    outer loop
      vertex 147.972 2.65 107.2
      vertex 147.849 2.46511 104.8
      vertex 147.849 2.46511 107.2
    endloop
  endfacet
  facet normal 0.555343 0.831621 -0
    outer loop
      vertex 145.65 2.02776 104.8
      vertex 145.465 2.1513 107.2
      vertex 145.65 2.02776 107.2
    endloop
  endfacet
  facet normal 0.555343 0.831621 0
    outer loop
      vertex 145.465 2.1513 107.2
      vertex 145.65 2.02776 104.8
      vertex 145.465 2.1513 104.8
    endloop
  endfacet
  facet normal 0.195208 0.980762 -0
    outer loop
      vertex 146.278 1.81454 104.8
      vertex 146.06 1.85793 107.2
      vertex 146.278 1.81454 107.2
    endloop
  endfacet
  facet normal 0.195208 0.980762 0
    outer loop
      vertex 146.06 1.85793 107.2
      vertex 146.278 1.81454 104.8
      vertex 146.06 1.85793 104.8
    endloop
  endfacet
  facet normal 0.895717 -0.444625 0
    outer loop
      vertex 144.929 4.15056 107.2
      vertex 145.028 4.35 104.8
      vertex 145.028 4.35 107.2
    endloop
  endfacet
  facet normal 0.895717 -0.444625 0
    outer loop
      vertex 145.028 4.35 104.8
      vertex 144.929 4.15056 107.2
      vertex 144.929 4.15056 104.8
    endloop
  endfacet
  facet normal 0.0653555 0.997862 -0
    outer loop
      vertex 146.5 1.8 104.8
      vertex 146.278 1.81454 107.2
      vertex 146.5 1.8 107.2
    endloop
  endfacet
  facet normal 0.0653555 0.997862 0
    outer loop
      vertex 146.278 1.81454 107.2
      vertex 146.5 1.8 104.8
      vertex 146.278 1.81454 104.8
    endloop
  endfacet
  facet normal 0.895717 0.444625 0
    outer loop
      vertex 145.028 2.65 107.2
      vertex 144.929 2.84944 104.8
      vertex 144.929 2.84944 107.2
    endloop
  endfacet
  facet normal 0.895717 0.444625 0
    outer loop
      vertex 144.929 2.84944 104.8
      vertex 145.028 2.65 107.2
      vertex 145.028 2.65 104.8
    endloop
  endfacet
  facet normal 0.997723 -0.0674471 0
    outer loop
      vertex 144.8 3.5 107.2
      vertex 144.815 3.72189 104.8
      vertex 144.815 3.72189 107.2
    endloop
  endfacet
  facet normal 0.997723 -0.0674471 0
    outer loop
      vertex 144.815 3.72189 104.8
      vertex 144.8 3.5 107.2
      vertex 144.8 3.5 104.8
    endloop
  endfacet
  facet normal 0.981113 -0.193434 0
    outer loop
      vertex 144.815 3.72189 107.2
      vertex 144.858 3.93999 104.8
      vertex 144.858 3.93999 107.2
    endloop
  endfacet
  facet normal 0.981113 -0.193434 0
    outer loop
      vertex 144.858 3.93999 104.8
      vertex 144.815 3.72189 107.2
      vertex 144.815 3.72189 104.8
    endloop
  endfacet
  facet normal 0.947584 -0.319506 0
    outer loop
      vertex 144.858 3.93999 107.2
      vertex 144.929 4.15056 104.8
      vertex 144.929 4.15056 107.2
    endloop
  endfacet
  facet normal 0.947584 -0.319506 0
    outer loop
      vertex 144.929 4.15056 104.8
      vertex 144.858 3.93999 107.2
      vertex 144.858 3.93999 104.8
    endloop
  endfacet
  facet normal -0.659765 0.751472 0
    outer loop
      vertex 147.702 2.29792 104.8
      vertex 147.535 2.1513 107.2
      vertex 147.702 2.29792 107.2
    endloop
  endfacet
  facet normal -0.659765 0.751472 0
    outer loop
      vertex 147.535 2.1513 107.2
      vertex 147.702 2.29792 104.8
      vertex 147.535 2.1513 104.8
    endloop
  endfacet
  facet normal 0.997925 0.0643823 0
    outer loop
      vertex 144.616 3.252 65.6
      vertex 144.6 3.5 63.2
      vertex 144.6 3.5 65.6
    endloop
  endfacet
  facet normal 0.997925 0.0643823 0
    outer loop
      vertex 144.6 3.5 63.2
      vertex 144.616 3.252 65.6
      vertex 144.616 3.252 63.2
    endloop
  endfacet
  facet normal -0.831617 0.55535 0
    outer loop
      vertex 148.007 2.34335 63.2
      vertex 148.145 2.55 65.6
      vertex 148.145 2.55 63.2
    endloop
  endfacet
  facet normal -0.831617 0.55535 0
    outer loop
      vertex 148.145 2.55 65.6
      vertex 148.007 2.34335 63.2
      vertex 148.007 2.34335 65.6
    endloop
  endfacet
  facet normal -0.065384 0.99786 0
    outer loop
      vertex 146.748 1.61625 63.2
      vertex 146.5 1.6 65.6
      vertex 146.748 1.61625 65.6
    endloop
  endfacet
  facet normal -0.065384 0.99786 0
    outer loop
      vertex 146.5 1.6 65.6
      vertex 146.748 1.61625 63.2
      vertex 146.5 1.6 63.2
    endloop
  endfacet
  facet normal -0.194918 0.98082 0
    outer loop
      vertex 146.992 1.66474 63.2
      vertex 146.748 1.61625 65.6
      vertex 146.992 1.66474 65.6
    endloop
  endfacet
  facet normal -0.194918 0.98082 0
    outer loop
      vertex 146.748 1.61625 65.6
      vertex 146.992 1.66474 63.2
      vertex 146.748 1.61625 63.2
    endloop
  endfacet
  facet normal 0.321867 0.946785 -0
    outer loop
      vertex 146.008 1.66474 63.2
      vertex 145.773 1.74463 65.6
      vertex 146.008 1.66474 65.6
    endloop
  endfacet
  facet normal 0.321867 0.946785 0
    outer loop
      vertex 145.773 1.74463 65.6
      vertex 146.008 1.66474 63.2
      vertex 145.773 1.74463 63.2
    endloop
  endfacet
  facet normal -1 0 0
    outer loop
      vertex 148.4 3.5 63.2
      vertex 148.4 10 65.6
      vertex 148.4 10 63.2
    endloop
  endfacet
  facet normal -1 -0 0
    outer loop
      vertex 148.4 10 65.6
      vertex 148.4 3.5 63.2
      vertex 148.4 3.5 65.6
    endloop
  endfacet
  facet normal 0.831617 0.55535 0
    outer loop
      vertex 144.993 2.34335 65.6
      vertex 144.855 2.55 63.2
      vertex 144.855 2.55 65.6
    endloop
  endfacet
  facet normal 0.831617 0.55535 0
    outer loop
      vertex 144.855 2.55 63.2
      vertex 144.993 2.34335 65.6
      vertex 144.993 2.34335 63.2
    endloop
  endfacet
  facet normal 1 -0 0
    outer loop
      vertex 144.6 3.5 65.6
      vertex 144.6 10 63.2
      vertex 144.6 10 65.6
    endloop
  endfacet
  facet normal 1 0 0
    outer loop
      vertex 144.6 10 63.2
      vertex 144.6 3.5 65.6
      vertex 144.6 3.5 63.2
    endloop
  endfacet
  facet normal -0.980388 0.197075 0
    outer loop
      vertex 148.335 3.00824 63.2
      vertex 148.384 3.252 65.6
      vertex 148.384 3.252 63.2
    endloop
  endfacet
  facet normal -0.980388 0.197075 0
    outer loop
      vertex 148.384 3.252 65.6
      vertex 148.335 3.00824 63.2
      vertex 148.335 3.00824 65.6
    endloop
  endfacet
  facet normal 0.946792 0.321846 0
    outer loop
      vertex 144.745 2.7729 65.6
      vertex 144.665 3.00824 63.2
      vertex 144.665 3.00824 65.6
    endloop
  endfacet
  facet normal 0.946792 0.321846 0
    outer loop
      vertex 144.665 3.00824 63.2
      vertex 144.745 2.7729 65.6
      vertex 144.745 2.7729 63.2
    endloop
  endfacet
  facet normal -0.997925 0.0643823 0
    outer loop
      vertex 148.384 3.252 63.2
      vertex 148.4 3.5 65.6
      vertex 148.4 3.5 63.2
    endloop
  endfacet
  facet normal -0.997925 0.0643823 0
    outer loop
      vertex 148.4 3.5 65.6
      vertex 148.384 3.252 63.2
      vertex 148.384 3.252 65.6
    endloop
  endfacet
  facet normal -0.946792 0.321846 0
    outer loop
      vertex 148.255 2.7729 63.2
      vertex 148.335 3.00824 65.6
      vertex 148.335 3.00824 63.2
    endloop
  endfacet
  facet normal -0.946792 0.321846 0
    outer loop
      vertex 148.335 3.00824 65.6
      vertex 148.255 2.7729 63.2
      vertex 148.255 2.7729 65.6
    endloop
  endfacet
  facet normal -0.659063 0.752088 0
    outer loop
      vertex 147.844 2.1565 63.2
      vertex 147.657 1.99263 65.6
      vertex 147.844 2.1565 65.6
    endloop
  endfacet
  facet normal -0.659063 0.752088 0
    outer loop
      vertex 147.657 1.99263 65.6
      vertex 147.844 2.1565 63.2
      vertex 147.657 1.99263 63.2
    endloop
  endfacet
  facet normal -0.896748 0.442541 0
    outer loop
      vertex 148.145 2.55 63.2
      vertex 148.255 2.7729 65.6
      vertex 148.255 2.7729 63.2
    endloop
  endfacet
  facet normal -0.896748 0.442541 0
    outer loop
      vertex 148.255 2.7729 65.6
      vertex 148.145 2.55 63.2
      vertex 148.145 2.55 65.6
    endloop
  endfacet
  facet normal -0.753563 0.657376 0
    outer loop
      vertex 147.844 2.1565 63.2
      vertex 148.007 2.34335 65.6
      vertex 148.007 2.34335 63.2
    endloop
  endfacet
  facet normal -0.753563 0.657376 0
    outer loop
      vertex 148.007 2.34335 65.6
      vertex 147.844 2.1565 63.2
      vertex 147.844 2.1565 65.6
    endloop
  endfacet
  facet normal 0.554923 0.831902 -0
    outer loop
      vertex 145.55 1.85455 63.2
      vertex 145.343 1.99263 65.6
      vertex 145.55 1.85455 65.6
    endloop
  endfacet
  facet normal 0.554923 0.831902 0
    outer loop
      vertex 145.343 1.99263 65.6
      vertex 145.55 1.85455 63.2
      vertex 145.343 1.99263 63.2
    endloop
  endfacet
  facet normal 0.065384 0.99786 -0
    outer loop
      vertex 146.5 1.6 63.2
      vertex 146.252 1.61625 65.6
      vertex 146.5 1.6 65.6
    endloop
  endfacet
  facet normal 0.065384 0.99786 0
    outer loop
      vertex 146.252 1.61625 65.6
      vertex 146.5 1.6 63.2
      vertex 146.252 1.61625 63.2
    endloop
  endfacet
  facet normal 0.194918 0.98082 -0
    outer loop
      vertex 146.252 1.61625 63.2
      vertex 146.008 1.66474 65.6
      vertex 146.252 1.61625 65.6
    endloop
  endfacet
  facet normal 0.194918 0.98082 0
    outer loop
      vertex 146.008 1.66474 65.6
      vertex 146.252 1.61625 63.2
      vertex 146.008 1.66474 63.2
    endloop
  endfacet
  facet normal -0.442122 0.896955 0
    outer loop
      vertex 147.45 1.85455 63.2
      vertex 147.227 1.74463 65.6
      vertex 147.45 1.85455 65.6
    endloop
  endfacet
  facet normal -0.442122 0.896955 0
    outer loop
      vertex 147.227 1.74463 65.6
      vertex 147.45 1.85455 63.2
      vertex 147.227 1.74463 63.2
    endloop
  endfacet
  facet normal 0.980388 0.197075 0
    outer loop
      vertex 144.665 3.00824 65.6
      vertex 144.616 3.252 63.2
      vertex 144.616 3.252 65.6
    endloop
  endfacet
  facet normal 0.980388 0.197075 0
    outer loop
      vertex 144.616 3.252 63.2
      vertex 144.665 3.00824 65.6
      vertex 144.665 3.00824 63.2
    endloop
  endfacet
  facet normal 0.896748 0.442541 0
    outer loop
      vertex 144.855 2.55 65.6
      vertex 144.745 2.7729 63.2
      vertex 144.745 2.7729 65.6
    endloop
  endfacet
  facet normal 0.896748 0.442541 0
    outer loop
      vertex 144.745 2.7729 63.2
      vertex 144.855 2.55 65.6
      vertex 144.855 2.55 63.2
    endloop
  endfacet
  facet normal -0.321867 0.946785 0
    outer loop
      vertex 147.227 1.74463 63.2
      vertex 146.992 1.66474 65.6
      vertex 147.227 1.74463 65.6
    endloop
  endfacet
  facet normal -0.321867 0.946785 0
    outer loop
      vertex 146.992 1.66474 65.6
      vertex 147.227 1.74463 63.2
      vertex 146.992 1.66474 63.2
    endloop
  endfacet
  facet normal 0.753563 0.657376 0
    outer loop
      vertex 145.156 2.1565 65.6
      vertex 144.993 2.34335 63.2
      vertex 144.993 2.34335 65.6
    endloop
  endfacet
  facet normal 0.753563 0.657376 0
    outer loop
      vertex 144.993 2.34335 63.2
      vertex 145.156 2.1565 65.6
      vertex 145.156 2.1565 63.2
    endloop
  endfacet
  facet normal -0.554923 0.831902 0
    outer loop
      vertex 147.657 1.99263 63.2
      vertex 147.45 1.85455 65.6
      vertex 147.657 1.99263 65.6
    endloop
  endfacet
  facet normal -0.554923 0.831902 0
    outer loop
      vertex 147.45 1.85455 65.6
      vertex 147.657 1.99263 63.2
      vertex 147.45 1.85455 63.2
    endloop
  endfacet
  facet normal 0.442122 0.896955 -0
    outer loop
      vertex 145.773 1.74463 63.2
      vertex 145.55 1.85455 65.6
      vertex 145.773 1.74463 65.6
    endloop
  endfacet
  facet normal 0.442122 0.896955 0
    outer loop
      vertex 145.55 1.85455 65.6
      vertex 145.773 1.74463 63.2
      vertex 145.55 1.85455 63.2
    endloop
  endfacet
  facet normal 0.659063 0.752088 -0
    outer loop
      vertex 145.343 1.99263 63.2
      vertex 145.156 2.1565 65.6
      vertex 145.343 1.99263 65.6
    endloop
  endfacet
  facet normal 0.659063 0.752088 0
    outer loop
      vertex 145.156 2.1565 65.6
      vertex 145.343 1.99263 63.2
      vertex 145.156 2.1565 63.2
    endloop
  endfacet
  facet normal -0.997861 0 -0.0653646
    outer loop
      vertex 60 -2.4 80.2
      vertex 59.9316 0 81.2442
      vertex 60 0 80.2
    endloop
  endfacet
  facet normal -0.997861 -0 -0.0653646
    outer loop
      vertex 59.9316 0 81.2442
      vertex 60 -2.4 80.2
      vertex 59.9316 -2.4 81.2442
    endloop
  endfacet
  facet normal 0 0 -0
    outer loop
      vertex 60 -2.4 80.2
      vertex 60 0 80.2
      vertex 60 -3.29 80.2
    endloop
  endfacet
  facet normal -0.659289 0 -0.75189
    outer loop
      vertex 56.8701 -2.4 86.5468
      vertex 57.6569 0 85.8569
      vertex 57.6569 -2.4 85.8569
    endloop
  endfacet
  facet normal -0.659289 0 -0.75189
    outer loop
      vertex 57.6569 0 85.8569
      vertex 56.8701 -2.4 86.5468
      vertex 56.8701 0 86.5468
    endloop
  endfacet
  facet normal 0.555582 0 0.831462
    outer loop
      vertex 47.1299 0 73.8532
      vertex 48 -3.29 73.2718
      vertex 48 0 73.2718
    endloop
  endfacet
  facet normal 0.555582 0 0.831462
    outer loop
      vertex 48 -3.29 73.2718
      vertex 47.1299 0 73.8532
      vertex 47.1299 -3.29 73.8532
    endloop
  endfacet
  facet normal -0.980779 0 -0.195124
    outer loop
      vertex 59.9316 -2.4 81.2442
      vertex 59.7274 0 82.2706
      vertex 59.9316 0 81.2442
    endloop
  endfacet
  facet normal -0.980779 -0 -0.195124
    outer loop
      vertex 59.7274 0 82.2706
      vertex 59.9316 -2.4 81.2442
      vertex 59.7274 -2.4 82.2706
    endloop
  endfacet
  facet normal -0.555582 0 0.831462
    outer loop
      vertex 56 0 73.2718
      vertex 56.8701 -3.29 73.8532
      vertex 56.8701 0 73.8532
    endloop
  endfacet
  facet normal -0.555582 0 0.831462
    outer loop
      vertex 56.8701 -3.29 73.8532
      vertex 56 0 73.2718
      vertex 56 -3.29 73.2718
    endloop
  endfacet
  facet normal -0.94692 0 0.321469
    outer loop
      vertex 59.391 -3.29 77.1385
      vertex 59.7274 0 78.1294
      vertex 59.391 0 77.1385
    endloop
  endfacet
  facet normal -0.94692 0 0.321469
    outer loop
      vertex 59.7274 0 78.1294
      vertex 59.391 -3.29 77.1385
      vertex 59.7274 -3.29 78.1294
    endloop
  endfacet
  facet normal -0.831388 0 -0.555692
    outer loop
      vertex 58.8119 -2.4 84.374
      vertex 58.9282 0 84.2
      vertex 58.9282 -2.4 84.2
    endloop
  endfacet
  facet normal -0.831462 1.15587e-05 -0.555582
    outer loop
      vertex 58.9282 0 84.2
      vertex 58.8119 -2.4 84.374
      vertex 58.3468 0 85.0701
    endloop
  endfacet
  facet normal -0.83148 0 -0.555554
    outer loop
      vertex 58.3468 -3.29 85.0701
      vertex 58.8119 -2.4 84.374
      vertex 58.8119 -3.29 84.374
    endloop
  endfacet
  facet normal -0.83148 0 -0.555554
    outer loop
      vertex 58.8119 -2.4 84.374
      vertex 58.3468 -3.29 85.0701
      vertex 58.3468 0 85.0701
    endloop
  endfacet
  facet normal -0.997861 0 0.0653646
    outer loop
      vertex 59.9316 -3.29 79.1558
      vertex 60 0 80.2
      vertex 59.9316 0 79.1558
    endloop
  endfacet
  facet normal -0.997861 0 0.0653646
    outer loop
      vertex 60 0 80.2
      vertex 59.9316 -3.29 79.1558
      vertex 60 -3.29 80.2
    endloop
  endfacet
  facet normal 0.980779 0 -0.195124
    outer loop
      vertex 44.2726 -3.29 82.2706
      vertex 44.0684 0 81.2442
      vertex 44.2726 0 82.2706
    endloop
  endfacet
  facet normal 0.980779 0 -0.195124
    outer loop
      vertex 44.0684 0 81.2442
      vertex 44.2726 -3.29 82.2706
      vertex 44.0684 -3.29 81.2442
    endloop
  endfacet
  facet normal 0.0653646 0 -0.997861
    outer loop
      vertex 50.9558 -2.4 88.1316
      vertex 52 0 88.2
      vertex 52 -2.4 88.2
    endloop
  endfacet
  facet normal 0.0653646 0 -0.997861
    outer loop
      vertex 52 0 88.2
      vertex 50.9558 -2.4 88.1316
      vertex 50.9558 0 88.1316
    endloop
  endfacet
  facet normal -0.321469 0 -0.94692
    outer loop
      vertex 54.0706 -2.4 87.9274
      vertex 55.0615 0 87.591
      vertex 55.0615 -2.4 87.591
    endloop
  endfacet
  facet normal -0.321469 0 -0.94692
    outer loop
      vertex 55.0615 0 87.591
      vertex 54.0706 -2.4 87.9274
      vertex 54.0706 0 87.9274
    endloop
  endfacet
  facet normal -0.442276 0 0.896879
    outer loop
      vertex 55.0615 0 72.809
      vertex 56 -3.29 73.2718
      vertex 56 0 73.2718
    endloop
  endfacet
  facet normal -0.442276 0 0.896879
    outer loop
      vertex 56 -3.29 73.2718
      vertex 55.0615 0 72.809
      vertex 55.0615 -3.29 72.809
    endloop
  endfacet
  facet normal -0.195124 0 -0.980779
    outer loop
      vertex 53.0442 -2.4 88.1316
      vertex 54.0706 0 87.9274
      vertex 54.0706 -2.4 87.9274
    endloop
  endfacet
  facet normal -0.195124 0 -0.980779
    outer loop
      vertex 54.0706 0 87.9274
      vertex 53.0442 -2.4 88.1316
      vertex 53.0442 0 88.1316
    endloop
  endfacet
  facet normal -0.659289 0 0.75189
    outer loop
      vertex 56.8701 0 73.8532
      vertex 57.6569 -3.29 74.5431
      vertex 57.6569 0 74.5431
    endloop
  endfacet
  facet normal -0.659289 0 0.75189
    outer loop
      vertex 57.6569 -3.29 74.5431
      vertex 56.8701 0 73.8532
      vertex 56.8701 -3.29 73.8532
    endloop
  endfacet
  facet normal 0.442255 0 -0.896889
    outer loop
      vertex 48.3806 -2.4 87.3159
      vertex 48.9385 -3.29 87.591
      vertex 48.3806 -3.29 87.3159
    endloop
  endfacet
  facet normal 0.442255 0 -0.896889
    outer loop
      vertex 48.9385 -3.29 87.591
      vertex 48.3806 -2.4 87.3159
      vertex 48.9385 0 87.591
    endloop
  endfacet
  facet normal 0.442305 0 -0.896864
    outer loop
      vertex 48 0 87.1282
      vertex 48.3806 -2.4 87.3159
      vertex 48 -2.4 87.1282
    endloop
  endfacet
  facet normal 0.442276 -5.88124e-06 -0.896879
    outer loop
      vertex 48.3806 -2.4 87.3159
      vertex 48 0 87.1282
      vertex 48.9385 0 87.591
    endloop
  endfacet
  facet normal 0.997861 -0 0.0653646
    outer loop
      vertex 44 -3.29 80.2
      vertex 44.0684 0 79.1558
      vertex 44 0 80.2
    endloop
  endfacet
  facet normal 0.997861 0 0.0653646
    outer loop
      vertex 44.0684 0 79.1558
      vertex 44 -3.29 80.2
      vertex 44.0684 -3.29 79.1558
    endloop
  endfacet
  facet normal 0.896879 -0 0.442276
    outer loop
      vertex 44.609 -3.29 77.1385
      vertex 45.0718 0 76.2
      vertex 44.609 0 77.1385
    endloop
  endfacet
  facet normal 0.896879 0 0.442276
    outer loop
      vertex 45.0718 0 76.2
      vertex 44.609 -3.29 77.1385
      vertex 45.0718 -3.29 76.2
    endloop
  endfacet
  facet normal -0.555582 0 -0.831462
    outer loop
      vertex 56 -2.4 87.1282
      vertex 56.8701 0 86.5468
      vertex 56.8701 -2.4 86.5468
    endloop
  endfacet
  facet normal -0.555582 0 -0.831462
    outer loop
      vertex 56.8701 0 86.5468
      vertex 56 -2.4 87.1282
      vertex 56 0 87.1282
    endloop
  endfacet
  facet normal -0.896879 0 -0.442276
    outer loop
      vertex 59.391 -2.4 83.2615
      vertex 58.9282 0 84.2
      vertex 59.391 0 83.2615
    endloop
  endfacet
  facet normal -0.896879 -0 -0.442276
    outer loop
      vertex 58.9282 0 84.2
      vertex 59.391 -2.4 83.2615
      vertex 58.9282 -2.4 84.2
    endloop
  endfacet
  facet normal -0.831462 0 0.555582
    outer loop
      vertex 58.3468 -3.29 75.3299
      vertex 58.9282 0 76.2
      vertex 58.3468 0 75.3299
    endloop
  endfacet
  facet normal -0.831462 0 0.555582
    outer loop
      vertex 58.9282 0 76.2
      vertex 58.3468 -3.29 75.3299
      vertex 58.9282 -3.29 76.2
    endloop
  endfacet
  facet normal -0.442276 0 -0.896879
    outer loop
      vertex 55.0615 -2.4 87.591
      vertex 56 0 87.1282
      vertex 56 -2.4 87.1282
    endloop
  endfacet
  facet normal -0.442276 0 -0.896879
    outer loop
      vertex 56 0 87.1282
      vertex 55.0615 -2.4 87.591
      vertex 55.0615 0 87.591
    endloop
  endfacet
  facet normal 0.94692 -0 0.321469
    outer loop
      vertex 44.2726 -3.29 78.1294
      vertex 44.609 0 77.1385
      vertex 44.2726 0 78.1294
    endloop
  endfacet
  facet normal 0.94692 0 0.321469
    outer loop
      vertex 44.609 0 77.1385
      vertex 44.2726 -3.29 78.1294
      vertex 44.609 -3.29 77.1385
    endloop
  endfacet
  facet normal 0.831462 -0 0.555582
    outer loop
      vertex 45.0718 -3.29 76.2
      vertex 45.6532 0 75.3299
      vertex 45.0718 0 76.2
    endloop
  endfacet
  facet normal 0.831462 0 0.555582
    outer loop
      vertex 45.6532 0 75.3299
      vertex 45.0718 -3.29 76.2
      vertex 45.6532 -3.29 75.3299
    endloop
  endfacet
  facet normal -0.980779 0 0.195124
    outer loop
      vertex 59.7274 -3.29 78.1294
      vertex 59.9316 0 79.1558
      vertex 59.7274 0 78.1294
    endloop
  endfacet
  facet normal -0.980779 0 0.195124
    outer loop
      vertex 59.9316 0 79.1558
      vertex 59.7274 -3.29 78.1294
      vertex 59.9316 -3.29 79.1558
    endloop
  endfacet
  facet normal -0.94692 0 -0.321469
    outer loop
      vertex 59.7274 -2.4 82.2706
      vertex 59.391 0 83.2615
      vertex 59.7274 0 82.2706
    endloop
  endfacet
  facet normal -0.94692 -0 -0.321469
    outer loop
      vertex 59.391 0 83.2615
      vertex 59.7274 -2.4 82.2706
      vertex 59.391 -2.4 83.2615
    endloop
  endfacet
  facet normal -0.896879 0 0.442276
    outer loop
      vertex 58.9282 -3.29 76.2
      vertex 59.391 0 77.1385
      vertex 58.9282 0 76.2
    endloop
  endfacet
  facet normal -0.896879 0 0.442276
    outer loop
      vertex 59.391 0 77.1385
      vertex 58.9282 -3.29 76.2
      vertex 59.391 -3.29 77.1385
    endloop
  endfacet
  facet normal 0.75189 0 -0.659289
    outer loop
      vertex 46.3431 -3.29 85.8569
      vertex 45.6532 0 85.0701
      vertex 46.3431 0 85.8569
    endloop
  endfacet
  facet normal 0.75189 0 -0.659289
    outer loop
      vertex 45.6532 0 85.0701
      vertex 46.3431 -3.29 85.8569
      vertex 45.6532 -3.29 85.0701
    endloop
  endfacet
  facet normal 0.195124 0 -0.980779
    outer loop
      vertex 49.9294 -2.4 87.9274
      vertex 50.9558 0 88.1316
      vertex 50.9558 -2.4 88.1316
    endloop
  endfacet
  facet normal 0.195124 0 -0.980779
    outer loop
      vertex 50.9558 0 88.1316
      vertex 49.9294 -2.4 87.9274
      vertex 49.9294 0 87.9274
    endloop
  endfacet
  facet normal 0 0 0
    outer loop
      vertex 49.9294 0 87.9274
      vertex 49.9294 -2.4 87.9274
      vertex 49.9294 -3.29 87.9274
    endloop
  endfacet
  facet normal 0.442276 0 0.896879
    outer loop
      vertex 48 0 73.2718
      vertex 48.9385 -3.29 72.809
      vertex 48.9385 0 72.809
    endloop
  endfacet
  facet normal 0.442276 0 0.896879
    outer loop
      vertex 48.9385 -3.29 72.809
      vertex 48 0 73.2718
      vertex 48 -3.29 73.2718
    endloop
  endfacet
  facet normal 0.555581 0 -0.831462
    outer loop
      vertex 47.7396 -3.29 86.9542
      vertex 47.1299 -3.29 86.5468
      vertex 47.7396 -2.4 86.9542
    endloop
  endfacet
  facet normal 0.555584 0 -0.83146
    outer loop
      vertex 47.7396 -2.4 86.9542
      vertex 48 0 87.1282
      vertex 48 -2.4 87.1282
    endloop
  endfacet
  facet normal 0.555581 0 -0.831462
    outer loop
      vertex 47.1299 0 86.5468
      vertex 47.7396 -2.4 86.9542
      vertex 47.1299 -3.29 86.5468
    endloop
  endfacet
  facet normal 0.555582 3.34458e-07 -0.831462
    outer loop
      vertex 47.7396 -2.4 86.9542
      vertex 47.1299 0 86.5468
      vertex 48 0 87.1282
    endloop
  endfacet
  facet normal 0.831462 0 -0.555582
    outer loop
      vertex 45.6532 -3.29 85.0701
      vertex 45.0718 0 84.2
      vertex 45.6532 0 85.0701
    endloop
  endfacet
  facet normal 0.831462 0 -0.555582
    outer loop
      vertex 45.0718 0 84.2
      vertex 45.6532 -3.29 85.0701
      vertex 45.0718 -3.29 84.2
    endloop
  endfacet
  facet normal 0.0653646 0 0.997861
    outer loop
      vertex 50.9558 0 72.2684
      vertex 52 -3.29 72.2
      vertex 52 0 72.2
    endloop
  endfacet
  facet normal 0.0653646 0 0.997861
    outer loop
      vertex 52 -3.29 72.2
      vertex 50.9558 0 72.2684
      vertex 50.9558 -3.29 72.2684
    endloop
  endfacet
  facet normal -0.75189 3.60511e-05 -0.659289
    outer loop
      vertex 58.3468 0 85.0701
      vertex 57.7948 -2.4 85.6995
      vertex 57.6569 0 85.8569
    endloop
  endfacet
  facet normal -0.751821 0 -0.659367
    outer loop
      vertex 58.3468 -3.29 85.0701
      vertex 57.7948 -2.4 85.6995
      vertex 58.3468 0 85.0701
    endloop
  endfacet
  facet normal -0.751821 -0 -0.659367
    outer loop
      vertex 57.7948 -2.4 85.6995
      vertex 58.3468 -3.29 85.0701
      vertex 57.7948 -3.29 85.6995
    endloop
  endfacet
  facet normal -0.752162 -0 -0.658978
    outer loop
      vertex 57.6569 0 85.8569
      vertex 57.7948 -2.4 85.6995
      vertex 57.6569 -2.4 85.8569
    endloop
  endfacet
  facet normal -0.195124 0 0.980779
    outer loop
      vertex 53.0442 0 72.2684
      vertex 54.0706 -3.29 72.4726
      vertex 54.0706 0 72.4726
    endloop
  endfacet
  facet normal -0.195124 0 0.980779
    outer loop
      vertex 54.0706 -3.29 72.4726
      vertex 53.0442 0 72.2684
      vertex 53.0442 -3.29 72.2684
    endloop
  endfacet
  facet normal -0.0653646 0 0.997861
    outer loop
      vertex 52 0 72.2
      vertex 53.0442 -3.29 72.2684
      vertex 53.0442 0 72.2684
    endloop
  endfacet
  facet normal -0.0653646 0 0.997861
    outer loop
      vertex 53.0442 -3.29 72.2684
      vertex 52 0 72.2
      vertex 52 -3.29 72.2
    endloop
  endfacet
  facet normal 0.321469 0 0.94692
    outer loop
      vertex 48.9385 0 72.809
      vertex 49.9294 -3.29 72.4726
      vertex 49.9294 0 72.4726
    endloop
  endfacet
  facet normal 0.321469 0 0.94692
    outer loop
      vertex 49.9294 -3.29 72.4726
      vertex 48.9385 0 72.809
      vertex 48.9385 -3.29 72.809
    endloop
  endfacet
  facet normal 0.94692 0 -0.321469
    outer loop
      vertex 44.609 -3.29 83.2615
      vertex 44.2726 0 82.2706
      vertex 44.609 0 83.2615
    endloop
  endfacet
  facet normal 0.94692 0 -0.321469
    outer loop
      vertex 44.2726 0 82.2706
      vertex 44.609 -3.29 83.2615
      vertex 44.2726 -3.29 82.2706
    endloop
  endfacet
  facet normal 0.659289 0 0.75189
    outer loop
      vertex 46.3431 0 74.5431
      vertex 47.1299 -3.29 73.8532
      vertex 47.1299 0 73.8532
    endloop
  endfacet
  facet normal 0.659289 0 0.75189
    outer loop
      vertex 47.1299 -3.29 73.8532
      vertex 46.3431 0 74.5431
      vertex 46.3431 -3.29 74.5431
    endloop
  endfacet
  facet normal 0.75189 -0 0.659289
    outer loop
      vertex 45.6532 -3.29 75.3299
      vertex 46.3431 0 74.5431
      vertex 45.6532 0 75.3299
    endloop
  endfacet
  facet normal 0.75189 0 0.659289
    outer loop
      vertex 46.3431 0 74.5431
      vertex 45.6532 -3.29 75.3299
      vertex 46.3431 -3.29 74.5431
    endloop
  endfacet
  facet normal 0.980779 -0 0.195124
    outer loop
      vertex 44.0684 -3.29 79.1558
      vertex 44.2726 0 78.1294
      vertex 44.0684 0 79.1558
    endloop
  endfacet
  facet normal 0.980779 0 0.195124
    outer loop
      vertex 44.2726 0 78.1294
      vertex 44.0684 -3.29 79.1558
      vertex 44.2726 -3.29 78.1294
    endloop
  endfacet
  facet normal -0.321469 0 0.94692
    outer loop
      vertex 54.0706 0 72.4726
      vertex 55.0615 -3.29 72.809
      vertex 55.0615 0 72.809
    endloop
  endfacet
  facet normal -0.321469 0 0.94692
    outer loop
      vertex 55.0615 -3.29 72.809
      vertex 54.0706 0 72.4726
      vertex 54.0706 -3.29 72.4726
    endloop
  endfacet
  facet normal -0.75189 0 0.659289
    outer loop
      vertex 57.6569 -3.29 74.5431
      vertex 58.3468 0 75.3299
      vertex 57.6569 0 74.5431
    endloop
  endfacet
  facet normal -0.75189 0 0.659289
    outer loop
      vertex 58.3468 0 75.3299
      vertex 57.6569 -3.29 74.5431
      vertex 58.3468 -3.29 75.3299
    endloop
  endfacet
  facet normal 0.195124 0 0.980779
    outer loop
      vertex 49.9294 0 72.4726
      vertex 50.9558 -3.29 72.2684
      vertex 50.9558 0 72.2684
    endloop
  endfacet
  facet normal 0.195124 0 0.980779
    outer loop
      vertex 50.9558 -3.29 72.2684
      vertex 49.9294 0 72.4726
      vertex 49.9294 -3.29 72.4726
    endloop
  endfacet
  facet normal 0.659289 0 -0.75189
    outer loop
      vertex 46.3431 -3.29 85.8569
      vertex 47.1299 0 86.5468
      vertex 47.1299 -3.29 86.5468
    endloop
  endfacet
  facet normal 0.659289 0 -0.75189
    outer loop
      vertex 47.1299 0 86.5468
      vertex 46.3431 -3.29 85.8569
      vertex 46.3431 0 85.8569
    endloop
  endfacet
  facet normal 0.896879 0 -0.442276
    outer loop
      vertex 45.0718 -3.29 84.2
      vertex 44.609 0 83.2615
      vertex 45.0718 0 84.2
    endloop
  endfacet
  facet normal 0.896879 0 -0.442276
    outer loop
      vertex 44.609 0 83.2615
      vertex 45.0718 -3.29 84.2
      vertex 44.609 -3.29 83.2615
    endloop
  endfacet
  facet normal -0.0653646 0 -0.997861
    outer loop
      vertex 52 -2.4 88.2
      vertex 53.0442 0 88.1316
      vertex 53.0442 -2.4 88.1316
    endloop
  endfacet
  facet normal -0.0653646 0 -0.997861
    outer loop
      vertex 53.0442 0 88.1316
      vertex 52 -2.4 88.2
      vertex 52 0 88.2
    endloop
  endfacet
  facet normal 0.997861 1.07508e-06 -0.0653646
    outer loop
      vertex 44.0684 0 81.2442
      vertex 44.0009 -2.4 80.2137
      vertex 44 0 80.2
    endloop
  endfacet
  facet normal 0.997862 0 -0.0653621
    outer loop
      vertex 44.0684 -3.29 81.2442
      vertex 44.0009 -2.4 80.2137
      vertex 44.0684 0 81.2442
    endloop
  endfacet
  facet normal 0.997862 0 -0.0653621
    outer loop
      vertex 44.0009 -2.4 80.2137
      vertex 44.0684 -3.29 81.2442
      vertex 44.0009 -3.29 80.2137
    endloop
  endfacet
  facet normal 0.997849 0 -0.0655521
    outer loop
      vertex 44 0 80.2
      vertex 44.0009 -2.4 80.2137
      vertex 44 -2.4 80.2
    endloop
  endfacet
  facet normal 0 0 0
    outer loop
      vertex 44 0 80.2
      vertex 44 -2.4 80.2
      vertex 44 -3.29 80.2
    endloop
  endfacet
  facet normal 0.321469 0 -0.94692
    outer loop
      vertex 48.9385 -3.29 87.591
      vertex 49.9294 0 87.9274
      vertex 49.9294 -3.29 87.9274
    endloop
  endfacet
  facet normal 0.321469 0 -0.94692
    outer loop
      vertex 49.9294 0 87.9274
      vertex 48.9385 -3.29 87.591
      vertex 48.9385 0 87.591
    endloop
  endfacet
  facet normal -0.194811 0 0.980841
    outer loop
      vertex 119.087 0 70.7385
      vertex 119.665 -2.4 70.8533
      vertex 119.665 0 70.8533
    endloop
  endfacet
  facet normal -0.194811 0 0.980841
    outer loop
      vertex 119.665 -2.4 70.8533
      vertex 119.087 0 70.7385
      vertex 119.087 -2.4 70.7385
    endloop
  endfacet
  facet normal -0.980731 0 -0.195365
    outer loop
      vertex 122.962 -2.4 75.7874
      vertex 122.847 0 76.3647
      vertex 122.962 0 75.7874
    endloop
  endfacet
  facet normal -0.980731 -0 -0.195365
    outer loop
      vertex 122.847 0 76.3647
      vertex 122.962 -2.4 75.7874
      vertex 122.847 -2.4 76.3647
    endloop
  endfacet
  facet normal -0.997914 0 -0.0645569
    outer loop
      vertex 123 -2.4 75.2
      vertex 122.962 0 75.7874
      vertex 123 0 75.2
    endloop
  endfacet
  facet normal -0.997914 -0 -0.0645569
    outer loop
      vertex 122.962 0 75.7874
      vertex 123 -2.4 75.2
      vertex 122.962 -2.4 75.7874
    endloop
  endfacet
  facet normal 0.980731 -0 0.195365
    outer loop
      vertex 114.038 -2.4 74.6126
      vertex 114.153 0 74.0353
      vertex 114.038 0 74.6126
    endloop
  endfacet
  facet normal 0.980731 0 0.195365
    outer loop
      vertex 114.153 0 74.0353
      vertex 114.038 -2.4 74.6126
      vertex 114.153 -2.4 74.0353
    endloop
  endfacet
  facet normal 0.321628 0 -0.946866
    outer loop
      vertex 116.778 -2.4 79.3575
      vertex 117.335 0 79.5467
      vertex 117.335 -2.4 79.5467
    endloop
  endfacet
  facet normal 0.321628 0 -0.946866
    outer loop
      vertex 117.335 0 79.5467
      vertex 116.778 -2.4 79.3575
      vertex 116.778 0 79.3575
    endloop
  endfacet
  facet normal -0.980731 0 0.195365
    outer loop
      vertex 122.847 -2.4 74.0353
      vertex 122.962 0 74.6126
      vertex 122.847 0 74.0353
    endloop
  endfacet
  facet normal -0.980731 0 0.195365
    outer loop
      vertex 122.962 0 74.6126
      vertex 122.847 -2.4 74.0353
      vertex 122.962 -2.4 74.6126
    endloop
  endfacet
  facet normal -0.897096 0 0.441836
    outer loop
      vertex 122.397 -2.4 72.95
      vertex 122.657 0 73.4779
      vertex 122.397 0 72.95
    endloop
  endfacet
  facet normal -0.897096 0 0.441836
    outer loop
      vertex 122.657 0 73.4779
      vertex 122.397 -2.4 72.95
      vertex 122.657 -2.4 73.4779
    endloop
  endfacet
  facet normal -0.658961 0 0.752177
    outer loop
      vertex 121.239 0 71.6299
      vertex 121.682 -2.4 72.018
      vertex 121.682 0 72.018
    endloop
  endfacet
  facet normal -0.658961 0 0.752177
    outer loop
      vertex 121.682 -2.4 72.018
      vertex 121.239 0 71.6299
      vertex 121.239 -2.4 71.6299
    endloop
  endfacet
  facet normal 0.0654471 0 -0.997856
    outer loop
      vertex 117.913 -2.4 79.6615
      vertex 118.5 0 79.7
      vertex 118.5 -2.4 79.7
    endloop
  endfacet
  facet normal 0.0654471 0 -0.997856
    outer loop
      vertex 118.5 0 79.7
      vertex 117.913 -2.4 79.6615
      vertex 117.913 0 79.6615
    endloop
  endfacet
  facet normal 0.751966 0 -0.659202
    outer loop
      vertex 115.318 -2.4 78.382
      vertex 114.93 0 77.9394
      vertex 115.318 0 78.382
    endloop
  endfacet
  facet normal 0.751966 0 -0.659202
    outer loop
      vertex 114.93 0 77.9394
      vertex 115.318 -2.4 78.382
      vertex 114.93 -2.4 77.9394
    endloop
  endfacet
  facet normal 0.194811 0 0.980841
    outer loop
      vertex 117.335 0 70.8533
      vertex 117.913 -2.4 70.7385
      vertex 117.913 0 70.7385
    endloop
  endfacet
  facet normal 0.194811 0 0.980841
    outer loop
      vertex 117.913 -2.4 70.7385
      vertex 117.335 0 70.8533
      vertex 117.335 -2.4 70.8533
    endloop
  endfacet
  facet normal -0.946522 0 -0.322639
    outer loop
      vertex 122.847 -2.4 76.3647
      vertex 122.657 0 76.9221
      vertex 122.847 0 76.3647
    endloop
  endfacet
  facet normal -0.946522 -0 -0.322639
    outer loop
      vertex 122.657 0 76.9221
      vertex 122.847 -2.4 76.3647
      vertex 122.657 -2.4 76.9221
    endloop
  endfacet
  facet normal 0.194811 0 -0.980841
    outer loop
      vertex 117.335 -2.4 79.5467
      vertex 117.913 0 79.6615
      vertex 117.913 -2.4 79.6615
    endloop
  endfacet
  facet normal 0.194811 0 -0.980841
    outer loop
      vertex 117.913 0 79.6615
      vertex 117.335 -2.4 79.5467
      vertex 117.335 0 79.5467
    endloop
  endfacet
  facet normal -0.897096 0 -0.441836
    outer loop
      vertex 122.657 -2.4 76.9221
      vertex 122.397 0 77.45
      vertex 122.657 0 76.9221
    endloop
  endfacet
  facet normal -0.897096 -0 -0.441836
    outer loop
      vertex 122.397 0 77.45
      vertex 122.657 -2.4 76.9221
      vertex 122.397 -2.4 77.45
    endloop
  endfacet
  facet normal -0.442315 0 -0.89686
    outer loop
      vertex 120.222 -2.4 79.3575
      vertex 120.75 0 79.0971
      vertex 120.75 -2.4 79.0971
    endloop
  endfacet
  facet normal -0.442315 0 -0.89686
    outer loop
      vertex 120.75 0 79.0971
      vertex 120.222 -2.4 79.3575
      vertex 120.222 0 79.3575
    endloop
  endfacet
  facet normal -0.831475 0 0.555562
    outer loop
      vertex 122.07 -2.4 72.4606
      vertex 122.397 0 72.95
      vertex 122.07 0 72.4606
    endloop
  endfacet
  facet normal -0.831475 0 0.555562
    outer loop
      vertex 122.397 0 72.95
      vertex 122.07 -2.4 72.4606
      vertex 122.397 -2.4 72.95
    endloop
  endfacet
  facet normal 0.0654471 0 0.997856
    outer loop
      vertex 117.913 0 70.7385
      vertex 118.5 -2.4 70.7
      vertex 118.5 0 70.7
    endloop
  endfacet
  facet normal 0.0654471 0 0.997856
    outer loop
      vertex 118.5 -2.4 70.7
      vertex 117.913 0 70.7385
      vertex 117.913 -2.4 70.7385
    endloop
  endfacet
  facet normal -0.194811 0 -0.980841
    outer loop
      vertex 119.087 -2.4 79.6615
      vertex 119.665 0 79.5467
      vertex 119.665 -2.4 79.5467
    endloop
  endfacet
  facet normal -0.194811 0 -0.980841
    outer loop
      vertex 119.665 0 79.5467
      vertex 119.087 -2.4 79.6615
      vertex 119.087 0 79.6615
    endloop
  endfacet
  facet normal 0.442315 0 -0.89686
    outer loop
      vertex 116.25 -2.4 79.0971
      vertex 116.778 0 79.3575
      vertex 116.778 -2.4 79.3575
    endloop
  endfacet
  facet normal 0.442315 0 -0.89686
    outer loop
      vertex 116.778 0 79.3575
      vertex 116.25 -2.4 79.0971
      vertex 116.25 0 79.0971
    endloop
  endfacet
  facet normal -0.555877 0 0.831265
    outer loop
      vertex 120.75 0 71.3029
      vertex 121.239 -2.4 71.6299
      vertex 121.239 0 71.6299
    endloop
  endfacet
  facet normal -0.555877 0 0.831265
    outer loop
      vertex 121.239 -2.4 71.6299
      vertex 120.75 0 71.3029
      vertex 120.75 -2.4 71.3029
    endloop
  endfacet
  facet normal 0.946522 -0 0.322639
    outer loop
      vertex 114.153 -2.4 74.0353
      vertex 114.343 0 73.4779
      vertex 114.153 0 74.0353
    endloop
  endfacet
  facet normal 0.946522 0 0.322639
    outer loop
      vertex 114.343 0 73.4779
      vertex 114.153 -2.4 74.0353
      vertex 114.343 -2.4 73.4779
    endloop
  endfacet
  facet normal -0.751966 0 -0.659202
    outer loop
      vertex 122.07 -2.4 77.9394
      vertex 121.682 0 78.382
      vertex 122.07 0 77.9394
    endloop
  endfacet
  facet normal -0.751966 -0 -0.659202
    outer loop
      vertex 121.682 0 78.382
      vertex 122.07 -2.4 77.9394
      vertex 121.682 -2.4 78.382
    endloop
  endfacet
  facet normal 0.555877 0 0.831265
    outer loop
      vertex 115.761 0 71.6299
      vertex 116.25 -2.4 71.3029
      vertex 116.25 0 71.3029
    endloop
  endfacet
  facet normal 0.555877 0 0.831265
    outer loop
      vertex 116.25 -2.4 71.3029
      vertex 115.761 0 71.6299
      vertex 115.761 -2.4 71.6299
    endloop
  endfacet
  facet normal -0.658961 0 -0.752177
    outer loop
      vertex 121.239 -2.4 78.7701
      vertex 121.682 0 78.382
      vertex 121.682 -2.4 78.382
    endloop
  endfacet
  facet normal -0.658961 0 -0.752177
    outer loop
      vertex 121.682 0 78.382
      vertex 121.239 -2.4 78.7701
      vertex 121.239 0 78.7701
    endloop
  endfacet
  facet normal -0.831475 0 -0.555562
    outer loop
      vertex 122.397 -2.4 77.45
      vertex 122.07 0 77.9394
      vertex 122.397 0 77.45
    endloop
  endfacet
  facet normal -0.831475 -0 -0.555562
    outer loop
      vertex 122.07 0 77.9394
      vertex 122.397 -2.4 77.45
      vertex 122.07 -2.4 77.9394
    endloop
  endfacet
  facet normal -0.555877 0 -0.831265
    outer loop
      vertex 120.75 -2.4 79.0971
      vertex 121.239 0 78.7701
      vertex 121.239 -2.4 78.7701
    endloop
  endfacet
  facet normal -0.555877 0 -0.831265
    outer loop
      vertex 121.239 0 78.7701
      vertex 120.75 -2.4 79.0971
      vertex 120.75 0 79.0971
    endloop
  endfacet
  facet normal 0.658961 0 -0.752177
    outer loop
      vertex 115.318 -2.4 78.382
      vertex 115.761 0 78.7701
      vertex 115.761 -2.4 78.7701
    endloop
  endfacet
  facet normal 0.658961 0 -0.752177
    outer loop
      vertex 115.761 0 78.7701
      vertex 115.318 -2.4 78.382
      vertex 115.318 0 78.382
    endloop
  endfacet
  facet normal 0.897096 -0 0.441836
    outer loop
      vertex 114.343 -2.4 73.4779
      vertex 114.603 0 72.95
      vertex 114.343 0 73.4779
    endloop
  endfacet
  facet normal 0.897096 0 0.441836
    outer loop
      vertex 114.603 0 72.95
      vertex 114.343 -2.4 73.4779
      vertex 114.603 -2.4 72.95
    endloop
  endfacet
  facet normal -0.751966 0 0.659202
    outer loop
      vertex 121.682 -2.4 72.018
      vertex 122.07 0 72.4606
      vertex 121.682 0 72.018
    endloop
  endfacet
  facet normal -0.751966 0 0.659202
    outer loop
      vertex 122.07 0 72.4606
      vertex 121.682 -2.4 72.018
      vertex 122.07 -2.4 72.4606
    endloop
  endfacet
  facet normal 0.555877 0 -0.831265
    outer loop
      vertex 115.761 -2.4 78.7701
      vertex 116.25 0 79.0971
      vertex 116.25 -2.4 79.0971
    endloop
  endfacet
  facet normal 0.555877 0 -0.831265
    outer loop
      vertex 116.25 0 79.0971
      vertex 115.761 -2.4 78.7701
      vertex 115.761 0 78.7701
    endloop
  endfacet
  facet normal 0.658961 0 0.752177
    outer loop
      vertex 115.318 0 72.018
      vertex 115.761 -2.4 71.6299
      vertex 115.761 0 71.6299
    endloop
  endfacet
  facet normal 0.658961 0 0.752177
    outer loop
      vertex 115.761 -2.4 71.6299
      vertex 115.318 0 72.018
      vertex 115.318 -2.4 72.018
    endloop
  endfacet
  facet normal 0.997914 0 -0.0645569
    outer loop
      vertex 114.038 -2.4 75.7874
      vertex 114 0 75.2
      vertex 114.038 0 75.7874
    endloop
  endfacet
  facet normal 0.997914 0 -0.0645569
    outer loop
      vertex 114 0 75.2
      vertex 114.038 -2.4 75.7874
      vertex 114 -2.4 75.2
    endloop
  endfacet
  facet normal 0.980731 0 -0.195365
    outer loop
      vertex 114.153 -2.4 76.3647
      vertex 114.038 0 75.7874
      vertex 114.153 0 76.3647
    endloop
  endfacet
  facet normal 0.980731 0 -0.195365
    outer loop
      vertex 114.038 0 75.7874
      vertex 114.153 -2.4 76.3647
      vertex 114.038 -2.4 75.7874
    endloop
  endfacet
  facet normal -0.321628 0 -0.946866
    outer loop
      vertex 119.665 -2.4 79.5467
      vertex 120.222 0 79.3575
      vertex 120.222 -2.4 79.3575
    endloop
  endfacet
  facet normal -0.321628 0 -0.946866
    outer loop
      vertex 120.222 0 79.3575
      vertex 119.665 -2.4 79.5467
      vertex 119.665 0 79.5467
    endloop
  endfacet
  facet normal 0.442315 0 0.89686
    outer loop
      vertex 116.25 0 71.3029
      vertex 116.778 -2.4 71.0425
      vertex 116.778 0 71.0425
    endloop
  endfacet
  facet normal 0.442315 0 0.89686
    outer loop
      vertex 116.778 -2.4 71.0425
      vertex 116.25 0 71.3029
      vertex 116.25 -2.4 71.3029
    endloop
  endfacet
  facet normal 0.831475 -0 0.555562
    outer loop
      vertex 114.603 -2.4 72.95
      vertex 114.93 0 72.4606
      vertex 114.603 0 72.95
    endloop
  endfacet
  facet normal 0.831475 0 0.555562
    outer loop
      vertex 114.93 0 72.4606
      vertex 114.603 -2.4 72.95
      vertex 114.93 -2.4 72.4606
    endloop
  endfacet
  facet normal -0.997914 0 0.0645569
    outer loop
      vertex 122.962 -2.4 74.6126
      vertex 123 0 75.2
      vertex 122.962 0 74.6126
    endloop
  endfacet
  facet normal -0.997914 0 0.0645569
    outer loop
      vertex 123 0 75.2
      vertex 122.962 -2.4 74.6126
      vertex 123 -2.4 75.2
    endloop
  endfacet
  facet normal -0.442315 0 0.89686
    outer loop
      vertex 120.222 0 71.0425
      vertex 120.75 -2.4 71.3029
      vertex 120.75 0 71.3029
    endloop
  endfacet
  facet normal -0.442315 0 0.89686
    outer loop
      vertex 120.75 -2.4 71.3029
      vertex 120.222 0 71.0425
      vertex 120.222 -2.4 71.0425
    endloop
  endfacet
  facet normal 0.997914 -0 0.0645569
    outer loop
      vertex 114 -2.4 75.2
      vertex 114.038 0 74.6126
      vertex 114 0 75.2
    endloop
  endfacet
  facet normal 0.997914 0 0.0645569
    outer loop
      vertex 114.038 0 74.6126
      vertex 114 -2.4 75.2
      vertex 114.038 -2.4 74.6126
    endloop
  endfacet
  facet normal 0.831475 0 -0.555562
    outer loop
      vertex 114.93 -2.4 77.9394
      vertex 114.603 0 77.45
      vertex 114.93 0 77.9394
    endloop
  endfacet
  facet normal 0.831475 0 -0.555562
    outer loop
      vertex 114.603 0 77.45
      vertex 114.93 -2.4 77.9394
      vertex 114.603 -2.4 77.45
    endloop
  endfacet
  facet normal -0.946522 0 0.322639
    outer loop
      vertex 122.657 -2.4 73.4779
      vertex 122.847 0 74.0353
      vertex 122.657 0 73.4779
    endloop
  endfacet
  facet normal -0.946522 0 0.322639
    outer loop
      vertex 122.847 0 74.0353
      vertex 122.657 -2.4 73.4779
      vertex 122.847 -2.4 74.0353
    endloop
  endfacet
  facet normal -0.321628 0 0.946866
    outer loop
      vertex 119.665 0 70.8533
      vertex 120.222 -2.4 71.0425
      vertex 120.222 0 71.0425
    endloop
  endfacet
  facet normal -0.321628 0 0.946866
    outer loop
      vertex 120.222 -2.4 71.0425
      vertex 119.665 0 70.8533
      vertex 119.665 -2.4 70.8533
    endloop
  endfacet
  facet normal 0.751966 -0 0.659202
    outer loop
      vertex 114.93 -2.4 72.4606
      vertex 115.318 0 72.018
      vertex 114.93 0 72.4606
    endloop
  endfacet
  facet normal 0.751966 0 0.659202
    outer loop
      vertex 115.318 0 72.018
      vertex 114.93 -2.4 72.4606
      vertex 115.318 -2.4 72.018
    endloop
  endfacet
  facet normal -0.0654471 0 -0.997856
    outer loop
      vertex 118.5 -2.4 79.7
      vertex 119.087 0 79.6615
      vertex 119.087 -2.4 79.6615
    endloop
  endfacet
  facet normal -0.0654471 0 -0.997856
    outer loop
      vertex 119.087 0 79.6615
      vertex 118.5 -2.4 79.7
      vertex 118.5 0 79.7
    endloop
  endfacet
  facet normal 0.946522 0 -0.322639
    outer loop
      vertex 114.343 -2.4 76.9221
      vertex 114.153 0 76.3647
      vertex 114.343 0 76.9221
    endloop
  endfacet
  facet normal 0.946522 0 -0.322639
    outer loop
      vertex 114.153 0 76.3647
      vertex 114.343 -2.4 76.9221
      vertex 114.153 -2.4 76.3647
    endloop
  endfacet
  facet normal 0.897096 0 -0.441836
    outer loop
      vertex 114.603 -2.4 77.45
      vertex 114.343 0 76.9221
      vertex 114.603 0 77.45
    endloop
  endfacet
  facet normal 0.897096 0 -0.441836
    outer loop
      vertex 114.343 0 76.9221
      vertex 114.603 -2.4 77.45
      vertex 114.343 -2.4 76.9221
    endloop
  endfacet
  facet normal -0.0654471 0 0.997856
    outer loop
      vertex 118.5 0 70.7
      vertex 119.087 -2.4 70.7385
      vertex 119.087 0 70.7385
    endloop
  endfacet
  facet normal -0.0654471 0 0.997856
    outer loop
      vertex 119.087 -2.4 70.7385
      vertex 118.5 0 70.7
      vertex 118.5 -2.4 70.7
    endloop
  endfacet
  facet normal 0.321628 0 0.946866
    outer loop
      vertex 116.778 0 71.0425
      vertex 117.335 -2.4 70.8533
      vertex 117.335 0 70.8533
    endloop
  endfacet
  facet normal 0.321628 0 0.946866
    outer loop
      vertex 117.335 -2.4 70.8533
      vertex 116.778 0 71.0425
      vertex 116.778 -2.4 71.0425
    endloop
  endfacet
  facet normal 0 -1 0
    outer loop
      vertex 105.527 -3.19 98.4124
      vertex 105.527 -3.19 99.9168
      vertex 105 -3.19 99.3903
    endloop
  endfacet
  facet normal 0 -1 0
    outer loop
      vertex 105.527 -3.19 99.9168
      vertex 108.009 -3.19 98.4124
      vertex 108.987 -3.19 99.9168
    endloop
  endfacet
  facet normal 0 -1 0
    outer loop
      vertex 105.527 -3.19 98.4124
      vertex 105 -3.19 99.3903
      vertex 105 -3.19 98.9389
    endloop
  endfacet
  facet normal 0 -1 0
    outer loop
      vertex 105.527 -3.19 99.9168
      vertex 105.527 -3.19 98.4124
      vertex 108.009 -3.19 98.4124
    endloop
  endfacet
  facet normal 0 -1 -0
    outer loop
      vertex 108.987 -3.19 99.9168
      vertex 108.009 -3.19 98.4124
      vertex 109.513 -3.19 99.3903
    endloop
  endfacet
  facet normal 0 -1 0
    outer loop
      vertex 109.513 -3.19 96.1302
      vertex 108.009 -3.19 98.4124
      vertex 108.009 -3.19 96.8937
    endloop
  endfacet
  facet normal 0 -1 0
    outer loop
      vertex 108.009 -3.19 98.4124
      vertex 109.513 -3.19 96.1302
      vertex 109.513 -3.19 99.3903
    endloop
  endfacet
  facet normal 0 -1 0
    outer loop
      vertex 106.504 -3.19 94.9665
      vertex 108.009 -3.19 96.8937
      vertex 105.399 -3.19 96.2408
    endloop
  endfacet
  facet normal 0 -1 0
    outer loop
      vertex 106.504 -3.19 94.9665
      vertex 105.399 -3.19 96.2408
      vertex 105 -3.19 95.73
    endloop
  endfacet
  facet normal 0 -1 -0
    outer loop
      vertex 108.009 -3.19 96.8937
      vertex 106.504 -3.19 94.9665
      vertex 109.115 -3.19 95.6194
    endloop
  endfacet
  facet normal 0 -1 0
    outer loop
      vertex 108.009 -3.19 96.8937
      vertex 109.115 -3.19 95.6194
      vertex 109.513 -3.19 96.1302
    endloop
  endfacet
  facet normal 0 -1 0
    outer loop
      vertex 105 -3.19 95.73
      vertex 106.504 -3.19 93.8991
      vertex 106.504 -3.19 94.9665
    endloop
  endfacet
  facet normal 0 -1 0
    outer loop
      vertex 109.137 -3.19 92.3947
      vertex 109.137 -3.19 93.8991
      vertex 106.504 -3.19 93.8991
    endloop
  endfacet
  facet normal 0 -1 0
    outer loop
      vertex 105 -3.19 92.9212
      vertex 106.504 -3.19 93.8991
      vertex 105 -3.19 95.73
    endloop
  endfacet
  facet normal 0 -1 0
    outer loop
      vertex 105.527 -3.19 92.3947
      vertex 106.504 -3.19 93.8991
      vertex 105 -3.19 92.9212
    endloop
  endfacet
  facet normal 0 -1 0
    outer loop
      vertex 109.137 -3.19 92.3947
      vertex 106.504 -3.19 93.8991
      vertex 105.527 -3.19 92.3947
    endloop
  endfacet
  facet normal 0 -1 0
    outer loop
      vertex 109.137 -3.19 93.8991
      vertex 109.137 -3.19 92.3947
      vertex 109.664 -3.19 93.3726
    endloop
  endfacet
  facet normal 0 -1 -0
    outer loop
      vertex 109.664 -3.19 93.3726
      vertex 109.137 -3.19 92.3947
      vertex 109.664 -3.19 92.9212
    endloop
  endfacet
  facet normal 0 -1 0
    outer loop
      vertex 112.372 -3.19 98.4124
      vertex 111.394 -3.19 99.9168
      vertex 110.867 -3.19 99.3903
    endloop
  endfacet
  facet normal 0 -1 0
    outer loop
      vertex 111.394 -3.19 99.9168
      vertex 112.372 -3.19 98.4124
      vertex 114.854 -3.19 99.9168
    endloop
  endfacet
  facet normal 0 -1 0
    outer loop
      vertex 113.876 -3.19 98.4124
      vertex 114.854 -3.19 99.9168
      vertex 112.372 -3.19 98.4124
    endloop
  endfacet
  facet normal 0 -1 0
    outer loop
      vertex 110.867 -3.19 99.3903
      vertex 112.372 -3.19 96.908
      vertex 112.372 -3.19 98.4124
    endloop
  endfacet
  facet normal 0 -1 0
    outer loop
      vertex 112.372 -3.19 95.4035
      vertex 113.876 -3.19 96.908
      vertex 112.372 -3.19 96.908
    endloop
  endfacet
  facet normal 0 -1 -0
    outer loop
      vertex 113.876 -3.19 96.908
      vertex 112.372 -3.19 95.4035
      vertex 114.854 -3.19 95.4035
    endloop
  endfacet
  facet normal 0 -1 0
    outer loop
      vertex 110.867 -3.19 99.3903
      vertex 112.372 -3.19 95.4035
      vertex 112.372 -3.19 96.908
    endloop
  endfacet
  facet normal 0 -1 0
    outer loop
      vertex 110.867 -3.19 92.9212
      vertex 112.372 -3.19 95.4035
      vertex 110.867 -3.19 99.3903
    endloop
  endfacet
  facet normal 0 -1 0
    outer loop
      vertex 110.867 -3.19 92.9212
      vertex 112.372 -3.19 92.9212
      vertex 112.372 -3.19 95.4035
    endloop
  endfacet
  facet normal 0 -1 0
    outer loop
      vertex 111.394 -3.19 92.3947
      vertex 112.372 -3.19 92.9212
      vertex 110.867 -3.19 92.9212
    endloop
  endfacet
  facet normal 0 -1 0
    outer loop
      vertex 112.372 -3.19 92.9212
      vertex 111.394 -3.19 92.3947
      vertex 111.845 -3.19 92.3947
    endloop
  endfacet
  facet normal 0 -1 -0
    outer loop
      vertex 114.854 -3.19 99.9168
      vertex 113.876 -3.19 98.4124
      vertex 115.381 -3.19 99.3903
    endloop
  endfacet
  facet normal 0 -1 0
    outer loop
      vertex 113.876 -3.19 96.908
      vertex 115.381 -3.19 99.3903
      vertex 113.876 -3.19 98.4124
    endloop
  endfacet
  facet normal 0 -1 -0
    outer loop
      vertex 115.381 -3.19 99.3903
      vertex 113.876 -3.19 96.908
      vertex 115.381 -3.19 95.9301
    endloop
  endfacet
  facet normal 0 -1 0
    outer loop
      vertex 113.876 -3.19 96.908
      vertex 114.854 -3.19 95.4035
      vertex 115.381 -3.19 95.9301
    endloop
  endfacet
  facet normal 0 -1 0
    outer loop
      vertex 123.805 -3.19 98.4124
      vertex 122.827 -3.19 99.9168
      vertex 122.301 -3.19 99.3903
    endloop
  endfacet
  facet normal 0 -1 0
    outer loop
      vertex 122.827 -3.19 99.9168
      vertex 123.805 -3.19 98.4124
      vertex 126.288 -3.19 99.9168
    endloop
  endfacet
  facet normal 0 -1 0
    outer loop
      vertex 125.31 -3.19 98.4124
      vertex 126.288 -3.19 99.9168
      vertex 123.805 -3.19 98.4124
    endloop
  endfacet
  facet normal 0 -1 0
    outer loop
      vertex 122.301 -3.19 99.3903
      vertex 123.805 -3.19 96.908
      vertex 123.805 -3.19 98.4124
    endloop
  endfacet
  facet normal 0 -1 0
    outer loop
      vertex 123.805 -3.19 95.4035
      vertex 125.31 -3.19 96.908
      vertex 123.805 -3.19 96.908
    endloop
  endfacet
  facet normal 0 -1 0
    outer loop
      vertex 125.31 -3.19 96.908
      vertex 126.062 -3.19 95.4035
      vertex 126.814 -3.19 96.908
    endloop
  endfacet
  facet normal -0 -1 0
    outer loop
      vertex 127.566 -3.19 96.3814
      vertex 126.814 -3.19 96.908
      vertex 126.062 -3.19 95.4035
    endloop
  endfacet
  facet normal 0 -1 -0
    outer loop
      vertex 125.31 -3.19 96.908
      vertex 123.805 -3.19 95.4035
      vertex 126.062 -3.19 95.4035
    endloop
  endfacet
  facet normal 0 -1 0
    outer loop
      vertex 122.302 -3.19 93.1469
      vertex 123.805 -3.19 96.908
      vertex 122.301 -3.19 99.3903
    endloop
  endfacet
  facet normal 0 -1 -0
    outer loop
      vertex 123.805 -3.19 96.908
      vertex 122.302 -3.19 93.1469
      vertex 123.805 -3.19 95.4035
    endloop
  endfacet
  facet normal 0 -1 0
    outer loop
      vertex 122.828 -3.19 92.3947
      vertex 123.805 -3.19 93.8991
      vertex 122.302 -3.19 93.1469
    endloop
  endfacet
  facet normal 0 -1 -0
    outer loop
      vertex 123.805 -3.19 95.4035
      vertex 122.302 -3.19 93.1469
      vertex 123.805 -3.19 93.8991
    endloop
  endfacet
  facet normal 0 -1 -0
    outer loop
      vertex 126.288 -3.19 99.9168
      vertex 125.31 -3.19 98.4124
      vertex 126.814 -3.19 99.3903
    endloop
  endfacet
  facet normal 0 -1 0
    outer loop
      vertex 126.814 -3.19 96.908
      vertex 125.31 -3.19 98.4124
      vertex 125.31 -3.19 96.908
    endloop
  endfacet
  facet normal 0 -1 0
    outer loop
      vertex 125.31 -3.19 98.4124
      vertex 126.814 -3.19 96.908
      vertex 126.814 -3.19 99.3903
    endloop
  endfacet
  facet normal 0 -1 0
    outer loop
      vertex 126.814 -3.19 96.908
      vertex 127.566 -3.19 96.3814
      vertex 127.04 -3.19 96.908
    endloop
  endfacet
  facet normal 0 -1 0
    outer loop
      vertex 126.062 -3.19 93.8991
      vertex 127.566 -3.19 96.3814
      vertex 126.062 -3.19 95.4035
    endloop
  endfacet
  facet normal 0 -1 0
    outer loop
      vertex 122.828 -3.19 92.3947
      vertex 122.302 -3.19 93.1469
      vertex 122.302 -3.19 92.9212
    endloop
  endfacet
  facet normal 0 -1 0
    outer loop
      vertex 126.062 -3.19 93.8991
      vertex 127.566 -3.19 92.9212
      vertex 127.566 -3.19 96.3814
    endloop
  endfacet
  facet normal 0 -1 -0
    outer loop
      vertex 123.805 -3.19 93.8991
      vertex 122.828 -3.19 92.3947
      vertex 126.062 -3.19 93.8991
    endloop
  endfacet
  facet normal 0 -1 0
    outer loop
      vertex 127.04 -3.19 92.3947
      vertex 126.062 -3.19 93.8991
      vertex 122.828 -3.19 92.3947
    endloop
  endfacet
  facet normal 0 -1 0
    outer loop
      vertex 126.062 -3.19 93.8991
      vertex 127.04 -3.19 92.3947
      vertex 127.566 -3.19 92.9212
    endloop
  endfacet
  facet normal 0 -1 0
    outer loop
      vertex 135.991 -3.19 96.1557
      vertex 137.496 -3.19 93.8991
      vertex 137.496 -3.19 96.1557
    endloop
  endfacet
  facet normal 0 -1 0
    outer loop
      vertex 138.473 -3.19 92.3947
      vertex 138.473 -3.19 93.8991
      vertex 137.496 -3.19 93.8991
    endloop
  endfacet
  facet normal 0 -1 0
    outer loop
      vertex 135.991 -3.19 92.9212
      vertex 137.496 -3.19 93.8991
      vertex 135.991 -3.19 96.1557
    endloop
  endfacet
  facet normal 0 -1 0
    outer loop
      vertex 136.518 -3.19 92.3947
      vertex 137.496 -3.19 93.8991
      vertex 135.991 -3.19 92.9212
    endloop
  endfacet
  facet normal 0 -1 0
    outer loop
      vertex 138.473 -3.19 92.3947
      vertex 137.496 -3.19 93.8991
      vertex 136.518 -3.19 92.3947
    endloop
  endfacet
  facet normal 0 -1 0
    outer loop
      vertex 138.473 -3.19 93.8991
      vertex 138.473 -3.19 92.3947
      vertex 139 -3.19 93.3726
    endloop
  endfacet
  facet normal 0 -1 -0
    outer loop
      vertex 139 -3.19 93.3726
      vertex 138.473 -3.19 92.3947
      vertex 139 -3.19 92.9212
    endloop
  endfacet
  facet normal 0 -1 0
    outer loop
      vertex 135.239 -3.19 97.1336
      vertex 135.991 -3.19 97.6602
      vertex 135.765 -3.19 97.6602
    endloop
  endfacet
  facet normal 0 -1 0
    outer loop
      vertex 135.991 -3.19 97.6602
      vertex 135.991 -3.19 96.1557
      vertex 137.496 -3.19 97.6602
    endloop
  endfacet
  facet normal 0 -1 -0
    outer loop
      vertex 135.991 -3.19 97.6602
      vertex 135.239 -3.19 97.1336
      vertex 135.991 -3.19 96.1557
    endloop
  endfacet
  facet normal 0 -1 0
    outer loop
      vertex 137.496 -3.19 97.6602
      vertex 137.496 -3.19 96.1557
      vertex 138.473 -3.19 97.6602
    endloop
  endfacet
  facet normal 0 -1 0
    outer loop
      vertex 135.991 -3.19 96.1557
      vertex 135.239 -3.19 97.1336
      vertex 135.239 -3.19 96.6823
    endloop
  endfacet
  facet normal 0 -1 0
    outer loop
      vertex 138.473 -3.19 96.1557
      vertex 138.473 -3.19 97.6602
      vertex 137.496 -3.19 96.1557
    endloop
  endfacet
  facet normal 0 -1 0
    outer loop
      vertex 135.991 -3.19 96.1557
      vertex 135.239 -3.19 96.6823
      vertex 135.765 -3.19 96.1557
    endloop
  endfacet
  facet normal 0 -1 -0
    outer loop
      vertex 137.496 -3.19 97.6602
      vertex 135.991 -3.19 96.1557
      vertex 137.496 -3.19 96.1557
    endloop
  endfacet
  facet normal 0 -1 0
    outer loop
      vertex 138.473 -3.19 97.6602
      vertex 138.473 -3.19 96.1557
      vertex 139 -3.19 97.1336
    endloop
  endfacet
  facet normal 0 -1 -0
    outer loop
      vertex 139 -3.19 97.1336
      vertex 138.473 -3.19 96.1557
      vertex 139 -3.19 96.6823
    endloop
  endfacet
  facet normal 0 -1 0
    outer loop
      vertex 135.991 -3.19 99.0142
      vertex 136.969 -3.19 99.5407
      vertex 136.518 -3.19 99.5407
    endloop
  endfacet
  facet normal 0 -1 0
    outer loop
      vertex 135.991 -3.19 99.0142
      vertex 137.496 -3.19 99.0142
      vertex 136.969 -3.19 99.5407
    endloop
  endfacet
  facet normal 0 -1 0
    outer loop
      vertex 135.991 -3.19 97.6602
      vertex 137.496 -3.19 99.0142
      vertex 135.991 -3.19 99.0142
    endloop
  endfacet
  facet normal 0 -1 -0
    outer loop
      vertex 137.496 -3.19 99.0142
      vertex 135.991 -3.19 97.6602
      vertex 137.496 -3.19 97.6602
    endloop
  endfacet
  facet normal 0 -1 0
    outer loop
      vertex 117.111 -3.19 90.1381
      vertex 117.111 -3.19 91.6425
      vertex 116.584 -3.19 91.1159
    endloop
  endfacet
  facet normal 0 -1 0
    outer loop
      vertex 116.584 -3.19 97.1336
      vertex 117.562 -3.19 97.6602
      vertex 117.111 -3.19 97.6602
    endloop
  endfacet
  facet normal 0 -1 0
    outer loop
      vertex 116.584 -3.19 97.1336
      vertex 118.089 -3.19 97.1336
      vertex 117.562 -3.19 97.6602
    endloop
  endfacet
  facet normal 0 -1 0
    outer loop
      vertex 116.584 -3.19 97.1336
      vertex 118.089 -3.19 95.4035
      vertex 118.089 -3.19 97.1336
    endloop
  endfacet
  facet normal 0 -1 0
    outer loop
      vertex 117.111 -3.19 93.8991
      vertex 118.089 -3.19 95.4035
      vertex 116.584 -3.19 94.4257
    endloop
  endfacet
  facet normal 0 -1 0
    outer loop
      vertex 116.584 -3.19 94.4257
      vertex 118.089 -3.19 95.4035
      vertex 116.584 -3.19 97.1336
    endloop
  endfacet
  facet normal 0 -1 0
    outer loop
      vertex 119.593 -3.19 97.1336
      vertex 120.571 -3.19 97.6602
      vertex 120.119 -3.19 97.6602
    endloop
  endfacet
  facet normal 0 -1 0
    outer loop
      vertex 119.593 -3.19 97.1336
      vertex 121.097 -3.19 97.1336
      vertex 120.571 -3.19 97.6602
    endloop
  endfacet
  facet normal 0 -1 0
    outer loop
      vertex 119.593 -3.19 95.4035
      vertex 121.097 -3.19 97.1336
      vertex 119.593 -3.19 97.1336
    endloop
  endfacet
  facet normal 0 -1 0
    outer loop
      vertex 119.593 -3.19 93.8991
      vertex 118.089 -3.19 95.4035
      vertex 117.111 -3.19 93.8991
    endloop
  endfacet
  facet normal 0 -1 0
    outer loop
      vertex 118.089 -3.19 95.4035
      vertex 119.593 -3.19 93.8991
      vertex 119.593 -3.19 95.4035
    endloop
  endfacet
  facet normal 0 -1 0
    outer loop
      vertex 119.593 -3.19 93.8991
      vertex 121.097 -3.19 97.1336
      vertex 119.593 -3.19 95.4035
    endloop
  endfacet
  facet normal 0 -1 0
    outer loop
      vertex 121.097 -3.19 90.6646
      vertex 119.593 -3.19 93.8991
      vertex 119.593 -3.19 91.6425
    endloop
  endfacet
  facet normal 0 -1 0
    outer loop
      vertex 117.111 -3.19 90.1381
      vertex 116.584 -3.19 91.1159
      vertex 116.584 -3.19 90.6646
    endloop
  endfacet
  facet normal 0 -1 0
    outer loop
      vertex 119.593 -3.19 93.8991
      vertex 121.097 -3.19 90.6646
      vertex 121.097 -3.19 97.1336
    endloop
  endfacet
  facet normal 0 -1 0
    outer loop
      vertex 117.111 -3.19 91.6425
      vertex 117.111 -3.19 90.1381
      vertex 119.593 -3.19 91.6425
    endloop
  endfacet
  facet normal 0 -1 0
    outer loop
      vertex 120.571 -3.19 90.1381
      vertex 119.593 -3.19 91.6425
      vertex 117.111 -3.19 90.1381
    endloop
  endfacet
  facet normal 0 -1 0
    outer loop
      vertex 119.593 -3.19 91.6425
      vertex 120.571 -3.19 90.1381
      vertex 121.097 -3.19 90.6646
    endloop
  endfacet
  facet normal 0 -1 0
    outer loop
      vertex 131.027 -3.19 96.3062
      vertex 131.027 -3.19 97.6602
      vertex 130.962 -3.19 97.6594
    endloop
  endfacet
  facet normal 0 -1 0
    outer loop
      vertex 130.964 -3.19 96.3047
      vertex 130.962 -3.19 97.6594
      vertex 130.897 -3.19 97.6572
    endloop
  endfacet
  facet normal 0 -1 0
    outer loop
      vertex 131.027 -3.19 97.6602
      vertex 131.027 -3.19 96.3062
      vertex 131.091 -3.19 97.6594
    endloop
  endfacet
  facet normal 0 -1 0
    outer loop
      vertex 130.964 -3.19 96.3047
      vertex 130.897 -3.19 97.6572
      vertex 130.833 -3.19 97.6534
    endloop
  endfacet
  facet normal 0 -1 0
    outer loop
      vertex 131.089 -3.19 96.3047
      vertex 131.091 -3.19 97.6594
      vertex 131.027 -3.19 96.3062
    endloop
  endfacet
  facet normal 0 -1 0
    outer loop
      vertex 130.901 -3.19 96.3002
      vertex 130.833 -3.19 97.6534
      vertex 130.769 -3.19 97.6474
    endloop
  endfacet
  facet normal 0 -1 -0
    outer loop
      vertex 131.091 -3.19 97.6594
      vertex 131.089 -3.19 96.3047
      vertex 131.156 -3.19 97.6572
    endloop
  endfacet
  facet normal 0 -1 0
    outer loop
      vertex 130.901 -3.19 96.3002
      vertex 130.769 -3.19 97.6474
      vertex 130.705 -3.19 97.6406
    endloop
  endfacet
  facet normal 0 -1 -0
    outer loop
      vertex 131.156 -3.19 97.6572
      vertex 131.089 -3.19 96.3047
      vertex 131.22 -3.19 97.6534
    endloop
  endfacet
  facet normal 0 -1 0
    outer loop
      vertex 130.839 -3.19 96.2927
      vertex 130.705 -3.19 97.6406
      vertex 130.64 -3.19 97.6316
    endloop
  endfacet
  facet normal 0 -1 0
    outer loop
      vertex 131.152 -3.19 96.3002
      vertex 131.22 -3.19 97.6534
      vertex 131.089 -3.19 96.3047
    endloop
  endfacet
  facet normal 0 -1 0
    outer loop
      vertex 130.839 -3.19 96.2927
      vertex 130.64 -3.19 97.6316
      vertex 130.577 -3.19 97.6211
    endloop
  endfacet
  facet normal 0 -1 -0
    outer loop
      vertex 131.22 -3.19 97.6534
      vertex 131.152 -3.19 96.3002
      vertex 131.285 -3.19 97.6474
    endloop
  endfacet
  facet normal 0 -1 0
    outer loop
      vertex 130.808 -3.19 96.2874
      vertex 130.577 -3.19 97.6211
      vertex 130.513 -3.19 97.6098
    endloop
  endfacet
  facet normal 0 -1 -0
    outer loop
      vertex 131.285 -3.19 97.6474
      vertex 131.152 -3.19 96.3002
      vertex 131.348 -3.19 97.6406
    endloop
  endfacet
  facet normal 0 -1 0
    outer loop
      vertex 130.777 -3.19 96.2814
      vertex 130.513 -3.19 97.6098
      vertex 130.45 -3.19 97.5962
    endloop
  endfacet
  facet normal 0 -1 0
    outer loop
      vertex 131.214 -3.19 96.2927
      vertex 131.348 -3.19 97.6406
      vertex 131.152 -3.19 96.3002
    endloop
  endfacet
  facet normal 0 -1 0
    outer loop
      vertex 130.747 -3.19 96.2753
      vertex 130.45 -3.19 97.5962
      vertex 130.387 -3.19 97.5812
    endloop
  endfacet
  facet normal 0 -1 -0
    outer loop
      vertex 131.348 -3.19 97.6406
      vertex 131.214 -3.19 96.2927
      vertex 131.413 -3.19 97.6316
    endloop
  endfacet
  facet normal 0 -1 0
    outer loop
      vertex 130.716 -3.19 96.2678
      vertex 130.387 -3.19 97.5812
      vertex 130.325 -3.19 97.5646
    endloop
  endfacet
  facet normal 0 -1 -0
    outer loop
      vertex 131.413 -3.19 97.6316
      vertex 131.214 -3.19 96.2927
      vertex 131.476 -3.19 97.6211
    endloop
  endfacet
  facet normal 0 -1 0
    outer loop
      vertex 130.656 -3.19 96.2513
      vertex 130.325 -3.19 97.5646
      vertex 130.262 -3.19 97.5466
    endloop
  endfacet
  facet normal 0 -1 0
    outer loop
      vertex 131.245 -3.19 96.2874
      vertex 131.476 -3.19 97.6211
      vertex 131.214 -3.19 96.2927
    endloop
  endfacet
  facet normal 0 -1 0
    outer loop
      vertex 130.656 -3.19 96.2513
      vertex 130.262 -3.19 97.5466
      vertex 130.201 -3.19 97.527
    endloop
  endfacet
  facet normal 0 -1 -0
    outer loop
      vertex 131.476 -3.19 97.6211
      vertex 131.245 -3.19 96.2874
      vertex 131.54 -3.19 97.6098
    endloop
  endfacet
  facet normal 0 -1 0
    outer loop
      vertex 130.596 -3.19 96.2317
      vertex 130.201 -3.19 97.527
      vertex 130.14 -3.19 97.506
    endloop
  endfacet
  facet normal 0 -1 0
    outer loop
      vertex 131.276 -3.19 96.2814
      vertex 131.54 -3.19 97.6098
      vertex 131.245 -3.19 96.2874
    endloop
  endfacet
  facet normal 0 -1 0
    outer loop
      vertex 130.596 -3.19 96.2317
      vertex 130.14 -3.19 97.506
      vertex 130.079 -3.19 97.4834
    endloop
  endfacet
  facet normal 0 -1 -0
    outer loop
      vertex 131.54 -3.19 97.6098
      vertex 131.276 -3.19 96.2814
      vertex 131.604 -3.19 97.5962
    endloop
  endfacet
  facet normal 0 -1 0
    outer loop
      vertex 130.537 -3.19 96.2092
      vertex 130.079 -3.19 97.4834
      vertex 130.019 -3.19 97.4601
    endloop
  endfacet
  facet normal 0 -1 0
    outer loop
      vertex 131.306 -3.19 96.2753
      vertex 131.604 -3.19 97.5962
      vertex 131.276 -3.19 96.2814
    endloop
  endfacet
  facet normal 0 -1 0
    outer loop
      vertex 130.537 -3.19 96.2092
      vertex 130.019 -3.19 97.4601
      vertex 129.96 -3.19 97.4345
    endloop
  endfacet
  facet normal 0 -1 -0
    outer loop
      vertex 131.604 -3.19 97.5962
      vertex 131.306 -3.19 96.2753
      vertex 131.666 -3.19 97.5812
    endloop
  endfacet
  facet normal 0 -1 0
    outer loop
      vertex 130.48 -3.19 96.1836
      vertex 129.96 -3.19 97.4345
      vertex 129.901 -3.19 97.4074
    endloop
  endfacet
  facet normal 0 -1 0
    outer loop
      vertex 131.337 -3.19 96.2678
      vertex 131.666 -3.19 97.5812
      vertex 131.306 -3.19 96.2753
    endloop
  endfacet
  facet normal 0 -1 0
    outer loop
      vertex 130.48 -3.19 96.1836
      vertex 129.901 -3.19 97.4074
      vertex 129.843 -3.19 97.3788
    endloop
  endfacet
  facet normal 0 -1 -0
    outer loop
      vertex 131.666 -3.19 97.5812
      vertex 131.337 -3.19 96.2678
      vertex 131.728 -3.19 97.5646
    endloop
  endfacet
  facet normal 0 -1 0
    outer loop
      vertex 130.424 -3.19 96.155
      vertex 129.843 -3.19 97.3788
      vertex 129.785 -3.19 97.3495
    endloop
  endfacet
  facet normal 0 -1 0
    outer loop
      vertex 131.397 -3.19 96.2513
      vertex 131.728 -3.19 97.5646
      vertex 131.337 -3.19 96.2678
    endloop
  endfacet
  facet normal 0 -1 0
    outer loop
      vertex 130.424 -3.19 96.155
      vertex 129.785 -3.19 97.3495
      vertex 129.729 -3.19 97.3179
    endloop
  endfacet
  facet normal 0 -1 -0
    outer loop
      vertex 131.728 -3.19 97.5646
      vertex 131.397 -3.19 96.2513
      vertex 131.791 -3.19 97.5466
    endloop
  endfacet
  facet normal 0 -1 0
    outer loop
      vertex 130.396 -3.19 96.14
      vertex 129.729 -3.19 97.3179
      vertex 129.673 -3.19 97.2856
    endloop
  endfacet
  facet normal 0 -1 -0
    outer loop
      vertex 131.791 -3.19 97.5466
      vertex 131.397 -3.19 96.2513
      vertex 131.852 -3.19 97.527
    endloop
  endfacet
  facet normal 0 -1 0
    outer loop
      vertex 130.369 -3.19 96.1242
      vertex 129.673 -3.19 97.2856
      vertex 129.618 -3.19 97.2517
    endloop
  endfacet
  facet normal 0 -1 0
    outer loop
      vertex 131.458 -3.19 96.2317
      vertex 131.852 -3.19 97.527
      vertex 131.397 -3.19 96.2513
    endloop
  endfacet
  facet normal 0 -1 0
    outer loop
      vertex 130.343 -3.19 96.1076
      vertex 129.618 -3.19 97.2517
      vertex 129.564 -3.19 97.2164
    endloop
  endfacet
  facet normal 0 -1 -0
    outer loop
      vertex 131.852 -3.19 97.527
      vertex 131.458 -3.19 96.2317
      vertex 131.913 -3.19 97.506
    endloop
  endfacet
  facet normal 0 -1 0
    outer loop
      vertex 130.29 -3.19 96.073
      vertex 129.564 -3.19 97.2164
      vertex 129.511 -3.19 97.1803
    endloop
  endfacet
  facet normal 0 -1 -0
    outer loop
      vertex 131.913 -3.19 97.506
      vertex 131.458 -3.19 96.2317
      vertex 131.974 -3.19 97.4834
    endloop
  endfacet
  facet normal 0 -1 0
    outer loop
      vertex 130.29 -3.19 96.073
      vertex 129.511 -3.19 97.1803
      vertex 129.458 -3.19 97.1419
    endloop
  endfacet
  facet normal 0 -1 0
    outer loop
      vertex 131.516 -3.19 96.2092
      vertex 131.974 -3.19 97.4834
      vertex 131.458 -3.19 96.2317
    endloop
  endfacet
  facet normal 0 -1 0
    outer loop
      vertex 130.265 -3.19 96.0542
      vertex 129.458 -3.19 97.1419
      vertex 129.407 -3.19 97.1028
    endloop
  endfacet
  facet normal 0 -1 -0
    outer loop
      vertex 131.974 -3.19 97.4834
      vertex 131.516 -3.19 96.2092
      vertex 132.034 -3.19 97.4601
    endloop
  endfacet
  facet normal 0 -1 0
    outer loop
      vertex 130.24 -3.19 96.0354
      vertex 129.407 -3.19 97.1028
      vertex 129.357 -3.19 97.0629
    endloop
  endfacet
  facet normal 0 -1 -0
    outer loop
      vertex 132.034 -3.19 97.4601
      vertex 131.516 -3.19 96.2092
      vertex 132.093 -3.19 97.4345
    endloop
  endfacet
  facet normal 0 -1 0
    outer loop
      vertex 130.216 -3.19 96.0158
      vertex 129.357 -3.19 97.0629
      vertex 129.307 -3.19 97.0208
    endloop
  endfacet
  facet normal 0 -1 0
    outer loop
      vertex 131.573 -3.19 96.1836
      vertex 132.093 -3.19 97.4345
      vertex 131.516 -3.19 96.2092
    endloop
  endfacet
  facet normal 0 -1 0
    outer loop
      vertex 130.168 -3.19 95.9752
      vertex 129.307 -3.19 97.0208
      vertex 129.259 -3.19 96.9779
    endloop
  endfacet
  facet normal 0 -1 -0
    outer loop
      vertex 132.093 -3.19 97.4345
      vertex 131.573 -3.19 96.1836
      vertex 132.152 -3.19 97.4074
    endloop
  endfacet
  facet normal 0 -1 0
    outer loop
      vertex 130.168 -3.19 95.9752
      vertex 129.259 -3.19 96.9779
      vertex 129.211 -3.19 96.9343
    endloop
  endfacet
  facet normal 0 -1 -0
    outer loop
      vertex 132.152 -3.19 97.4074
      vertex 131.573 -3.19 96.1836
      vertex 132.211 -3.19 97.3788
    endloop
  endfacet
  facet normal 0 -1 0
    outer loop
      vertex 130.122 -3.19 95.9316
      vertex 129.211 -3.19 96.9343
      vertex 129.165 -3.19 96.8892
    endloop
  endfacet
  facet normal 0 -1 0
    outer loop
      vertex 131.629 -3.19 96.155
      vertex 132.211 -3.19 97.3788
      vertex 131.573 -3.19 96.1836
    endloop
  endfacet
  facet normal 0 -1 0
    outer loop
      vertex 130.122 -3.19 95.9316
      vertex 129.165 -3.19 96.8892
      vertex 129.12 -3.19 96.8425
    endloop
  endfacet
  facet normal 0 -1 -0
    outer loop
      vertex 132.211 -3.19 97.3788
      vertex 131.629 -3.19 96.155
      vertex 132.268 -3.19 97.3495
    endloop
  endfacet
  facet normal 0 -1 0
    outer loop
      vertex 130.079 -3.19 95.8865
      vertex 129.12 -3.19 96.8425
      vertex 129.076 -3.19 96.7951
    endloop
  endfacet
  facet normal 0 -1 -0
    outer loop
      vertex 132.268 -3.19 97.3495
      vertex 131.629 -3.19 96.155
      vertex 132.324 -3.19 97.3179
    endloop
  endfacet
  facet normal 0 -1 0
    outer loop
      vertex 130.079 -3.19 95.8865
      vertex 129.076 -3.19 96.7951
      vertex 129.033 -3.19 96.747
    endloop
  endfacet
  facet normal 0 -1 0
    outer loop
      vertex 131.657 -3.19 96.14
      vertex 132.324 -3.19 97.3179
      vertex 131.629 -3.19 96.155
    endloop
  endfacet
  facet normal 0 -1 0
    outer loop
      vertex 130.038 -3.19 95.8383
      vertex 129.033 -3.19 96.747
      vertex 128.991 -3.19 96.6973
    endloop
  endfacet
  facet normal 0 -1 -0
    outer loop
      vertex 132.324 -3.19 97.3179
      vertex 131.657 -3.19 96.14
      vertex 132.38 -3.19 97.2856
    endloop
  endfacet
  facet normal 0 -1 0
    outer loop
      vertex 130.038 -3.19 95.8383
      vertex 128.991 -3.19 96.6973
      vertex 128.951 -3.19 96.6469
    endloop
  endfacet
  facet normal 0 -1 0
    outer loop
      vertex 131.684 -3.19 96.1242
      vertex 132.38 -3.19 97.2856
      vertex 131.657 -3.19 96.14
    endloop
  endfacet
  facet normal 0 -1 0
    outer loop
      vertex 130.019 -3.19 95.8142
      vertex 128.951 -3.19 96.6469
      vertex 128.912 -3.19 96.5958
    endloop
  endfacet
  facet normal 0 -1 -0
    outer loop
      vertex 132.38 -3.19 97.2856
      vertex 131.684 -3.19 96.1242
      vertex 132.435 -3.19 97.2517
    endloop
  endfacet
  facet normal 0 -1 0
    outer loop
      vertex 129.981 -3.19 95.7638
      vertex 128.912 -3.19 96.5958
      vertex 128.874 -3.19 96.5431
    endloop
  endfacet
  facet normal 0 -1 0
    outer loop
      vertex 131.71 -3.19 96.1076
      vertex 132.435 -3.19 97.2517
      vertex 131.684 -3.19 96.1242
    endloop
  endfacet
  facet normal 0 -1 0
    outer loop
      vertex 129.981 -3.19 95.7638
      vertex 128.874 -3.19 96.5431
      vertex 128.838 -3.19 96.4897
    endloop
  endfacet
  facet normal 0 -1 -0
    outer loop
      vertex 132.435 -3.19 97.2517
      vertex 131.71 -3.19 96.1076
      vertex 132.489 -3.19 97.2164
    endloop
  endfacet
  facet normal 0 -1 0
    outer loop
      vertex 129.946 -3.19 95.7112
      vertex 128.838 -3.19 96.4897
      vertex 128.802 -3.19 96.4356
    endloop
  endfacet
  facet normal 0 -1 0
    outer loop
      vertex 131.763 -3.19 96.073
      vertex 132.489 -3.19 97.2164
      vertex 131.71 -3.19 96.1076
    endloop
  endfacet
  facet normal 0 -1 0
    outer loop
      vertex 129.946 -3.19 95.7112
      vertex 128.802 -3.19 96.4356
      vertex 128.768 -3.19 96.3807
    endloop
  endfacet
  facet normal 0 -1 -0
    outer loop
      vertex 132.489 -3.19 97.2164
      vertex 131.763 -3.19 96.073
      vertex 132.542 -3.19 97.1803
    endloop
  endfacet
  facet normal 0 -1 0
    outer loop
      vertex 129.93 -3.19 95.6849
      vertex 128.768 -3.19 96.3807
      vertex 128.736 -3.19 96.325
    endloop
  endfacet
  facet normal 0 -1 -0
    outer loop
      vertex 132.542 -3.19 97.1803
      vertex 131.763 -3.19 96.073
      vertex 132.595 -3.19 97.1419
    endloop
  endfacet
  facet normal 0 -1 0
    outer loop
      vertex 131.789 -3.19 96.0542
      vertex 132.595 -3.19 97.1419
      vertex 131.763 -3.19 96.073
    endloop
  endfacet
  facet normal 0 -1 0
    outer loop
      vertex 130.962 -3.19 97.6594
      vertex 130.964 -3.19 96.3047
      vertex 131.027 -3.19 96.3062
    endloop
  endfacet
  facet normal 0 -1 0
    outer loop
      vertex 130.833 -3.19 97.6534
      vertex 130.901 -3.19 96.3002
      vertex 130.964 -3.19 96.3047
    endloop
  endfacet
  facet normal 0 -1 0
    outer loop
      vertex 130.705 -3.19 97.6406
      vertex 130.839 -3.19 96.2927
      vertex 130.901 -3.19 96.3002
    endloop
  endfacet
  facet normal 0 -1 0
    outer loop
      vertex 130.577 -3.19 97.6211
      vertex 130.808 -3.19 96.2874
      vertex 130.839 -3.19 96.2927
    endloop
  endfacet
  facet normal 0 -1 0
    outer loop
      vertex 130.513 -3.19 97.6098
      vertex 130.777 -3.19 96.2814
      vertex 130.808 -3.19 96.2874
    endloop
  endfacet
  facet normal 0 -1 0
    outer loop
      vertex 130.45 -3.19 97.5962
      vertex 130.747 -3.19 96.2753
      vertex 130.777 -3.19 96.2814
    endloop
  endfacet
  facet normal 0 -1 0
    outer loop
      vertex 129.914 -3.19 95.6578
      vertex 128.736 -3.19 96.325
      vertex 128.704 -3.19 96.2686
    endloop
  endfacet
  facet normal 0 -1 0
    outer loop
      vertex 130.387 -3.19 97.5812
      vertex 130.716 -3.19 96.2678
      vertex 130.747 -3.19 96.2753
    endloop
  endfacet
  facet normal 0 -1 0
    outer loop
      vertex 130.325 -3.19 97.5646
      vertex 130.656 -3.19 96.2513
      vertex 130.716 -3.19 96.2678
    endloop
  endfacet
  facet normal 0 -1 0
    outer loop
      vertex 130.201 -3.19 97.527
      vertex 130.596 -3.19 96.2317
      vertex 130.656 -3.19 96.2513
    endloop
  endfacet
  facet normal 0 -1 0
    outer loop
      vertex 129.899 -3.19 95.6299
      vertex 128.704 -3.19 96.2686
      vertex 128.675 -3.19 96.2114
    endloop
  endfacet
  facet normal 0 -1 0
    outer loop
      vertex 130.079 -3.19 97.4834
      vertex 130.537 -3.19 96.2092
      vertex 130.596 -3.19 96.2317
    endloop
  endfacet
  facet normal 0 -1 0
    outer loop
      vertex 129.96 -3.19 97.4345
      vertex 130.48 -3.19 96.1836
      vertex 130.537 -3.19 96.2092
    endloop
  endfacet
  facet normal 0 -1 0
    outer loop
      vertex 129.843 -3.19 97.3788
      vertex 130.424 -3.19 96.155
      vertex 130.48 -3.19 96.1836
    endloop
  endfacet
  facet normal 0 -1 0
    outer loop
      vertex 129.87 -3.19 95.5743
      vertex 128.675 -3.19 96.2114
      vertex 128.647 -3.19 96.1527
    endloop
  endfacet
  facet normal 0 -1 0
    outer loop
      vertex 129.729 -3.19 97.3179
      vertex 130.396 -3.19 96.14
      vertex 130.424 -3.19 96.155
    endloop
  endfacet
  facet normal 0 -1 0
    outer loop
      vertex 129.673 -3.19 97.2856
      vertex 130.369 -3.19 96.1242
      vertex 130.396 -3.19 96.14
    endloop
  endfacet
  facet normal 0 -1 0
    outer loop
      vertex 129.618 -3.19 97.2517
      vertex 130.343 -3.19 96.1076
      vertex 130.369 -3.19 96.1242
    endloop
  endfacet
  facet normal 0 -1 0
    outer loop
      vertex 129.87 -3.19 95.5743
      vertex 128.647 -3.19 96.1527
      vertex 128.619 -3.19 96.0941
    endloop
  endfacet
  facet normal 0 -1 0
    outer loop
      vertex 129.564 -3.19 97.2164
      vertex 130.29 -3.19 96.073
      vertex 130.343 -3.19 96.1076
    endloop
  endfacet
  facet normal 0 -1 0
    outer loop
      vertex 129.458 -3.19 97.1419
      vertex 130.265 -3.19 96.0542
      vertex 130.29 -3.19 96.073
    endloop
  endfacet
  facet normal 0 -1 0
    outer loop
      vertex 129.407 -3.19 97.1028
      vertex 130.24 -3.19 96.0354
      vertex 130.265 -3.19 96.0542
    endloop
  endfacet
  facet normal 0 -1 0
    outer loop
      vertex 129.845 -3.19 95.5171
      vertex 128.619 -3.19 96.0941
      vertex 128.594 -3.19 96.0346
    endloop
  endfacet
  facet normal 0 -1 0
    outer loop
      vertex 129.357 -3.19 97.0629
      vertex 130.216 -3.19 96.0158
      vertex 130.24 -3.19 96.0354
    endloop
  endfacet
  facet normal 0 -1 0
    outer loop
      vertex 129.845 -3.19 95.5171
      vertex 128.594 -3.19 96.0346
      vertex 128.571 -3.19 95.9752
    endloop
  endfacet
  facet normal 0 -1 0
    outer loop
      vertex 129.307 -3.19 97.0208
      vertex 130.168 -3.19 95.9752
      vertex 130.216 -3.19 96.0158
    endloop
  endfacet
  facet normal 0 -1 0
    outer loop
      vertex 129.211 -3.19 96.9343
      vertex 130.122 -3.19 95.9316
      vertex 130.168 -3.19 95.9752
    endloop
  endfacet
  facet normal 0 -1 0
    outer loop
      vertex 129.822 -3.19 95.4584
      vertex 128.571 -3.19 95.9752
      vertex 128.548 -3.19 95.9143
    endloop
  endfacet
  facet normal 0 -1 0
    outer loop
      vertex 129.12 -3.19 96.8425
      vertex 130.079 -3.19 95.8865
      vertex 130.122 -3.19 95.9316
    endloop
  endfacet
  facet normal 0 -1 0
    outer loop
      vertex 129.822 -3.19 95.4584
      vertex 128.548 -3.19 95.9143
      vertex 128.527 -3.19 95.8534
    endloop
  endfacet
  facet normal 0 -1 0
    outer loop
      vertex 129.033 -3.19 96.747
      vertex 130.038 -3.19 95.8383
      vertex 130.079 -3.19 95.8865
    endloop
  endfacet
  facet normal 0 -1 0
    outer loop
      vertex 128.951 -3.19 96.6469
      vertex 130.019 -3.19 95.8142
      vertex 130.038 -3.19 95.8383
    endloop
  endfacet
  facet normal 0 -1 0
    outer loop
      vertex 129.803 -3.19 95.3983
      vertex 128.527 -3.19 95.8534
      vertex 128.507 -3.19 95.7917
    endloop
  endfacet
  facet normal 0 -1 0
    outer loop
      vertex 128.912 -3.19 96.5958
      vertex 130 -3.19 95.7894
      vertex 130.019 -3.19 95.8142
    endloop
  endfacet
  facet normal 0 -1 0
    outer loop
      vertex 128.912 -3.19 96.5958
      vertex 129.981 -3.19 95.7638
      vertex 130 -3.19 95.7894
    endloop
  endfacet
  facet normal 0 -1 0
    outer loop
      vertex 129.803 -3.19 95.3983
      vertex 128.507 -3.19 95.7917
      vertex 128.489 -3.19 95.7292
    endloop
  endfacet
  facet normal 0 -1 0
    outer loop
      vertex 128.838 -3.19 96.4897
      vertex 129.946 -3.19 95.7112
      vertex 129.981 -3.19 95.7638
    endloop
  endfacet
  facet normal 0 -1 0
    outer loop
      vertex 128.768 -3.19 96.3807
      vertex 129.93 -3.19 95.6849
      vertex 129.946 -3.19 95.7112
    endloop
  endfacet
  facet normal 0 -1 0
    outer loop
      vertex 129.786 -3.19 95.3381
      vertex 128.489 -3.19 95.7292
      vertex 128.473 -3.19 95.6668
    endloop
  endfacet
  facet normal 0 -1 0
    outer loop
      vertex 128.736 -3.19 96.325
      vertex 129.914 -3.19 95.6578
      vertex 129.93 -3.19 95.6849
    endloop
  endfacet
  facet normal 0 -1 0
    outer loop
      vertex 128.704 -3.19 96.2686
      vertex 129.899 -3.19 95.6299
      vertex 129.914 -3.19 95.6578
    endloop
  endfacet
  facet normal 0 -1 0
    outer loop
      vertex 129.786 -3.19 95.3381
      vertex 128.473 -3.19 95.6668
      vertex 128.458 -3.19 95.6044
    endloop
  endfacet
  facet normal 0 -1 0
    outer loop
      vertex 128.675 -3.19 96.2114
      vertex 129.87 -3.19 95.5743
      vertex 129.899 -3.19 95.6299
    endloop
  endfacet
  facet normal 0 -1 0
    outer loop
      vertex 129.779 -3.19 95.3072
      vertex 128.458 -3.19 95.6044
      vertex 128.444 -3.19 95.5412
    endloop
  endfacet
  facet normal 0 -1 0
    outer loop
      vertex 128.619 -3.19 96.0941
      vertex 129.845 -3.19 95.5171
      vertex 129.87 -3.19 95.5743
    endloop
  endfacet
  facet normal 0 -1 0
    outer loop
      vertex 129.773 -3.19 95.2772
      vertex 128.444 -3.19 95.5412
      vertex 128.433 -3.19 95.4773
    endloop
  endfacet
  facet normal 0 -1 0
    outer loop
      vertex 128.571 -3.19 95.9752
      vertex 129.822 -3.19 95.4584
      vertex 129.845 -3.19 95.5171
    endloop
  endfacet
  facet normal 0 -1 0
    outer loop
      vertex 129.761 -3.19 95.2147
      vertex 128.433 -3.19 95.4773
      vertex 128.422 -3.19 95.4141
    endloop
  endfacet
  facet normal 0 -1 0
    outer loop
      vertex 128.527 -3.19 95.8534
      vertex 129.803 -3.19 95.3983
      vertex 129.822 -3.19 95.4584
    endloop
  endfacet
  facet normal 0 -1 0
    outer loop
      vertex 129.761 -3.19 95.2147
      vertex 128.422 -3.19 95.4141
      vertex 128.413 -3.19 95.3494
    endloop
  endfacet
  facet normal 0 -1 0
    outer loop
      vertex 128.489 -3.19 95.7292
      vertex 129.786 -3.19 95.3381
      vertex 129.803 -3.19 95.3983
    endloop
  endfacet
  facet normal 0 -1 0
    outer loop
      vertex 128.458 -3.19 95.6044
      vertex 129.779 -3.19 95.3072
      vertex 129.786 -3.19 95.3381
    endloop
  endfacet
  facet normal 0 -1 0
    outer loop
      vertex 129.754 -3.19 95.1531
      vertex 128.413 -3.19 95.3494
      vertex 128.407 -3.19 95.2854
    endloop
  endfacet
  facet normal 0 -1 0
    outer loop
      vertex 128.444 -3.19 95.5412
      vertex 129.773 -3.19 95.2772
      vertex 129.779 -3.19 95.3072
    endloop
  endfacet
  facet normal 0 -1 0
    outer loop
      vertex 128.433 -3.19 95.4773
      vertex 129.767 -3.19 95.2463
      vertex 129.773 -3.19 95.2772
    endloop
  endfacet
  facet normal 0 -1 0
    outer loop
      vertex 129.754 -3.19 95.1531
      vertex 128.407 -3.19 95.2854
      vertex 128.401 -3.19 95.2207
    endloop
  endfacet
  facet normal 0 -1 0
    outer loop
      vertex 128.433 -3.19 95.4773
      vertex 129.761 -3.19 95.2147
      vertex 129.767 -3.19 95.2463
    endloop
  endfacet
  facet normal 0 -1 0
    outer loop
      vertex 129.749 -3.19 95.0899
      vertex 128.401 -3.19 95.2207
      vertex 128.397 -3.19 95.1568
    endloop
  endfacet
  facet normal 0 -1 0
    outer loop
      vertex 128.413 -3.19 95.3494
      vertex 129.754 -3.19 95.1531
      vertex 129.761 -3.19 95.2147
    endloop
  endfacet
  facet normal 0 -1 0
    outer loop
      vertex 129.749 -3.19 95.0899
      vertex 128.397 -3.19 95.1568
      vertex 128.395 -3.19 95.0921
    endloop
  endfacet
  facet normal 0 -1 0
    outer loop
      vertex 128.401 -3.19 95.2207
      vertex 129.749 -3.19 95.0899
      vertex 129.754 -3.19 95.1531
    endloop
  endfacet
  facet normal 0 -1 0
    outer loop
      vertex 129.748 -3.19 95.0274
      vertex 128.395 -3.19 95.0921
      vertex 128.394 -3.19 95.0274
    endloop
  endfacet
  facet normal 0 -1 0
    outer loop
      vertex 128.395 -3.19 95.0921
      vertex 129.748 -3.19 95.0274
      vertex 129.749 -3.19 95.0899
    endloop
  endfacet
  facet normal 0 -1 0
    outer loop
      vertex 128.395 -3.19 94.9627
      vertex 129.748 -3.19 95.0274
      vertex 128.394 -3.19 95.0274
    endloop
  endfacet
  facet normal 0 -1 -0
    outer loop
      vertex 129.748 -3.19 95.0274
      vertex 128.395 -3.19 94.9627
      vertex 129.749 -3.19 94.965
    endloop
  endfacet
  facet normal 0 -1 0
    outer loop
      vertex 128.397 -3.19 94.898
      vertex 129.749 -3.19 94.965
      vertex 128.395 -3.19 94.9627
    endloop
  endfacet
  facet normal 0 -1 0
    outer loop
      vertex 128.401 -3.19 94.8341
      vertex 129.749 -3.19 94.965
      vertex 128.397 -3.19 94.898
    endloop
  endfacet
  facet normal 0 -1 -0
    outer loop
      vertex 129.749 -3.19 94.965
      vertex 128.401 -3.19 94.8341
      vertex 129.754 -3.19 94.9018
    endloop
  endfacet
  facet normal 0 -1 0
    outer loop
      vertex 128.407 -3.19 94.7694
      vertex 129.754 -3.19 94.9018
      vertex 128.401 -3.19 94.8341
    endloop
  endfacet
  facet normal 0 -1 0
    outer loop
      vertex 128.413 -3.19 94.7055
      vertex 129.754 -3.19 94.9018
      vertex 128.407 -3.19 94.7694
    endloop
  endfacet
  facet normal 0 -1 -0
    outer loop
      vertex 129.754 -3.19 94.9018
      vertex 128.413 -3.19 94.7055
      vertex 129.761 -3.19 94.8401
    endloop
  endfacet
  facet normal 0 -1 0
    outer loop
      vertex 128.422 -3.19 94.6408
      vertex 129.761 -3.19 94.8401
      vertex 128.413 -3.19 94.7055
    endloop
  endfacet
  facet normal 0 -1 0
    outer loop
      vertex 128.433 -3.19 94.5776
      vertex 129.761 -3.19 94.8401
      vertex 128.422 -3.19 94.6408
    endloop
  endfacet
  facet normal 0 -1 -0
    outer loop
      vertex 129.761 -3.19 94.8401
      vertex 128.433 -3.19 94.5776
      vertex 129.767 -3.19 94.8085
    endloop
  endfacet
  facet normal 0 -1 -0
    outer loop
      vertex 129.767 -3.19 94.8085
      vertex 128.433 -3.19 94.5776
      vertex 129.773 -3.19 94.7777
    endloop
  endfacet
  facet normal 0 -1 0
    outer loop
      vertex 128.444 -3.19 94.5137
      vertex 129.773 -3.19 94.7777
      vertex 128.433 -3.19 94.5776
    endloop
  endfacet
  facet normal 0 -1 -0
    outer loop
      vertex 129.773 -3.19 94.7777
      vertex 128.444 -3.19 94.5137
      vertex 129.779 -3.19 94.7476
    endloop
  endfacet
  facet normal 0 -1 0
    outer loop
      vertex 128.458 -3.19 94.4505
      vertex 129.779 -3.19 94.7476
      vertex 128.444 -3.19 94.5137
    endloop
  endfacet
  facet normal 0 -1 -0
    outer loop
      vertex 129.779 -3.19 94.7476
      vertex 128.458 -3.19 94.4505
      vertex 129.786 -3.19 94.7168
    endloop
  endfacet
  facet normal 0 -1 0
    outer loop
      vertex 128.473 -3.19 94.3881
      vertex 129.786 -3.19 94.7168
      vertex 128.458 -3.19 94.4505
    endloop
  endfacet
  facet normal 0 -1 0
    outer loop
      vertex 128.489 -3.19 94.3256
      vertex 129.786 -3.19 94.7168
      vertex 128.473 -3.19 94.3881
    endloop
  endfacet
  facet normal 0 -1 -0
    outer loop
      vertex 129.786 -3.19 94.7168
      vertex 128.489 -3.19 94.3256
      vertex 129.803 -3.19 94.6566
    endloop
  endfacet
  facet normal 0 -1 0
    outer loop
      vertex 128.507 -3.19 94.2632
      vertex 129.803 -3.19 94.6566
      vertex 128.489 -3.19 94.3256
    endloop
  endfacet
  facet normal 0 -1 0
    outer loop
      vertex 128.527 -3.19 94.2015
      vertex 129.803 -3.19 94.6566
      vertex 128.507 -3.19 94.2632
    endloop
  endfacet
  facet normal 0 -1 -0
    outer loop
      vertex 129.803 -3.19 94.6566
      vertex 128.527 -3.19 94.2015
      vertex 129.822 -3.19 94.5964
    endloop
  endfacet
  facet normal 0 -1 0
    outer loop
      vertex 128.548 -3.19 94.1406
      vertex 129.822 -3.19 94.5964
      vertex 128.527 -3.19 94.2015
    endloop
  endfacet
  facet normal 0 -1 0
    outer loop
      vertex 128.571 -3.19 94.0797
      vertex 129.822 -3.19 94.5964
      vertex 128.548 -3.19 94.1406
    endloop
  endfacet
  facet normal 0 -1 -0
    outer loop
      vertex 129.822 -3.19 94.5964
      vertex 128.571 -3.19 94.0797
      vertex 129.845 -3.19 94.5377
    endloop
  endfacet
  facet normal 0 -1 0
    outer loop
      vertex 128.594 -3.19 94.0202
      vertex 129.845 -3.19 94.5377
      vertex 128.571 -3.19 94.0797
    endloop
  endfacet
  facet normal 0 -1 0
    outer loop
      vertex 128.619 -3.19 93.9608
      vertex 129.845 -3.19 94.5377
      vertex 128.594 -3.19 94.0202
    endloop
  endfacet
  facet normal 0 -1 -0
    outer loop
      vertex 129.845 -3.19 94.5377
      vertex 128.619 -3.19 93.9608
      vertex 129.87 -3.19 94.4806
    endloop
  endfacet
  facet normal 0 -1 0
    outer loop
      vertex 128.647 -3.19 93.9021
      vertex 129.87 -3.19 94.4806
      vertex 128.619 -3.19 93.9608
    endloop
  endfacet
  facet normal 0 -1 0
    outer loop
      vertex 128.675 -3.19 93.8435
      vertex 129.87 -3.19 94.4806
      vertex 128.647 -3.19 93.9021
    endloop
  endfacet
  facet normal 0 -1 -0
    outer loop
      vertex 129.87 -3.19 94.4806
      vertex 128.675 -3.19 93.8435
      vertex 129.899 -3.19 94.4249
    endloop
  endfacet
  facet normal 0 -1 0
    outer loop
      vertex 128.704 -3.19 93.7863
      vertex 129.899 -3.19 94.4249
      vertex 128.675 -3.19 93.8435
    endloop
  endfacet
  facet normal 0 -1 -0
    outer loop
      vertex 129.899 -3.19 94.4249
      vertex 128.704 -3.19 93.7863
      vertex 129.914 -3.19 94.3971
    endloop
  endfacet
  facet normal 0 -1 0
    outer loop
      vertex 128.736 -3.19 93.7299
      vertex 129.914 -3.19 94.3971
      vertex 128.704 -3.19 93.7863
    endloop
  endfacet
  facet normal 0 -1 -0
    outer loop
      vertex 129.914 -3.19 94.3971
      vertex 128.736 -3.19 93.7299
      vertex 129.93 -3.19 94.37
    endloop
  endfacet
  facet normal 0 -1 0
    outer loop
      vertex 128.768 -3.19 93.6742
      vertex 129.93 -3.19 94.37
      vertex 128.736 -3.19 93.7299
    endloop
  endfacet
  facet normal 0 -1 -0
    outer loop
      vertex 129.93 -3.19 94.37
      vertex 128.768 -3.19 93.6742
      vertex 129.946 -3.19 94.3437
    endloop
  endfacet
  facet normal 0 -1 0
    outer loop
      vertex 128.802 -3.19 93.6193
      vertex 129.946 -3.19 94.3437
      vertex 128.768 -3.19 93.6742
    endloop
  endfacet
  facet normal 0 -1 0
    outer loop
      vertex 128.838 -3.19 93.5651
      vertex 129.946 -3.19 94.3437
      vertex 128.802 -3.19 93.6193
    endloop
  endfacet
  facet normal 0 -1 -0
    outer loop
      vertex 129.946 -3.19 94.3437
      vertex 128.838 -3.19 93.5651
      vertex 129.981 -3.19 94.291
    endloop
  endfacet
  facet normal 0 -1 0
    outer loop
      vertex 128.874 -3.19 93.5117
      vertex 129.981 -3.19 94.291
      vertex 128.838 -3.19 93.5651
    endloop
  endfacet
  facet normal 0 -1 0
    outer loop
      vertex 128.912 -3.19 93.4591
      vertex 129.981 -3.19 94.291
      vertex 128.874 -3.19 93.5117
    endloop
  endfacet
  facet normal 0 -1 -0
    outer loop
      vertex 129.981 -3.19 94.291
      vertex 128.912 -3.19 93.4591
      vertex 130 -3.19 94.2654
    endloop
  endfacet
  facet normal 0 -1 -0
    outer loop
      vertex 130 -3.19 94.2654
      vertex 128.912 -3.19 93.4591
      vertex 130.019 -3.19 94.2406
    endloop
  endfacet
  facet normal 0 -1 0
    outer loop
      vertex 128.951 -3.19 93.4079
      vertex 130.019 -3.19 94.2406
      vertex 128.912 -3.19 93.4591
    endloop
  endfacet
  facet normal 0 -1 -0
    outer loop
      vertex 130.019 -3.19 94.2406
      vertex 128.951 -3.19 93.4079
      vertex 130.038 -3.19 94.2165
    endloop
  endfacet
  facet normal 0 -1 0
    outer loop
      vertex 128.991 -3.19 93.3575
      vertex 130.038 -3.19 94.2165
      vertex 128.951 -3.19 93.4079
    endloop
  endfacet
  facet normal 0 -1 0
    outer loop
      vertex 129.033 -3.19 93.3079
      vertex 130.038 -3.19 94.2165
      vertex 128.991 -3.19 93.3575
    endloop
  endfacet
  facet normal 0 -1 -0
    outer loop
      vertex 130.038 -3.19 94.2165
      vertex 129.033 -3.19 93.3079
      vertex 130.079 -3.19 94.1684
    endloop
  endfacet
  facet normal 0 -1 0
    outer loop
      vertex 129.076 -3.19 93.2597
      vertex 130.079 -3.19 94.1684
      vertex 129.033 -3.19 93.3079
    endloop
  endfacet
  facet normal 0 -1 0
    outer loop
      vertex 129.12 -3.19 93.2124
      vertex 130.079 -3.19 94.1684
      vertex 129.076 -3.19 93.2597
    endloop
  endfacet
  facet normal 0 -1 -0
    outer loop
      vertex 130.079 -3.19 94.1684
      vertex 129.12 -3.19 93.2124
      vertex 130.122 -3.19 94.1233
    endloop
  endfacet
  facet normal 0 -1 0
    outer loop
      vertex 129.165 -3.19 93.1657
      vertex 130.122 -3.19 94.1233
      vertex 129.12 -3.19 93.2124
    endloop
  endfacet
  facet normal 0 -1 0
    outer loop
      vertex 129.211 -3.19 93.1206
      vertex 130.122 -3.19 94.1233
      vertex 129.165 -3.19 93.1657
    endloop
  endfacet
  facet normal 0 -1 -0
    outer loop
      vertex 130.122 -3.19 94.1233
      vertex 129.211 -3.19 93.1206
      vertex 130.168 -3.19 94.0797
    endloop
  endfacet
  facet normal 0 -1 0
    outer loop
      vertex 129.259 -3.19 93.077
      vertex 130.168 -3.19 94.0797
      vertex 129.211 -3.19 93.1206
    endloop
  endfacet
  facet normal 0 -1 0
    outer loop
      vertex 129.307 -3.19 93.0341
      vertex 130.168 -3.19 94.0797
      vertex 129.259 -3.19 93.077
    endloop
  endfacet
  facet normal 0 -1 -0
    outer loop
      vertex 130.168 -3.19 94.0797
      vertex 129.307 -3.19 93.0341
      vertex 130.216 -3.19 94.039
    endloop
  endfacet
  facet normal 0 -1 0
    outer loop
      vertex 129.357 -3.19 92.992
      vertex 130.216 -3.19 94.039
      vertex 129.307 -3.19 93.0341
    endloop
  endfacet
  facet normal 0 -1 -0
    outer loop
      vertex 130.216 -3.19 94.039
      vertex 129.357 -3.19 92.992
      vertex 130.24 -3.19 94.0195
    endloop
  endfacet
  facet normal 0 -1 0
    outer loop
      vertex 129.407 -3.19 92.9521
      vertex 130.24 -3.19 94.0195
      vertex 129.357 -3.19 92.992
    endloop
  endfacet
  facet normal 0 -1 -0
    outer loop
      vertex 130.24 -3.19 94.0195
      vertex 129.407 -3.19 92.9521
      vertex 130.265 -3.19 94.0007
    endloop
  endfacet
  facet normal 0 -1 0
    outer loop
      vertex 129.458 -3.19 92.913
      vertex 130.265 -3.19 94.0007
      vertex 129.407 -3.19 92.9521
    endloop
  endfacet
  facet normal 0 -1 -0
    outer loop
      vertex 132.595 -3.19 97.1419
      vertex 131.789 -3.19 96.0542
      vertex 132.646 -3.19 97.1028
    endloop
  endfacet
  facet normal 0 -1 0
    outer loop
      vertex 131.813 -3.19 96.0354
      vertex 132.646 -3.19 97.1028
      vertex 131.789 -3.19 96.0542
    endloop
  endfacet
  facet normal 0 -1 -0
    outer loop
      vertex 132.646 -3.19 97.1028
      vertex 131.813 -3.19 96.0354
      vertex 132.696 -3.19 97.0629
    endloop
  endfacet
  facet normal 0 -1 0
    outer loop
      vertex 131.837 -3.19 96.0158
      vertex 132.696 -3.19 97.0629
      vertex 131.813 -3.19 96.0354
    endloop
  endfacet
  facet normal 0 -1 -0
    outer loop
      vertex 132.696 -3.19 97.0629
      vertex 131.837 -3.19 96.0158
      vertex 132.746 -3.19 97.0208
    endloop
  endfacet
  facet normal 0 -1 0
    outer loop
      vertex 131.886 -3.19 95.9752
      vertex 132.746 -3.19 97.0208
      vertex 131.837 -3.19 96.0158
    endloop
  endfacet
  facet normal 0 -1 -0
    outer loop
      vertex 132.746 -3.19 97.0208
      vertex 131.886 -3.19 95.9752
      vertex 132.794 -3.19 96.9779
    endloop
  endfacet
  facet normal 0 -1 -0
    outer loop
      vertex 132.794 -3.19 96.9779
      vertex 131.886 -3.19 95.9752
      vertex 132.842 -3.19 96.9343
    endloop
  endfacet
  facet normal 0 -1 0
    outer loop
      vertex 131.931 -3.19 95.9316
      vertex 132.842 -3.19 96.9343
      vertex 131.886 -3.19 95.9752
    endloop
  endfacet
  facet normal 0 -1 -0
    outer loop
      vertex 132.842 -3.19 96.9343
      vertex 131.931 -3.19 95.9316
      vertex 132.888 -3.19 96.8892
    endloop
  endfacet
  facet normal 0 -1 -0
    outer loop
      vertex 132.888 -3.19 96.8892
      vertex 131.931 -3.19 95.9316
      vertex 132.933 -3.19 96.8425
    endloop
  endfacet
  facet normal 0 -1 0
    outer loop
      vertex 131.974 -3.19 95.8865
      vertex 132.933 -3.19 96.8425
      vertex 131.931 -3.19 95.9316
    endloop
  endfacet
  facet normal 0 -1 -0
    outer loop
      vertex 132.933 -3.19 96.8425
      vertex 131.974 -3.19 95.8865
      vertex 132.977 -3.19 96.7951
    endloop
  endfacet
  facet normal 0 -1 -0
    outer loop
      vertex 132.977 -3.19 96.7951
      vertex 131.974 -3.19 95.8865
      vertex 133.02 -3.19 96.747
    endloop
  endfacet
  facet normal 0 -1 0
    outer loop
      vertex 132.015 -3.19 95.8383
      vertex 133.02 -3.19 96.747
      vertex 131.974 -3.19 95.8865
    endloop
  endfacet
  facet normal 0 -1 -0
    outer loop
      vertex 133.02 -3.19 96.747
      vertex 132.015 -3.19 95.8383
      vertex 133.062 -3.19 96.6973
    endloop
  endfacet
  facet normal 0 -1 -0
    outer loop
      vertex 133.062 -3.19 96.6973
      vertex 132.015 -3.19 95.8383
      vertex 133.102 -3.19 96.6469
    endloop
  endfacet
  facet normal 0 -1 0
    outer loop
      vertex 132.035 -3.19 95.8142
      vertex 133.102 -3.19 96.6469
      vertex 132.015 -3.19 95.8383
    endloop
  endfacet
  facet normal 0 -1 -0
    outer loop
      vertex 133.102 -3.19 96.6469
      vertex 132.035 -3.19 95.8142
      vertex 133.141 -3.19 96.5958
    endloop
  endfacet
  facet normal 0 -1 0
    outer loop
      vertex 132.053 -3.19 95.7894
      vertex 133.141 -3.19 96.5958
      vertex 132.035 -3.19 95.8142
    endloop
  endfacet
  facet normal 0 -1 0
    outer loop
      vertex 132.072 -3.19 95.7638
      vertex 133.141 -3.19 96.5958
      vertex 132.053 -3.19 95.7894
    endloop
  endfacet
  facet normal 0 -1 -0
    outer loop
      vertex 133.141 -3.19 96.5958
      vertex 132.072 -3.19 95.7638
      vertex 133.179 -3.19 96.5431
    endloop
  endfacet
  facet normal 0 -1 -0
    outer loop
      vertex 133.179 -3.19 96.5431
      vertex 132.072 -3.19 95.7638
      vertex 133.215 -3.19 96.4897
    endloop
  endfacet
  facet normal 0 -1 0
    outer loop
      vertex 132.107 -3.19 95.7112
      vertex 133.215 -3.19 96.4897
      vertex 132.072 -3.19 95.7638
    endloop
  endfacet
  facet normal 0 -1 -0
    outer loop
      vertex 133.215 -3.19 96.4897
      vertex 132.107 -3.19 95.7112
      vertex 133.251 -3.19 96.4356
    endloop
  endfacet
  facet normal 0 -1 -0
    outer loop
      vertex 133.251 -3.19 96.4356
      vertex 132.107 -3.19 95.7112
      vertex 133.285 -3.19 96.3807
    endloop
  endfacet
  facet normal 0 -1 0
    outer loop
      vertex 132.123 -3.19 95.6849
      vertex 133.285 -3.19 96.3807
      vertex 132.107 -3.19 95.7112
    endloop
  endfacet
  facet normal 0 -1 -0
    outer loop
      vertex 133.285 -3.19 96.3807
      vertex 132.123 -3.19 95.6849
      vertex 133.317 -3.19 96.325
    endloop
  endfacet
  facet normal 0 -1 0
    outer loop
      vertex 132.139 -3.19 95.6578
      vertex 133.317 -3.19 96.325
      vertex 132.123 -3.19 95.6849
    endloop
  endfacet
  facet normal 0 -1 -0
    outer loop
      vertex 133.317 -3.19 96.325
      vertex 132.139 -3.19 95.6578
      vertex 133.349 -3.19 96.2686
    endloop
  endfacet
  facet normal 0 -1 0
    outer loop
      vertex 132.154 -3.19 95.6299
      vertex 133.349 -3.19 96.2686
      vertex 132.139 -3.19 95.6578
    endloop
  endfacet
  facet normal 0 -1 -0
    outer loop
      vertex 133.349 -3.19 96.2686
      vertex 132.154 -3.19 95.6299
      vertex 133.378 -3.19 96.2114
    endloop
  endfacet
  facet normal 0 -1 0
    outer loop
      vertex 132.183 -3.19 95.5743
      vertex 133.378 -3.19 96.2114
      vertex 132.154 -3.19 95.6299
    endloop
  endfacet
  facet normal 0 -1 -0
    outer loop
      vertex 133.378 -3.19 96.2114
      vertex 132.183 -3.19 95.5743
      vertex 133.407 -3.19 96.1527
    endloop
  endfacet
  facet normal 0 -1 -0
    outer loop
      vertex 133.407 -3.19 96.1527
      vertex 132.183 -3.19 95.5743
      vertex 133.434 -3.19 96.0941
    endloop
  endfacet
  facet normal 0 -1 0
    outer loop
      vertex 132.208 -3.19 95.5171
      vertex 133.434 -3.19 96.0941
      vertex 132.183 -3.19 95.5743
    endloop
  endfacet
  facet normal 0 -1 -0
    outer loop
      vertex 133.434 -3.19 96.0941
      vertex 132.208 -3.19 95.5171
      vertex 133.459 -3.19 96.0346
    endloop
  endfacet
  facet normal 0 -1 -0
    outer loop
      vertex 133.459 -3.19 96.0346
      vertex 132.208 -3.19 95.5171
      vertex 133.483 -3.19 95.9752
    endloop
  endfacet
  facet normal 0 -1 0
    outer loop
      vertex 132.231 -3.19 95.4584
      vertex 133.483 -3.19 95.9752
      vertex 132.208 -3.19 95.5171
    endloop
  endfacet
  facet normal 0 -1 -0
    outer loop
      vertex 133.483 -3.19 95.9752
      vertex 132.231 -3.19 95.4584
      vertex 133.505 -3.19 95.9143
    endloop
  endfacet
  facet normal 0 -1 -0
    outer loop
      vertex 133.505 -3.19 95.9143
      vertex 132.231 -3.19 95.4584
      vertex 133.526 -3.19 95.8534
    endloop
  endfacet
  facet normal 0 -1 0
    outer loop
      vertex 132.25 -3.19 95.3983
      vertex 133.526 -3.19 95.8534
      vertex 132.231 -3.19 95.4584
    endloop
  endfacet
  facet normal 0 -1 -0
    outer loop
      vertex 133.526 -3.19 95.8534
      vertex 132.25 -3.19 95.3983
      vertex 133.546 -3.19 95.7917
    endloop
  endfacet
  facet normal 0 -1 -0
    outer loop
      vertex 133.546 -3.19 95.7917
      vertex 132.25 -3.19 95.3983
      vertex 133.564 -3.19 95.7292
    endloop
  endfacet
  facet normal 0 -1 0
    outer loop
      vertex 132.267 -3.19 95.3381
      vertex 133.564 -3.19 95.7292
      vertex 132.25 -3.19 95.3983
    endloop
  endfacet
  facet normal 0 -1 -0
    outer loop
      vertex 133.564 -3.19 95.7292
      vertex 132.267 -3.19 95.3381
      vertex 133.58 -3.19 95.6668
    endloop
  endfacet
  facet normal 0 -1 -0
    outer loop
      vertex 133.58 -3.19 95.6668
      vertex 132.267 -3.19 95.3381
      vertex 133.595 -3.19 95.6044
    endloop
  endfacet
  facet normal 0 -1 0
    outer loop
      vertex 132.274 -3.19 95.3072
      vertex 133.595 -3.19 95.6044
      vertex 132.267 -3.19 95.3381
    endloop
  endfacet
  facet normal 0 -1 -0
    outer loop
      vertex 133.595 -3.19 95.6044
      vertex 132.274 -3.19 95.3072
      vertex 133.609 -3.19 95.5412
    endloop
  endfacet
  facet normal 0 -1 0
    outer loop
      vertex 132.28 -3.19 95.2772
      vertex 133.609 -3.19 95.5412
      vertex 132.274 -3.19 95.3072
    endloop
  endfacet
  facet normal 0 -1 -0
    outer loop
      vertex 133.609 -3.19 95.5412
      vertex 132.28 -3.19 95.2772
      vertex 133.62 -3.19 95.4773
    endloop
  endfacet
  facet normal 0 -1 0
    outer loop
      vertex 132.286 -3.19 95.2463
      vertex 133.62 -3.19 95.4773
      vertex 132.28 -3.19 95.2772
    endloop
  endfacet
  facet normal 0 -1 0
    outer loop
      vertex 132.292 -3.19 95.2147
      vertex 133.62 -3.19 95.4773
      vertex 132.286 -3.19 95.2463
    endloop
  endfacet
  facet normal 0 -1 -0
    outer loop
      vertex 133.62 -3.19 95.4773
      vertex 132.292 -3.19 95.2147
      vertex 133.631 -3.19 95.4141
    endloop
  endfacet
  facet normal 0 -1 -0
    outer loop
      vertex 133.631 -3.19 95.4141
      vertex 132.292 -3.19 95.2147
      vertex 133.64 -3.19 95.3494
    endloop
  endfacet
  facet normal 0 -1 0
    outer loop
      vertex 132.299 -3.19 95.1531
      vertex 133.64 -3.19 95.3494
      vertex 132.292 -3.19 95.2147
    endloop
  endfacet
  facet normal 0 -1 -0
    outer loop
      vertex 133.64 -3.19 95.3494
      vertex 132.299 -3.19 95.1531
      vertex 133.646 -3.19 95.2854
    endloop
  endfacet
  facet normal 0 -1 -0
    outer loop
      vertex 133.646 -3.19 95.2854
      vertex 132.299 -3.19 95.1531
      vertex 133.653 -3.19 95.2207
    endloop
  endfacet
  facet normal 0 -1 0
    outer loop
      vertex 132.304 -3.19 95.0899
      vertex 133.653 -3.19 95.2207
      vertex 132.299 -3.19 95.1531
    endloop
  endfacet
  facet normal 0 -1 -0
    outer loop
      vertex 133.653 -3.19 95.2207
      vertex 132.304 -3.19 95.0899
      vertex 133.656 -3.19 95.1568
    endloop
  endfacet
  facet normal 0 -1 -0
    outer loop
      vertex 133.656 -3.19 95.1568
      vertex 132.304 -3.19 95.0899
      vertex 133.659 -3.19 95.0921
    endloop
  endfacet
  facet normal 0 -1 0
    outer loop
      vertex 132.305 -3.19 95.0274
      vertex 133.659 -3.19 95.0921
      vertex 132.304 -3.19 95.0899
    endloop
  endfacet
  facet normal 0 -1 0
    outer loop
      vertex 132.305 -3.19 95.0274
      vertex 133.659 -3.19 95.0274
      vertex 133.659 -3.19 95.0921
    endloop
  endfacet
  facet normal 0 -1 0
    outer loop
      vertex 133.659 -3.19 94.9627
      vertex 132.305 -3.19 95.0274
      vertex 132.304 -3.19 94.965
    endloop
  endfacet
  facet normal 0 -1 0
    outer loop
      vertex 132.305 -3.19 95.0274
      vertex 133.659 -3.19 94.9627
      vertex 133.659 -3.19 95.0274
    endloop
  endfacet
  facet normal 0 -1 0
    outer loop
      vertex 133.653 -3.19 94.8341
      vertex 132.304 -3.19 94.965
      vertex 132.299 -3.19 94.9018
    endloop
  endfacet
  facet normal 0 -1 0
    outer loop
      vertex 132.304 -3.19 94.965
      vertex 133.656 -3.19 94.898
      vertex 133.659 -3.19 94.9627
    endloop
  endfacet
  facet normal 0 -1 0
    outer loop
      vertex 133.64 -3.19 94.7055
      vertex 132.299 -3.19 94.9018
      vertex 132.292 -3.19 94.8401
    endloop
  endfacet
  facet normal 0 -1 0
    outer loop
      vertex 132.304 -3.19 94.965
      vertex 133.653 -3.19 94.8341
      vertex 133.656 -3.19 94.898
    endloop
  endfacet
  facet normal 0 -1 0
    outer loop
      vertex 133.62 -3.19 94.5776
      vertex 132.292 -3.19 94.8401
      vertex 132.286 -3.19 94.8085
    endloop
  endfacet
  facet normal 0 -1 0
    outer loop
      vertex 133.62 -3.19 94.5776
      vertex 132.286 -3.19 94.8085
      vertex 132.28 -3.19 94.7777
    endloop
  endfacet
  facet normal 0 -1 0
    outer loop
      vertex 132.299 -3.19 94.9018
      vertex 133.646 -3.19 94.7694
      vertex 133.653 -3.19 94.8341
    endloop
  endfacet
  facet normal 0 -1 0
    outer loop
      vertex 133.609 -3.19 94.5137
      vertex 132.28 -3.19 94.7777
      vertex 132.274 -3.19 94.7476
    endloop
  endfacet
  facet normal 0 -1 0
    outer loop
      vertex 133.595 -3.19 94.4505
      vertex 132.274 -3.19 94.7476
      vertex 132.267 -3.19 94.7168
    endloop
  endfacet
  facet normal 0 -1 0
    outer loop
      vertex 132.299 -3.19 94.9018
      vertex 133.64 -3.19 94.7055
      vertex 133.646 -3.19 94.7694
    endloop
  endfacet
  facet normal 0 -1 0
    outer loop
      vertex 133.564 -3.19 94.3256
      vertex 132.267 -3.19 94.7168
      vertex 132.25 -3.19 94.6566
    endloop
  endfacet
  facet normal 0 -1 0
    outer loop
      vertex 132.292 -3.19 94.8401
      vertex 133.631 -3.19 94.6408
      vertex 133.64 -3.19 94.7055
    endloop
  endfacet
  facet normal 0 -1 0
    outer loop
      vertex 133.526 -3.19 94.2015
      vertex 132.25 -3.19 94.6566
      vertex 132.231 -3.19 94.5964
    endloop
  endfacet
  facet normal 0 -1 0
    outer loop
      vertex 132.292 -3.19 94.8401
      vertex 133.62 -3.19 94.5776
      vertex 133.631 -3.19 94.6408
    endloop
  endfacet
  facet normal 0 -1 0
    outer loop
      vertex 133.483 -3.19 94.0797
      vertex 132.231 -3.19 94.5964
      vertex 132.208 -3.19 94.5377
    endloop
  endfacet
  facet normal 0 -1 0
    outer loop
      vertex 132.28 -3.19 94.7777
      vertex 133.609 -3.19 94.5137
      vertex 133.62 -3.19 94.5776
    endloop
  endfacet
  facet normal 0 -1 0
    outer loop
      vertex 133.434 -3.19 93.9608
      vertex 132.208 -3.19 94.5377
      vertex 132.183 -3.19 94.4806
    endloop
  endfacet
  facet normal 0 -1 0
    outer loop
      vertex 132.274 -3.19 94.7476
      vertex 133.595 -3.19 94.4505
      vertex 133.609 -3.19 94.5137
    endloop
  endfacet
  facet normal 0 -1 0
    outer loop
      vertex 133.378 -3.19 93.8435
      vertex 132.183 -3.19 94.4806
      vertex 132.154 -3.19 94.4249
    endloop
  endfacet
  facet normal 0 -1 0
    outer loop
      vertex 133.349 -3.19 93.7863
      vertex 132.154 -3.19 94.4249
      vertex 132.139 -3.19 94.3971
    endloop
  endfacet
  facet normal 0 -1 0
    outer loop
      vertex 132.267 -3.19 94.7168
      vertex 133.58 -3.19 94.3881
      vertex 133.595 -3.19 94.4505
    endloop
  endfacet
  facet normal 0 -1 0
    outer loop
      vertex 133.317 -3.19 93.7299
      vertex 132.139 -3.19 94.3971
      vertex 132.123 -3.19 94.37
    endloop
  endfacet
  facet normal 0 -1 0
    outer loop
      vertex 133.285 -3.19 93.6742
      vertex 132.123 -3.19 94.37
      vertex 132.107 -3.19 94.3437
    endloop
  endfacet
  facet normal 0 -1 0
    outer loop
      vertex 132.267 -3.19 94.7168
      vertex 133.564 -3.19 94.3256
      vertex 133.58 -3.19 94.3881
    endloop
  endfacet
  facet normal 0 -1 0
    outer loop
      vertex 133.215 -3.19 93.5651
      vertex 132.107 -3.19 94.3437
      vertex 132.072 -3.19 94.291
    endloop
  endfacet
  facet normal 0 -1 0
    outer loop
      vertex 133.141 -3.19 93.4591
      vertex 132.072 -3.19 94.291
      vertex 132.053 -3.19 94.2654
    endloop
  endfacet
  facet normal 0 -1 0
    outer loop
      vertex 132.25 -3.19 94.6566
      vertex 133.546 -3.19 94.2632
      vertex 133.564 -3.19 94.3256
    endloop
  endfacet
  facet normal 0 -1 0
    outer loop
      vertex 133.141 -3.19 93.4591
      vertex 132.053 -3.19 94.2654
      vertex 132.035 -3.19 94.2406
    endloop
  endfacet
  facet normal 0 -1 0
    outer loop
      vertex 133.102 -3.19 93.4079
      vertex 132.035 -3.19 94.2406
      vertex 132.015 -3.19 94.2165
    endloop
  endfacet
  facet normal 0 -1 0
    outer loop
      vertex 132.25 -3.19 94.6566
      vertex 133.526 -3.19 94.2015
      vertex 133.546 -3.19 94.2632
    endloop
  endfacet
  facet normal 0 -1 0
    outer loop
      vertex 133.02 -3.19 93.3079
      vertex 132.015 -3.19 94.2165
      vertex 131.974 -3.19 94.1684
    endloop
  endfacet
  facet normal 0 -1 0
    outer loop
      vertex 132.231 -3.19 94.5964
      vertex 133.505 -3.19 94.1406
      vertex 133.526 -3.19 94.2015
    endloop
  endfacet
  facet normal 0 -1 0
    outer loop
      vertex 132.933 -3.19 93.2124
      vertex 131.974 -3.19 94.1684
      vertex 131.931 -3.19 94.1233
    endloop
  endfacet
  facet normal 0 -1 0
    outer loop
      vertex 132.842 -3.19 93.1206
      vertex 131.931 -3.19 94.1233
      vertex 131.886 -3.19 94.0797
    endloop
  endfacet
  facet normal 0 -1 0
    outer loop
      vertex 132.231 -3.19 94.5964
      vertex 133.483 -3.19 94.0797
      vertex 133.505 -3.19 94.1406
    endloop
  endfacet
  facet normal 0 -1 0
    outer loop
      vertex 132.746 -3.19 93.0341
      vertex 131.886 -3.19 94.0797
      vertex 131.837 -3.19 94.039
    endloop
  endfacet
  facet normal 0 -1 0
    outer loop
      vertex 132.208 -3.19 94.5377
      vertex 133.459 -3.19 94.0202
      vertex 133.483 -3.19 94.0797
    endloop
  endfacet
  facet normal 0 -1 0
    outer loop
      vertex 132.696 -3.19 92.992
      vertex 131.837 -3.19 94.039
      vertex 131.813 -3.19 94.0195
    endloop
  endfacet
  facet normal 0 -1 0
    outer loop
      vertex 132.646 -3.19 92.9521
      vertex 131.813 -3.19 94.0195
      vertex 131.789 -3.19 94.0007
    endloop
  endfacet
  facet normal 0 -1 0
    outer loop
      vertex 132.595 -3.19 92.913
      vertex 131.789 -3.19 94.0007
      vertex 131.763 -3.19 93.9819
    endloop
  endfacet
  facet normal 0 -1 0
    outer loop
      vertex 132.208 -3.19 94.5377
      vertex 133.434 -3.19 93.9608
      vertex 133.459 -3.19 94.0202
    endloop
  endfacet
  facet normal 0 -1 0
    outer loop
      vertex 132.489 -3.19 92.8385
      vertex 131.763 -3.19 93.9819
      vertex 131.71 -3.19 93.9473
    endloop
  endfacet
  facet normal 0 -1 0
    outer loop
      vertex 132.435 -3.19 92.8031
      vertex 131.71 -3.19 93.9473
      vertex 131.684 -3.19 93.9307
    endloop
  endfacet
  facet normal 0 -1 0
    outer loop
      vertex 132.38 -3.19 92.7693
      vertex 131.684 -3.19 93.9307
      vertex 131.657 -3.19 93.9149
    endloop
  endfacet
  facet normal 0 -1 0
    outer loop
      vertex 132.183 -3.19 94.4806
      vertex 133.407 -3.19 93.9021
      vertex 133.434 -3.19 93.9608
    endloop
  endfacet
  facet normal 0 -1 0
    outer loop
      vertex 132.324 -3.19 92.737
      vertex 131.657 -3.19 93.9149
      vertex 131.629 -3.19 93.8999
    endloop
  endfacet
  facet normal 0 -1 0
    outer loop
      vertex 132.211 -3.19 92.676
      vertex 131.629 -3.19 93.8999
      vertex 131.573 -3.19 93.8713
    endloop
  endfacet
  facet normal 0 -1 0
    outer loop
      vertex 132.093 -3.19 92.6204
      vertex 131.573 -3.19 93.8713
      vertex 131.516 -3.19 93.8457
    endloop
  endfacet
  facet normal 0 -1 0
    outer loop
      vertex 132.183 -3.19 94.4806
      vertex 133.378 -3.19 93.8435
      vertex 133.407 -3.19 93.9021
    endloop
  endfacet
  facet normal 0 -1 0
    outer loop
      vertex 131.974 -3.19 92.5715
      vertex 131.516 -3.19 93.8457
      vertex 131.458 -3.19 93.8232
    endloop
  endfacet
  facet normal 0 -1 0
    outer loop
      vertex 131.852 -3.19 92.5278
      vertex 131.458 -3.19 93.8232
      vertex 131.397 -3.19 93.8036
    endloop
  endfacet
  facet normal 0 -1 0
    outer loop
      vertex 131.728 -3.19 92.4902
      vertex 131.397 -3.19 93.8036
      vertex 131.337 -3.19 93.787
    endloop
  endfacet
  facet normal 0 -1 0
    outer loop
      vertex 132.154 -3.19 94.4249
      vertex 133.349 -3.19 93.7863
      vertex 133.378 -3.19 93.8435
    endloop
  endfacet
  facet normal 0 -1 0
    outer loop
      vertex 131.666 -3.19 92.4737
      vertex 131.337 -3.19 93.787
      vertex 131.306 -3.19 93.7795
    endloop
  endfacet
  facet normal 0 -1 0
    outer loop
      vertex 131.604 -3.19 92.4586
      vertex 131.306 -3.19 93.7795
      vertex 131.276 -3.19 93.7735
    endloop
  endfacet
  facet normal 0 -1 0
    outer loop
      vertex 131.54 -3.19 92.4451
      vertex 131.276 -3.19 93.7735
      vertex 131.245 -3.19 93.7675
    endloop
  endfacet
  facet normal 0 -1 0
    outer loop
      vertex 131.476 -3.19 92.4338
      vertex 131.245 -3.19 93.7675
      vertex 131.214 -3.19 93.7622
    endloop
  endfacet
  facet normal 0 -1 0
    outer loop
      vertex 131.348 -3.19 92.4143
      vertex 131.214 -3.19 93.7622
      vertex 131.152 -3.19 93.7547
    endloop
  endfacet
  facet normal 0 -1 0
    outer loop
      vertex 131.22 -3.19 92.4015
      vertex 131.152 -3.19 93.7547
      vertex 131.089 -3.19 93.7502
    endloop
  endfacet
  facet normal 0 -1 0
    outer loop
      vertex 131.091 -3.19 92.3955
      vertex 131.089 -3.19 93.7502
      vertex 131.027 -3.19 93.7487
    endloop
  endfacet
  facet normal 0 -1 0
    outer loop
      vertex 132.139 -3.19 94.3971
      vertex 133.317 -3.19 93.7299
      vertex 133.349 -3.19 93.7863
    endloop
  endfacet
  facet normal 0 -1 -0
    outer loop
      vertex 130.265 -3.19 94.0007
      vertex 129.458 -3.19 92.913
      vertex 130.29 -3.19 93.9819
    endloop
  endfacet
  facet normal 0 -1 0
    outer loop
      vertex 129.511 -3.19 92.8746
      vertex 130.29 -3.19 93.9819
      vertex 129.458 -3.19 92.913
    endloop
  endfacet
  facet normal 0 -1 0
    outer loop
      vertex 132.123 -3.19 94.37
      vertex 133.285 -3.19 93.6742
      vertex 133.317 -3.19 93.7299
    endloop
  endfacet
  facet normal 0 -1 0
    outer loop
      vertex 129.564 -3.19 92.8385
      vertex 130.29 -3.19 93.9819
      vertex 129.511 -3.19 92.8746
    endloop
  endfacet
  facet normal 0 -1 0
    outer loop
      vertex 132.107 -3.19 94.3437
      vertex 133.251 -3.19 93.6193
      vertex 133.285 -3.19 93.6742
    endloop
  endfacet
  facet normal 0 -1 -0
    outer loop
      vertex 130.29 -3.19 93.9819
      vertex 129.564 -3.19 92.8385
      vertex 130.343 -3.19 93.9473
    endloop
  endfacet
  facet normal 0 -1 0
    outer loop
      vertex 132.107 -3.19 94.3437
      vertex 133.215 -3.19 93.5651
      vertex 133.251 -3.19 93.6193
    endloop
  endfacet
  facet normal 0 -1 0
    outer loop
      vertex 129.618 -3.19 92.8031
      vertex 130.343 -3.19 93.9473
      vertex 129.564 -3.19 92.8385
    endloop
  endfacet
  facet normal 0 -1 -0
    outer loop
      vertex 130.343 -3.19 93.9473
      vertex 129.618 -3.19 92.8031
      vertex 130.369 -3.19 93.9307
    endloop
  endfacet
  facet normal 0 -1 0
    outer loop
      vertex 132.072 -3.19 94.291
      vertex 133.141 -3.19 93.4591
      vertex 133.179 -3.19 93.5117
    endloop
  endfacet
  facet normal 0 -1 0
    outer loop
      vertex 132.072 -3.19 94.291
      vertex 133.179 -3.19 93.5117
      vertex 133.215 -3.19 93.5651
    endloop
  endfacet
  facet normal 0 -1 0
    outer loop
      vertex 129.673 -3.19 92.7693
      vertex 130.369 -3.19 93.9307
      vertex 129.618 -3.19 92.8031
    endloop
  endfacet
  facet normal 0 -1 0
    outer loop
      vertex 132.035 -3.19 94.2406
      vertex 133.102 -3.19 93.4079
      vertex 133.141 -3.19 93.4591
    endloop
  endfacet
  facet normal 0 -1 -0
    outer loop
      vertex 130.369 -3.19 93.9307
      vertex 129.673 -3.19 92.7693
      vertex 130.396 -3.19 93.9149
    endloop
  endfacet
  facet normal 0 -1 0
    outer loop
      vertex 132.015 -3.19 94.2165
      vertex 133.062 -3.19 93.3575
      vertex 133.102 -3.19 93.4079
    endloop
  endfacet
  facet normal 0 -1 0
    outer loop
      vertex 129.729 -3.19 92.737
      vertex 130.396 -3.19 93.9149
      vertex 129.673 -3.19 92.7693
    endloop
  endfacet
  facet normal 0 -1 0
    outer loop
      vertex 132.015 -3.19 94.2165
      vertex 133.02 -3.19 93.3079
      vertex 133.062 -3.19 93.3575
    endloop
  endfacet
  facet normal 0 -1 -0
    outer loop
      vertex 130.396 -3.19 93.9149
      vertex 129.729 -3.19 92.737
      vertex 130.424 -3.19 93.8999
    endloop
  endfacet
  facet normal 0 -1 0
    outer loop
      vertex 131.974 -3.19 94.1684
      vertex 132.977 -3.19 93.2597
      vertex 133.02 -3.19 93.3079
    endloop
  endfacet
  facet normal 0 -1 0
    outer loop
      vertex 129.785 -3.19 92.7054
      vertex 130.424 -3.19 93.8999
      vertex 129.729 -3.19 92.737
    endloop
  endfacet
  facet normal 0 -1 0
    outer loop
      vertex 131.974 -3.19 94.1684
      vertex 132.933 -3.19 93.2124
      vertex 132.977 -3.19 93.2597
    endloop
  endfacet
  facet normal 0 -1 0
    outer loop
      vertex 129.843 -3.19 92.676
      vertex 130.424 -3.19 93.8999
      vertex 129.785 -3.19 92.7054
    endloop
  endfacet
  facet normal 0 -1 0
    outer loop
      vertex 131.931 -3.19 94.1233
      vertex 132.888 -3.19 93.1657
      vertex 132.933 -3.19 93.2124
    endloop
  endfacet
  facet normal 0 -1 -0
    outer loop
      vertex 130.424 -3.19 93.8999
      vertex 129.843 -3.19 92.676
      vertex 130.48 -3.19 93.8713
    endloop
  endfacet
  facet normal 0 -1 0
    outer loop
      vertex 131.931 -3.19 94.1233
      vertex 132.842 -3.19 93.1206
      vertex 132.888 -3.19 93.1657
    endloop
  endfacet
  facet normal 0 -1 0
    outer loop
      vertex 129.901 -3.19 92.6474
      vertex 130.48 -3.19 93.8713
      vertex 129.843 -3.19 92.676
    endloop
  endfacet
  facet normal 0 -1 0
    outer loop
      vertex 131.886 -3.19 94.0797
      vertex 132.794 -3.19 93.077
      vertex 132.842 -3.19 93.1206
    endloop
  endfacet
  facet normal 0 -1 0
    outer loop
      vertex 129.96 -3.19 92.6204
      vertex 130.48 -3.19 93.8713
      vertex 129.901 -3.19 92.6474
    endloop
  endfacet
  facet normal 0 -1 0
    outer loop
      vertex 131.886 -3.19 94.0797
      vertex 132.746 -3.19 93.0341
      vertex 132.794 -3.19 93.077
    endloop
  endfacet
  facet normal 0 -1 -0
    outer loop
      vertex 130.48 -3.19 93.8713
      vertex 129.96 -3.19 92.6204
      vertex 130.537 -3.19 93.8457
    endloop
  endfacet
  facet normal 0 -1 0
    outer loop
      vertex 131.837 -3.19 94.039
      vertex 132.696 -3.19 92.992
      vertex 132.746 -3.19 93.0341
    endloop
  endfacet
  facet normal 0 -1 0
    outer loop
      vertex 130.019 -3.19 92.5948
      vertex 130.537 -3.19 93.8457
      vertex 129.96 -3.19 92.6204
    endloop
  endfacet
  facet normal 0 -1 0
    outer loop
      vertex 131.813 -3.19 94.0195
      vertex 132.646 -3.19 92.9521
      vertex 132.696 -3.19 92.992
    endloop
  endfacet
  facet normal 0 -1 0
    outer loop
      vertex 130.079 -3.19 92.5715
      vertex 130.537 -3.19 93.8457
      vertex 130.019 -3.19 92.5948
    endloop
  endfacet
  facet normal 0 -1 0
    outer loop
      vertex 131.789 -3.19 94.0007
      vertex 132.595 -3.19 92.913
      vertex 132.646 -3.19 92.9521
    endloop
  endfacet
  facet normal 0 -1 -0
    outer loop
      vertex 130.537 -3.19 93.8457
      vertex 130.079 -3.19 92.5715
      vertex 130.596 -3.19 93.8232
    endloop
  endfacet
  facet normal 0 -1 0
    outer loop
      vertex 130.14 -3.19 92.5489
      vertex 130.596 -3.19 93.8232
      vertex 130.079 -3.19 92.5715
    endloop
  endfacet
  facet normal 0 -1 0
    outer loop
      vertex 131.763 -3.19 93.9819
      vertex 132.489 -3.19 92.8385
      vertex 132.542 -3.19 92.8746
    endloop
  endfacet
  facet normal 0 -1 0
    outer loop
      vertex 131.763 -3.19 93.9819
      vertex 132.542 -3.19 92.8746
      vertex 132.595 -3.19 92.913
    endloop
  endfacet
  facet normal 0 -1 0
    outer loop
      vertex 130.201 -3.19 92.5278
      vertex 130.596 -3.19 93.8232
      vertex 130.14 -3.19 92.5489
    endloop
  endfacet
  facet normal 0 -1 0
    outer loop
      vertex 131.71 -3.19 93.9473
      vertex 132.435 -3.19 92.8031
      vertex 132.489 -3.19 92.8385
    endloop
  endfacet
  facet normal 0 -1 -0
    outer loop
      vertex 130.596 -3.19 93.8232
      vertex 130.201 -3.19 92.5278
      vertex 130.656 -3.19 93.8036
    endloop
  endfacet
  facet normal 0 -1 0
    outer loop
      vertex 131.684 -3.19 93.9307
      vertex 132.38 -3.19 92.7693
      vertex 132.435 -3.19 92.8031
    endloop
  endfacet
  facet normal 0 -1 0
    outer loop
      vertex 130.262 -3.19 92.5083
      vertex 130.656 -3.19 93.8036
      vertex 130.201 -3.19 92.5278
    endloop
  endfacet
  facet normal 0 -1 0
    outer loop
      vertex 131.657 -3.19 93.9149
      vertex 132.324 -3.19 92.737
      vertex 132.38 -3.19 92.7693
    endloop
  endfacet
  facet normal 0 -1 0
    outer loop
      vertex 130.325 -3.19 92.4902
      vertex 130.656 -3.19 93.8036
      vertex 130.262 -3.19 92.5083
    endloop
  endfacet
  facet normal 0 -1 -0
    outer loop
      vertex 130.656 -3.19 93.8036
      vertex 130.325 -3.19 92.4902
      vertex 130.716 -3.19 93.787
    endloop
  endfacet
  facet normal 0 -1 0
    outer loop
      vertex 131.629 -3.19 93.8999
      vertex 132.211 -3.19 92.676
      vertex 132.268 -3.19 92.7054
    endloop
  endfacet
  facet normal 0 -1 0
    outer loop
      vertex 131.629 -3.19 93.8999
      vertex 132.268 -3.19 92.7054
      vertex 132.324 -3.19 92.737
    endloop
  endfacet
  facet normal 0 -1 0
    outer loop
      vertex 130.387 -3.19 92.4737
      vertex 130.716 -3.19 93.787
      vertex 130.325 -3.19 92.4902
    endloop
  endfacet
  facet normal 0 -1 0
    outer loop
      vertex 131.573 -3.19 93.8713
      vertex 132.152 -3.19 92.6474
      vertex 132.211 -3.19 92.676
    endloop
  endfacet
  facet normal 0 -1 -0
    outer loop
      vertex 130.716 -3.19 93.787
      vertex 130.387 -3.19 92.4737
      vertex 130.747 -3.19 93.7795
    endloop
  endfacet
  facet normal 0 -1 0
    outer loop
      vertex 131.573 -3.19 93.8713
      vertex 132.093 -3.19 92.6204
      vertex 132.152 -3.19 92.6474
    endloop
  endfacet
  facet normal 0 -1 0
    outer loop
      vertex 130.45 -3.19 92.4586
      vertex 130.747 -3.19 93.7795
      vertex 130.387 -3.19 92.4737
    endloop
  endfacet
  facet normal 0 -1 0
    outer loop
      vertex 131.516 -3.19 93.8457
      vertex 132.034 -3.19 92.5948
      vertex 132.093 -3.19 92.6204
    endloop
  endfacet
  facet normal 0 -1 -0
    outer loop
      vertex 130.747 -3.19 93.7795
      vertex 130.45 -3.19 92.4586
      vertex 130.777 -3.19 93.7735
    endloop
  endfacet
  facet normal 0 -1 0
    outer loop
      vertex 131.516 -3.19 93.8457
      vertex 131.974 -3.19 92.5715
      vertex 132.034 -3.19 92.5948
    endloop
  endfacet
  facet normal 0 -1 0
    outer loop
      vertex 130.513 -3.19 92.4451
      vertex 130.777 -3.19 93.7735
      vertex 130.45 -3.19 92.4586
    endloop
  endfacet
  facet normal 0 -1 0
    outer loop
      vertex 131.458 -3.19 93.8232
      vertex 131.913 -3.19 92.5489
      vertex 131.974 -3.19 92.5715
    endloop
  endfacet
  facet normal 0 -1 -0
    outer loop
      vertex 130.777 -3.19 93.7735
      vertex 130.513 -3.19 92.4451
      vertex 130.808 -3.19 93.7675
    endloop
  endfacet
  facet normal 0 -1 0
    outer loop
      vertex 131.458 -3.19 93.8232
      vertex 131.852 -3.19 92.5278
      vertex 131.913 -3.19 92.5489
    endloop
  endfacet
  facet normal 0 -1 0
    outer loop
      vertex 130.577 -3.19 92.4338
      vertex 130.808 -3.19 93.7675
      vertex 130.513 -3.19 92.4451
    endloop
  endfacet
  facet normal 0 -1 0
    outer loop
      vertex 131.397 -3.19 93.8036
      vertex 131.791 -3.19 92.5083
      vertex 131.852 -3.19 92.5278
    endloop
  endfacet
  facet normal 0 -1 -0
    outer loop
      vertex 130.808 -3.19 93.7675
      vertex 130.577 -3.19 92.4338
      vertex 130.839 -3.19 93.7622
    endloop
  endfacet
  facet normal 0 -1 0
    outer loop
      vertex 131.397 -3.19 93.8036
      vertex 131.728 -3.19 92.4902
      vertex 131.791 -3.19 92.5083
    endloop
  endfacet
  facet normal 0 -1 0
    outer loop
      vertex 130.64 -3.19 92.4233
      vertex 130.839 -3.19 93.7622
      vertex 130.577 -3.19 92.4338
    endloop
  endfacet
  facet normal 0 -1 0
    outer loop
      vertex 131.337 -3.19 93.787
      vertex 131.666 -3.19 92.4737
      vertex 131.728 -3.19 92.4902
    endloop
  endfacet
  facet normal 0 -1 0
    outer loop
      vertex 130.705 -3.19 92.4143
      vertex 130.839 -3.19 93.7622
      vertex 130.64 -3.19 92.4233
    endloop
  endfacet
  facet normal 0 -1 0
    outer loop
      vertex 131.306 -3.19 93.7795
      vertex 131.604 -3.19 92.4586
      vertex 131.666 -3.19 92.4737
    endloop
  endfacet
  facet normal 0 -1 -0
    outer loop
      vertex 130.839 -3.19 93.7622
      vertex 130.705 -3.19 92.4143
      vertex 130.901 -3.19 93.7547
    endloop
  endfacet
  facet normal 0 -1 0
    outer loop
      vertex 130.769 -3.19 92.4075
      vertex 130.901 -3.19 93.7547
      vertex 130.705 -3.19 92.4143
    endloop
  endfacet
  facet normal 0 -1 0
    outer loop
      vertex 131.245 -3.19 93.7675
      vertex 131.476 -3.19 92.4338
      vertex 131.54 -3.19 92.4451
    endloop
  endfacet
  facet normal 0 -1 0
    outer loop
      vertex 131.276 -3.19 93.7735
      vertex 131.54 -3.19 92.4451
      vertex 131.604 -3.19 92.4586
    endloop
  endfacet
  facet normal 0 -1 0
    outer loop
      vertex 130.833 -3.19 92.4015
      vertex 130.901 -3.19 93.7547
      vertex 130.769 -3.19 92.4075
    endloop
  endfacet
  facet normal 0 -1 0
    outer loop
      vertex 131.214 -3.19 93.7622
      vertex 131.413 -3.19 92.4233
      vertex 131.476 -3.19 92.4338
    endloop
  endfacet
  facet normal 0 -1 -0
    outer loop
      vertex 130.901 -3.19 93.7547
      vertex 130.833 -3.19 92.4015
      vertex 130.964 -3.19 93.7502
    endloop
  endfacet
  facet normal 0 -1 0
    outer loop
      vertex 131.214 -3.19 93.7622
      vertex 131.348 -3.19 92.4143
      vertex 131.413 -3.19 92.4233
    endloop
  endfacet
  facet normal 0 -1 0
    outer loop
      vertex 130.897 -3.19 92.3977
      vertex 130.964 -3.19 93.7502
      vertex 130.833 -3.19 92.4015
    endloop
  endfacet
  facet normal 0 -1 0
    outer loop
      vertex 131.152 -3.19 93.7547
      vertex 131.285 -3.19 92.4075
      vertex 131.348 -3.19 92.4143
    endloop
  endfacet
  facet normal 0 -1 0
    outer loop
      vertex 130.962 -3.19 92.3955
      vertex 130.964 -3.19 93.7502
      vertex 130.897 -3.19 92.3977
    endloop
  endfacet
  facet normal 0 -1 0
    outer loop
      vertex 131.152 -3.19 93.7547
      vertex 131.22 -3.19 92.4015
      vertex 131.285 -3.19 92.4075
    endloop
  endfacet
  facet normal 0 -1 -0
    outer loop
      vertex 130.964 -3.19 93.7502
      vertex 130.962 -3.19 92.3955
      vertex 131.027 -3.19 93.7487
    endloop
  endfacet
  facet normal 0 -1 0
    outer loop
      vertex 131.089 -3.19 93.7502
      vertex 131.156 -3.19 92.3977
      vertex 131.22 -3.19 92.4015
    endloop
  endfacet
  facet normal 0 -1 0
    outer loop
      vertex 131.027 -3.19 92.3947
      vertex 131.027 -3.19 93.7487
      vertex 130.962 -3.19 92.3955
    endloop
  endfacet
  facet normal 0 -1 0
    outer loop
      vertex 131.089 -3.19 93.7502
      vertex 131.091 -3.19 92.3955
      vertex 131.156 -3.19 92.3977
    endloop
  endfacet
  facet normal 0 -1 0
    outer loop
      vertex 131.027 -3.19 93.7487
      vertex 131.027 -3.19 92.3947
      vertex 131.091 -3.19 92.3955
    endloop
  endfacet
  facet normal 0 -1 0
    outer loop
      vertex 130.999 -3.19 95.5908
      vertex 131.054 -3.19 95.5908
      vertex 131.027 -3.19 95.5916
    endloop
  endfacet
  facet normal 0 -1 0
    outer loop
      vertex 130.971 -3.19 95.5886
      vertex 131.054 -3.19 95.5908
      vertex 130.999 -3.19 95.5908
    endloop
  endfacet
  facet normal 0 -1 0
    outer loop
      vertex 130.971 -3.19 95.5886
      vertex 131.082 -3.19 95.5886
      vertex 131.054 -3.19 95.5908
    endloop
  endfacet
  facet normal 0 -1 0
    outer loop
      vertex 130.944 -3.19 95.5856
      vertex 131.082 -3.19 95.5886
      vertex 130.971 -3.19 95.5886
    endloop
  endfacet
  facet normal 0 -1 0
    outer loop
      vertex 130.944 -3.19 95.5856
      vertex 131.109 -3.19 95.5856
      vertex 131.082 -3.19 95.5886
    endloop
  endfacet
  facet normal 0 -1 0
    outer loop
      vertex 130.917 -3.19 95.5811
      vertex 131.109 -3.19 95.5856
      vertex 130.944 -3.19 95.5856
    endloop
  endfacet
  facet normal 0 -1 0
    outer loop
      vertex 130.917 -3.19 95.5811
      vertex 131.136 -3.19 95.5811
      vertex 131.109 -3.19 95.5856
    endloop
  endfacet
  facet normal 0 -1 0
    outer loop
      vertex 130.89 -3.19 95.575
      vertex 131.136 -3.19 95.5811
      vertex 130.917 -3.19 95.5811
    endloop
  endfacet
  facet normal 0 -1 0
    outer loop
      vertex 130.89 -3.19 95.575
      vertex 131.163 -3.19 95.575
      vertex 131.136 -3.19 95.5811
    endloop
  endfacet
  facet normal 0 -1 0
    outer loop
      vertex 130.863 -3.19 95.5675
      vertex 131.163 -3.19 95.575
      vertex 130.89 -3.19 95.575
    endloop
  endfacet
  facet normal 0 -1 0
    outer loop
      vertex 130.863 -3.19 95.5675
      vertex 131.191 -3.19 95.5675
      vertex 131.163 -3.19 95.575
    endloop
  endfacet
  facet normal 0 -1 0
    outer loop
      vertex 130.836 -3.19 95.5585
      vertex 131.191 -3.19 95.5675
      vertex 130.863 -3.19 95.5675
    endloop
  endfacet
  facet normal 0 -1 0
    outer loop
      vertex 130.836 -3.19 95.5585
      vertex 131.217 -3.19 95.5585
      vertex 131.191 -3.19 95.5675
    endloop
  endfacet
  facet normal 0 -1 0
    outer loop
      vertex 130.811 -3.19 95.5487
      vertex 131.217 -3.19 95.5585
      vertex 130.836 -3.19 95.5585
    endloop
  endfacet
  facet normal 0 -1 0
    outer loop
      vertex 130.811 -3.19 95.5487
      vertex 131.242 -3.19 95.5487
      vertex 131.217 -3.19 95.5585
    endloop
  endfacet
  facet normal 0 -1 0
    outer loop
      vertex 130.76 -3.19 95.5246
      vertex 130.811 -3.19 95.5487
      vertex 130.785 -3.19 95.5374
    endloop
  endfacet
  facet normal 0 -1 -0
    outer loop
      vertex 130.811 -3.19 95.5487
      vertex 130.76 -3.19 95.5246
      vertex 131.242 -3.19 95.5487
    endloop
  endfacet
  facet normal 0 -1 0
    outer loop
      vertex 131.293 -3.19 95.5246
      vertex 131.242 -3.19 95.5487
      vertex 130.76 -3.19 95.5246
    endloop
  endfacet
  facet normal 0 -1 0
    outer loop
      vertex 131.242 -3.19 95.5487
      vertex 131.293 -3.19 95.5246
      vertex 131.268 -3.19 95.5374
    endloop
  endfacet
  facet normal 0 -1 0
    outer loop
      vertex 130.736 -3.19 95.5111
      vertex 131.293 -3.19 95.5246
      vertex 130.76 -3.19 95.5246
    endloop
  endfacet
  facet normal 0 -1 0
    outer loop
      vertex 130.736 -3.19 95.5111
      vertex 131.317 -3.19 95.5111
      vertex 131.293 -3.19 95.5246
    endloop
  endfacet
  facet normal 0 -1 0
    outer loop
      vertex 130.69 -3.19 95.4803
      vertex 130.736 -3.19 95.5111
      vertex 130.713 -3.19 95.4968
    endloop
  endfacet
  facet normal 0 -1 -0
    outer loop
      vertex 130.736 -3.19 95.5111
      vertex 130.69 -3.19 95.4803
      vertex 131.317 -3.19 95.5111
    endloop
  endfacet
  facet normal 0 -1 0
    outer loop
      vertex 131.363 -3.19 95.4803
      vertex 131.317 -3.19 95.5111
      vertex 130.69 -3.19 95.4803
    endloop
  endfacet
  facet normal 0 -1 0
    outer loop
      vertex 131.317 -3.19 95.5111
      vertex 131.363 -3.19 95.4803
      vertex 131.34 -3.19 95.4968
    endloop
  endfacet
  facet normal 0 -1 0
    outer loop
      vertex 130.647 -3.19 95.4457
      vertex 130.69 -3.19 95.4803
      vertex 130.668 -3.19 95.4637
    endloop
  endfacet
  facet normal 0 -1 -0
    outer loop
      vertex 130.69 -3.19 95.4803
      vertex 130.647 -3.19 95.4457
      vertex 131.363 -3.19 95.4803
    endloop
  endfacet
  facet normal 0 -1 0
    outer loop
      vertex 131.406 -3.19 95.4457
      vertex 131.363 -3.19 95.4803
      vertex 130.647 -3.19 95.4457
    endloop
  endfacet
  facet normal 0 -1 0
    outer loop
      vertex 131.363 -3.19 95.4803
      vertex 131.406 -3.19 95.4457
      vertex 131.385 -3.19 95.4637
    endloop
  endfacet
  facet normal 0 -1 0
    outer loop
      vertex 130.608 -3.19 95.4065
      vertex 131.406 -3.19 95.4457
      vertex 130.647 -3.19 95.4457
    endloop
  endfacet
  facet normal 0 -1 0
    outer loop
      vertex 130.608 -3.19 95.4065
      vertex 131.445 -3.19 95.4065
      vertex 131.406 -3.19 95.4457
    endloop
  endfacet
  facet normal 0 -1 0
    outer loop
      vertex 130.59 -3.19 95.3855
      vertex 131.445 -3.19 95.4065
      vertex 130.608 -3.19 95.4065
    endloop
  endfacet
  facet normal 0 -1 0
    outer loop
      vertex 130.59 -3.19 95.3855
      vertex 131.463 -3.19 95.3855
      vertex 131.445 -3.19 95.4065
    endloop
  endfacet
  facet normal 0 -1 0
    outer loop
      vertex 130.574 -3.19 95.3637
      vertex 131.463 -3.19 95.3855
      vertex 130.59 -3.19 95.3855
    endloop
  endfacet
  facet normal 0 -1 0
    outer loop
      vertex 130.574 -3.19 95.3637
      vertex 131.479 -3.19 95.3637
      vertex 131.463 -3.19 95.3855
    endloop
  endfacet
  facet normal 0 -1 0
    outer loop
      vertex 130.543 -3.19 95.3178
      vertex 130.574 -3.19 95.3637
      vertex 130.557 -3.19 95.3411
    endloop
  endfacet
  facet normal 0 -1 -0
    outer loop
      vertex 130.574 -3.19 95.3637
      vertex 130.543 -3.19 95.3178
      vertex 131.479 -3.19 95.3637
    endloop
  endfacet
  facet normal 0 -1 0
    outer loop
      vertex 131.51 -3.19 95.3178
      vertex 131.479 -3.19 95.3637
      vertex 130.543 -3.19 95.3178
    endloop
  endfacet
  facet normal 0 -1 0
    outer loop
      vertex 131.479 -3.19 95.3637
      vertex 131.51 -3.19 95.3178
      vertex 131.496 -3.19 95.3411
    endloop
  endfacet
  facet normal 0 -1 0
    outer loop
      vertex 130.529 -3.19 95.2937
      vertex 131.51 -3.19 95.3178
      vertex 130.543 -3.19 95.3178
    endloop
  endfacet
  facet normal 0 -1 0
    outer loop
      vertex 130.529 -3.19 95.2937
      vertex 131.524 -3.19 95.2937
      vertex 131.51 -3.19 95.3178
    endloop
  endfacet
  facet normal 0 -1 0
    outer loop
      vertex 130.505 -3.19 95.2433
      vertex 130.529 -3.19 95.2937
      vertex 130.517 -3.19 95.2689
    endloop
  endfacet
  facet normal 0 -1 -0
    outer loop
      vertex 130.529 -3.19 95.2937
      vertex 130.505 -3.19 95.2433
      vertex 131.524 -3.19 95.2937
    endloop
  endfacet
  facet normal 0 -1 0
    outer loop
      vertex 131.548 -3.19 95.2433
      vertex 131.524 -3.19 95.2937
      vertex 130.505 -3.19 95.2433
    endloop
  endfacet
  facet normal 0 -1 0
    outer loop
      vertex 131.524 -3.19 95.2937
      vertex 131.548 -3.19 95.2433
      vertex 131.537 -3.19 95.2689
    endloop
  endfacet
  facet normal 0 -1 0
    outer loop
      vertex 130.495 -3.19 95.2177
      vertex 131.548 -3.19 95.2433
      vertex 130.505 -3.19 95.2433
    endloop
  endfacet
  facet normal 0 -1 0
    outer loop
      vertex 130.495 -3.19 95.2177
      vertex 131.558 -3.19 95.2177
      vertex 131.548 -3.19 95.2433
    endloop
  endfacet
  facet normal 0 -1 0
    outer loop
      vertex 130.486 -3.19 95.1914
      vertex 131.558 -3.19 95.2177
      vertex 130.495 -3.19 95.2177
    endloop
  endfacet
  facet normal 0 -1 0
    outer loop
      vertex 130.486 -3.19 95.1914
      vertex 131.567 -3.19 95.1914
      vertex 131.558 -3.19 95.2177
    endloop
  endfacet
  facet normal 0 -1 0
    outer loop
      vertex 130.479 -3.19 95.1643
      vertex 131.567 -3.19 95.1914
      vertex 130.486 -3.19 95.1914
    endloop
  endfacet
  facet normal 0 -1 0
    outer loop
      vertex 130.479 -3.19 95.1643
      vertex 131.574 -3.19 95.1643
      vertex 131.567 -3.19 95.1914
    endloop
  endfacet
  facet normal 0 -1 0
    outer loop
      vertex 130.473 -3.19 95.1372
      vertex 131.574 -3.19 95.1643
      vertex 130.479 -3.19 95.1643
    endloop
  endfacet
  facet normal 0 -1 0
    outer loop
      vertex 130.473 -3.19 95.1372
      vertex 131.58 -3.19 95.1372
      vertex 131.574 -3.19 95.1643
    endloop
  endfacet
  facet normal 0 -1 0
    outer loop
      vertex 130.468 -3.19 95.1102
      vertex 131.58 -3.19 95.1372
      vertex 130.473 -3.19 95.1372
    endloop
  endfacet
  facet normal 0 -1 0
    outer loop
      vertex 130.468 -3.19 95.1102
      vertex 131.585 -3.19 95.1102
      vertex 131.58 -3.19 95.1372
    endloop
  endfacet
  facet normal 0 -1 0
    outer loop
      vertex 130.465 -3.19 95.0831
      vertex 131.585 -3.19 95.1102
      vertex 130.468 -3.19 95.1102
    endloop
  endfacet
  facet normal 0 -1 0
    outer loop
      vertex 130.465 -3.19 95.0831
      vertex 131.588 -3.19 95.0831
      vertex 131.585 -3.19 95.1102
    endloop
  endfacet
  facet normal 0 -1 0
    outer loop
      vertex 130.463 -3.19 95.0553
      vertex 131.588 -3.19 95.0831
      vertex 130.465 -3.19 95.0831
    endloop
  endfacet
  facet normal 0 -1 0
    outer loop
      vertex 130.463 -3.19 95.0553
      vertex 131.59 -3.19 95.0553
      vertex 131.588 -3.19 95.0831
    endloop
  endfacet
  facet normal 0 -1 0
    outer loop
      vertex 130.462 -3.19 95.0274
      vertex 131.59 -3.19 95.0553
      vertex 130.463 -3.19 95.0553
    endloop
  endfacet
  facet normal 0 -1 0
    outer loop
      vertex 130.462 -3.19 95.0274
      vertex 131.591 -3.19 95.0274
      vertex 131.59 -3.19 95.0553
    endloop
  endfacet
  facet normal 0 -1 0
    outer loop
      vertex 130.463 -3.19 94.9996
      vertex 131.591 -3.19 95.0274
      vertex 130.462 -3.19 95.0274
    endloop
  endfacet
  facet normal 0 -1 0
    outer loop
      vertex 130.463 -3.19 94.9996
      vertex 131.59 -3.19 94.9996
      vertex 131.591 -3.19 95.0274
    endloop
  endfacet
  facet normal 0 -1 0
    outer loop
      vertex 130.465 -3.19 94.9718
      vertex 131.59 -3.19 94.9996
      vertex 130.463 -3.19 94.9996
    endloop
  endfacet
  facet normal 0 -1 0
    outer loop
      vertex 130.465 -3.19 94.9718
      vertex 131.588 -3.19 94.9718
      vertex 131.59 -3.19 94.9996
    endloop
  endfacet
  facet normal 0 -1 0
    outer loop
      vertex 130.468 -3.19 94.9447
      vertex 131.588 -3.19 94.9718
      vertex 130.465 -3.19 94.9718
    endloop
  endfacet
  facet normal 0 -1 0
    outer loop
      vertex 130.468 -3.19 94.9447
      vertex 131.585 -3.19 94.9447
      vertex 131.588 -3.19 94.9718
    endloop
  endfacet
  facet normal 0 -1 0
    outer loop
      vertex 130.473 -3.19 94.9176
      vertex 131.585 -3.19 94.9447
      vertex 130.468 -3.19 94.9447
    endloop
  endfacet
  facet normal 0 -1 0
    outer loop
      vertex 130.473 -3.19 94.9176
      vertex 131.58 -3.19 94.9176
      vertex 131.585 -3.19 94.9447
    endloop
  endfacet
  facet normal 0 -1 0
    outer loop
      vertex 130.479 -3.19 94.8905
      vertex 131.58 -3.19 94.9176
      vertex 130.473 -3.19 94.9176
    endloop
  endfacet
  facet normal 0 -1 0
    outer loop
      vertex 130.479 -3.19 94.8905
      vertex 131.574 -3.19 94.8905
      vertex 131.58 -3.19 94.9176
    endloop
  endfacet
  facet normal 0 -1 0
    outer loop
      vertex 130.486 -3.19 94.8634
      vertex 131.574 -3.19 94.8905
      vertex 130.479 -3.19 94.8905
    endloop
  endfacet
  facet normal 0 -1 0
    outer loop
      vertex 130.486 -3.19 94.8634
      vertex 131.567 -3.19 94.8634
      vertex 131.574 -3.19 94.8905
    endloop
  endfacet
  facet normal 0 -1 0
    outer loop
      vertex 130.495 -3.19 94.8371
      vertex 131.567 -3.19 94.8634
      vertex 130.486 -3.19 94.8634
    endloop
  endfacet
  facet normal 0 -1 0
    outer loop
      vertex 130.495 -3.19 94.8371
      vertex 131.558 -3.19 94.8371
      vertex 131.567 -3.19 94.8634
    endloop
  endfacet
  facet normal 0 -1 0
    outer loop
      vertex 130.505 -3.19 94.8115
      vertex 131.558 -3.19 94.8371
      vertex 130.495 -3.19 94.8371
    endloop
  endfacet
  facet normal 0 -1 0
    outer loop
      vertex 130.505 -3.19 94.8115
      vertex 131.548 -3.19 94.8115
      vertex 131.558 -3.19 94.8371
    endloop
  endfacet
  facet normal 0 -1 0
    outer loop
      vertex 130.529 -3.19 94.7611
      vertex 130.505 -3.19 94.8115
      vertex 130.517 -3.19 94.786
    endloop
  endfacet
  facet normal 0 -1 0
    outer loop
      vertex 130.505 -3.19 94.8115
      vertex 130.529 -3.19 94.7611
      vertex 131.548 -3.19 94.8115
    endloop
  endfacet
  facet normal 0 -1 0
    outer loop
      vertex 131.524 -3.19 94.7611
      vertex 131.548 -3.19 94.8115
      vertex 130.529 -3.19 94.7611
    endloop
  endfacet
  facet normal 0 -1 0
    outer loop
      vertex 131.548 -3.19 94.8115
      vertex 131.524 -3.19 94.7611
      vertex 131.537 -3.19 94.786
    endloop
  endfacet
  facet normal 0 -1 0
    outer loop
      vertex 130.543 -3.19 94.7371
      vertex 131.524 -3.19 94.7611
      vertex 130.529 -3.19 94.7611
    endloop
  endfacet
  facet normal 0 -1 0
    outer loop
      vertex 130.543 -3.19 94.7371
      vertex 131.51 -3.19 94.7371
      vertex 131.524 -3.19 94.7611
    endloop
  endfacet
  facet normal 0 -1 0
    outer loop
      vertex 130.574 -3.19 94.6912
      vertex 130.543 -3.19 94.7371
      vertex 130.557 -3.19 94.7138
    endloop
  endfacet
  facet normal 0 -1 0
    outer loop
      vertex 130.543 -3.19 94.7371
      vertex 130.574 -3.19 94.6912
      vertex 131.51 -3.19 94.7371
    endloop
  endfacet
  facet normal 0 -1 0
    outer loop
      vertex 131.479 -3.19 94.6912
      vertex 131.51 -3.19 94.7371
      vertex 130.574 -3.19 94.6912
    endloop
  endfacet
  facet normal 0 -1 0
    outer loop
      vertex 131.51 -3.19 94.7371
      vertex 131.479 -3.19 94.6912
      vertex 131.496 -3.19 94.7138
    endloop
  endfacet
  facet normal 0 -1 0
    outer loop
      vertex 130.608 -3.19 94.6483
      vertex 130.574 -3.19 94.6912
      vertex 130.59 -3.19 94.6694
    endloop
  endfacet
  facet normal 0 -1 0
    outer loop
      vertex 130.574 -3.19 94.6912
      vertex 130.608 -3.19 94.6483
      vertex 131.479 -3.19 94.6912
    endloop
  endfacet
  facet normal 0 -1 0
    outer loop
      vertex 131.445 -3.19 94.6483
      vertex 131.479 -3.19 94.6912
      vertex 130.608 -3.19 94.6483
    endloop
  endfacet
  facet normal 0 -1 0
    outer loop
      vertex 131.479 -3.19 94.6912
      vertex 131.445 -3.19 94.6483
      vertex 131.463 -3.19 94.6694
    endloop
  endfacet
  facet normal 0 -1 0
    outer loop
      vertex 130.647 -3.19 94.6092
      vertex 131.445 -3.19 94.6483
      vertex 130.608 -3.19 94.6483
    endloop
  endfacet
  facet normal 0 -1 0
    outer loop
      vertex 130.647 -3.19 94.6092
      vertex 131.406 -3.19 94.6092
      vertex 131.445 -3.19 94.6483
    endloop
  endfacet
  facet normal 0 -1 0
    outer loop
      vertex 130.69 -3.19 94.5746
      vertex 130.647 -3.19 94.6092
      vertex 130.668 -3.19 94.5911
    endloop
  endfacet
  facet normal 0 -1 0
    outer loop
      vertex 130.647 -3.19 94.6092
      vertex 130.69 -3.19 94.5746
      vertex 131.406 -3.19 94.6092
    endloop
  endfacet
  facet normal 0 -1 0
    outer loop
      vertex 131.363 -3.19 94.5746
      vertex 131.406 -3.19 94.6092
      vertex 130.69 -3.19 94.5746
    endloop
  endfacet
  facet normal 0 -1 0
    outer loop
      vertex 131.406 -3.19 94.6092
      vertex 131.363 -3.19 94.5746
      vertex 131.385 -3.19 94.5911
    endloop
  endfacet
  facet normal 0 -1 0
    outer loop
      vertex 130.736 -3.19 94.5437
      vertex 130.69 -3.19 94.5746
      vertex 130.713 -3.19 94.5581
    endloop
  endfacet
  facet normal 0 -1 0
    outer loop
      vertex 130.69 -3.19 94.5746
      vertex 130.736 -3.19 94.5437
      vertex 131.363 -3.19 94.5746
    endloop
  endfacet
  facet normal 0 -1 0
    outer loop
      vertex 131.317 -3.19 94.5437
      vertex 131.363 -3.19 94.5746
      vertex 130.736 -3.19 94.5437
    endloop
  endfacet
  facet normal 0 -1 0
    outer loop
      vertex 131.363 -3.19 94.5746
      vertex 131.317 -3.19 94.5437
      vertex 131.34 -3.19 94.5581
    endloop
  endfacet
  facet normal 0 -1 0
    outer loop
      vertex 130.76 -3.19 94.5302
      vertex 131.317 -3.19 94.5437
      vertex 130.736 -3.19 94.5437
    endloop
  endfacet
  facet normal 0 -1 0
    outer loop
      vertex 130.76 -3.19 94.5302
      vertex 131.293 -3.19 94.5302
      vertex 131.317 -3.19 94.5437
    endloop
  endfacet
  facet normal 0 -1 0
    outer loop
      vertex 130.811 -3.19 94.5061
      vertex 130.76 -3.19 94.5302
      vertex 130.785 -3.19 94.5174
    endloop
  endfacet
  facet normal 0 -1 0
    outer loop
      vertex 130.76 -3.19 94.5302
      vertex 130.811 -3.19 94.5061
      vertex 131.293 -3.19 94.5302
    endloop
  endfacet
  facet normal 0 -1 0
    outer loop
      vertex 131.242 -3.19 94.5061
      vertex 131.293 -3.19 94.5302
      vertex 130.811 -3.19 94.5061
    endloop
  endfacet
  facet normal 0 -1 0
    outer loop
      vertex 131.293 -3.19 94.5302
      vertex 131.242 -3.19 94.5061
      vertex 131.268 -3.19 94.5174
    endloop
  endfacet
  facet normal 0 -1 0
    outer loop
      vertex 130.836 -3.19 94.4964
      vertex 131.242 -3.19 94.5061
      vertex 130.811 -3.19 94.5061
    endloop
  endfacet
  facet normal 0 -1 0
    outer loop
      vertex 130.836 -3.19 94.4964
      vertex 131.217 -3.19 94.4964
      vertex 131.242 -3.19 94.5061
    endloop
  endfacet
  facet normal 0 -1 0
    outer loop
      vertex 130.863 -3.19 94.4873
      vertex 131.217 -3.19 94.4964
      vertex 130.836 -3.19 94.4964
    endloop
  endfacet
  facet normal 0 -1 0
    outer loop
      vertex 130.863 -3.19 94.4873
      vertex 131.191 -3.19 94.4873
      vertex 131.217 -3.19 94.4964
    endloop
  endfacet
  facet normal 0 -1 0
    outer loop
      vertex 130.89 -3.19 94.4798
      vertex 131.191 -3.19 94.4873
      vertex 130.863 -3.19 94.4873
    endloop
  endfacet
  facet normal 0 -1 0
    outer loop
      vertex 130.89 -3.19 94.4798
      vertex 131.163 -3.19 94.4798
      vertex 131.191 -3.19 94.4873
    endloop
  endfacet
  facet normal 0 -1 0
    outer loop
      vertex 130.917 -3.19 94.4738
      vertex 131.163 -3.19 94.4798
      vertex 130.89 -3.19 94.4798
    endloop
  endfacet
  facet normal 0 -1 0
    outer loop
      vertex 130.917 -3.19 94.4738
      vertex 131.136 -3.19 94.4738
      vertex 131.163 -3.19 94.4798
    endloop
  endfacet
  facet normal 0 -1 0
    outer loop
      vertex 130.944 -3.19 94.4693
      vertex 131.136 -3.19 94.4738
      vertex 130.917 -3.19 94.4738
    endloop
  endfacet
  facet normal 0 -1 0
    outer loop
      vertex 130.944 -3.19 94.4693
      vertex 131.109 -3.19 94.4693
      vertex 131.136 -3.19 94.4738
    endloop
  endfacet
  facet normal 0 -1 0
    outer loop
      vertex 130.971 -3.19 94.4663
      vertex 131.109 -3.19 94.4693
      vertex 130.944 -3.19 94.4693
    endloop
  endfacet
  facet normal 0 -1 0
    outer loop
      vertex 130.971 -3.19 94.4663
      vertex 131.082 -3.19 94.4663
      vertex 131.109 -3.19 94.4693
    endloop
  endfacet
  facet normal 0 -1 0
    outer loop
      vertex 130.999 -3.19 94.464
      vertex 131.082 -3.19 94.4663
      vertex 130.971 -3.19 94.4663
    endloop
  endfacet
  facet normal 0 -1 0
    outer loop
      vertex 130.999 -3.19 94.464
      vertex 131.054 -3.19 94.464
      vertex 131.082 -3.19 94.4663
    endloop
  endfacet
  facet normal -0 -1 0
    outer loop
      vertex 131.054 -3.19 94.464
      vertex 130.999 -3.19 94.464
      vertex 131.027 -3.19 94.4633
    endloop
  endfacet
  facet normal 0 -1 0
    outer loop
      vertex 137.947 -3.19 88.4832
      vertex 105 -3.19 89.5363
      vertex 105 -3.19 88.4832
    endloop
  endfacet
  facet normal 0 -1 0
    outer loop
      vertex 105 -3.19 89.5363
      vertex 137.947 -3.19 88.4832
      vertex 139 -3.19 89.5363
    endloop
  endfacet
  facet normal 1 -0 0
    outer loop
      vertex 109.664 -3.19 93.3726
      vertex 109.664 -2.4 92.9212
      vertex 109.664 -2.4 93.3726
    endloop
  endfacet
  facet normal 1 0 0
    outer loop
      vertex 109.664 -2.4 92.9212
      vertex 109.664 -3.19 93.3726
      vertex 109.664 -3.19 92.9212
    endloop
  endfacet
  facet normal 0.706771 -0 0.707442
    outer loop
      vertex 109.137 -3.19 93.8991
      vertex 109.664 -2.4 93.3726
      vertex 109.137 -2.4 93.8991
    endloop
  endfacet
  facet normal 0.706771 0 0.707442
    outer loop
      vertex 109.664 -2.4 93.3726
      vertex 109.137 -3.19 93.8991
      vertex 109.664 -3.19 93.3726
    endloop
  endfacet
  facet normal -0 0 1
    outer loop
      vertex 106.504 -2.4 93.8991
      vertex 109.137 -3.19 93.8991
      vertex 109.137 -2.4 93.8991
    endloop
  endfacet
  facet normal 0 0 1
    outer loop
      vertex 109.137 -3.19 93.8991
      vertex 106.504 -2.4 93.8991
      vertex 106.504 -3.19 93.8991
    endloop
  endfacet
  facet normal 1 -0 0
    outer loop
      vertex 106.504 -3.19 94.9665
      vertex 106.504 -2.4 93.8991
      vertex 106.504 -2.4 94.9665
    endloop
  endfacet
  facet normal 1 0 0
    outer loop
      vertex 106.504 -2.4 93.8991
      vertex 106.504 -3.19 94.9665
      vertex 106.504 -3.19 93.8991
    endloop
  endfacet
  facet normal 0.242588 0 -0.970129
    outer loop
      vertex 106.504 -3.19 94.9665
      vertex 109.115 -2.4 95.6194
      vertex 109.115 -3.19 95.6194
    endloop
  endfacet
  facet normal 0.242588 0 -0.970129
    outer loop
      vertex 109.115 -2.4 95.6194
      vertex 106.504 -3.19 94.9665
      vertex 106.504 -2.4 94.9665
    endloop
  endfacet
  facet normal 0.78882 0 -0.614625
    outer loop
      vertex 109.513 -3.19 96.1302
      vertex 109.115 -2.4 95.6194
      vertex 109.513 -2.4 96.1302
    endloop
  endfacet
  facet normal 0.78882 0 -0.614625
    outer loop
      vertex 109.115 -2.4 95.6194
      vertex 109.513 -3.19 96.1302
      vertex 109.115 -3.19 95.6194
    endloop
  endfacet
  facet normal 1 -0 0
    outer loop
      vertex 109.513 -3.19 99.3903
      vertex 109.513 -2.4 96.1302
      vertex 109.513 -2.4 99.3903
    endloop
  endfacet
  facet normal 1 0 0
    outer loop
      vertex 109.513 -2.4 96.1302
      vertex 109.513 -3.19 99.3903
      vertex 109.513 -3.19 96.1302
    endloop
  endfacet
  facet normal 0.707443 -0 0.706771
    outer loop
      vertex 108.987 -3.19 99.9168
      vertex 109.513 -2.4 99.3903
      vertex 108.987 -2.4 99.9168
    endloop
  endfacet
  facet normal 0.707443 0 0.706771
    outer loop
      vertex 109.513 -2.4 99.3903
      vertex 108.987 -3.19 99.9168
      vertex 109.513 -3.19 99.3903
    endloop
  endfacet
  facet normal -0 0 1
    outer loop
      vertex 105.527 -2.4 99.9168
      vertex 108.987 -3.19 99.9168
      vertex 108.987 -2.4 99.9168
    endloop
  endfacet
  facet normal 0 0 1
    outer loop
      vertex 108.987 -3.19 99.9168
      vertex 105.527 -2.4 99.9168
      vertex 105.527 -3.19 99.9168
    endloop
  endfacet
  facet normal -0.706771 0 0.707442
    outer loop
      vertex 105 -3.19 99.3903
      vertex 105.527 -2.4 99.9168
      vertex 105 -2.4 99.3903
    endloop
  endfacet
  facet normal -0.706771 0 0.707442
    outer loop
      vertex 105.527 -2.4 99.9168
      vertex 105 -3.19 99.3903
      vertex 105.527 -3.19 99.9168
    endloop
  endfacet
  facet normal -1 0 0
    outer loop
      vertex 105 -3.19 98.9389
      vertex 105 -2.4 99.3903
      vertex 105 -2.4 98.9389
    endloop
  endfacet
  facet normal -1 -0 0
    outer loop
      vertex 105 -2.4 99.3903
      vertex 105 -3.19 98.9389
      vertex 105 -3.19 99.3903
    endloop
  endfacet
  facet normal -0.706771 0 -0.707442
    outer loop
      vertex 105.527 -3.19 98.4124
      vertex 105 -2.4 98.9389
      vertex 105.527 -2.4 98.4124
    endloop
  endfacet
  facet normal -0.706771 -0 -0.707442
    outer loop
      vertex 105 -2.4 98.9389
      vertex 105.527 -3.19 98.4124
      vertex 105 -3.19 98.9389
    endloop
  endfacet
  facet normal 0 0 -1
    outer loop
      vertex 105.527 -3.19 98.4124
      vertex 108.009 -2.4 98.4124
      vertex 108.009 -3.19 98.4124
    endloop
  endfacet
  facet normal -0 0 -1
    outer loop
      vertex 108.009 -2.4 98.4124
      vertex 105.527 -3.19 98.4124
      vertex 105.527 -2.4 98.4124
    endloop
  endfacet
  facet normal -1 0 0
    outer loop
      vertex 108.009 -3.19 96.8937
      vertex 108.009 -2.4 98.4124
      vertex 108.009 -2.4 96.8937
    endloop
  endfacet
  facet normal -1 -0 0
    outer loop
      vertex 108.009 -2.4 98.4124
      vertex 108.009 -3.19 96.8937
      vertex 108.009 -3.19 98.4124
    endloop
  endfacet
  facet normal -0.242676 0 0.970108
    outer loop
      vertex 105.399 -2.4 96.2408
      vertex 108.009 -3.19 96.8937
      vertex 108.009 -2.4 96.8937
    endloop
  endfacet
  facet normal -0.242676 0 0.970108
    outer loop
      vertex 108.009 -3.19 96.8937
      vertex 105.399 -2.4 96.2408
      vertex 105.399 -3.19 96.2408
    endloop
  endfacet
  facet normal -0.788071 0 0.615584
    outer loop
      vertex 105 -3.19 95.73
      vertex 105.399 -2.4 96.2408
      vertex 105 -2.4 95.73
    endloop
  endfacet
  facet normal -0.788071 0 0.615584
    outer loop
      vertex 105.399 -2.4 96.2408
      vertex 105 -3.19 95.73
      vertex 105.399 -3.19 96.2408
    endloop
  endfacet
  facet normal -1 0 0
    outer loop
      vertex 105 -3.19 92.9212
      vertex 105 -2.4 95.73
      vertex 105 -2.4 92.9212
    endloop
  endfacet
  facet normal -1 -0 0
    outer loop
      vertex 105 -2.4 95.73
      vertex 105 -3.19 92.9212
      vertex 105 -3.19 95.73
    endloop
  endfacet
  facet normal -0.706771 0 -0.707442
    outer loop
      vertex 105.527 -3.19 92.3947
      vertex 105 -2.4 92.9212
      vertex 105.527 -2.4 92.3947
    endloop
  endfacet
  facet normal -0.706771 -0 -0.707442
    outer loop
      vertex 105 -2.4 92.9212
      vertex 105.527 -3.19 92.3947
      vertex 105 -3.19 92.9212
    endloop
  endfacet
  facet normal 0 0 -1
    outer loop
      vertex 105.527 -3.19 92.3947
      vertex 109.137 -2.4 92.3947
      vertex 109.137 -3.19 92.3947
    endloop
  endfacet
  facet normal -0 0 -1
    outer loop
      vertex 109.137 -2.4 92.3947
      vertex 105.527 -3.19 92.3947
      vertex 105.527 -2.4 92.3947
    endloop
  endfacet
  facet normal 0.706771 0 -0.707442
    outer loop
      vertex 109.664 -3.19 92.9212
      vertex 109.137 -2.4 92.3947
      vertex 109.664 -2.4 92.9212
    endloop
  endfacet
  facet normal 0.706771 0 -0.707442
    outer loop
      vertex 109.137 -2.4 92.3947
      vertex 109.664 -3.19 92.9212
      vertex 109.137 -3.19 92.3947
    endloop
  endfacet
  facet normal 1 -0 0
    outer loop
      vertex 112.372 -3.19 95.4035
      vertex 112.372 -2.4 92.9212
      vertex 112.372 -2.4 95.4035
    endloop
  endfacet
  facet normal 1 0 0
    outer loop
      vertex 112.372 -2.4 92.9212
      vertex 112.372 -3.19 95.4035
      vertex 112.372 -3.19 92.9212
    endloop
  endfacet
  facet normal 0 0 -1
    outer loop
      vertex 112.372 -3.19 95.4035
      vertex 114.854 -2.4 95.4035
      vertex 114.854 -3.19 95.4035
    endloop
  endfacet
  facet normal -0 0 -1
    outer loop
      vertex 114.854 -2.4 95.4035
      vertex 112.372 -3.19 95.4035
      vertex 112.372 -2.4 95.4035
    endloop
  endfacet
  facet normal 0.706838 0 -0.707375
    outer loop
      vertex 114.854 -3.19 95.4035
      vertex 115.381 -2.4 95.9301
      vertex 115.381 -3.19 95.9301
    endloop
  endfacet
  facet normal 0.706838 0 -0.707375
    outer loop
      vertex 115.381 -2.4 95.9301
      vertex 114.854 -3.19 95.4035
      vertex 114.854 -2.4 95.4035
    endloop
  endfacet
  facet normal 1 -0 0
    outer loop
      vertex 115.381 -3.19 99.3903
      vertex 115.381 -2.4 95.9301
      vertex 115.381 -2.4 99.3903
    endloop
  endfacet
  facet normal 1 0 0
    outer loop
      vertex 115.381 -2.4 95.9301
      vertex 115.381 -3.19 99.3903
      vertex 115.381 -3.19 95.9301
    endloop
  endfacet
  facet normal 0.706771 0 0.707442
    outer loop
      vertex 114.854 -2.4 99.9168
      vertex 115.381 -3.19 99.3903
      vertex 115.381 -2.4 99.3903
    endloop
  endfacet
  facet normal 0.706771 0 0.707442
    outer loop
      vertex 115.381 -3.19 99.3903
      vertex 114.854 -2.4 99.9168
      vertex 114.854 -3.19 99.9168
    endloop
  endfacet
  facet normal -0 0 1
    outer loop
      vertex 111.394 -2.4 99.9168
      vertex 114.854 -3.19 99.9168
      vertex 114.854 -2.4 99.9168
    endloop
  endfacet
  facet normal 0 0 1
    outer loop
      vertex 114.854 -3.19 99.9168
      vertex 111.394 -2.4 99.9168
      vertex 111.394 -3.19 99.9168
    endloop
  endfacet
  facet normal -0.706771 0 0.707442
    outer loop
      vertex 110.867 -3.19 99.3903
      vertex 111.394 -2.4 99.9168
      vertex 110.867 -2.4 99.3903
    endloop
  endfacet
  facet normal -0.706771 0 0.707442
    outer loop
      vertex 111.394 -2.4 99.9168
      vertex 110.867 -3.19 99.3903
      vertex 111.394 -3.19 99.9168
    endloop
  endfacet
  facet normal -1 0 0
    outer loop
      vertex 110.867 -3.19 92.9212
      vertex 110.867 -2.4 99.3903
      vertex 110.867 -2.4 92.9212
    endloop
  endfacet
  facet normal -1 -0 0
    outer loop
      vertex 110.867 -2.4 99.3903
      vertex 110.867 -3.19 92.9212
      vertex 110.867 -3.19 99.3903
    endloop
  endfacet
  facet normal -0.706771 0 -0.707442
    outer loop
      vertex 111.394 -3.19 92.3947
      vertex 110.867 -2.4 92.9212
      vertex 111.394 -2.4 92.3947
    endloop
  endfacet
  facet normal -0.706771 -0 -0.707442
    outer loop
      vertex 110.867 -2.4 92.9212
      vertex 111.394 -3.19 92.3947
      vertex 110.867 -3.19 92.9212
    endloop
  endfacet
  facet normal 0 0 -1
    outer loop
      vertex 111.394 -3.19 92.3947
      vertex 111.845 -2.4 92.3947
      vertex 111.845 -3.19 92.3947
    endloop
  endfacet
  facet normal -0 0 -1
    outer loop
      vertex 111.845 -2.4 92.3947
      vertex 111.394 -3.19 92.3947
      vertex 111.394 -2.4 92.3947
    endloop
  endfacet
  facet normal 0.706771 0 -0.707442
    outer loop
      vertex 111.845 -3.19 92.3947
      vertex 112.372 -2.4 92.9212
      vertex 112.372 -3.19 92.9212
    endloop
  endfacet
  facet normal 0.706771 0 -0.707442
    outer loop
      vertex 112.372 -2.4 92.9212
      vertex 111.845 -3.19 92.3947
      vertex 111.845 -2.4 92.3947
    endloop
  endfacet
  facet normal 1 -0 0
    outer loop
      vertex 112.372 -3.19 98.4124
      vertex 112.372 -2.4 96.908
      vertex 112.372 -2.4 98.4124
    endloop
  endfacet
  facet normal 1 0 0
    outer loop
      vertex 112.372 -2.4 96.908
      vertex 112.372 -3.19 98.4124
      vertex 112.372 -3.19 96.908
    endloop
  endfacet
  facet normal 0 0 -1
    outer loop
      vertex 112.372 -3.19 98.4124
      vertex 113.876 -2.4 98.4124
      vertex 113.876 -3.19 98.4124
    endloop
  endfacet
  facet normal -0 0 -1
    outer loop
      vertex 113.876 -2.4 98.4124
      vertex 112.372 -3.19 98.4124
      vertex 112.372 -2.4 98.4124
    endloop
  endfacet
  facet normal -1 0 0
    outer loop
      vertex 113.876 -3.19 96.908
      vertex 113.876 -2.4 98.4124
      vertex 113.876 -2.4 96.908
    endloop
  endfacet
  facet normal -1 -0 0
    outer loop
      vertex 113.876 -2.4 98.4124
      vertex 113.876 -3.19 96.908
      vertex 113.876 -3.19 98.4124
    endloop
  endfacet
  facet normal -0 0 1
    outer loop
      vertex 112.372 -2.4 96.908
      vertex 113.876 -3.19 96.908
      vertex 113.876 -2.4 96.908
    endloop
  endfacet
  facet normal 0 0 1
    outer loop
      vertex 113.876 -3.19 96.908
      vertex 112.372 -2.4 96.908
      vertex 112.372 -3.19 96.908
    endloop
  endfacet
  facet normal 1 -0 0
    outer loop
      vertex 127.566 -3.19 96.3814
      vertex 127.566 -2.4 92.9212
      vertex 127.566 -2.4 96.3814
    endloop
  endfacet
  facet normal 1 0 0
    outer loop
      vertex 127.566 -2.4 92.9212
      vertex 127.566 -3.19 96.3814
      vertex 127.566 -3.19 92.9212
    endloop
  endfacet
  facet normal 0.70751 -0 0.706704
    outer loop
      vertex 127.04 -3.19 96.908
      vertex 127.566 -2.4 96.3814
      vertex 127.04 -2.4 96.908
    endloop
  endfacet
  facet normal 0.70751 0 0.706704
    outer loop
      vertex 127.566 -2.4 96.3814
      vertex 127.04 -3.19 96.908
      vertex 127.566 -3.19 96.3814
    endloop
  endfacet
  facet normal -0 0 1
    outer loop
      vertex 126.814 -2.4 96.908
      vertex 127.04 -3.19 96.908
      vertex 127.04 -2.4 96.908
    endloop
  endfacet
  facet normal 0 0 1
    outer loop
      vertex 127.04 -3.19 96.908
      vertex 126.814 -2.4 96.908
      vertex 126.814 -3.19 96.908
    endloop
  endfacet
  facet normal 1 -0 0
    outer loop
      vertex 126.814 -3.19 99.3903
      vertex 126.814 -2.4 96.908
      vertex 126.814 -2.4 99.3903
    endloop
  endfacet
  facet normal 1 0 0
    outer loop
      vertex 126.814 -2.4 96.908
      vertex 126.814 -3.19 99.3903
      vertex 126.814 -3.19 96.908
    endloop
  endfacet
  facet normal 0.707443 -0 0.706771
    outer loop
      vertex 126.288 -3.19 99.9168
      vertex 126.814 -2.4 99.3903
      vertex 126.288 -2.4 99.9168
    endloop
  endfacet
  facet normal 0.707443 0 0.706771
    outer loop
      vertex 126.814 -2.4 99.3903
      vertex 126.288 -3.19 99.9168
      vertex 126.814 -3.19 99.3903
    endloop
  endfacet
  facet normal -0 0 1
    outer loop
      vertex 122.827 -2.4 99.9168
      vertex 126.288 -3.19 99.9168
      vertex 126.288 -2.4 99.9168
    endloop
  endfacet
  facet normal 0 0 1
    outer loop
      vertex 126.288 -3.19 99.9168
      vertex 122.827 -2.4 99.9168
      vertex 122.827 -3.19 99.9168
    endloop
  endfacet
  facet normal -0.707443 0 0.706771
    outer loop
      vertex 122.301 -3.19 99.3903
      vertex 122.827 -2.4 99.9168
      vertex 122.301 -2.4 99.3903
    endloop
  endfacet
  facet normal -0.707443 0 0.706771
    outer loop
      vertex 122.827 -2.4 99.9168
      vertex 122.301 -3.19 99.3903
      vertex 122.827 -3.19 99.9168
    endloop
  endfacet
  facet normal -1 0 -0.000160169
    outer loop
      vertex 122.302 -3.19 93.1469
      vertex 122.301 -2.4 99.3903
      vertex 122.302 -2.4 93.1469
    endloop
  endfacet
  facet normal -1 -0 -0.000160169
    outer loop
      vertex 122.301 -2.4 99.3903
      vertex 122.302 -3.19 93.1469
      vertex 122.301 -3.19 99.3903
    endloop
  endfacet
  facet normal -1 0 0
    outer loop
      vertex 122.302 -3.19 92.9212
      vertex 122.302 -2.4 93.1469
      vertex 122.302 -2.4 92.9212
    endloop
  endfacet
  facet normal -1 -0 0
    outer loop
      vertex 122.302 -2.4 93.1469
      vertex 122.302 -3.19 92.9212
      vertex 122.302 -3.19 93.1469
    endloop
  endfacet
  facet normal -0.707443 0 -0.706771
    outer loop
      vertex 122.302 -3.19 92.9212
      vertex 122.828 -2.4 92.3947
      vertex 122.828 -3.19 92.3947
    endloop
  endfacet
  facet normal -0.707443 0 -0.706771
    outer loop
      vertex 122.828 -2.4 92.3947
      vertex 122.302 -3.19 92.9212
      vertex 122.302 -2.4 92.9212
    endloop
  endfacet
  facet normal 0 0 -1
    outer loop
      vertex 122.828 -3.19 92.3947
      vertex 127.04 -2.4 92.3947
      vertex 127.04 -3.19 92.3947
    endloop
  endfacet
  facet normal -0 0 -1
    outer loop
      vertex 127.04 -2.4 92.3947
      vertex 122.828 -3.19 92.3947
      vertex 122.828 -2.4 92.3947
    endloop
  endfacet
  facet normal 0.707443 0 -0.706771
    outer loop
      vertex 127.566 -3.19 92.9212
      vertex 127.04 -2.4 92.3947
      vertex 127.566 -2.4 92.9212
    endloop
  endfacet
  facet normal 0.707443 0 -0.706771
    outer loop
      vertex 127.04 -2.4 92.3947
      vertex 127.566 -3.19 92.9212
      vertex 127.04 -3.19 92.3947
    endloop
  endfacet
  facet normal 1 -0 0
    outer loop
      vertex 123.805 -3.19 98.4124
      vertex 123.805 -2.4 96.908
      vertex 123.805 -2.4 98.4124
    endloop
  endfacet
  facet normal 1 0 0
    outer loop
      vertex 123.805 -2.4 96.908
      vertex 123.805 -3.19 98.4124
      vertex 123.805 -3.19 96.908
    endloop
  endfacet
  facet normal 0 0 -1
    outer loop
      vertex 123.805 -3.19 98.4124
      vertex 125.31 -2.4 98.4124
      vertex 125.31 -3.19 98.4124
    endloop
  endfacet
  facet normal -0 0 -1
    outer loop
      vertex 125.31 -2.4 98.4124
      vertex 123.805 -3.19 98.4124
      vertex 123.805 -2.4 98.4124
    endloop
  endfacet
  facet normal -1 0 0
    outer loop
      vertex 125.31 -3.19 96.908
      vertex 125.31 -2.4 98.4124
      vertex 125.31 -2.4 96.908
    endloop
  endfacet
  facet normal -1 -0 0
    outer loop
      vertex 125.31 -2.4 98.4124
      vertex 125.31 -3.19 96.908
      vertex 125.31 -3.19 98.4124
    endloop
  endfacet
  facet normal -0 0 1
    outer loop
      vertex 123.805 -2.4 96.908
      vertex 125.31 -3.19 96.908
      vertex 125.31 -2.4 96.908
    endloop
  endfacet
  facet normal 0 0 1
    outer loop
      vertex 125.31 -3.19 96.908
      vertex 123.805 -2.4 96.908
      vertex 123.805 -3.19 96.908
    endloop
  endfacet
  facet normal 1 -0 0
    outer loop
      vertex 123.805 -3.19 95.4035
      vertex 123.805 -2.4 93.8991
      vertex 123.805 -2.4 95.4035
    endloop
  endfacet
  facet normal 1 0 0
    outer loop
      vertex 123.805 -2.4 93.8991
      vertex 123.805 -3.19 95.4035
      vertex 123.805 -3.19 93.8991
    endloop
  endfacet
  facet normal 0 0 -1
    outer loop
      vertex 123.805 -3.19 95.4035
      vertex 126.062 -2.4 95.4035
      vertex 126.062 -3.19 95.4035
    endloop
  endfacet
  facet normal -0 0 -1
    outer loop
      vertex 126.062 -2.4 95.4035
      vertex 123.805 -3.19 95.4035
      vertex 123.805 -2.4 95.4035
    endloop
  endfacet
  facet normal -1 0 0
    outer loop
      vertex 126.062 -3.19 93.8991
      vertex 126.062 -2.4 95.4035
      vertex 126.062 -2.4 93.8991
    endloop
  endfacet
  facet normal -1 -0 0
    outer loop
      vertex 126.062 -2.4 95.4035
      vertex 126.062 -3.19 93.8991
      vertex 126.062 -3.19 95.4035
    endloop
  endfacet
  facet normal -0 0 1
    outer loop
      vertex 123.805 -2.4 93.8991
      vertex 126.062 -3.19 93.8991
      vertex 126.062 -2.4 93.8991
    endloop
  endfacet
  facet normal 0 0 1
    outer loop
      vertex 126.062 -3.19 93.8991
      vertex 123.805 -2.4 93.8991
      vertex 123.805 -3.19 93.8991
    endloop
  endfacet
  facet normal 1 -0 0
    outer loop
      vertex 139 -3.19 93.3726
      vertex 139 -2.4 92.9212
      vertex 139 -2.4 93.3726
    endloop
  endfacet
  facet normal 1 0 0
    outer loop
      vertex 139 -2.4 92.9212
      vertex 139 -3.19 93.3726
      vertex 139 -3.19 92.9212
    endloop
  endfacet
  facet normal 0.706771 0 0.707442
    outer loop
      vertex 138.473 -2.4 93.8991
      vertex 139 -3.19 93.3726
      vertex 139 -2.4 93.3726
    endloop
  endfacet
  facet normal 0.706771 0 0.707442
    outer loop
      vertex 139 -3.19 93.3726
      vertex 138.473 -2.4 93.8991
      vertex 138.473 -3.19 93.8991
    endloop
  endfacet
  facet normal -0 0 1
    outer loop
      vertex 137.496 -2.4 93.8991
      vertex 138.473 -3.19 93.8991
      vertex 138.473 -2.4 93.8991
    endloop
  endfacet
  facet normal 0 0 1
    outer loop
      vertex 138.473 -3.19 93.8991
      vertex 137.496 -2.4 93.8991
      vertex 137.496 -3.19 93.8991
    endloop
  endfacet
  facet normal 1 -0 0
    outer loop
      vertex 137.496 -3.19 96.1557
      vertex 137.496 -2.4 93.8991
      vertex 137.496 -2.4 96.1557
    endloop
  endfacet
  facet normal 1 0 0
    outer loop
      vertex 137.496 -2.4 93.8991
      vertex 137.496 -3.19 96.1557
      vertex 137.496 -3.19 93.8991
    endloop
  endfacet
  facet normal 0 0 -1
    outer loop
      vertex 137.496 -3.19 96.1557
      vertex 138.473 -2.4 96.1557
      vertex 138.473 -3.19 96.1557
    endloop
  endfacet
  facet normal -0 0 -1
    outer loop
      vertex 138.473 -2.4 96.1557
      vertex 137.496 -3.19 96.1557
      vertex 137.496 -2.4 96.1557
    endloop
  endfacet
  facet normal 0.706838 0 -0.707375
    outer loop
      vertex 138.473 -3.19 96.1557
      vertex 139 -2.4 96.6823
      vertex 139 -3.19 96.6823
    endloop
  endfacet
  facet normal 0.706838 0 -0.707375
    outer loop
      vertex 139 -2.4 96.6823
      vertex 138.473 -3.19 96.1557
      vertex 138.473 -2.4 96.1557
    endloop
  endfacet
  facet normal 1 -0 0
    outer loop
      vertex 139 -3.19 97.1336
      vertex 139 -2.4 96.6823
      vertex 139 -2.4 97.1336
    endloop
  endfacet
  facet normal 1 0 0
    outer loop
      vertex 139 -2.4 96.6823
      vertex 139 -3.19 97.1336
      vertex 139 -3.19 96.6823
    endloop
  endfacet
  facet normal 0.706838 -0 0.707375
    outer loop
      vertex 138.473 -3.19 97.6602
      vertex 139 -2.4 97.1336
      vertex 138.473 -2.4 97.6602
    endloop
  endfacet
  facet normal 0.706838 0 0.707375
    outer loop
      vertex 139 -2.4 97.1336
      vertex 138.473 -3.19 97.6602
      vertex 139 -3.19 97.1336
    endloop
  endfacet
  facet normal -0 0 1
    outer loop
      vertex 137.496 -2.4 97.6602
      vertex 138.473 -3.19 97.6602
      vertex 138.473 -2.4 97.6602
    endloop
  endfacet
  facet normal 0 0 1
    outer loop
      vertex 138.473 -3.19 97.6602
      vertex 137.496 -2.4 97.6602
      vertex 137.496 -3.19 97.6602
    endloop
  endfacet
  facet normal 1 -0 0
    outer loop
      vertex 137.496 -3.19 99.0142
      vertex 137.496 -2.4 97.6602
      vertex 137.496 -2.4 99.0142
    endloop
  endfacet
  facet normal 1 0 0
    outer loop
      vertex 137.496 -2.4 97.6602
      vertex 137.496 -3.19 99.0142
      vertex 137.496 -3.19 97.6602
    endloop
  endfacet
  facet normal 0.706771 -0 0.707442
    outer loop
      vertex 136.969 -3.19 99.5407
      vertex 137.496 -2.4 99.0142
      vertex 136.969 -2.4 99.5407
    endloop
  endfacet
  facet normal 0.706771 0 0.707442
    outer loop
      vertex 137.496 -2.4 99.0142
      vertex 136.969 -3.19 99.5407
      vertex 137.496 -3.19 99.0142
    endloop
  endfacet
  facet normal -0 0 1
    outer loop
      vertex 136.518 -2.4 99.5407
      vertex 136.969 -3.19 99.5407
      vertex 136.969 -2.4 99.5407
    endloop
  endfacet
  facet normal 0 0 1
    outer loop
      vertex 136.969 -3.19 99.5407
      vertex 136.518 -2.4 99.5407
      vertex 136.518 -3.19 99.5407
    endloop
  endfacet
  facet normal -0.706771 0 0.707442
    outer loop
      vertex 135.991 -3.19 99.0142
      vertex 136.518 -2.4 99.5407
      vertex 135.991 -2.4 99.0142
    endloop
  endfacet
  facet normal -0.706771 0 0.707442
    outer loop
      vertex 136.518 -2.4 99.5407
      vertex 135.991 -3.19 99.0142
      vertex 136.518 -3.19 99.5407
    endloop
  endfacet
  facet normal -1 0 0
    outer loop
      vertex 135.991 -3.19 97.6602
      vertex 135.991 -2.4 99.0142
      vertex 135.991 -2.4 97.6602
    endloop
  endfacet
  facet normal -1 -0 0
    outer loop
      vertex 135.991 -2.4 99.0142
      vertex 135.991 -3.19 97.6602
      vertex 135.991 -3.19 99.0142
    endloop
  endfacet
  facet normal -0 0 1
    outer loop
      vertex 135.765 -2.4 97.6602
      vertex 135.991 -3.19 97.6602
      vertex 135.991 -2.4 97.6602
    endloop
  endfacet
  facet normal 0 0 1
    outer loop
      vertex 135.991 -3.19 97.6602
      vertex 135.765 -2.4 97.6602
      vertex 135.765 -3.19 97.6602
    endloop
  endfacet
  facet normal -0.70751 0 0.706704
    outer loop
      vertex 135.239 -3.19 97.1336
      vertex 135.765 -2.4 97.6602
      vertex 135.239 -2.4 97.1336
    endloop
  endfacet
  facet normal -0.70751 0 0.706704
    outer loop
      vertex 135.765 -2.4 97.6602
      vertex 135.239 -3.19 97.1336
      vertex 135.765 -3.19 97.6602
    endloop
  endfacet
  facet normal -1 0 0
    outer loop
      vertex 135.239 -3.19 96.6823
      vertex 135.239 -2.4 97.1336
      vertex 135.239 -2.4 96.6823
    endloop
  endfacet
  facet normal -1 -0 0
    outer loop
      vertex 135.239 -2.4 97.1336
      vertex 135.239 -3.19 96.6823
      vertex 135.239 -3.19 97.1336
    endloop
  endfacet
  facet normal -0.70751 0 -0.706704
    outer loop
      vertex 135.765 -3.19 96.1557
      vertex 135.239 -2.4 96.6823
      vertex 135.765 -2.4 96.1557
    endloop
  endfacet
  facet normal -0.70751 -0 -0.706704
    outer loop
      vertex 135.239 -2.4 96.6823
      vertex 135.765 -3.19 96.1557
      vertex 135.239 -3.19 96.6823
    endloop
  endfacet
  facet normal 0 0 -1
    outer loop
      vertex 135.765 -3.19 96.1557
      vertex 135.991 -2.4 96.1557
      vertex 135.991 -3.19 96.1557
    endloop
  endfacet
  facet normal -0 0 -1
    outer loop
      vertex 135.991 -2.4 96.1557
      vertex 135.765 -3.19 96.1557
      vertex 135.765 -2.4 96.1557
    endloop
  endfacet
  facet normal -1 0 0
    outer loop
      vertex 135.991 -3.19 92.9212
      vertex 135.991 -2.4 96.1557
      vertex 135.991 -2.4 92.9212
    endloop
  endfacet
  facet normal -1 -0 0
    outer loop
      vertex 135.991 -2.4 96.1557
      vertex 135.991 -3.19 92.9212
      vertex 135.991 -3.19 96.1557
    endloop
  endfacet
  facet normal -0.706771 0 -0.707442
    outer loop
      vertex 136.518 -3.19 92.3947
      vertex 135.991 -2.4 92.9212
      vertex 136.518 -2.4 92.3947
    endloop
  endfacet
  facet normal -0.706771 -0 -0.707442
    outer loop
      vertex 135.991 -2.4 92.9212
      vertex 136.518 -3.19 92.3947
      vertex 135.991 -3.19 92.9212
    endloop
  endfacet
  facet normal 0 0 -1
    outer loop
      vertex 136.518 -3.19 92.3947
      vertex 138.473 -2.4 92.3947
      vertex 138.473 -3.19 92.3947
    endloop
  endfacet
  facet normal -0 0 -1
    outer loop
      vertex 138.473 -2.4 92.3947
      vertex 136.518 -3.19 92.3947
      vertex 136.518 -2.4 92.3947
    endloop
  endfacet
  facet normal 0.706771 0 -0.707442
    outer loop
      vertex 139 -3.19 92.9212
      vertex 138.473 -2.4 92.3947
      vertex 139 -2.4 92.9212
    endloop
  endfacet
  facet normal 0.706771 0 -0.707442
    outer loop
      vertex 138.473 -2.4 92.3947
      vertex 139 -3.19 92.9212
      vertex 138.473 -3.19 92.3947
    endloop
  endfacet
  facet normal 1 -0 0
    outer loop
      vertex 121.097 -3.19 97.1336
      vertex 121.097 -2.4 90.6646
      vertex 121.097 -2.4 97.1336
    endloop
  endfacet
  facet normal 1 0 0
    outer loop
      vertex 121.097 -2.4 90.6646
      vertex 121.097 -3.19 97.1336
      vertex 121.097 -3.19 90.6646
    endloop
  endfacet
  facet normal 0.70751 -0 0.706704
    outer loop
      vertex 120.571 -3.19 97.6602
      vertex 121.097 -2.4 97.1336
      vertex 120.571 -2.4 97.6602
    endloop
  endfacet
  facet normal 0.70751 0 0.706704
    outer loop
      vertex 121.097 -2.4 97.1336
      vertex 120.571 -3.19 97.6602
      vertex 121.097 -3.19 97.1336
    endloop
  endfacet
  facet normal -0 0 1
    outer loop
      vertex 120.119 -2.4 97.6602
      vertex 120.571 -3.19 97.6602
      vertex 120.571 -2.4 97.6602
    endloop
  endfacet
  facet normal 0 0 1
    outer loop
      vertex 120.571 -3.19 97.6602
      vertex 120.119 -2.4 97.6602
      vertex 120.119 -3.19 97.6602
    endloop
  endfacet
  facet normal -0.70751 0 0.706704
    outer loop
      vertex 119.593 -3.19 97.1336
      vertex 120.119 -2.4 97.6602
      vertex 119.593 -2.4 97.1336
    endloop
  endfacet
  facet normal -0.70751 0 0.706704
    outer loop
      vertex 120.119 -2.4 97.6602
      vertex 119.593 -3.19 97.1336
      vertex 120.119 -3.19 97.6602
    endloop
  endfacet
  facet normal -1 0 0
    outer loop
      vertex 119.593 -3.19 95.4035
      vertex 119.593 -2.4 97.1336
      vertex 119.593 -2.4 95.4035
    endloop
  endfacet
  facet normal -1 -0 0
    outer loop
      vertex 119.593 -2.4 97.1336
      vertex 119.593 -3.19 95.4035
      vertex 119.593 -3.19 97.1336
    endloop
  endfacet
  facet normal -0 0 1
    outer loop
      vertex 118.089 -2.4 95.4035
      vertex 119.593 -3.19 95.4035
      vertex 119.593 -2.4 95.4035
    endloop
  endfacet
  facet normal 0 0 1
    outer loop
      vertex 119.593 -3.19 95.4035
      vertex 118.089 -2.4 95.4035
      vertex 118.089 -3.19 95.4035
    endloop
  endfacet
  facet normal 1 -0 0
    outer loop
      vertex 118.089 -3.19 97.1336
      vertex 118.089 -2.4 95.4035
      vertex 118.089 -2.4 97.1336
    endloop
  endfacet
  facet normal 1 0 0
    outer loop
      vertex 118.089 -2.4 95.4035
      vertex 118.089 -3.19 97.1336
      vertex 118.089 -3.19 95.4035
    endloop
  endfacet
  facet normal 0.706838 -0 0.707375
    outer loop
      vertex 117.562 -3.19 97.6602
      vertex 118.089 -2.4 97.1336
      vertex 117.562 -2.4 97.6602
    endloop
  endfacet
  facet normal 0.706838 0 0.707375
    outer loop
      vertex 118.089 -2.4 97.1336
      vertex 117.562 -3.19 97.6602
      vertex 118.089 -3.19 97.1336
    endloop
  endfacet
  facet normal -0 0 1
    outer loop
      vertex 117.111 -2.4 97.6602
      vertex 117.562 -3.19 97.6602
      vertex 117.562 -2.4 97.6602
    endloop
  endfacet
  facet normal 0 0 1
    outer loop
      vertex 117.562 -3.19 97.6602
      vertex 117.111 -2.4 97.6602
      vertex 117.111 -3.19 97.6602
    endloop
  endfacet
  facet normal -0.706838 0 0.707375
    outer loop
      vertex 116.584 -3.19 97.1336
      vertex 117.111 -2.4 97.6602
      vertex 116.584 -2.4 97.1336
    endloop
  endfacet
  facet normal -0.706838 0 0.707375
    outer loop
      vertex 117.111 -2.4 97.6602
      vertex 116.584 -3.19 97.1336
      vertex 117.111 -3.19 97.6602
    endloop
  endfacet
  facet normal -1 0 0
    outer loop
      vertex 116.584 -3.19 94.4257
      vertex 116.584 -2.4 97.1336
      vertex 116.584 -2.4 94.4257
    endloop
  endfacet
  facet normal -1 -0 0
    outer loop
      vertex 116.584 -2.4 97.1336
      vertex 116.584 -3.19 94.4257
      vertex 116.584 -3.19 97.1336
    endloop
  endfacet
  facet normal -0.706838 0 -0.707375
    outer loop
      vertex 116.584 -3.19 94.4257
      vertex 117.111 -2.4 93.8991
      vertex 117.111 -3.19 93.8991
    endloop
  endfacet
  facet normal -0.706838 0 -0.707375
    outer loop
      vertex 117.111 -2.4 93.8991
      vertex 116.584 -3.19 94.4257
      vertex 116.584 -2.4 94.4257
    endloop
  endfacet
  facet normal 0 0 -1
    outer loop
      vertex 117.111 -3.19 93.8991
      vertex 119.593 -2.4 93.8991
      vertex 119.593 -3.19 93.8991
    endloop
  endfacet
  facet normal -0 0 -1
    outer loop
      vertex 119.593 -2.4 93.8991
      vertex 117.111 -3.19 93.8991
      vertex 117.111 -2.4 93.8991
    endloop
  endfacet
  facet normal -1 0 0
    outer loop
      vertex 119.593 -3.19 91.6425
      vertex 119.593 -2.4 93.8991
      vertex 119.593 -2.4 91.6425
    endloop
  endfacet
  facet normal -1 -0 0
    outer loop
      vertex 119.593 -2.4 93.8991
      vertex 119.593 -3.19 91.6425
      vertex 119.593 -3.19 93.8991
    endloop
  endfacet
  facet normal -0 0 1
    outer loop
      vertex 117.111 -2.4 91.6425
      vertex 119.593 -3.19 91.6425
      vertex 119.593 -2.4 91.6425
    endloop
  endfacet
  facet normal 0 0 1
    outer loop
      vertex 119.593 -3.19 91.6425
      vertex 117.111 -2.4 91.6425
      vertex 117.111 -3.19 91.6425
    endloop
  endfacet
  facet normal -0.706838 0 0.707375
    outer loop
      vertex 116.584 -3.19 91.1159
      vertex 117.111 -2.4 91.6425
      vertex 116.584 -2.4 91.1159
    endloop
  endfacet
  facet normal -0.706838 0 0.707375
    outer loop
      vertex 117.111 -2.4 91.6425
      vertex 116.584 -3.19 91.1159
      vertex 117.111 -3.19 91.6425
    endloop
  endfacet
  facet normal -1 0 0
    outer loop
      vertex 116.584 -3.19 90.6646
      vertex 116.584 -2.4 91.1159
      vertex 116.584 -2.4 90.6646
    endloop
  endfacet
  facet normal -1 -0 0
    outer loop
      vertex 116.584 -2.4 91.1159
      vertex 116.584 -3.19 90.6646
      vertex 116.584 -3.19 91.1159
    endloop
  endfacet
  facet normal -0.706771 0 -0.707442
    outer loop
      vertex 117.111 -3.19 90.1381
      vertex 116.584 -2.4 90.6646
      vertex 117.111 -2.4 90.1381
    endloop
  endfacet
  facet normal -0.706771 -0 -0.707442
    outer loop
      vertex 116.584 -2.4 90.6646
      vertex 117.111 -3.19 90.1381
      vertex 116.584 -3.19 90.6646
    endloop
  endfacet
  facet normal 0 0 -1
    outer loop
      vertex 117.111 -3.19 90.1381
      vertex 120.571 -2.4 90.1381
      vertex 120.571 -3.19 90.1381
    endloop
  endfacet
  facet normal -0 0 -1
    outer loop
      vertex 120.571 -2.4 90.1381
      vertex 117.111 -3.19 90.1381
      vertex 117.111 -2.4 90.1381
    endloop
  endfacet
  facet normal 0.707443 0 -0.706771
    outer loop
      vertex 121.097 -3.19 90.6646
      vertex 120.571 -2.4 90.1381
      vertex 121.097 -2.4 90.6646
    endloop
  endfacet
  facet normal 0.707443 0 -0.706771
    outer loop
      vertex 120.571 -2.4 90.1381
      vertex 121.097 -3.19 90.6646
      vertex 120.571 -3.19 90.1381
    endloop
  endfacet
  facet normal 0.0338268 0 -0.999428
    outer loop
      vertex 131.091 -3.19 92.3955
      vertex 131.156 -2.4 92.3977
      vertex 131.156 -3.19 92.3977
    endloop
  endfacet
  facet normal 0.0338268 0 -0.999428
    outer loop
      vertex 131.156 -2.4 92.3977
      vertex 131.091 -3.19 92.3955
      vertex 131.091 -2.4 92.3955
    endloop
  endfacet
  facet normal 0.0592706 0 -0.998242
    outer loop
      vertex 131.156 -3.19 92.3977
      vertex 131.22 -2.4 92.4015
      vertex 131.22 -3.19 92.4015
    endloop
  endfacet
  facet normal 0.0592706 0 -0.998242
    outer loop
      vertex 131.22 -2.4 92.4015
      vertex 131.156 -3.19 92.3977
      vertex 131.156 -2.4 92.3977
    endloop
  endfacet
  facet normal 0.0919169 0 -0.995767
    outer loop
      vertex 131.22 -3.19 92.4015
      vertex 131.285 -2.4 92.4075
      vertex 131.285 -3.19 92.4075
    endloop
  endfacet
  facet normal 0.0919169 0 -0.995767
    outer loop
      vertex 131.285 -2.4 92.4075
      vertex 131.22 -3.19 92.4015
      vertex 131.22 -2.4 92.4015
    endloop
  endfacet
  facet normal 0.107313 0 -0.994225
    outer loop
      vertex 131.285 -3.19 92.4075
      vertex 131.348 -2.4 92.4143
      vertex 131.348 -3.19 92.4143
    endloop
  endfacet
  facet normal 0.107313 0 -0.994225
    outer loop
      vertex 131.348 -2.4 92.4143
      vertex 131.285 -3.19 92.4075
      vertex 131.285 -2.4 92.4075
    endloop
  endfacet
  facet normal 0.137153 0 -0.99055
    outer loop
      vertex 131.348 -3.19 92.4143
      vertex 131.413 -2.4 92.4233
      vertex 131.413 -3.19 92.4233
    endloop
  endfacet
  facet normal 0.137153 0 -0.99055
    outer loop
      vertex 131.413 -2.4 92.4233
      vertex 131.348 -3.19 92.4143
      vertex 131.348 -2.4 92.4143
    endloop
  endfacet
  facet normal 0.164399 0 -0.986394
    outer loop
      vertex 131.413 -3.19 92.4233
      vertex 131.476 -2.4 92.4338
      vertex 131.476 -3.19 92.4338
    endloop
  endfacet
  facet normal 0.164399 0 -0.986394
    outer loop
      vertex 131.476 -2.4 92.4338
      vertex 131.413 -3.19 92.4233
      vertex 131.413 -2.4 92.4233
    endloop
  endfacet
  facet normal 0.173873 0 -0.984768
    outer loop
      vertex 131.476 -3.19 92.4338
      vertex 131.54 -2.4 92.4451
      vertex 131.54 -3.19 92.4451
    endloop
  endfacet
  facet normal 0.173873 0 -0.984768
    outer loop
      vertex 131.54 -2.4 92.4451
      vertex 131.476 -3.19 92.4338
      vertex 131.476 -2.4 92.4338
    endloop
  endfacet
  facet normal 0.206396 0 -0.978469
    outer loop
      vertex 131.54 -3.19 92.4451
      vertex 131.604 -2.4 92.4586
      vertex 131.604 -3.19 92.4586
    endloop
  endfacet
  facet normal 0.206396 0 -0.978469
    outer loop
      vertex 131.604 -2.4 92.4586
      vertex 131.54 -3.19 92.4451
      vertex 131.54 -2.4 92.4451
    endloop
  endfacet
  facet normal 0.236631 0 -0.971599
    outer loop
      vertex 131.604 -3.19 92.4586
      vertex 131.666 -2.4 92.4737
      vertex 131.666 -3.19 92.4737
    endloop
  endfacet
  facet normal 0.236631 0 -0.971599
    outer loop
      vertex 131.666 -2.4 92.4737
      vertex 131.604 -3.19 92.4586
      vertex 131.604 -2.4 92.4586
    endloop
  endfacet
  facet normal 0.257178 0 -0.966364
    outer loop
      vertex 131.666 -3.19 92.4737
      vertex 131.728 -2.4 92.4902
      vertex 131.728 -3.19 92.4902
    endloop
  endfacet
  facet normal 0.257178 0 -0.966364
    outer loop
      vertex 131.728 -2.4 92.4902
      vertex 131.666 -3.19 92.4737
      vertex 131.666 -2.4 92.4737
    endloop
  endfacet
  facet normal 0.276131 0 -0.96112
    outer loop
      vertex 131.728 -3.19 92.4902
      vertex 131.791 -2.4 92.5083
      vertex 131.791 -3.19 92.5083
    endloop
  endfacet
  facet normal 0.276131 0 -0.96112
    outer loop
      vertex 131.791 -2.4 92.5083
      vertex 131.728 -3.19 92.4902
      vertex 131.728 -2.4 92.4902
    endloop
  endfacet
  facet normal 0.304492 0 -0.952515
    outer loop
      vertex 131.791 -3.19 92.5083
      vertex 131.852 -2.4 92.5278
      vertex 131.852 -3.19 92.5278
    endloop
  endfacet
  facet normal 0.304492 0 -0.952515
    outer loop
      vertex 131.852 -2.4 92.5278
      vertex 131.791 -3.19 92.5083
      vertex 131.791 -2.4 92.5083
    endloop
  endfacet
  facet normal 0.326898 0 -0.94506
    outer loop
      vertex 131.852 -3.19 92.5278
      vertex 131.913 -2.4 92.5489
      vertex 131.913 -3.19 92.5489
    endloop
  endfacet
  facet normal 0.326898 0 -0.94506
    outer loop
      vertex 131.913 -2.4 92.5489
      vertex 131.852 -3.19 92.5278
      vertex 131.852 -2.4 92.5278
    endloop
  endfacet
  facet normal 0.347414 0 -0.937712
    outer loop
      vertex 131.913 -3.19 92.5489
      vertex 131.974 -2.4 92.5715
      vertex 131.974 -3.19 92.5715
    endloop
  endfacet
  facet normal 0.347414 0 -0.937712
    outer loop
      vertex 131.974 -2.4 92.5715
      vertex 131.913 -3.19 92.5489
      vertex 131.913 -2.4 92.5489
    endloop
  endfacet
  facet normal 0.361996 0 -0.93218
    outer loop
      vertex 131.974 -3.19 92.5715
      vertex 132.034 -2.4 92.5948
      vertex 132.034 -3.19 92.5948
    endloop
  endfacet
  facet normal 0.361996 0 -0.93218
    outer loop
      vertex 132.034 -2.4 92.5948
      vertex 131.974 -3.19 92.5715
      vertex 131.974 -2.4 92.5715
    endloop
  endfacet
  facet normal 0.398044 0 -0.917366
    outer loop
      vertex 132.034 -3.19 92.5948
      vertex 132.093 -2.4 92.6204
      vertex 132.093 -3.19 92.6204
    endloop
  endfacet
  facet normal 0.398044 0 -0.917366
    outer loop
      vertex 132.093 -2.4 92.6204
      vertex 132.034 -3.19 92.5948
      vertex 132.034 -2.4 92.5948
    endloop
  endfacet
  facet normal 0.416124 0 -0.909308
    outer loop
      vertex 132.093 -3.19 92.6204
      vertex 132.152 -2.4 92.6474
      vertex 132.152 -3.19 92.6474
    endloop
  endfacet
  facet normal 0.416124 0 -0.909308
    outer loop
      vertex 132.152 -2.4 92.6474
      vertex 132.093 -3.19 92.6204
      vertex 132.093 -2.4 92.6204
    endloop
  endfacet
  facet normal 0.436199 0 -0.89985
    outer loop
      vertex 132.152 -3.19 92.6474
      vertex 132.211 -2.4 92.676
      vertex 132.211 -3.19 92.676
    endloop
  endfacet
  facet normal 0.436199 0 -0.89985
    outer loop
      vertex 132.211 -2.4 92.676
      vertex 132.152 -3.19 92.6474
      vertex 132.152 -2.4 92.6474
    endloop
  endfacet
  facet normal 0.458405 0 -0.888744
    outer loop
      vertex 132.211 -3.19 92.676
      vertex 132.268 -2.4 92.7054
      vertex 132.268 -3.19 92.7054
    endloop
  endfacet
  facet normal 0.458405 0 -0.888744
    outer loop
      vertex 132.268 -2.4 92.7054
      vertex 132.211 -3.19 92.676
      vertex 132.211 -2.4 92.676
    endloop
  endfacet
  facet normal 0.491442 0 -0.87091
    outer loop
      vertex 132.268 -3.19 92.7054
      vertex 132.324 -2.4 92.737
      vertex 132.324 -3.19 92.737
    endloop
  endfacet
  facet normal 0.491442 0 -0.87091
    outer loop
      vertex 132.324 -2.4 92.737
      vertex 132.268 -3.19 92.7054
      vertex 132.268 -2.4 92.7054
    endloop
  endfacet
  facet normal 0.499633 0 -0.866237
    outer loop
      vertex 132.324 -3.19 92.737
      vertex 132.38 -2.4 92.7693
      vertex 132.38 -3.19 92.7693
    endloop
  endfacet
  facet normal 0.499633 0 -0.866237
    outer loop
      vertex 132.38 -2.4 92.7693
      vertex 132.324 -3.19 92.737
      vertex 132.324 -2.4 92.737
    endloop
  endfacet
  facet normal 0.523579 0 -0.851977
    outer loop
      vertex 132.38 -3.19 92.7693
      vertex 132.435 -2.4 92.8031
      vertex 132.435 -3.19 92.8031
    endloop
  endfacet
  facet normal 0.523579 0 -0.851977
    outer loop
      vertex 132.435 -2.4 92.8031
      vertex 132.38 -3.19 92.7693
      vertex 132.38 -2.4 92.7693
    endloop
  endfacet
  facet normal 0.54825 0 -0.836314
    outer loop
      vertex 132.435 -3.19 92.8031
      vertex 132.489 -2.4 92.8385
      vertex 132.489 -3.19 92.8385
    endloop
  endfacet
  facet normal 0.54825 0 -0.836314
    outer loop
      vertex 132.489 -2.4 92.8385
      vertex 132.435 -3.19 92.8031
      vertex 132.435 -2.4 92.8031
    endloop
  endfacet
  facet normal 0.56295 0 -0.826491
    outer loop
      vertex 132.489 -3.19 92.8385
      vertex 132.542 -2.4 92.8746
      vertex 132.542 -3.19 92.8746
    endloop
  endfacet
  facet normal 0.56295 0 -0.826491
    outer loop
      vertex 132.542 -2.4 92.8746
      vertex 132.489 -3.19 92.8385
      vertex 132.489 -2.4 92.8385
    endloop
  endfacet
  facet normal 0.586717 0 -0.809792
    outer loop
      vertex 132.542 -3.19 92.8746
      vertex 132.595 -2.4 92.913
      vertex 132.595 -3.19 92.913
    endloop
  endfacet
  facet normal 0.586717 0 -0.809792
    outer loop
      vertex 132.595 -2.4 92.913
      vertex 132.542 -3.19 92.8746
      vertex 132.542 -2.4 92.8746
    endloop
  endfacet
  facet normal 0.608432 0 -0.793606
    outer loop
      vertex 132.595 -3.19 92.913
      vertex 132.646 -2.4 92.9521
      vertex 132.646 -3.19 92.9521
    endloop
  endfacet
  facet normal 0.608432 0 -0.793606
    outer loop
      vertex 132.646 -2.4 92.9521
      vertex 132.595 -3.19 92.913
      vertex 132.595 -2.4 92.913
    endloop
  endfacet
  facet normal 0.623741 0 -0.781631
    outer loop
      vertex 132.646 -3.19 92.9521
      vertex 132.696 -2.4 92.992
      vertex 132.696 -3.19 92.992
    endloop
  endfacet
  facet normal 0.623741 0 -0.781631
    outer loop
      vertex 132.696 -2.4 92.992
      vertex 132.646 -3.19 92.9521
      vertex 132.646 -2.4 92.9521
    endloop
  endfacet
  facet normal 0.644089 0 -0.764951
    outer loop
      vertex 132.696 -3.19 92.992
      vertex 132.746 -2.4 93.0341
      vertex 132.746 -3.19 93.0341
    endloop
  endfacet
  facet normal 0.644089 0 -0.764951
    outer loop
      vertex 132.746 -2.4 93.0341
      vertex 132.696 -3.19 92.992
      vertex 132.696 -2.4 92.992
    endloop
  endfacet
  facet normal 0.666386 0 -0.745607
    outer loop
      vertex 132.746 -3.19 93.0341
      vertex 132.794 -2.4 93.077
      vertex 132.794 -3.19 93.077
    endloop
  endfacet
  facet normal 0.666386 0 -0.745607
    outer loop
      vertex 132.794 -2.4 93.077
      vertex 132.746 -3.19 93.0341
      vertex 132.746 -2.4 93.0341
    endloop
  endfacet
  facet normal 0.672366 0 -0.740219
    outer loop
      vertex 132.794 -3.19 93.077
      vertex 132.842 -2.4 93.1206
      vertex 132.842 -3.19 93.1206
    endloop
  endfacet
  facet normal 0.672366 0 -0.740219
    outer loop
      vertex 132.842 -2.4 93.1206
      vertex 132.794 -3.19 93.077
      vertex 132.794 -2.4 93.077
    endloop
  endfacet
  facet normal 0.700087 0 -0.714058
    outer loop
      vertex 132.842 -3.19 93.1206
      vertex 132.888 -2.4 93.1657
      vertex 132.888 -3.19 93.1657
    endloop
  endfacet
  facet normal 0.700087 0 -0.714058
    outer loop
      vertex 132.888 -2.4 93.1657
      vertex 132.842 -3.19 93.1206
      vertex 132.842 -2.4 93.1206
    endloop
  endfacet
  facet normal 0.720092 0 -0.693879
    outer loop
      vertex 132.933 -3.19 93.2124
      vertex 132.888 -2.4 93.1657
      vertex 132.933 -2.4 93.2124
    endloop
  endfacet
  facet normal 0.720092 0 -0.693879
    outer loop
      vertex 132.888 -2.4 93.1657
      vertex 132.933 -3.19 93.2124
      vertex 132.888 -3.19 93.1657
    endloop
  endfacet
  facet normal 0.732187 0 -0.681104
    outer loop
      vertex 132.977 -3.19 93.2597
      vertex 132.933 -2.4 93.2124
      vertex 132.977 -2.4 93.2597
    endloop
  endfacet
  facet normal 0.732187 0 -0.681104
    outer loop
      vertex 132.933 -2.4 93.2124
      vertex 132.977 -3.19 93.2597
      vertex 132.933 -3.19 93.2124
    endloop
  endfacet
  facet normal 0.746212 0 -0.665708
    outer loop
      vertex 133.02 -3.19 93.3079
      vertex 132.977 -2.4 93.2597
      vertex 133.02 -2.4 93.3079
    endloop
  endfacet
  facet normal 0.746212 0 -0.665708
    outer loop
      vertex 132.977 -2.4 93.2597
      vertex 133.02 -3.19 93.3079
      vertex 132.977 -3.19 93.2597
    endloop
  endfacet
  facet normal 0.763153 0 -0.646218
    outer loop
      vertex 133.062 -3.19 93.3575
      vertex 133.02 -2.4 93.3079
      vertex 133.062 -2.4 93.3575
    endloop
  endfacet
  facet normal 0.763153 0 -0.646218
    outer loop
      vertex 133.02 -2.4 93.3079
      vertex 133.062 -3.19 93.3575
      vertex 133.02 -3.19 93.3079
    endloop
  endfacet
  facet normal 0.783289 0 -0.621658
    outer loop
      vertex 133.102 -3.19 93.4079
      vertex 133.062 -2.4 93.3575
      vertex 133.102 -2.4 93.4079
    endloop
  endfacet
  facet normal 0.783289 0 -0.621658
    outer loop
      vertex 133.062 -2.4 93.3575
      vertex 133.102 -3.19 93.4079
      vertex 133.062 -3.19 93.3575
    endloop
  endfacet
  facet normal 0.795503 0 -0.60595
    outer loop
      vertex 133.141 -3.19 93.4591
      vertex 133.102 -2.4 93.4079
      vertex 133.141 -2.4 93.4591
    endloop
  endfacet
  facet normal 0.795503 0 -0.60595
    outer loop
      vertex 133.102 -2.4 93.4079
      vertex 133.141 -3.19 93.4591
      vertex 133.102 -3.19 93.4079
    endloop
  endfacet
  facet normal 0.810598 0 -0.585603
    outer loop
      vertex 133.179 -3.19 93.5117
      vertex 133.141 -2.4 93.4591
      vertex 133.179 -2.4 93.5117
    endloop
  endfacet
  facet normal 0.810598 0 -0.585603
    outer loop
      vertex 133.141 -2.4 93.4591
      vertex 133.179 -3.19 93.5117
      vertex 133.141 -3.19 93.4591
    endloop
  endfacet
  facet normal 0.829173 0 -0.558993
    outer loop
      vertex 133.215 -3.19 93.5651
      vertex 133.179 -2.4 93.5117
      vertex 133.215 -2.4 93.5651
    endloop
  endfacet
  facet normal 0.829173 0 -0.558993
    outer loop
      vertex 133.179 -2.4 93.5117
      vertex 133.215 -3.19 93.5651
      vertex 133.179 -3.19 93.5117
    endloop
  endfacet
  facet normal 0.832995 0 -0.553281
    outer loop
      vertex 133.251 -3.19 93.6193
      vertex 133.215 -2.4 93.5651
      vertex 133.251 -2.4 93.6193
    endloop
  endfacet
  facet normal 0.832995 0 -0.553281
    outer loop
      vertex 133.215 -2.4 93.5651
      vertex 133.251 -3.19 93.6193
      vertex 133.215 -3.19 93.5651
    endloop
  endfacet
  facet normal 0.850166 0 -0.526515
    outer loop
      vertex 133.285 -3.19 93.6742
      vertex 133.251 -2.4 93.6193
      vertex 133.285 -2.4 93.6742
    endloop
  endfacet
  facet normal 0.850166 0 -0.526515
    outer loop
      vertex 133.251 -2.4 93.6193
      vertex 133.285 -3.19 93.6742
      vertex 133.251 -3.19 93.6193
    endloop
  endfacet
  facet normal 0.867091 0 -0.498149
    outer loop
      vertex 133.317 -3.19 93.7299
      vertex 133.285 -2.4 93.6742
      vertex 133.317 -2.4 93.7299
    endloop
  endfacet
  facet normal 0.867091 0 -0.498149
    outer loop
      vertex 133.285 -2.4 93.6742
      vertex 133.317 -3.19 93.7299
      vertex 133.285 -3.19 93.6742
    endloop
  endfacet
  facet normal 0.869757 0 -0.493479
    outer loop
      vertex 133.349 -3.19 93.7863
      vertex 133.317 -2.4 93.7299
      vertex 133.349 -2.4 93.7863
    endloop
  endfacet
  facet normal 0.869757 0 -0.493479
    outer loop
      vertex 133.317 -2.4 93.7299
      vertex 133.349 -3.19 93.7863
      vertex 133.317 -3.19 93.7299
    endloop
  endfacet
  facet normal 0.891918 0 -0.452196
    outer loop
      vertex 133.378 -3.19 93.8435
      vertex 133.349 -2.4 93.7863
      vertex 133.378 -2.4 93.8435
    endloop
  endfacet
  facet normal 0.891918 0 -0.452196
    outer loop
      vertex 133.349 -2.4 93.7863
      vertex 133.378 -3.19 93.8435
      vertex 133.349 -3.19 93.7863
    endloop
  endfacet
  facet normal 0.896255 0 -0.443539
    outer loop
      vertex 133.407 -3.19 93.9021
      vertex 133.378 -2.4 93.8435
      vertex 133.407 -2.4 93.9021
    endloop
  endfacet
  facet normal 0.896255 0 -0.443539
    outer loop
      vertex 133.378 -2.4 93.8435
      vertex 133.407 -3.19 93.9021
      vertex 133.378 -3.19 93.8435
    endloop
  endfacet
  facet normal 0.908502 0 -0.41788
    outer loop
      vertex 133.434 -3.19 93.9608
      vertex 133.407 -2.4 93.9021
      vertex 133.434 -2.4 93.9608
    endloop
  endfacet
  facet normal 0.908502 0 -0.41788
    outer loop
      vertex 133.407 -2.4 93.9021
      vertex 133.434 -3.19 93.9608
      vertex 133.407 -3.19 93.9021
    endloop
  endfacet
  facet normal 0.921694 0 -0.387918
    outer loop
      vertex 133.459 -3.19 94.0202
      vertex 133.434 -2.4 93.9608
      vertex 133.459 -2.4 94.0202
    endloop
  endfacet
  facet normal 0.921694 0 -0.387918
    outer loop
      vertex 133.434 -2.4 93.9608
      vertex 133.459 -3.19 94.0202
      vertex 133.434 -3.19 93.9608
    endloop
  endfacet
  facet normal 0.927398 0 -0.374076
    outer loop
      vertex 133.483 -3.19 94.0797
      vertex 133.459 -2.4 94.0202
      vertex 133.483 -2.4 94.0797
    endloop
  endfacet
  facet normal 0.927398 0 -0.374076
    outer loop
      vertex 133.459 -2.4 94.0202
      vertex 133.483 -3.19 94.0797
      vertex 133.459 -3.19 94.0202
    endloop
  endfacet
  facet normal 0.940513 0 -0.339758
    outer loop
      vertex 133.505 -3.19 94.1406
      vertex 133.483 -2.4 94.0797
      vertex 133.505 -2.4 94.1406
    endloop
  endfacet
  facet normal 0.940513 0 -0.339758
    outer loop
      vertex 133.483 -2.4 94.0797
      vertex 133.505 -3.19 94.1406
      vertex 133.483 -3.19 94.0797
    endloop
  endfacet
  facet normal 0.945373 0 -0.325991
    outer loop
      vertex 133.526 -3.19 94.2015
      vertex 133.505 -2.4 94.1406
      vertex 133.526 -2.4 94.2015
    endloop
  endfacet
  facet normal 0.945373 0 -0.325991
    outer loop
      vertex 133.505 -2.4 94.1406
      vertex 133.526 -3.19 94.2015
      vertex 133.505 -3.19 94.1406
    endloop
  endfacet
  facet normal 0.951272 0 -0.308354
    outer loop
      vertex 133.546 -3.19 94.2632
      vertex 133.526 -2.4 94.2015
      vertex 133.546 -2.4 94.2632
    endloop
  endfacet
  facet normal 0.951272 0 -0.308354
    outer loop
      vertex 133.526 -2.4 94.2015
      vertex 133.546 -3.19 94.2632
      vertex 133.526 -3.19 94.2015
    endloop
  endfacet
  facet normal 0.960824 0 -0.277161
    outer loop
      vertex 133.564 -3.19 94.3256
      vertex 133.546 -2.4 94.2632
      vertex 133.564 -2.4 94.3256
    endloop
  endfacet
  facet normal 0.960824 0 -0.277161
    outer loop
      vertex 133.546 -2.4 94.2632
      vertex 133.564 -3.19 94.3256
      vertex 133.546 -3.19 94.2632
    endloop
  endfacet
  facet normal 0.968759 0 -0.248002
    outer loop
      vertex 133.58 -3.19 94.3881
      vertex 133.564 -2.4 94.3256
      vertex 133.58 -2.4 94.3881
    endloop
  endfacet
  facet normal 0.968759 0 -0.248002
    outer loop
      vertex 133.564 -2.4 94.3256
      vertex 133.58 -3.19 94.3881
      vertex 133.564 -3.19 94.3256
    endloop
  endfacet
  facet normal 0.972302 0 -0.233727
    outer loop
      vertex 133.595 -3.19 94.4505
      vertex 133.58 -2.4 94.3881
      vertex 133.595 -2.4 94.4505
    endloop
  endfacet
  facet normal 0.972302 0 -0.233727
    outer loop
      vertex 133.58 -2.4 94.3881
      vertex 133.595 -3.19 94.4505
      vertex 133.58 -3.19 94.3881
    endloop
  endfacet
  facet normal 0.976332 0 -0.216276
    outer loop
      vertex 133.609 -3.19 94.5137
      vertex 133.595 -2.4 94.4505
      vertex 133.609 -2.4 94.5137
    endloop
  endfacet
  facet normal 0.976332 0 -0.216276
    outer loop
      vertex 133.595 -2.4 94.4505
      vertex 133.609 -3.19 94.5137
      vertex 133.595 -3.19 94.4505
    endloop
  endfacet
  facet normal 0.985505 0 -0.169649
    outer loop
      vertex 133.62 -3.19 94.5776
      vertex 133.609 -2.4 94.5137
      vertex 133.62 -2.4 94.5776
    endloop
  endfacet
  facet normal 0.985505 0 -0.169649
    outer loop
      vertex 133.609 -2.4 94.5137
      vertex 133.62 -3.19 94.5776
      vertex 133.609 -3.19 94.5137
    endloop
  endfacet
  facet normal 0.985189 0 -0.171473
    outer loop
      vertex 133.631 -3.19 94.6408
      vertex 133.62 -2.4 94.5776
      vertex 133.631 -2.4 94.6408
    endloop
  endfacet
  facet normal 0.985189 0 -0.171473
    outer loop
      vertex 133.62 -2.4 94.5776
      vertex 133.631 -3.19 94.6408
      vertex 133.62 -3.19 94.5776
    endloop
  endfacet
  facet normal 0.990463 0 -0.137777
    outer loop
      vertex 133.64 -3.19 94.7055
      vertex 133.631 -2.4 94.6408
      vertex 133.64 -2.4 94.7055
    endloop
  endfacet
  facet normal 0.990463 0 -0.137777
    outer loop
      vertex 133.631 -2.4 94.6408
      vertex 133.64 -3.19 94.7055
      vertex 133.631 -3.19 94.6408
    endloop
  endfacet
  facet normal 0.995621 0 -0.0934855
    outer loop
      vertex 133.646 -3.19 94.7694
      vertex 133.64 -2.4 94.7055
      vertex 133.646 -2.4 94.7694
    endloop
  endfacet
  facet normal 0.995621 0 -0.0934855
    outer loop
      vertex 133.64 -2.4 94.7055
      vertex 133.646 -3.19 94.7694
      vertex 133.64 -3.19 94.7055
    endloop
  endfacet
  facet normal 0.994198 0 -0.107564
    outer loop
      vertex 133.653 -3.19 94.8341
      vertex 133.646 -2.4 94.7694
      vertex 133.653 -2.4 94.8341
    endloop
  endfacet
  facet normal 0.994198 0 -0.107564
    outer loop
      vertex 133.646 -2.4 94.7694
      vertex 133.653 -3.19 94.8341
      vertex 133.646 -3.19 94.7694
    endloop
  endfacet
  facet normal 0.9989 0 -0.0468967
    outer loop
      vertex 133.656 -3.19 94.898
      vertex 133.653 -2.4 94.8341
      vertex 133.656 -2.4 94.898
    endloop
  endfacet
  facet normal 0.9989 0 -0.0468967
    outer loop
      vertex 133.653 -2.4 94.8341
      vertex 133.656 -3.19 94.898
      vertex 133.653 -3.19 94.8341
    endloop
  endfacet
  facet normal 0.998927 0 -0.0463181
    outer loop
      vertex 133.659 -3.19 94.9627
      vertex 133.656 -2.4 94.898
      vertex 133.659 -2.4 94.9627
    endloop
  endfacet
  facet normal 0.998927 0 -0.0463181
    outer loop
      vertex 133.656 -2.4 94.898
      vertex 133.659 -3.19 94.9627
      vertex 133.656 -3.19 94.898
    endloop
  endfacet
  facet normal 1 -0 0
    outer loop
      vertex 133.659 -3.19 95.0274
      vertex 133.659 -2.4 94.9627
      vertex 133.659 -2.4 95.0274
    endloop
  endfacet
  facet normal 1 0 0
    outer loop
      vertex 133.659 -2.4 94.9627
      vertex 133.659 -3.19 95.0274
      vertex 133.659 -3.19 94.9627
    endloop
  endfacet
  facet normal 1 -0 0
    outer loop
      vertex 133.659 -3.19 95.0921
      vertex 133.659 -2.4 95.0274
      vertex 133.659 -2.4 95.0921
    endloop
  endfacet
  facet normal 1 0 0
    outer loop
      vertex 133.659 -2.4 95.0274
      vertex 133.659 -3.19 95.0921
      vertex 133.659 -3.19 95.0274
    endloop
  endfacet
  facet normal 0.998927 -0 0.0463181
    outer loop
      vertex 133.656 -3.19 95.1568
      vertex 133.659 -2.4 95.0921
      vertex 133.656 -2.4 95.1568
    endloop
  endfacet
  facet normal 0.998927 0 0.0463181
    outer loop
      vertex 133.659 -2.4 95.0921
      vertex 133.656 -3.19 95.1568
      vertex 133.659 -3.19 95.0921
    endloop
  endfacet
  facet normal 0.9989 -0 0.0468967
    outer loop
      vertex 133.653 -3.19 95.2207
      vertex 133.656 -2.4 95.1568
      vertex 133.653 -2.4 95.2207
    endloop
  endfacet
  facet normal 0.9989 0 0.0468967
    outer loop
      vertex 133.656 -2.4 95.1568
      vertex 133.653 -3.19 95.2207
      vertex 133.656 -3.19 95.1568
    endloop
  endfacet
  facet normal 0.994198 -0 0.107564
    outer loop
      vertex 133.646 -3.19 95.2854
      vertex 133.653 -2.4 95.2207
      vertex 133.646 -2.4 95.2854
    endloop
  endfacet
  facet normal 0.994198 0 0.107564
    outer loop
      vertex 133.653 -2.4 95.2207
      vertex 133.646 -3.19 95.2854
      vertex 133.653 -3.19 95.2207
    endloop
  endfacet
  facet normal 0.995634 -0 0.0933407
    outer loop
      vertex 133.64 -3.19 95.3494
      vertex 133.646 -2.4 95.2854
      vertex 133.64 -2.4 95.3494
    endloop
  endfacet
  facet normal 0.995634 0 0.0933407
    outer loop
      vertex 133.646 -2.4 95.2854
      vertex 133.64 -3.19 95.3494
      vertex 133.646 -3.19 95.2854
    endloop
  endfacet
  facet normal 0.990463 -0 0.137777
    outer loop
      vertex 133.631 -3.19 95.4141
      vertex 133.64 -2.4 95.3494
      vertex 133.631 -2.4 95.4141
    endloop
  endfacet
  facet normal 0.990463 0 0.137777
    outer loop
      vertex 133.64 -2.4 95.3494
      vertex 133.631 -3.19 95.4141
      vertex 133.64 -3.19 95.3494
    endloop
  endfacet
  facet normal 0.985189 -0 0.171473
    outer loop
      vertex 133.62 -3.19 95.4773
      vertex 133.631 -2.4 95.4141
      vertex 133.62 -2.4 95.4773
    endloop
  endfacet
  facet normal 0.985189 0 0.171473
    outer loop
      vertex 133.631 -2.4 95.4141
      vertex 133.62 -3.19 95.4773
      vertex 133.631 -3.19 95.4141
    endloop
  endfacet
  facet normal 0.985505 -0 0.169649
    outer loop
      vertex 133.609 -3.19 95.5412
      vertex 133.62 -2.4 95.4773
      vertex 133.609 -2.4 95.5412
    endloop
  endfacet
  facet normal 0.985505 0 0.169649
    outer loop
      vertex 133.62 -2.4 95.4773
      vertex 133.609 -3.19 95.5412
      vertex 133.62 -3.19 95.4773
    endloop
  endfacet
  facet normal 0.976332 -0 0.216276
    outer loop
      vertex 133.595 -3.19 95.6044
      vertex 133.609 -2.4 95.5412
      vertex 133.595 -2.4 95.6044
    endloop
  endfacet
  facet normal 0.976332 0 0.216276
    outer loop
      vertex 133.609 -2.4 95.5412
      vertex 133.595 -3.19 95.6044
      vertex 133.609 -3.19 95.5412
    endloop
  endfacet
  facet normal 0.972302 -0 0.233727
    outer loop
      vertex 133.58 -3.19 95.6668
      vertex 133.595 -2.4 95.6044
      vertex 133.58 -2.4 95.6668
    endloop
  endfacet
  facet normal 0.972302 0 0.233727
    outer loop
      vertex 133.595 -2.4 95.6044
      vertex 133.58 -3.19 95.6668
      vertex 133.595 -3.19 95.6044
    endloop
  endfacet
  facet normal 0.968664 -0 0.248375
    outer loop
      vertex 133.564 -3.19 95.7292
      vertex 133.58 -2.4 95.6668
      vertex 133.564 -2.4 95.7292
    endloop
  endfacet
  facet normal 0.968664 0 0.248375
    outer loop
      vertex 133.58 -2.4 95.6668
      vertex 133.564 -3.19 95.7292
      vertex 133.58 -3.19 95.6668
    endloop
  endfacet
  facet normal 0.960942 -0 0.276751
    outer loop
      vertex 133.546 -3.19 95.7917
      vertex 133.564 -2.4 95.7292
      vertex 133.546 -2.4 95.7917
    endloop
  endfacet
  facet normal 0.960942 0 0.276751
    outer loop
      vertex 133.564 -2.4 95.7292
      vertex 133.546 -3.19 95.7917
      vertex 133.564 -3.19 95.7292
    endloop
  endfacet
  facet normal 0.951272 -0 0.308354
    outer loop
      vertex 133.526 -3.19 95.8534
      vertex 133.546 -2.4 95.7917
      vertex 133.526 -2.4 95.8534
    endloop
  endfacet
  facet normal 0.951272 0 0.308354
    outer loop
      vertex 133.546 -2.4 95.7917
      vertex 133.526 -3.19 95.8534
      vertex 133.546 -3.19 95.7917
    endloop
  endfacet
  facet normal 0.945373 -0 0.325991
    outer loop
      vertex 133.505 -3.19 95.9143
      vertex 133.526 -2.4 95.8534
      vertex 133.505 -2.4 95.9143
    endloop
  endfacet
  facet normal 0.945373 0 0.325991
    outer loop
      vertex 133.526 -2.4 95.8534
      vertex 133.505 -3.19 95.9143
      vertex 133.526 -3.19 95.8534
    endloop
  endfacet
  facet normal 0.940513 -0 0.339758
    outer loop
      vertex 133.483 -3.19 95.9752
      vertex 133.505 -2.4 95.9143
      vertex 133.483 -2.4 95.9752
    endloop
  endfacet
  facet normal 0.940513 0 0.339758
    outer loop
      vertex 133.505 -2.4 95.9143
      vertex 133.483 -3.19 95.9752
      vertex 133.505 -3.19 95.9143
    endloop
  endfacet
  facet normal 0.927179 -0 0.374618
    outer loop
      vertex 133.459 -3.19 96.0346
      vertex 133.483 -2.4 95.9752
      vertex 133.459 -2.4 96.0346
    endloop
  endfacet
  facet normal 0.927179 0 0.374618
    outer loop
      vertex 133.483 -2.4 95.9752
      vertex 133.459 -3.19 96.0346
      vertex 133.483 -3.19 95.9752
    endloop
  endfacet
  facet normal 0.921927 -0 0.387364
    outer loop
      vertex 133.434 -3.19 96.0941
      vertex 133.459 -2.4 96.0346
      vertex 133.434 -2.4 96.0941
    endloop
  endfacet
  facet normal 0.921927 0 0.387364
    outer loop
      vertex 133.459 -2.4 96.0346
      vertex 133.434 -3.19 96.0941
      vertex 133.459 -3.19 96.0346
    endloop
  endfacet
  facet normal 0.908231 -0 0.418468
    outer loop
      vertex 133.407 -3.19 96.1527
      vertex 133.434 -2.4 96.0941
      vertex 133.407 -2.4 96.1527
    endloop
  endfacet
  facet normal 0.908231 0 0.418468
    outer loop
      vertex 133.434 -2.4 96.0941
      vertex 133.407 -3.19 96.1527
      vertex 133.434 -3.19 96.0941
    endloop
  endfacet
  facet normal 0.896555 -0 0.442932
    outer loop
      vertex 133.378 -3.19 96.2114
      vertex 133.407 -2.4 96.1527
      vertex 133.378 -2.4 96.2114
    endloop
  endfacet
  facet normal 0.896555 0 0.442932
    outer loop
      vertex 133.407 -2.4 96.1527
      vertex 133.378 -3.19 96.2114
      vertex 133.407 -3.19 96.1527
    endloop
  endfacet
  facet normal 0.891918 -0 0.452196
    outer loop
      vertex 133.349 -3.19 96.2686
      vertex 133.378 -2.4 96.2114
      vertex 133.349 -2.4 96.2686
    endloop
  endfacet
  facet normal 0.891918 0 0.452196
    outer loop
      vertex 133.378 -2.4 96.2114
      vertex 133.349 -3.19 96.2686
      vertex 133.378 -3.19 96.2114
    endloop
  endfacet
  facet normal 0.869757 -0 0.493479
    outer loop
      vertex 133.317 -3.19 96.325
      vertex 133.349 -2.4 96.2686
      vertex 133.317 -2.4 96.325
    endloop
  endfacet
  facet normal 0.869757 0 0.493479
    outer loop
      vertex 133.349 -2.4 96.2686
      vertex 133.317 -3.19 96.325
      vertex 133.349 -3.19 96.2686
    endloop
  endfacet
  facet normal 0.867091 -0 0.498149
    outer loop
      vertex 133.285 -3.19 96.3807
      vertex 133.317 -2.4 96.325
      vertex 133.285 -2.4 96.3807
    endloop
  endfacet
  facet normal 0.867091 0 0.498149
    outer loop
      vertex 133.317 -2.4 96.325
      vertex 133.285 -3.19 96.3807
      vertex 133.317 -3.19 96.325
    endloop
  endfacet
  facet normal 0.850166 -0 0.526515
    outer loop
      vertex 133.251 -3.19 96.4356
      vertex 133.285 -2.4 96.3807
      vertex 133.251 -2.4 96.4356
    endloop
  endfacet
  facet normal 0.850166 0 0.526515
    outer loop
      vertex 133.285 -2.4 96.3807
      vertex 133.251 -3.19 96.4356
      vertex 133.285 -3.19 96.3807
    endloop
  endfacet
  facet normal 0.832523 -0 0.55399
    outer loop
      vertex 133.215 -3.19 96.4897
      vertex 133.251 -2.4 96.4356
      vertex 133.215 -2.4 96.4897
    endloop
  endfacet
  facet normal 0.832523 0 0.55399
    outer loop
      vertex 133.251 -2.4 96.4356
      vertex 133.215 -3.19 96.4897
      vertex 133.251 -3.19 96.4356
    endloop
  endfacet
  facet normal 0.829173 -0 0.558993
    outer loop
      vertex 133.179 -3.19 96.5431
      vertex 133.215 -2.4 96.4897
      vertex 133.179 -2.4 96.5431
    endloop
  endfacet
  facet normal 0.829173 0 0.558993
    outer loop
      vertex 133.215 -2.4 96.4897
      vertex 133.179 -3.19 96.5431
      vertex 133.215 -3.19 96.4897
    endloop
  endfacet
  facet normal 0.811125 -0 0.584872
    outer loop
      vertex 133.141 -3.19 96.5958
      vertex 133.179 -2.4 96.5431
      vertex 133.141 -2.4 96.5958
    endloop
  endfacet
  facet normal 0.811125 0 0.584872
    outer loop
      vertex 133.179 -2.4 96.5431
      vertex 133.141 -3.19 96.5958
      vertex 133.179 -3.19 96.5431
    endloop
  endfacet
  facet normal 0.794932 -0 0.606699
    outer loop
      vertex 133.102 -3.19 96.6469
      vertex 133.141 -2.4 96.5958
      vertex 133.102 -2.4 96.6469
    endloop
  endfacet
  facet normal 0.794932 0 0.606699
    outer loop
      vertex 133.141 -2.4 96.5958
      vertex 133.102 -3.19 96.6469
      vertex 133.141 -3.19 96.5958
    endloop
  endfacet
  facet normal 0.783289 -0 0.621658
    outer loop
      vertex 133.062 -3.19 96.6973
      vertex 133.102 -2.4 96.6469
      vertex 133.062 -2.4 96.6973
    endloop
  endfacet
  facet normal 0.783289 0 0.621658
    outer loop
      vertex 133.102 -2.4 96.6469
      vertex 133.062 -3.19 96.6973
      vertex 133.102 -3.19 96.6469
    endloop
  endfacet
  facet normal 0.763794 -0 0.64546
    outer loop
      vertex 133.02 -3.19 96.747
      vertex 133.062 -2.4 96.6973
      vertex 133.02 -2.4 96.747
    endloop
  endfacet
  facet normal 0.763794 0 0.64546
    outer loop
      vertex 133.062 -2.4 96.6973
      vertex 133.02 -3.19 96.747
      vertex 133.062 -3.19 96.6973
    endloop
  endfacet
  facet normal 0.745525 -0 0.666478
    outer loop
      vertex 132.977 -3.19 96.7951
      vertex 133.02 -2.4 96.747
      vertex 132.977 -2.4 96.7951
    endloop
  endfacet
  facet normal 0.745525 0 0.666478
    outer loop
      vertex 133.02 -2.4 96.747
      vertex 132.977 -3.19 96.7951
      vertex 133.02 -3.19 96.747
    endloop
  endfacet
  facet normal 0.732904 -0 0.680332
    outer loop
      vertex 132.933 -3.19 96.8425
      vertex 132.977 -2.4 96.7951
      vertex 132.933 -2.4 96.8425
    endloop
  endfacet
  facet normal 0.732904 0 0.680332
    outer loop
      vertex 132.977 -2.4 96.7951
      vertex 132.933 -3.19 96.8425
      vertex 132.977 -3.19 96.7951
    endloop
  endfacet
  facet normal 0.720092 -0 0.693879
    outer loop
      vertex 132.888 -3.19 96.8892
      vertex 132.933 -2.4 96.8425
      vertex 132.888 -2.4 96.8892
    endloop
  endfacet
  facet normal 0.720092 0 0.693879
    outer loop
      vertex 132.933 -2.4 96.8425
      vertex 132.888 -3.19 96.8892
      vertex 132.933 -3.19 96.8425
    endloop
  endfacet
  facet normal 0.700087 0 0.714058
    outer loop
      vertex 132.842 -2.4 96.9343
      vertex 132.888 -3.19 96.8892
      vertex 132.888 -2.4 96.8892
    endloop
  endfacet
  facet normal 0.700087 0 0.714058
    outer loop
      vertex 132.888 -3.19 96.8892
      vertex 132.842 -2.4 96.9343
      vertex 132.842 -3.19 96.9343
    endloop
  endfacet
  facet normal 0.672366 0 0.740219
    outer loop
      vertex 132.794 -2.4 96.9779
      vertex 132.842 -3.19 96.9343
      vertex 132.842 -2.4 96.9343
    endloop
  endfacet
  facet normal 0.672366 0 0.740219
    outer loop
      vertex 132.842 -3.19 96.9343
      vertex 132.794 -2.4 96.9779
      vertex 132.794 -3.19 96.9779
    endloop
  endfacet
  facet normal 0.666386 0 0.745607
    outer loop
      vertex 132.746 -2.4 97.0208
      vertex 132.794 -3.19 96.9779
      vertex 132.794 -2.4 96.9779
    endloop
  endfacet
  facet normal 0.666386 0 0.745607
    outer loop
      vertex 132.794 -3.19 96.9779
      vertex 132.746 -2.4 97.0208
      vertex 132.746 -3.19 97.0208
    endloop
  endfacet
  facet normal 0.644089 0 0.764951
    outer loop
      vertex 132.696 -2.4 97.0629
      vertex 132.746 -3.19 97.0208
      vertex 132.746 -2.4 97.0208
    endloop
  endfacet
  facet normal 0.644089 0 0.764951
    outer loop
      vertex 132.746 -3.19 97.0208
      vertex 132.696 -2.4 97.0629
      vertex 132.696 -3.19 97.0629
    endloop
  endfacet
  facet normal 0.623741 0 0.781631
    outer loop
      vertex 132.646 -2.4 97.1028
      vertex 132.696 -3.19 97.0629
      vertex 132.696 -2.4 97.0629
    endloop
  endfacet
  facet normal 0.623741 0 0.781631
    outer loop
      vertex 132.696 -3.19 97.0629
      vertex 132.646 -2.4 97.1028
      vertex 132.646 -3.19 97.1028
    endloop
  endfacet
  facet normal 0.608432 0 0.793606
    outer loop
      vertex 132.595 -2.4 97.1419
      vertex 132.646 -3.19 97.1028
      vertex 132.646 -2.4 97.1028
    endloop
  endfacet
  facet normal 0.608432 0 0.793606
    outer loop
      vertex 132.646 -3.19 97.1028
      vertex 132.595 -2.4 97.1419
      vertex 132.595 -3.19 97.1419
    endloop
  endfacet
  facet normal 0.586717 0 0.809792
    outer loop
      vertex 132.542 -2.4 97.1803
      vertex 132.595 -3.19 97.1419
      vertex 132.595 -2.4 97.1419
    endloop
  endfacet
  facet normal 0.586717 0 0.809792
    outer loop
      vertex 132.595 -3.19 97.1419
      vertex 132.542 -2.4 97.1803
      vertex 132.542 -3.19 97.1803
    endloop
  endfacet
  facet normal 0.56295 0 0.826491
    outer loop
      vertex 132.489 -2.4 97.2164
      vertex 132.542 -3.19 97.1803
      vertex 132.542 -2.4 97.1803
    endloop
  endfacet
  facet normal 0.56295 0 0.826491
    outer loop
      vertex 132.542 -3.19 97.1803
      vertex 132.489 -2.4 97.2164
      vertex 132.489 -3.19 97.2164
    endloop
  endfacet
  facet normal 0.547166 0 0.837024
    outer loop
      vertex 132.435 -2.4 97.2517
      vertex 132.489 -3.19 97.2164
      vertex 132.489 -2.4 97.2164
    endloop
  endfacet
  facet normal 0.547166 0 0.837024
    outer loop
      vertex 132.489 -3.19 97.2164
      vertex 132.435 -2.4 97.2517
      vertex 132.435 -3.19 97.2517
    endloop
  endfacet
  facet normal 0.524702 0 0.851286
    outer loop
      vertex 132.38 -2.4 97.2856
      vertex 132.435 -3.19 97.2517
      vertex 132.435 -2.4 97.2517
    endloop
  endfacet
  facet normal 0.524702 0 0.851286
    outer loop
      vertex 132.435 -3.19 97.2517
      vertex 132.38 -2.4 97.2856
      vertex 132.38 -3.19 97.2856
    endloop
  endfacet
  facet normal 0.499633 0 0.866237
    outer loop
      vertex 132.324 -2.4 97.3179
      vertex 132.38 -3.19 97.2856
      vertex 132.38 -2.4 97.2856
    endloop
  endfacet
  facet normal 0.499633 0 0.866237
    outer loop
      vertex 132.38 -3.19 97.2856
      vertex 132.324 -2.4 97.3179
      vertex 132.324 -3.19 97.3179
    endloop
  endfacet
  facet normal 0.491442 0 0.87091
    outer loop
      vertex 132.268 -2.4 97.3495
      vertex 132.324 -3.19 97.3179
      vertex 132.324 -2.4 97.3179
    endloop
  endfacet
  facet normal 0.491442 0 0.87091
    outer loop
      vertex 132.324 -3.19 97.3179
      vertex 132.268 -2.4 97.3495
      vertex 132.268 -3.19 97.3495
    endloop
  endfacet
  facet normal 0.457172 0 0.889378
    outer loop
      vertex 132.211 -2.4 97.3788
      vertex 132.268 -3.19 97.3495
      vertex 132.268 -2.4 97.3495
    endloop
  endfacet
  facet normal 0.457172 0 0.889378
    outer loop
      vertex 132.268 -3.19 97.3495
      vertex 132.211 -2.4 97.3788
      vertex 132.211 -3.19 97.3788
    endloop
  endfacet
  facet normal 0.436199 0 0.89985
    outer loop
      vertex 132.152 -2.4 97.4074
      vertex 132.211 -3.19 97.3788
      vertex 132.211 -2.4 97.3788
    endloop
  endfacet
  facet normal 0.436199 0 0.89985
    outer loop
      vertex 132.211 -3.19 97.3788
      vertex 132.152 -2.4 97.4074
      vertex 132.152 -3.19 97.4074
    endloop
  endfacet
  facet normal 0.417397 0 0.908724
    outer loop
      vertex 132.093 -2.4 97.4345
      vertex 132.152 -3.19 97.4074
      vertex 132.152 -2.4 97.4074
    endloop
  endfacet
  facet normal 0.417397 0 0.908724
    outer loop
      vertex 132.152 -3.19 97.4074
      vertex 132.093 -2.4 97.4345
      vertex 132.093 -3.19 97.4345
    endloop
  endfacet
  facet normal 0.398044 0 0.917366
    outer loop
      vertex 132.034 -2.4 97.4601
      vertex 132.093 -3.19 97.4345
      vertex 132.093 -2.4 97.4345
    endloop
  endfacet
  facet normal 0.398044 0 0.917366
    outer loop
      vertex 132.093 -3.19 97.4345
      vertex 132.034 -2.4 97.4601
      vertex 132.034 -3.19 97.4601
    endloop
  endfacet
  facet normal 0.361996 0 0.93218
    outer loop
      vertex 131.974 -2.4 97.4834
      vertex 132.034 -3.19 97.4601
      vertex 132.034 -2.4 97.4601
    endloop
  endfacet
  facet normal 0.361996 0 0.93218
    outer loop
      vertex 132.034 -3.19 97.4601
      vertex 131.974 -2.4 97.4834
      vertex 131.974 -3.19 97.4834
    endloop
  endfacet
  facet normal 0.347414 0 0.937712
    outer loop
      vertex 131.913 -2.4 97.506
      vertex 131.974 -3.19 97.4834
      vertex 131.974 -2.4 97.4834
    endloop
  endfacet
  facet normal 0.347414 0 0.937712
    outer loop
      vertex 131.974 -3.19 97.4834
      vertex 131.913 -2.4 97.506
      vertex 131.913 -3.19 97.506
    endloop
  endfacet
  facet normal 0.325513 0 0.945538
    outer loop
      vertex 131.852 -2.4 97.527
      vertex 131.913 -3.19 97.506
      vertex 131.913 -2.4 97.506
    endloop
  endfacet
  facet normal 0.325513 0 0.945538
    outer loop
      vertex 131.913 -3.19 97.506
      vertex 131.852 -2.4 97.527
      vertex 131.852 -3.19 97.527
    endloop
  endfacet
  facet normal 0.305908 0 0.952061
    outer loop
      vertex 131.791 -2.4 97.5466
      vertex 131.852 -3.19 97.527
      vertex 131.852 -2.4 97.527
    endloop
  endfacet
  facet normal 0.305908 0 0.952061
    outer loop
      vertex 131.852 -3.19 97.527
      vertex 131.791 -2.4 97.5466
      vertex 131.791 -3.19 97.5466
    endloop
  endfacet
  facet normal 0.274721 0 0.961524
    outer loop
      vertex 131.728 -2.4 97.5646
      vertex 131.791 -3.19 97.5466
      vertex 131.791 -2.4 97.5466
    endloop
  endfacet
  facet normal 0.274721 0 0.961524
    outer loop
      vertex 131.791 -3.19 97.5466
      vertex 131.728 -2.4 97.5646
      vertex 131.728 -3.19 97.5646
    endloop
  endfacet
  facet normal 0.258632 0 0.965976
    outer loop
      vertex 131.666 -2.4 97.5812
      vertex 131.728 -3.19 97.5646
      vertex 131.728 -2.4 97.5646
    endloop
  endfacet
  facet normal 0.258632 0 0.965976
    outer loop
      vertex 131.728 -3.19 97.5646
      vertex 131.666 -2.4 97.5812
      vertex 131.666 -3.19 97.5812
    endloop
  endfacet
  facet normal 0.235151 0 0.971959
    outer loop
      vertex 131.604 -2.4 97.5962
      vertex 131.666 -3.19 97.5812
      vertex 131.666 -2.4 97.5812
    endloop
  endfacet
  facet normal 0.235151 0 0.971959
    outer loop
      vertex 131.666 -3.19 97.5812
      vertex 131.604 -2.4 97.5962
      vertex 131.604 -3.19 97.5962
    endloop
  endfacet
  facet normal 0.207859 0 0.978159
    outer loop
      vertex 131.54 -2.4 97.6098
      vertex 131.604 -3.19 97.5962
      vertex 131.604 -2.4 97.5962
    endloop
  endfacet
  facet normal 0.207859 0 0.978159
    outer loop
      vertex 131.604 -3.19 97.5962
      vertex 131.54 -2.4 97.6098
      vertex 131.54 -3.19 97.6098
    endloop
  endfacet
  facet normal 0.173873 0 0.984768
    outer loop
      vertex 131.476 -2.4 97.6211
      vertex 131.54 -3.19 97.6098
      vertex 131.54 -2.4 97.6098
    endloop
  endfacet
  facet normal 0.173873 0 0.984768
    outer loop
      vertex 131.54 -3.19 97.6098
      vertex 131.476 -2.4 97.6211
      vertex 131.476 -3.19 97.6211
    endloop
  endfacet
  facet normal 0.164399 0 0.986394
    outer loop
      vertex 131.413 -2.4 97.6316
      vertex 131.476 -3.19 97.6211
      vertex 131.476 -2.4 97.6211
    endloop
  endfacet
  facet normal 0.164399 0 0.986394
    outer loop
      vertex 131.476 -3.19 97.6211
      vertex 131.413 -2.4 97.6316
      vertex 131.413 -3.19 97.6316
    endloop
  endfacet
  facet normal 0.137153 0 0.99055
    outer loop
      vertex 131.348 -2.4 97.6406
      vertex 131.413 -3.19 97.6316
      vertex 131.413 -2.4 97.6316
    endloop
  endfacet
  facet normal 0.137153 0 0.99055
    outer loop
      vertex 131.413 -3.19 97.6316
      vertex 131.348 -2.4 97.6406
      vertex 131.348 -3.19 97.6406
    endloop
  endfacet
  facet normal 0.107313 0 0.994225
    outer loop
      vertex 131.285 -2.4 97.6474
      vertex 131.348 -3.19 97.6406
      vertex 131.348 -2.4 97.6406
    endloop
  endfacet
  facet normal 0.107313 0 0.994225
    outer loop
      vertex 131.348 -3.19 97.6406
      vertex 131.285 -2.4 97.6474
      vertex 131.285 -3.19 97.6474
    endloop
  endfacet
  facet normal 0.0919169 0 0.995767
    outer loop
      vertex 131.22 -2.4 97.6534
      vertex 131.285 -3.19 97.6474
      vertex 131.285 -2.4 97.6474
    endloop
  endfacet
  facet normal 0.0919169 0 0.995767
    outer loop
      vertex 131.285 -3.19 97.6474
      vertex 131.22 -2.4 97.6534
      vertex 131.22 -3.19 97.6534
    endloop
  endfacet
  facet normal 0.0592706 0 0.998242
    outer loop
      vertex 131.156 -2.4 97.6572
      vertex 131.22 -3.19 97.6534
      vertex 131.22 -2.4 97.6534
    endloop
  endfacet
  facet normal 0.0592706 0 0.998242
    outer loop
      vertex 131.22 -3.19 97.6534
      vertex 131.156 -2.4 97.6572
      vertex 131.156 -3.19 97.6572
    endloop
  endfacet
  facet normal 0.0338268 0 0.999428
    outer loop
      vertex 131.091 -2.4 97.6594
      vertex 131.156 -3.19 97.6572
      vertex 131.156 -2.4 97.6572
    endloop
  endfacet
  facet normal 0.0338268 0 0.999428
    outer loop
      vertex 131.156 -3.19 97.6572
      vertex 131.091 -2.4 97.6594
      vertex 131.091 -3.19 97.6594
    endloop
  endfacet
  facet normal 0.012499 0 0.999922
    outer loop
      vertex 131.027 -2.4 97.6602
      vertex 131.091 -3.19 97.6594
      vertex 131.091 -2.4 97.6594
    endloop
  endfacet
  facet normal 0.012499 0 0.999922
    outer loop
      vertex 131.091 -3.19 97.6594
      vertex 131.027 -2.4 97.6602
      vertex 131.027 -3.19 97.6602
    endloop
  endfacet
  facet normal -0.0123068 0 0.999924
    outer loop
      vertex 130.962 -2.4 97.6594
      vertex 131.027 -3.19 97.6602
      vertex 131.027 -2.4 97.6602
    endloop
  endfacet
  facet normal -0.0123068 0 0.999924
    outer loop
      vertex 131.027 -3.19 97.6602
      vertex 130.962 -2.4 97.6594
      vertex 130.962 -3.19 97.6594
    endloop
  endfacet
  facet normal -0.0338268 0 0.999428
    outer loop
      vertex 130.897 -2.4 97.6572
      vertex 130.962 -3.19 97.6594
      vertex 130.962 -2.4 97.6594
    endloop
  endfacet
  facet normal -0.0338268 0 0.999428
    outer loop
      vertex 130.962 -3.19 97.6594
      vertex 130.897 -2.4 97.6572
      vertex 130.897 -3.19 97.6572
    endloop
  endfacet
  facet normal -0.0592706 0 0.998242
    outer loop
      vertex 130.833 -2.4 97.6534
      vertex 130.897 -3.19 97.6572
      vertex 130.897 -2.4 97.6572
    endloop
  endfacet
  facet normal -0.0592706 0 0.998242
    outer loop
      vertex 130.897 -3.19 97.6572
      vertex 130.833 -2.4 97.6534
      vertex 130.833 -3.19 97.6534
    endloop
  endfacet
  facet normal -0.0933407 0 0.995634
    outer loop
      vertex 130.769 -2.4 97.6474
      vertex 130.833 -3.19 97.6534
      vertex 130.833 -2.4 97.6534
    endloop
  endfacet
  facet normal -0.0933407 0 0.995634
    outer loop
      vertex 130.833 -3.19 97.6534
      vertex 130.769 -2.4 97.6474
      vertex 130.769 -3.19 97.6474
    endloop
  endfacet
  facet normal -0.105655 0 0.994403
    outer loop
      vertex 130.705 -2.4 97.6406
      vertex 130.769 -3.19 97.6474
      vertex 130.769 -2.4 97.6474
    endloop
  endfacet
  facet normal -0.105655 0 0.994403
    outer loop
      vertex 130.769 -3.19 97.6474
      vertex 130.705 -2.4 97.6406
      vertex 130.705 -3.19 97.6406
    endloop
  endfacet
  facet normal -0.137153 0 0.99055
    outer loop
      vertex 130.64 -2.4 97.6316
      vertex 130.705 -3.19 97.6406
      vertex 130.705 -2.4 97.6406
    endloop
  endfacet
  facet normal -0.137153 0 0.99055
    outer loop
      vertex 130.705 -3.19 97.6406
      vertex 130.64 -2.4 97.6316
      vertex 130.64 -3.19 97.6316
    endloop
  endfacet
  facet normal -0.164399 0 0.986394
    outer loop
      vertex 130.577 -2.4 97.6211
      vertex 130.64 -3.19 97.6316
      vertex 130.64 -2.4 97.6316
    endloop
  endfacet
  facet normal -0.164399 0 0.986394
    outer loop
      vertex 130.64 -3.19 97.6316
      vertex 130.577 -2.4 97.6211
      vertex 130.577 -3.19 97.6211
    endloop
  endfacet
  facet normal -0.173873 0 0.984768
    outer loop
      vertex 130.513 -2.4 97.6098
      vertex 130.577 -3.19 97.6211
      vertex 130.577 -2.4 97.6211
    endloop
  endfacet
  facet normal -0.173873 0 0.984768
    outer loop
      vertex 130.577 -3.19 97.6211
      vertex 130.513 -2.4 97.6098
      vertex 130.513 -3.19 97.6098
    endloop
  endfacet
  facet normal -0.211012 0 0.977483
    outer loop
      vertex 130.45 -2.4 97.5962
      vertex 130.513 -3.19 97.6098
      vertex 130.513 -2.4 97.6098
    endloop
  endfacet
  facet normal -0.211012 0 0.977483
    outer loop
      vertex 130.513 -3.19 97.6098
      vertex 130.45 -2.4 97.5962
      vertex 130.45 -3.19 97.5962
    endloop
  endfacet
  facet normal -0.231621 0 0.972806
    outer loop
      vertex 130.387 -2.4 97.5812
      vertex 130.45 -3.19 97.5962
      vertex 130.45 -2.4 97.5962
    endloop
  endfacet
  facet normal -0.231621 0 0.972806
    outer loop
      vertex 130.45 -3.19 97.5962
      vertex 130.387 -2.4 97.5812
      vertex 130.387 -3.19 97.5812
    endloop
  endfacet
  facet normal -0.258632 0 0.965976
    outer loop
      vertex 130.325 -2.4 97.5646
      vertex 130.387 -3.19 97.5812
      vertex 130.387 -2.4 97.5812
    endloop
  endfacet
  facet normal -0.258632 0 0.965976
    outer loop
      vertex 130.387 -3.19 97.5812
      vertex 130.325 -2.4 97.5646
      vertex 130.325 -3.19 97.5646
    endloop
  endfacet
  facet normal -0.274721 0 0.961524
    outer loop
      vertex 130.262 -2.4 97.5466
      vertex 130.325 -3.19 97.5646
      vertex 130.325 -2.4 97.5646
    endloop
  endfacet
  facet normal -0.274721 0 0.961524
    outer loop
      vertex 130.325 -3.19 97.5646
      vertex 130.262 -2.4 97.5466
      vertex 130.262 -3.19 97.5466
    endloop
  endfacet
  facet normal -0.305908 0 0.952061
    outer loop
      vertex 130.201 -2.4 97.527
      vertex 130.262 -3.19 97.5466
      vertex 130.262 -2.4 97.5466
    endloop
  endfacet
  facet normal -0.305908 0 0.952061
    outer loop
      vertex 130.262 -3.19 97.5466
      vertex 130.201 -2.4 97.527
      vertex 130.201 -3.19 97.527
    endloop
  endfacet
  facet normal -0.325513 0 0.945538
    outer loop
      vertex 130.14 -2.4 97.506
      vertex 130.201 -3.19 97.527
      vertex 130.201 -2.4 97.527
    endloop
  endfacet
  facet normal -0.325513 0 0.945538
    outer loop
      vertex 130.201 -3.19 97.527
      vertex 130.14 -2.4 97.506
      vertex 130.14 -3.19 97.506
    endloop
  endfacet
  facet normal -0.347414 0 0.937712
    outer loop
      vertex 130.079 -2.4 97.4834
      vertex 130.14 -3.19 97.506
      vertex 130.14 -2.4 97.506
    endloop
  endfacet
  facet normal -0.347414 0 0.937712
    outer loop
      vertex 130.14 -3.19 97.506
      vertex 130.079 -2.4 97.4834
      vertex 130.079 -3.19 97.4834
    endloop
  endfacet
  facet normal -0.361996 0 0.93218
    outer loop
      vertex 130.019 -2.4 97.4601
      vertex 130.079 -3.19 97.4834
      vertex 130.079 -2.4 97.4834
    endloop
  endfacet
  facet normal -0.361996 0 0.93218
    outer loop
      vertex 130.079 -3.19 97.4834
      vertex 130.019 -2.4 97.4601
      vertex 130.019 -3.19 97.4601
    endloop
  endfacet
  facet normal -0.398044 0 0.917366
    outer loop
      vertex 129.96 -2.4 97.4345
      vertex 130.019 -3.19 97.4601
      vertex 130.019 -2.4 97.4601
    endloop
  endfacet
  facet normal -0.398044 0 0.917366
    outer loop
      vertex 130.019 -3.19 97.4601
      vertex 129.96 -2.4 97.4345
      vertex 129.96 -3.19 97.4345
    endloop
  endfacet
  facet normal -0.417397 0 0.908724
    outer loop
      vertex 129.901 -2.4 97.4074
      vertex 129.96 -3.19 97.4345
      vertex 129.96 -2.4 97.4345
    endloop
  endfacet
  facet normal -0.417397 0 0.908724
    outer loop
      vertex 129.96 -3.19 97.4345
      vertex 129.901 -2.4 97.4074
      vertex 129.901 -3.19 97.4074
    endloop
  endfacet
  facet normal -0.442258 0 0.896888
    outer loop
      vertex 129.843 -2.4 97.3788
      vertex 129.901 -3.19 97.4074
      vertex 129.901 -2.4 97.4074
    endloop
  endfacet
  facet normal -0.442258 0 0.896888
    outer loop
      vertex 129.901 -3.19 97.4074
      vertex 129.843 -2.4 97.3788
      vertex 129.843 -3.19 97.3788
    endloop
  endfacet
  facet normal -0.450903 0 0.892573
    outer loop
      vertex 129.785 -2.4 97.3495
      vertex 129.843 -3.19 97.3788
      vertex 129.843 -2.4 97.3788
    endloop
  endfacet
  facet normal -0.450903 0 0.892573
    outer loop
      vertex 129.843 -3.19 97.3788
      vertex 129.785 -2.4 97.3495
      vertex 129.785 -3.19 97.3495
    endloop
  endfacet
  facet normal -0.491442 0 0.87091
    outer loop
      vertex 129.729 -2.4 97.3179
      vertex 129.785 -3.19 97.3495
      vertex 129.785 -2.4 97.3495
    endloop
  endfacet
  facet normal -0.491442 0 0.87091
    outer loop
      vertex 129.785 -3.19 97.3495
      vertex 129.729 -2.4 97.3179
      vertex 129.729 -3.19 97.3179
    endloop
  endfacet
  facet normal -0.499633 0 0.866237
    outer loop
      vertex 129.673 -2.4 97.2856
      vertex 129.729 -3.19 97.3179
      vertex 129.729 -2.4 97.3179
    endloop
  endfacet
  facet normal -0.499633 0 0.866237
    outer loop
      vertex 129.729 -3.19 97.3179
      vertex 129.673 -2.4 97.2856
      vertex 129.673 -3.19 97.2856
    endloop
  endfacet
  facet normal -0.524702 0 0.851286
    outer loop
      vertex 129.618 -2.4 97.2517
      vertex 129.673 -3.19 97.2856
      vertex 129.673 -2.4 97.2856
    endloop
  endfacet
  facet normal -0.524702 0 0.851286
    outer loop
      vertex 129.673 -3.19 97.2856
      vertex 129.618 -2.4 97.2517
      vertex 129.618 -3.19 97.2517
    endloop
  endfacet
  facet normal -0.547166 0 0.837024
    outer loop
      vertex 129.564 -2.4 97.2164
      vertex 129.618 -3.19 97.2517
      vertex 129.618 -2.4 97.2517
    endloop
  endfacet
  facet normal -0.547166 0 0.837024
    outer loop
      vertex 129.618 -3.19 97.2517
      vertex 129.564 -2.4 97.2164
      vertex 129.564 -3.19 97.2164
    endloop
  endfacet
  facet normal -0.56295 0 0.826491
    outer loop
      vertex 129.511 -2.4 97.1803
      vertex 129.564 -3.19 97.2164
      vertex 129.564 -2.4 97.2164
    endloop
  endfacet
  facet normal -0.56295 0 0.826491
    outer loop
      vertex 129.564 -3.19 97.2164
      vertex 129.511 -2.4 97.1803
      vertex 129.511 -3.19 97.1803
    endloop
  endfacet
  facet normal -0.586717 0 0.809792
    outer loop
      vertex 129.458 -2.4 97.1419
      vertex 129.511 -3.19 97.1803
      vertex 129.511 -2.4 97.1803
    endloop
  endfacet
  facet normal -0.586717 0 0.809792
    outer loop
      vertex 129.511 -3.19 97.1803
      vertex 129.458 -2.4 97.1419
      vertex 129.458 -3.19 97.1419
    endloop
  endfacet
  facet normal -0.608432 0 0.793606
    outer loop
      vertex 129.407 -2.4 97.1028
      vertex 129.458 -3.19 97.1419
      vertex 129.458 -2.4 97.1419
    endloop
  endfacet
  facet normal -0.608432 0 0.793606
    outer loop
      vertex 129.458 -3.19 97.1419
      vertex 129.407 -2.4 97.1028
      vertex 129.407 -3.19 97.1028
    endloop
  endfacet
  facet normal -0.623741 0 0.781631
    outer loop
      vertex 129.357 -2.4 97.0629
      vertex 129.407 -3.19 97.1028
      vertex 129.407 -2.4 97.1028
    endloop
  endfacet
  facet normal -0.623741 0 0.781631
    outer loop
      vertex 129.407 -3.19 97.1028
      vertex 129.357 -2.4 97.0629
      vertex 129.357 -3.19 97.0629
    endloop
  endfacet
  facet normal -0.644089 0 0.764951
    outer loop
      vertex 129.307 -2.4 97.0208
      vertex 129.357 -3.19 97.0629
      vertex 129.357 -2.4 97.0629
    endloop
  endfacet
  facet normal -0.644089 0 0.764951
    outer loop
      vertex 129.357 -3.19 97.0629
      vertex 129.307 -2.4 97.0208
      vertex 129.307 -3.19 97.0208
    endloop
  endfacet
  facet normal -0.666386 0 0.745607
    outer loop
      vertex 129.259 -2.4 96.9779
      vertex 129.307 -3.19 97.0208
      vertex 129.307 -2.4 97.0208
    endloop
  endfacet
  facet normal -0.666386 0 0.745607
    outer loop
      vertex 129.307 -3.19 97.0208
      vertex 129.259 -2.4 96.9779
      vertex 129.259 -3.19 96.9779
    endloop
  endfacet
  facet normal -0.672366 0 0.740219
    outer loop
      vertex 129.211 -2.4 96.9343
      vertex 129.259 -3.19 96.9779
      vertex 129.259 -2.4 96.9779
    endloop
  endfacet
  facet normal -0.672366 0 0.740219
    outer loop
      vertex 129.259 -3.19 96.9779
      vertex 129.211 -2.4 96.9343
      vertex 129.211 -3.19 96.9343
    endloop
  endfacet
  facet normal -0.700087 0 0.714058
    outer loop
      vertex 129.165 -2.4 96.8892
      vertex 129.211 -3.19 96.9343
      vertex 129.211 -2.4 96.9343
    endloop
  endfacet
  facet normal -0.700087 0 0.714058
    outer loop
      vertex 129.211 -3.19 96.9343
      vertex 129.165 -2.4 96.8892
      vertex 129.165 -3.19 96.8892
    endloop
  endfacet
  facet normal -0.720092 0 0.693879
    outer loop
      vertex 129.12 -3.19 96.8425
      vertex 129.165 -2.4 96.8892
      vertex 129.12 -2.4 96.8425
    endloop
  endfacet
  facet normal -0.720092 0 0.693879
    outer loop
      vertex 129.165 -2.4 96.8892
      vertex 129.12 -3.19 96.8425
      vertex 129.165 -3.19 96.8892
    endloop
  endfacet
  facet normal -0.732904 0 0.680332
    outer loop
      vertex 129.076 -3.19 96.7951
      vertex 129.12 -2.4 96.8425
      vertex 129.076 -2.4 96.7951
    endloop
  endfacet
  facet normal -0.732904 0 0.680332
    outer loop
      vertex 129.12 -2.4 96.8425
      vertex 129.076 -3.19 96.7951
      vertex 129.12 -3.19 96.8425
    endloop
  endfacet
  facet normal -0.745525 0 0.666478
    outer loop
      vertex 129.033 -3.19 96.747
      vertex 129.076 -2.4 96.7951
      vertex 129.033 -2.4 96.747
    endloop
  endfacet
  facet normal -0.745525 0 0.666478
    outer loop
      vertex 129.076 -2.4 96.7951
      vertex 129.033 -3.19 96.747
      vertex 129.076 -3.19 96.7951
    endloop
  endfacet
  facet normal -0.763794 0 0.64546
    outer loop
      vertex 128.991 -3.19 96.6973
      vertex 129.033 -2.4 96.747
      vertex 128.991 -2.4 96.6973
    endloop
  endfacet
  facet normal -0.763794 0 0.64546
    outer loop
      vertex 129.033 -2.4 96.747
      vertex 128.991 -3.19 96.6973
      vertex 129.033 -3.19 96.747
    endloop
  endfacet
  facet normal -0.783289 0 0.621658
    outer loop
      vertex 128.951 -3.19 96.6469
      vertex 128.991 -2.4 96.6973
      vertex 128.951 -2.4 96.6469
    endloop
  endfacet
  facet normal -0.783289 0 0.621658
    outer loop
      vertex 128.991 -2.4 96.6973
      vertex 128.951 -3.19 96.6469
      vertex 128.991 -3.19 96.6973
    endloop
  endfacet
  facet normal -0.794932 0 0.606699
    outer loop
      vertex 128.912 -3.19 96.5958
      vertex 128.951 -2.4 96.6469
      vertex 128.912 -2.4 96.5958
    endloop
  endfacet
  facet normal -0.794932 0 0.606699
    outer loop
      vertex 128.951 -2.4 96.6469
      vertex 128.912 -3.19 96.5958
      vertex 128.951 -3.19 96.6469
    endloop
  endfacet
  facet normal -0.811125 0 0.584872
    outer loop
      vertex 128.874 -3.19 96.5431
      vertex 128.912 -2.4 96.5958
      vertex 128.874 -2.4 96.5431
    endloop
  endfacet
  facet normal -0.811125 0 0.584872
    outer loop
      vertex 128.912 -2.4 96.5958
      vertex 128.874 -3.19 96.5431
      vertex 128.912 -3.19 96.5958
    endloop
  endfacet
  facet normal -0.829173 0 0.558993
    outer loop
      vertex 128.838 -3.19 96.4897
      vertex 128.874 -2.4 96.5431
      vertex 128.838 -2.4 96.4897
    endloop
  endfacet
  facet normal -0.829173 0 0.558993
    outer loop
      vertex 128.874 -2.4 96.5431
      vertex 128.838 -3.19 96.4897
      vertex 128.874 -3.19 96.5431
    endloop
  endfacet
  facet normal -0.832523 0 0.55399
    outer loop
      vertex 128.802 -3.19 96.4356
      vertex 128.838 -2.4 96.4897
      vertex 128.802 -2.4 96.4356
    endloop
  endfacet
  facet normal -0.832523 0 0.55399
    outer loop
      vertex 128.838 -2.4 96.4897
      vertex 128.802 -3.19 96.4356
      vertex 128.838 -3.19 96.4897
    endloop
  endfacet
  facet normal -0.850166 0 0.526515
    outer loop
      vertex 128.768 -3.19 96.3807
      vertex 128.802 -2.4 96.4356
      vertex 128.768 -2.4 96.3807
    endloop
  endfacet
  facet normal -0.850166 0 0.526515
    outer loop
      vertex 128.802 -2.4 96.4356
      vertex 128.768 -3.19 96.3807
      vertex 128.802 -3.19 96.4356
    endloop
  endfacet
  facet normal -0.867091 0 0.498149
    outer loop
      vertex 128.736 -3.19 96.325
      vertex 128.768 -2.4 96.3807
      vertex 128.736 -2.4 96.325
    endloop
  endfacet
  facet normal -0.867091 0 0.498149
    outer loop
      vertex 128.768 -2.4 96.3807
      vertex 128.736 -3.19 96.325
      vertex 128.768 -3.19 96.3807
    endloop
  endfacet
  facet normal -0.869757 0 0.493479
    outer loop
      vertex 128.704 -3.19 96.2686
      vertex 128.736 -2.4 96.325
      vertex 128.704 -2.4 96.2686
    endloop
  endfacet
  facet normal -0.869757 0 0.493479
    outer loop
      vertex 128.736 -2.4 96.325
      vertex 128.704 -3.19 96.2686
      vertex 128.736 -3.19 96.325
    endloop
  endfacet
  facet normal -0.891918 0 0.452196
    outer loop
      vertex 128.675 -3.19 96.2114
      vertex 128.704 -2.4 96.2686
      vertex 128.675 -2.4 96.2114
    endloop
  endfacet
  facet normal -0.891918 0 0.452196
    outer loop
      vertex 128.704 -2.4 96.2686
      vertex 128.675 -3.19 96.2114
      vertex 128.704 -3.19 96.2686
    endloop
  endfacet
  facet normal -0.902576 0 0.43053
    outer loop
      vertex 128.647 -3.19 96.1527
      vertex 128.675 -2.4 96.2114
      vertex 128.647 -2.4 96.1527
    endloop
  endfacet
  facet normal -0.902576 0 0.43053
    outer loop
      vertex 128.675 -2.4 96.2114
      vertex 128.647 -3.19 96.1527
      vertex 128.675 -3.19 96.2114
    endloop
  endfacet
  facet normal -0.902291 0 0.431129
    outer loop
      vertex 128.619 -3.19 96.0941
      vertex 128.647 -2.4 96.1527
      vertex 128.619 -2.4 96.0941
    endloop
  endfacet
  facet normal -0.902291 0 0.431129
    outer loop
      vertex 128.647 -2.4 96.1527
      vertex 128.619 -3.19 96.0941
      vertex 128.647 -3.19 96.1527
    endloop
  endfacet
  facet normal -0.921927 0 0.387364
    outer loop
      vertex 128.594 -3.19 96.0346
      vertex 128.619 -2.4 96.0941
      vertex 128.594 -2.4 96.0346
    endloop
  endfacet
  facet normal -0.921927 0 0.387364
    outer loop
      vertex 128.619 -2.4 96.0941
      vertex 128.594 -3.19 96.0346
      vertex 128.619 -3.19 96.0941
    endloop
  endfacet
  facet normal -0.932534 0 0.361082
    outer loop
      vertex 128.571 -3.19 95.9752
      vertex 128.594 -2.4 96.0346
      vertex 128.571 -2.4 95.9752
    endloop
  endfacet
  facet normal -0.932534 0 0.361082
    outer loop
      vertex 128.594 -2.4 96.0346
      vertex 128.571 -3.19 95.9752
      vertex 128.594 -3.19 96.0346
    endloop
  endfacet
  facet normal -0.935506 0 0.353311
    outer loop
      vertex 128.548 -3.19 95.9143
      vertex 128.571 -2.4 95.9752
      vertex 128.548 -2.4 95.9143
    endloop
  endfacet
  facet normal -0.935506 0 0.353311
    outer loop
      vertex 128.571 -2.4 95.9752
      vertex 128.548 -3.19 95.9143
      vertex 128.571 -3.19 95.9752
    endloop
  endfacet
  facet normal -0.945373 0 0.325991
    outer loop
      vertex 128.527 -3.19 95.8534
      vertex 128.548 -2.4 95.9143
      vertex 128.527 -2.4 95.8534
    endloop
  endfacet
  facet normal -0.945373 0 0.325991
    outer loop
      vertex 128.548 -2.4 95.9143
      vertex 128.527 -3.19 95.8534
      vertex 128.548 -3.19 95.9143
    endloop
  endfacet
  facet normal -0.951272 0 0.308354
    outer loop
      vertex 128.507 -3.19 95.7917
      vertex 128.527 -2.4 95.8534
      vertex 128.507 -2.4 95.7917
    endloop
  endfacet
  facet normal -0.951272 0 0.308354
    outer loop
      vertex 128.527 -2.4 95.8534
      vertex 128.507 -3.19 95.7917
      vertex 128.527 -3.19 95.8534
    endloop
  endfacet
  facet normal -0.960942 0 0.276751
    outer loop
      vertex 128.489 -3.19 95.7292
      vertex 128.507 -2.4 95.7917
      vertex 128.489 -2.4 95.7292
    endloop
  endfacet
  facet normal -0.960942 0 0.276751
    outer loop
      vertex 128.507 -2.4 95.7917
      vertex 128.489 -3.19 95.7292
      vertex 128.507 -3.19 95.7917
    endloop
  endfacet
  facet normal -0.968664 0 0.248375
    outer loop
      vertex 128.473 -3.19 95.6668
      vertex 128.489 -2.4 95.7292
      vertex 128.473 -2.4 95.6668
    endloop
  endfacet
  facet normal -0.968664 0 0.248375
    outer loop
      vertex 128.489 -2.4 95.7292
      vertex 128.473 -3.19 95.6668
      vertex 128.489 -3.19 95.7292
    endloop
  endfacet
  facet normal -0.972302 0 0.233727
    outer loop
      vertex 128.458 -3.19 95.6044
      vertex 128.473 -2.4 95.6668
      vertex 128.458 -2.4 95.6044
    endloop
  endfacet
  facet normal -0.972302 0 0.233727
    outer loop
      vertex 128.473 -2.4 95.6668
      vertex 128.458 -3.19 95.6044
      vertex 128.473 -3.19 95.6668
    endloop
  endfacet
  facet normal -0.976332 0 0.216276
    outer loop
      vertex 128.444 -3.19 95.5412
      vertex 128.458 -2.4 95.6044
      vertex 128.444 -2.4 95.5412
    endloop
  endfacet
  facet normal -0.976332 0 0.216276
    outer loop
      vertex 128.458 -2.4 95.6044
      vertex 128.444 -3.19 95.5412
      vertex 128.458 -3.19 95.6044
    endloop
  endfacet
  facet normal -0.985505 0 0.169649
    outer loop
      vertex 128.433 -3.19 95.4773
      vertex 128.444 -2.4 95.5412
      vertex 128.433 -2.4 95.4773
    endloop
  endfacet
  facet normal -0.985505 0 0.169649
    outer loop
      vertex 128.444 -2.4 95.5412
      vertex 128.433 -3.19 95.4773
      vertex 128.444 -3.19 95.5412
    endloop
  endfacet
  facet normal -0.985189 0 0.171473
    outer loop
      vertex 128.422 -3.19 95.4141
      vertex 128.433 -2.4 95.4773
      vertex 128.422 -2.4 95.4141
    endloop
  endfacet
  facet normal -0.985189 0 0.171473
    outer loop
      vertex 128.433 -2.4 95.4773
      vertex 128.422 -3.19 95.4141
      vertex 128.433 -3.19 95.4773
    endloop
  endfacet
  facet normal -0.990463 0 0.137777
    outer loop
      vertex 128.413 -3.19 95.3494
      vertex 128.422 -2.4 95.4141
      vertex 128.413 -2.4 95.3494
    endloop
  endfacet
  facet normal -0.990463 0 0.137777
    outer loop
      vertex 128.422 -2.4 95.4141
      vertex 128.413 -3.19 95.3494
      vertex 128.422 -3.19 95.4141
    endloop
  endfacet
  facet normal -0.995634 0 0.0933407
    outer loop
      vertex 128.407 -3.19 95.2854
      vertex 128.413 -2.4 95.3494
      vertex 128.407 -2.4 95.2854
    endloop
  endfacet
  facet normal -0.995634 0 0.0933407
    outer loop
      vertex 128.413 -2.4 95.3494
      vertex 128.407 -3.19 95.2854
      vertex 128.413 -3.19 95.3494
    endloop
  endfacet
  facet normal -0.995728 0 0.0923395
    outer loop
      vertex 128.401 -3.19 95.2207
      vertex 128.407 -2.4 95.2854
      vertex 128.401 -2.4 95.2207
    endloop
  endfacet
  facet normal -0.995728 0 0.0923395
    outer loop
      vertex 128.407 -2.4 95.2854
      vertex 128.401 -3.19 95.2207
      vertex 128.407 -3.19 95.2854
    endloop
  endfacet
  facet normal -0.998046 0 0.0624755
    outer loop
      vertex 128.397 -3.19 95.1568
      vertex 128.401 -2.4 95.2207
      vertex 128.397 -2.4 95.1568
    endloop
  endfacet
  facet normal -0.998046 0 0.0624755
    outer loop
      vertex 128.401 -2.4 95.2207
      vertex 128.397 -3.19 95.1568
      vertex 128.401 -3.19 95.2207
    endloop
  endfacet
  facet normal -0.999523 0 0.0308971
    outer loop
      vertex 128.395 -3.19 95.0921
      vertex 128.397 -2.4 95.1568
      vertex 128.395 -2.4 95.0921
    endloop
  endfacet
  facet normal -0.999523 0 0.0308971
    outer loop
      vertex 128.397 -2.4 95.1568
      vertex 128.395 -3.19 95.0921
      vertex 128.397 -3.19 95.1568
    endloop
  endfacet
  facet normal -0.999881 0 0.0154541
    outer loop
      vertex 128.394 -3.19 95.0274
      vertex 128.395 -2.4 95.0921
      vertex 128.394 -2.4 95.0274
    endloop
  endfacet
  facet normal -0.999881 0 0.0154541
    outer loop
      vertex 128.395 -2.4 95.0921
      vertex 128.394 -3.19 95.0274
      vertex 128.395 -3.19 95.0921
    endloop
  endfacet
  facet normal -0.999881 0 -0.0154541
    outer loop
      vertex 128.395 -3.19 94.9627
      vertex 128.394 -2.4 95.0274
      vertex 128.395 -2.4 94.9627
    endloop
  endfacet
  facet normal -0.999881 -0 -0.0154541
    outer loop
      vertex 128.394 -2.4 95.0274
      vertex 128.395 -3.19 94.9627
      vertex 128.394 -3.19 95.0274
    endloop
  endfacet
  facet normal -0.999523 0 -0.0308971
    outer loop
      vertex 128.397 -3.19 94.898
      vertex 128.395 -2.4 94.9627
      vertex 128.397 -2.4 94.898
    endloop
  endfacet
  facet normal -0.999523 -0 -0.0308971
    outer loop
      vertex 128.395 -2.4 94.9627
      vertex 128.397 -3.19 94.898
      vertex 128.395 -3.19 94.9627
    endloop
  endfacet
  facet normal -0.998046 0 -0.0624755
    outer loop
      vertex 128.401 -3.19 94.8341
      vertex 128.397 -2.4 94.898
      vertex 128.401 -2.4 94.8341
    endloop
  endfacet
  facet normal -0.998046 -0 -0.0624755
    outer loop
      vertex 128.397 -2.4 94.898
      vertex 128.401 -3.19 94.8341
      vertex 128.397 -3.19 94.898
    endloop
  endfacet
  facet normal -0.995728 0 -0.0923395
    outer loop
      vertex 128.407 -3.19 94.7694
      vertex 128.401 -2.4 94.8341
      vertex 128.407 -2.4 94.7694
    endloop
  endfacet
  facet normal -0.995728 -0 -0.0923395
    outer loop
      vertex 128.401 -2.4 94.8341
      vertex 128.407 -3.19 94.7694
      vertex 128.401 -3.19 94.8341
    endloop
  endfacet
  facet normal -0.995621 0 -0.0934855
    outer loop
      vertex 128.413 -3.19 94.7055
      vertex 128.407 -2.4 94.7694
      vertex 128.413 -2.4 94.7055
    endloop
  endfacet
  facet normal -0.995621 -0 -0.0934855
    outer loop
      vertex 128.407 -2.4 94.7694
      vertex 128.413 -3.19 94.7055
      vertex 128.407 -3.19 94.7694
    endloop
  endfacet
  facet normal -0.990463 0 -0.137777
    outer loop
      vertex 128.422 -3.19 94.6408
      vertex 128.413 -2.4 94.7055
      vertex 128.422 -2.4 94.6408
    endloop
  endfacet
  facet normal -0.990463 -0 -0.137777
    outer loop
      vertex 128.413 -2.4 94.7055
      vertex 128.422 -3.19 94.6408
      vertex 128.413 -3.19 94.7055
    endloop
  endfacet
  facet normal -0.985189 0 -0.171473
    outer loop
      vertex 128.433 -3.19 94.5776
      vertex 128.422 -2.4 94.6408
      vertex 128.433 -2.4 94.5776
    endloop
  endfacet
  facet normal -0.985189 -0 -0.171473
    outer loop
      vertex 128.422 -2.4 94.6408
      vertex 128.433 -3.19 94.5776
      vertex 128.422 -3.19 94.6408
    endloop
  endfacet
  facet normal -0.985505 0 -0.169649
    outer loop
      vertex 128.444 -3.19 94.5137
      vertex 128.433 -2.4 94.5776
      vertex 128.444 -2.4 94.5137
    endloop
  endfacet
  facet normal -0.985505 -0 -0.169649
    outer loop
      vertex 128.433 -2.4 94.5776
      vertex 128.444 -3.19 94.5137
      vertex 128.433 -3.19 94.5776
    endloop
  endfacet
  facet normal -0.976332 0 -0.216276
    outer loop
      vertex 128.458 -3.19 94.4505
      vertex 128.444 -2.4 94.5137
      vertex 128.458 -2.4 94.4505
    endloop
  endfacet
  facet normal -0.976332 -0 -0.216276
    outer loop
      vertex 128.444 -2.4 94.5137
      vertex 128.458 -3.19 94.4505
      vertex 128.444 -3.19 94.5137
    endloop
  endfacet
  facet normal -0.972302 0 -0.233727
    outer loop
      vertex 128.473 -3.19 94.3881
      vertex 128.458 -2.4 94.4505
      vertex 128.473 -2.4 94.3881
    endloop
  endfacet
  facet normal -0.972302 -0 -0.233727
    outer loop
      vertex 128.458 -2.4 94.4505
      vertex 128.473 -3.19 94.3881
      vertex 128.458 -3.19 94.4505
    endloop
  endfacet
  facet normal -0.968759 0 -0.248002
    outer loop
      vertex 128.489 -3.19 94.3256
      vertex 128.473 -2.4 94.3881
      vertex 128.489 -2.4 94.3256
    endloop
  endfacet
  facet normal -0.968759 -0 -0.248002
    outer loop
      vertex 128.473 -2.4 94.3881
      vertex 128.489 -3.19 94.3256
      vertex 128.473 -3.19 94.3881
    endloop
  endfacet
  facet normal -0.960824 0 -0.277161
    outer loop
      vertex 128.507 -3.19 94.2632
      vertex 128.489 -2.4 94.3256
      vertex 128.507 -2.4 94.2632
    endloop
  endfacet
  facet normal -0.960824 -0 -0.277161
    outer loop
      vertex 128.489 -2.4 94.3256
      vertex 128.507 -3.19 94.2632
      vertex 128.489 -3.19 94.3256
    endloop
  endfacet
  facet normal -0.951272 0 -0.308354
    outer loop
      vertex 128.527 -3.19 94.2015
      vertex 128.507 -2.4 94.2632
      vertex 128.527 -2.4 94.2015
    endloop
  endfacet
  facet normal -0.951272 -0 -0.308354
    outer loop
      vertex 128.507 -2.4 94.2632
      vertex 128.527 -3.19 94.2015
      vertex 128.507 -3.19 94.2632
    endloop
  endfacet
  facet normal -0.945373 0 -0.325991
    outer loop
      vertex 128.548 -3.19 94.1406
      vertex 128.527 -2.4 94.2015
      vertex 128.548 -2.4 94.1406
    endloop
  endfacet
  facet normal -0.945373 -0 -0.325991
    outer loop
      vertex 128.527 -2.4 94.2015
      vertex 128.548 -3.19 94.1406
      vertex 128.527 -3.19 94.2015
    endloop
  endfacet
  facet normal -0.935506 0 -0.353311
    outer loop
      vertex 128.571 -3.19 94.0797
      vertex 128.548 -2.4 94.1406
      vertex 128.571 -2.4 94.0797
    endloop
  endfacet
  facet normal -0.935506 -0 -0.353311
    outer loop
      vertex 128.548 -2.4 94.1406
      vertex 128.571 -3.19 94.0797
      vertex 128.548 -3.19 94.1406
    endloop
  endfacet
  facet normal -0.932738 0 -0.360554
    outer loop
      vertex 128.594 -3.19 94.0202
      vertex 128.571 -2.4 94.0797
      vertex 128.594 -2.4 94.0202
    endloop
  endfacet
  facet normal -0.932738 -0 -0.360554
    outer loop
      vertex 128.571 -2.4 94.0797
      vertex 128.594 -3.19 94.0202
      vertex 128.571 -3.19 94.0797
    endloop
  endfacet
  facet normal -0.921694 0 -0.387918
    outer loop
      vertex 128.619 -3.19 93.9608
      vertex 128.594 -2.4 94.0202
      vertex 128.619 -2.4 93.9608
    endloop
  endfacet
  facet normal -0.921694 -0 -0.387918
    outer loop
      vertex 128.594 -2.4 94.0202
      vertex 128.619 -3.19 93.9608
      vertex 128.594 -3.19 94.0202
    endloop
  endfacet
  facet normal -0.902576 0 -0.43053
    outer loop
      vertex 128.647 -3.19 93.9021
      vertex 128.619 -2.4 93.9608
      vertex 128.647 -2.4 93.9021
    endloop
  endfacet
  facet normal -0.902576 -0 -0.43053
    outer loop
      vertex 128.619 -2.4 93.9608
      vertex 128.647 -3.19 93.9021
      vertex 128.619 -3.19 93.9608
    endloop
  endfacet
  facet normal -0.902291 0 -0.431129
    outer loop
      vertex 128.675 -3.19 93.8435
      vertex 128.647 -2.4 93.9021
      vertex 128.675 -2.4 93.8435
    endloop
  endfacet
  facet normal -0.902291 -0 -0.431129
    outer loop
      vertex 128.647 -2.4 93.9021
      vertex 128.675 -3.19 93.8435
      vertex 128.647 -3.19 93.9021
    endloop
  endfacet
  facet normal -0.891918 0 -0.452196
    outer loop
      vertex 128.704 -3.19 93.7863
      vertex 128.675 -2.4 93.8435
      vertex 128.704 -2.4 93.7863
    endloop
  endfacet
  facet normal -0.891918 -0 -0.452196
    outer loop
      vertex 128.675 -2.4 93.8435
      vertex 128.704 -3.19 93.7863
      vertex 128.675 -3.19 93.8435
    endloop
  endfacet
  facet normal -0.869757 0 -0.493479
    outer loop
      vertex 128.736 -3.19 93.7299
      vertex 128.704 -2.4 93.7863
      vertex 128.736 -2.4 93.7299
    endloop
  endfacet
  facet normal -0.869757 -0 -0.493479
    outer loop
      vertex 128.704 -2.4 93.7863
      vertex 128.736 -3.19 93.7299
      vertex 128.704 -3.19 93.7863
    endloop
  endfacet
  facet normal -0.867091 0 -0.498149
    outer loop
      vertex 128.768 -3.19 93.6742
      vertex 128.736 -2.4 93.7299
      vertex 128.768 -2.4 93.6742
    endloop
  endfacet
  facet normal -0.867091 -0 -0.498149
    outer loop
      vertex 128.736 -2.4 93.7299
      vertex 128.768 -3.19 93.6742
      vertex 128.736 -3.19 93.7299
    endloop
  endfacet
  facet normal -0.850166 0 -0.526515
    outer loop
      vertex 128.802 -3.19 93.6193
      vertex 128.768 -2.4 93.6742
      vertex 128.802 -2.4 93.6193
    endloop
  endfacet
  facet normal -0.850166 -0 -0.526515
    outer loop
      vertex 128.768 -2.4 93.6742
      vertex 128.802 -3.19 93.6193
      vertex 128.768 -3.19 93.6742
    endloop
  endfacet
  facet normal -0.832995 0 -0.553281
    outer loop
      vertex 128.838 -3.19 93.5651
      vertex 128.802 -2.4 93.6193
      vertex 128.838 -2.4 93.5651
    endloop
  endfacet
  facet normal -0.832995 -0 -0.553281
    outer loop
      vertex 128.802 -2.4 93.6193
      vertex 128.838 -3.19 93.5651
      vertex 128.802 -3.19 93.6193
    endloop
  endfacet
  facet normal -0.829173 0 -0.558993
    outer loop
      vertex 128.874 -3.19 93.5117
      vertex 128.838 -2.4 93.5651
      vertex 128.874 -2.4 93.5117
    endloop
  endfacet
  facet normal -0.829173 -0 -0.558993
    outer loop
      vertex 128.838 -2.4 93.5651
      vertex 128.874 -3.19 93.5117
      vertex 128.838 -3.19 93.5651
    endloop
  endfacet
  facet normal -0.810598 0 -0.585603
    outer loop
      vertex 128.912 -3.19 93.4591
      vertex 128.874 -2.4 93.5117
      vertex 128.912 -2.4 93.4591
    endloop
  endfacet
  facet normal -0.810598 -0 -0.585603
    outer loop
      vertex 128.874 -2.4 93.5117
      vertex 128.912 -3.19 93.4591
      vertex 128.874 -3.19 93.5117
    endloop
  endfacet
  facet normal -0.795503 0 -0.60595
    outer loop
      vertex 128.951 -3.19 93.4079
      vertex 128.912 -2.4 93.4591
      vertex 128.951 -2.4 93.4079
    endloop
  endfacet
  facet normal -0.795503 -0 -0.60595
    outer loop
      vertex 128.912 -2.4 93.4591
      vertex 128.951 -3.19 93.4079
      vertex 128.912 -3.19 93.4591
    endloop
  endfacet
  facet normal -0.783289 0 -0.621658
    outer loop
      vertex 128.991 -3.19 93.3575
      vertex 128.951 -2.4 93.4079
      vertex 128.991 -2.4 93.3575
    endloop
  endfacet
  facet normal -0.783289 -0 -0.621658
    outer loop
      vertex 128.951 -2.4 93.4079
      vertex 128.991 -3.19 93.3575
      vertex 128.951 -3.19 93.4079
    endloop
  endfacet
  facet normal -0.763153 0 -0.646218
    outer loop
      vertex 129.033 -3.19 93.3079
      vertex 128.991 -2.4 93.3575
      vertex 129.033 -2.4 93.3079
    endloop
  endfacet
  facet normal -0.763153 -0 -0.646218
    outer loop
      vertex 128.991 -2.4 93.3575
      vertex 129.033 -3.19 93.3079
      vertex 128.991 -3.19 93.3575
    endloop
  endfacet
  facet normal -0.746212 0 -0.665708
    outer loop
      vertex 129.076 -3.19 93.2597
      vertex 129.033 -2.4 93.3079
      vertex 129.076 -2.4 93.2597
    endloop
  endfacet
  facet normal -0.746212 -0 -0.665708
    outer loop
      vertex 129.033 -2.4 93.3079
      vertex 129.076 -3.19 93.2597
      vertex 129.033 -3.19 93.3079
    endloop
  endfacet
  facet normal -0.732187 0 -0.681104
    outer loop
      vertex 129.12 -3.19 93.2124
      vertex 129.076 -2.4 93.2597
      vertex 129.12 -2.4 93.2124
    endloop
  endfacet
  facet normal -0.732187 -0 -0.681104
    outer loop
      vertex 129.076 -2.4 93.2597
      vertex 129.12 -3.19 93.2124
      vertex 129.076 -3.19 93.2597
    endloop
  endfacet
  facet normal -0.720092 0 -0.693879
    outer loop
      vertex 129.165 -3.19 93.1657
      vertex 129.12 -2.4 93.2124
      vertex 129.165 -2.4 93.1657
    endloop
  endfacet
  facet normal -0.720092 -0 -0.693879
    outer loop
      vertex 129.12 -2.4 93.2124
      vertex 129.165 -3.19 93.1657
      vertex 129.12 -3.19 93.2124
    endloop
  endfacet
  facet normal -0.700087 0 -0.714058
    outer loop
      vertex 129.165 -3.19 93.1657
      vertex 129.211 -2.4 93.1206
      vertex 129.211 -3.19 93.1206
    endloop
  endfacet
  facet normal -0.700087 0 -0.714058
    outer loop
      vertex 129.211 -2.4 93.1206
      vertex 129.165 -3.19 93.1657
      vertex 129.165 -2.4 93.1657
    endloop
  endfacet
  facet normal -0.672366 0 -0.740219
    outer loop
      vertex 129.211 -3.19 93.1206
      vertex 129.259 -2.4 93.077
      vertex 129.259 -3.19 93.077
    endloop
  endfacet
  facet normal -0.672366 0 -0.740219
    outer loop
      vertex 129.259 -2.4 93.077
      vertex 129.211 -3.19 93.1206
      vertex 129.211 -2.4 93.1206
    endloop
  endfacet
  facet normal -0.666386 0 -0.745607
    outer loop
      vertex 129.259 -3.19 93.077
      vertex 129.307 -2.4 93.0341
      vertex 129.307 -3.19 93.0341
    endloop
  endfacet
  facet normal -0.666386 0 -0.745607
    outer loop
      vertex 129.307 -2.4 93.0341
      vertex 129.259 -3.19 93.077
      vertex 129.259 -2.4 93.077
    endloop
  endfacet
  facet normal -0.644089 0 -0.764951
    outer loop
      vertex 129.307 -3.19 93.0341
      vertex 129.357 -2.4 92.992
      vertex 129.357 -3.19 92.992
    endloop
  endfacet
  facet normal -0.644089 0 -0.764951
    outer loop
      vertex 129.357 -2.4 92.992
      vertex 129.307 -3.19 93.0341
      vertex 129.307 -2.4 93.0341
    endloop
  endfacet
  facet normal -0.623741 0 -0.781631
    outer loop
      vertex 129.357 -3.19 92.992
      vertex 129.407 -2.4 92.9521
      vertex 129.407 -3.19 92.9521
    endloop
  endfacet
  facet normal -0.623741 0 -0.781631
    outer loop
      vertex 129.407 -2.4 92.9521
      vertex 129.357 -3.19 92.992
      vertex 129.357 -2.4 92.992
    endloop
  endfacet
  facet normal -0.608432 0 -0.793606
    outer loop
      vertex 129.407 -3.19 92.9521
      vertex 129.458 -2.4 92.913
      vertex 129.458 -3.19 92.913
    endloop
  endfacet
  facet normal -0.608432 0 -0.793606
    outer loop
      vertex 129.458 -2.4 92.913
      vertex 129.407 -3.19 92.9521
      vertex 129.407 -2.4 92.9521
    endloop
  endfacet
  facet normal -0.586717 0 -0.809792
    outer loop
      vertex 129.458 -3.19 92.913
      vertex 129.511 -2.4 92.8746
      vertex 129.511 -3.19 92.8746
    endloop
  endfacet
  facet normal -0.586717 0 -0.809792
    outer loop
      vertex 129.511 -2.4 92.8746
      vertex 129.458 -3.19 92.913
      vertex 129.458 -2.4 92.913
    endloop
  endfacet
  facet normal -0.56295 0 -0.826491
    outer loop
      vertex 129.511 -3.19 92.8746
      vertex 129.564 -2.4 92.8385
      vertex 129.564 -3.19 92.8385
    endloop
  endfacet
  facet normal -0.56295 0 -0.826491
    outer loop
      vertex 129.564 -2.4 92.8385
      vertex 129.511 -3.19 92.8746
      vertex 129.511 -2.4 92.8746
    endloop
  endfacet
  facet normal -0.54825 0 -0.836314
    outer loop
      vertex 129.564 -3.19 92.8385
      vertex 129.618 -2.4 92.8031
      vertex 129.618 -3.19 92.8031
    endloop
  endfacet
  facet normal -0.54825 0 -0.836314
    outer loop
      vertex 129.618 -2.4 92.8031
      vertex 129.564 -3.19 92.8385
      vertex 129.564 -2.4 92.8385
    endloop
  endfacet
  facet normal -0.523579 0 -0.851977
    outer loop
      vertex 129.618 -3.19 92.8031
      vertex 129.673 -2.4 92.7693
      vertex 129.673 -3.19 92.7693
    endloop
  endfacet
  facet normal -0.523579 0 -0.851977
    outer loop
      vertex 129.673 -2.4 92.7693
      vertex 129.618 -3.19 92.8031
      vertex 129.618 -2.4 92.8031
    endloop
  endfacet
  facet normal -0.499633 0 -0.866237
    outer loop
      vertex 129.673 -3.19 92.7693
      vertex 129.729 -2.4 92.737
      vertex 129.729 -3.19 92.737
    endloop
  endfacet
  facet normal -0.499633 0 -0.866237
    outer loop
      vertex 129.729 -2.4 92.737
      vertex 129.673 -3.19 92.7693
      vertex 129.673 -2.4 92.7693
    endloop
  endfacet
  facet normal -0.491442 0 -0.87091
    outer loop
      vertex 129.729 -3.19 92.737
      vertex 129.785 -2.4 92.7054
      vertex 129.785 -3.19 92.7054
    endloop
  endfacet
  facet normal -0.491442 0 -0.87091
    outer loop
      vertex 129.785 -2.4 92.7054
      vertex 129.729 -3.19 92.737
      vertex 129.729 -2.4 92.737
    endloop
  endfacet
  facet normal -0.452128 0 -0.891953
    outer loop
      vertex 129.785 -3.19 92.7054
      vertex 129.843 -2.4 92.676
      vertex 129.843 -3.19 92.676
    endloop
  endfacet
  facet normal -0.452128 0 -0.891953
    outer loop
      vertex 129.843 -2.4 92.676
      vertex 129.785 -3.19 92.7054
      vertex 129.785 -2.4 92.7054
    endloop
  endfacet
  facet normal -0.442258 0 -0.896888
    outer loop
      vertex 129.843 -3.19 92.676
      vertex 129.901 -2.4 92.6474
      vertex 129.901 -3.19 92.6474
    endloop
  endfacet
  facet normal -0.442258 0 -0.896888
    outer loop
      vertex 129.901 -2.4 92.6474
      vertex 129.843 -3.19 92.676
      vertex 129.843 -2.4 92.676
    endloop
  endfacet
  facet normal -0.416124 0 -0.909308
    outer loop
      vertex 129.901 -3.19 92.6474
      vertex 129.96 -2.4 92.6204
      vertex 129.96 -3.19 92.6204
    endloop
  endfacet
  facet normal -0.416124 0 -0.909308
    outer loop
      vertex 129.96 -2.4 92.6204
      vertex 129.901 -3.19 92.6474
      vertex 129.901 -2.4 92.6474
    endloop
  endfacet
  facet normal -0.398044 0 -0.917366
    outer loop
      vertex 129.96 -3.19 92.6204
      vertex 130.019 -2.4 92.5948
      vertex 130.019 -3.19 92.5948
    endloop
  endfacet
  facet normal -0.398044 0 -0.917366
    outer loop
      vertex 130.019 -2.4 92.5948
      vertex 129.96 -3.19 92.6204
      vertex 129.96 -2.4 92.6204
    endloop
  endfacet
  facet normal -0.361996 0 -0.93218
    outer loop
      vertex 130.019 -3.19 92.5948
      vertex 130.079 -2.4 92.5715
      vertex 130.079 -3.19 92.5715
    endloop
  endfacet
  facet normal -0.361996 0 -0.93218
    outer loop
      vertex 130.079 -2.4 92.5715
      vertex 130.019 -3.19 92.5948
      vertex 130.019 -2.4 92.5948
    endloop
  endfacet
  facet normal -0.347414 0 -0.937712
    outer loop
      vertex 130.079 -3.19 92.5715
      vertex 130.14 -2.4 92.5489
      vertex 130.14 -3.19 92.5489
    endloop
  endfacet
  facet normal -0.347414 0 -0.937712
    outer loop
      vertex 130.14 -2.4 92.5489
      vertex 130.079 -3.19 92.5715
      vertex 130.079 -2.4 92.5715
    endloop
  endfacet
  facet normal -0.326898 0 -0.94506
    outer loop
      vertex 130.14 -3.19 92.5489
      vertex 130.201 -2.4 92.5278
      vertex 130.201 -3.19 92.5278
    endloop
  endfacet
  facet normal -0.326898 0 -0.94506
    outer loop
      vertex 130.201 -2.4 92.5278
      vertex 130.14 -3.19 92.5489
      vertex 130.14 -2.4 92.5489
    endloop
  endfacet
  facet normal -0.304492 0 -0.952515
    outer loop
      vertex 130.201 -3.19 92.5278
      vertex 130.262 -2.4 92.5083
      vertex 130.262 -3.19 92.5083
    endloop
  endfacet
  facet normal -0.304492 0 -0.952515
    outer loop
      vertex 130.262 -2.4 92.5083
      vertex 130.201 -3.19 92.5278
      vertex 130.201 -2.4 92.5278
    endloop
  endfacet
  facet normal -0.276131 0 -0.96112
    outer loop
      vertex 130.262 -3.19 92.5083
      vertex 130.325 -2.4 92.4902
      vertex 130.325 -3.19 92.4902
    endloop
  endfacet
  facet normal -0.276131 0 -0.96112
    outer loop
      vertex 130.325 -2.4 92.4902
      vertex 130.262 -3.19 92.5083
      vertex 130.262 -2.4 92.5083
    endloop
  endfacet
  facet normal -0.257178 0 -0.966364
    outer loop
      vertex 130.325 -3.19 92.4902
      vertex 130.387 -2.4 92.4737
      vertex 130.387 -3.19 92.4737
    endloop
  endfacet
  facet normal -0.257178 0 -0.966364
    outer loop
      vertex 130.387 -2.4 92.4737
      vertex 130.325 -3.19 92.4902
      vertex 130.325 -2.4 92.4902
    endloop
  endfacet
  facet normal -0.233081 0 -0.972457
    outer loop
      vertex 130.387 -3.19 92.4737
      vertex 130.45 -2.4 92.4586
      vertex 130.45 -3.19 92.4586
    endloop
  endfacet
  facet normal -0.233081 0 -0.972457
    outer loop
      vertex 130.45 -2.4 92.4586
      vertex 130.387 -3.19 92.4737
      vertex 130.387 -2.4 92.4737
    endloop
  endfacet
  facet normal -0.209529 0 -0.977802
    outer loop
      vertex 130.45 -3.19 92.4586
      vertex 130.513 -2.4 92.4451
      vertex 130.513 -3.19 92.4451
    endloop
  endfacet
  facet normal -0.209529 0 -0.977802
    outer loop
      vertex 130.513 -2.4 92.4451
      vertex 130.45 -3.19 92.4586
      vertex 130.45 -2.4 92.4586
    endloop
  endfacet
  facet normal -0.173873 0 -0.984768
    outer loop
      vertex 130.513 -3.19 92.4451
      vertex 130.577 -2.4 92.4338
      vertex 130.577 -3.19 92.4338
    endloop
  endfacet
  facet normal -0.173873 0 -0.984768
    outer loop
      vertex 130.577 -2.4 92.4338
      vertex 130.513 -3.19 92.4451
      vertex 130.513 -2.4 92.4451
    endloop
  endfacet
  facet normal -0.164399 0 -0.986394
    outer loop
      vertex 130.577 -3.19 92.4338
      vertex 130.64 -2.4 92.4233
      vertex 130.64 -3.19 92.4233
    endloop
  endfacet
  facet normal -0.164399 0 -0.986394
    outer loop
      vertex 130.64 -2.4 92.4233
      vertex 130.577 -3.19 92.4338
      vertex 130.577 -2.4 92.4338
    endloop
  endfacet
  facet normal -0.137153 0 -0.99055
    outer loop
      vertex 130.64 -3.19 92.4233
      vertex 130.705 -2.4 92.4143
      vertex 130.705 -3.19 92.4143
    endloop
  endfacet
  facet normal -0.137153 0 -0.99055
    outer loop
      vertex 130.705 -2.4 92.4143
      vertex 130.64 -3.19 92.4233
      vertex 130.64 -2.4 92.4233
    endloop
  endfacet
  facet normal -0.105655 0 -0.994403
    outer loop
      vertex 130.705 -3.19 92.4143
      vertex 130.769 -2.4 92.4075
      vertex 130.769 -3.19 92.4075
    endloop
  endfacet
  facet normal -0.105655 0 -0.994403
    outer loop
      vertex 130.769 -2.4 92.4075
      vertex 130.705 -3.19 92.4143
      vertex 130.705 -2.4 92.4143
    endloop
  endfacet
  facet normal -0.0933407 0 -0.995634
    outer loop
      vertex 130.769 -3.19 92.4075
      vertex 130.833 -2.4 92.4015
      vertex 130.833 -3.19 92.4015
    endloop
  endfacet
  facet normal -0.0933407 0 -0.995634
    outer loop
      vertex 130.833 -2.4 92.4015
      vertex 130.769 -3.19 92.4075
      vertex 130.769 -2.4 92.4075
    endloop
  endfacet
  facet normal -0.0592706 0 -0.998242
    outer loop
      vertex 130.833 -3.19 92.4015
      vertex 130.897 -2.4 92.3977
      vertex 130.897 -3.19 92.3977
    endloop
  endfacet
  facet normal -0.0592706 0 -0.998242
    outer loop
      vertex 130.897 -2.4 92.3977
      vertex 130.833 -3.19 92.4015
      vertex 130.833 -2.4 92.4015
    endloop
  endfacet
  facet normal -0.0338268 0 -0.999428
    outer loop
      vertex 130.897 -3.19 92.3977
      vertex 130.962 -2.4 92.3955
      vertex 130.962 -3.19 92.3955
    endloop
  endfacet
  facet normal -0.0338268 0 -0.999428
    outer loop
      vertex 130.962 -2.4 92.3955
      vertex 130.897 -3.19 92.3977
      vertex 130.897 -2.4 92.3977
    endloop
  endfacet
  facet normal -0.0123068 0 -0.999924
    outer loop
      vertex 130.962 -3.19 92.3955
      vertex 131.027 -2.4 92.3947
      vertex 131.027 -3.19 92.3947
    endloop
  endfacet
  facet normal -0.0123068 0 -0.999924
    outer loop
      vertex 131.027 -2.4 92.3947
      vertex 130.962 -3.19 92.3955
      vertex 130.962 -2.4 92.3955
    endloop
  endfacet
  facet normal 0.012499 0 -0.999922
    outer loop
      vertex 131.027 -3.19 92.3947
      vertex 131.091 -2.4 92.3955
      vertex 131.091 -3.19 92.3955
    endloop
  endfacet
  facet normal 0.012499 0 -0.999922
    outer loop
      vertex 131.091 -2.4 92.3955
      vertex 131.027 -3.19 92.3947
      vertex 131.027 -2.4 92.3947
    endloop
  endfacet
  facet normal 0.0238028 0 0.999717
    outer loop
      vertex 130.964 -2.4 93.7502
      vertex 131.027 -3.19 93.7487
      vertex 131.027 -2.4 93.7487
    endloop
  endfacet
  facet normal 0.0238028 0 0.999717
    outer loop
      vertex 131.027 -3.19 93.7487
      vertex 130.964 -2.4 93.7502
      vertex 130.964 -3.19 93.7502
    endloop
  endfacet
  facet normal 0.071247 0 0.997459
    outer loop
      vertex 130.901 -2.4 93.7547
      vertex 130.964 -3.19 93.7502
      vertex 130.964 -2.4 93.7502
    endloop
  endfacet
  facet normal 0.071247 0 0.997459
    outer loop
      vertex 130.964 -3.19 93.7502
      vertex 130.901 -2.4 93.7547
      vertex 130.901 -3.19 93.7547
    endloop
  endfacet
  facet normal 0.120092 0 0.992763
    outer loop
      vertex 130.839 -2.4 93.7622
      vertex 130.901 -3.19 93.7547
      vertex 130.901 -2.4 93.7547
    endloop
  endfacet
  facet normal 0.120092 0 0.992763
    outer loop
      vertex 130.901 -3.19 93.7547
      vertex 130.839 -2.4 93.7622
      vertex 130.839 -3.19 93.7622
    endloop
  endfacet
  facet normal 0.168523 0 0.985698
    outer loop
      vertex 130.808 -2.4 93.7675
      vertex 130.839 -3.19 93.7622
      vertex 130.839 -2.4 93.7622
    endloop
  endfacet
  facet normal 0.168523 0 0.985698
    outer loop
      vertex 130.839 -3.19 93.7622
      vertex 130.808 -2.4 93.7675
      vertex 130.808 -3.19 93.7675
    endloop
  endfacet
  facet normal 0.190022 0 0.98178
    outer loop
      vertex 130.777 -2.4 93.7735
      vertex 130.808 -3.19 93.7675
      vertex 130.808 -2.4 93.7675
    endloop
  endfacet
  facet normal 0.190022 0 0.98178
    outer loop
      vertex 130.808 -3.19 93.7675
      vertex 130.777 -2.4 93.7735
      vertex 130.777 -3.19 93.7735
    endloop
  endfacet
  facet normal 0.196116 0 0.980581
    outer loop
      vertex 130.747 -2.4 93.7795
      vertex 130.777 -3.19 93.7735
      vertex 130.777 -2.4 93.7735
    endloop
  endfacet
  facet normal 0.196116 0 0.980581
    outer loop
      vertex 130.777 -3.19 93.7735
      vertex 130.747 -2.4 93.7795
      vertex 130.747 -3.19 93.7795
    endloop
  endfacet
  facet normal 0.235151 0 0.971959
    outer loop
      vertex 130.716 -2.4 93.787
      vertex 130.747 -3.19 93.7795
      vertex 130.747 -2.4 93.7795
    endloop
  endfacet
  facet normal 0.235151 0 0.971959
    outer loop
      vertex 130.747 -3.19 93.7795
      vertex 130.716 -2.4 93.787
      vertex 130.716 -3.19 93.787
    endloop
  endfacet
  facet normal 0.26665 0 0.963794
    outer loop
      vertex 130.656 -2.4 93.8036
      vertex 130.716 -3.19 93.787
      vertex 130.716 -2.4 93.787
    endloop
  endfacet
  facet normal 0.26665 0 0.963794
    outer loop
      vertex 130.716 -3.19 93.787
      vertex 130.656 -2.4 93.8036
      vertex 130.656 -3.19 93.8036
    endloop
  endfacet
  facet normal 0.310519 0 0.950567
    outer loop
      vertex 130.596 -2.4 93.8232
      vertex 130.656 -3.19 93.8036
      vertex 130.656 -2.4 93.8036
    endloop
  endfacet
  facet normal 0.310519 0 0.950567
    outer loop
      vertex 130.656 -3.19 93.8036
      vertex 130.596 -2.4 93.8232
      vertex 130.596 -3.19 93.8232
    endloop
  endfacet
  facet normal 0.356325 0 0.934362
    outer loop
      vertex 130.537 -2.4 93.8457
      vertex 130.596 -3.19 93.8232
      vertex 130.596 -2.4 93.8232
    endloop
  endfacet
  facet normal 0.356325 0 0.934362
    outer loop
      vertex 130.596 -3.19 93.8232
      vertex 130.537 -2.4 93.8457
      vertex 130.537 -3.19 93.8457
    endloop
  endfacet
  facet normal 0.409699 0 0.912221
    outer loop
      vertex 130.48 -2.4 93.8713
      vertex 130.537 -3.19 93.8457
      vertex 130.537 -2.4 93.8457
    endloop
  endfacet
  facet normal 0.409699 0 0.912221
    outer loop
      vertex 130.537 -3.19 93.8457
      vertex 130.48 -2.4 93.8713
      vertex 130.48 -3.19 93.8713
    endloop
  endfacet
  facet normal 0.454831 0 0.890578
    outer loop
      vertex 130.424 -2.4 93.8999
      vertex 130.48 -3.19 93.8713
      vertex 130.48 -2.4 93.8713
    endloop
  endfacet
  facet normal 0.454831 0 0.890578
    outer loop
      vertex 130.48 -3.19 93.8713
      vertex 130.424 -2.4 93.8999
      vertex 130.424 -3.19 93.8999
    endloop
  endfacet
  facet normal 0.472221 0 0.88148
    outer loop
      vertex 130.396 -2.4 93.9149
      vertex 130.424 -3.19 93.8999
      vertex 130.424 -2.4 93.8999
    endloop
  endfacet
  facet normal 0.472221 0 0.88148
    outer loop
      vertex 130.424 -3.19 93.8999
      vertex 130.396 -2.4 93.9149
      vertex 130.396 -3.19 93.9149
    endloop
  endfacet
  facet normal 0.505063 0 0.863082
    outer loop
      vertex 130.369 -2.4 93.9307
      vertex 130.396 -3.19 93.9149
      vertex 130.396 -2.4 93.9149
    endloop
  endfacet
  facet normal 0.505063 0 0.863082
    outer loop
      vertex 130.396 -3.19 93.9149
      vertex 130.369 -2.4 93.9307
      vertex 130.369 -3.19 93.9307
    endloop
  endfacet
  facet normal 0.538133 0 0.84286
    outer loop
      vertex 130.343 -2.4 93.9473
      vertex 130.369 -3.19 93.9307
      vertex 130.369 -2.4 93.9307
    endloop
  endfacet
  facet normal 0.538133 0 0.84286
    outer loop
      vertex 130.369 -3.19 93.9307
      vertex 130.343 -2.4 93.9473
      vertex 130.343 -3.19 93.9473
    endloop
  endfacet
  facet normal 0.546653 0 0.837359
    outer loop
      vertex 130.29 -2.4 93.9819
      vertex 130.343 -3.19 93.9473
      vertex 130.343 -2.4 93.9473
    endloop
  endfacet
  facet normal 0.546653 0 0.837359
    outer loop
      vertex 130.343 -3.19 93.9473
      vertex 130.29 -2.4 93.9819
      vertex 130.29 -3.19 93.9819
    endloop
  endfacet
  facet normal 0.601023 0 0.799232
    outer loop
      vertex 130.265 -2.4 94.0007
      vertex 130.29 -3.19 93.9819
      vertex 130.29 -2.4 93.9819
    endloop
  endfacet
  facet normal 0.601023 0 0.799232
    outer loop
      vertex 130.29 -3.19 93.9819
      vertex 130.265 -2.4 94.0007
      vertex 130.265 -3.19 94.0007
    endloop
  endfacet
  facet normal 0.601023 0 0.799232
    outer loop
      vertex 130.24 -2.4 94.0195
      vertex 130.265 -3.19 94.0007
      vertex 130.265 -2.4 94.0007
    endloop
  endfacet
  facet normal 0.601023 0 0.799232
    outer loop
      vertex 130.265 -3.19 94.0007
      vertex 130.24 -2.4 94.0195
      vertex 130.24 -3.19 94.0195
    endloop
  endfacet
  facet normal 0.630593 0 0.776114
    outer loop
      vertex 130.216 -2.4 94.039
      vertex 130.24 -3.19 94.0195
      vertex 130.24 -2.4 94.0195
    endloop
  endfacet
  facet normal 0.630593 0 0.776114
    outer loop
      vertex 130.24 -3.19 94.0195
      vertex 130.216 -2.4 94.039
      vertex 130.216 -3.19 94.039
    endloop
  endfacet
  facet normal 0.646725 0 0.762723
    outer loop
      vertex 130.168 -2.4 94.0797
      vertex 130.216 -3.19 94.039
      vertex 130.216 -2.4 94.039
    endloop
  endfacet
  facet normal 0.646725 0 0.762723
    outer loop
      vertex 130.216 -3.19 94.039
      vertex 130.168 -2.4 94.0797
      vertex 130.168 -3.19 94.0797
    endloop
  endfacet
  facet normal 0.68792 0 0.725787
    outer loop
      vertex 130.122 -2.4 94.1233
      vertex 130.168 -3.19 94.0797
      vertex 130.168 -2.4 94.0797
    endloop
  endfacet
  facet normal 0.68792 0 0.725787
    outer loop
      vertex 130.168 -3.19 94.0797
      vertex 130.122 -2.4 94.1233
      vertex 130.122 -3.19 94.1233
    endloop
  endfacet
  facet normal 0.723756 -0 0.690056
    outer loop
      vertex 130.079 -3.19 94.1684
      vertex 130.122 -2.4 94.1233
      vertex 130.079 -2.4 94.1684
    endloop
  endfacet
  facet normal 0.723756 0 0.690056
    outer loop
      vertex 130.122 -2.4 94.1233
      vertex 130.079 -3.19 94.1684
      vertex 130.122 -3.19 94.1233
    endloop
  endfacet
  facet normal 0.761041 -0 0.648704
    outer loop
      vertex 130.038 -3.19 94.2165
      vertex 130.079 -2.4 94.1684
      vertex 130.038 -2.4 94.2165
    endloop
  endfacet
  facet normal 0.761041 0 0.648704
    outer loop
      vertex 130.079 -2.4 94.1684
      vertex 130.038 -3.19 94.2165
      vertex 130.079 -3.19 94.1684
    endloop
  endfacet
  facet normal 0.7853 -0 0.619116
    outer loop
      vertex 130.019 -3.19 94.2406
      vertex 130.038 -2.4 94.2165
      vertex 130.019 -2.4 94.2406
    endloop
  endfacet
  facet normal 0.7853 0 0.619116
    outer loop
      vertex 130.038 -2.4 94.2165
      vertex 130.019 -3.19 94.2406
      vertex 130.038 -3.19 94.2165
    endloop
  endfacet
  facet normal 0.793812 -0 0.608163
    outer loop
      vertex 130 -3.19 94.2654
      vertex 130.019 -2.4 94.2406
      vertex 130 -2.4 94.2654
    endloop
  endfacet
  facet normal 0.793812 0 0.608163
    outer loop
      vertex 130.019 -2.4 94.2406
      vertex 130 -3.19 94.2654
      vertex 130.019 -3.19 94.2406
    endloop
  endfacet
  facet normal 0.803001 -0 0.595977
    outer loop
      vertex 129.981 -3.19 94.291
      vertex 130 -2.4 94.2654
      vertex 129.981 -2.4 94.291
    endloop
  endfacet
  facet normal 0.803001 0 0.595977
    outer loop
      vertex 130 -2.4 94.2654
      vertex 129.981 -3.19 94.291
      vertex 130 -3.19 94.2654
    endloop
  endfacet
  facet normal 0.833022 -0 0.55324
    outer loop
      vertex 129.946 -3.19 94.3437
      vertex 129.981 -2.4 94.291
      vertex 129.946 -2.4 94.3437
    endloop
  endfacet
  facet normal 0.833022 0 0.55324
    outer loop
      vertex 129.981 -2.4 94.291
      vertex 129.946 -3.19 94.3437
      vertex 129.981 -3.19 94.291
    endloop
  endfacet
  facet normal 0.854324 -0 0.519741
    outer loop
      vertex 129.93 -3.19 94.37
      vertex 129.946 -2.4 94.3437
      vertex 129.93 -2.4 94.37
    endloop
  endfacet
  facet normal 0.854324 0 0.519741
    outer loop
      vertex 129.946 -2.4 94.3437
      vertex 129.93 -3.19 94.37
      vertex 129.946 -3.19 94.3437
    endloop
  endfacet
  facet normal 0.861116 -0 0.508408
    outer loop
      vertex 129.914 -3.19 94.3971
      vertex 129.93 -2.4 94.37
      vertex 129.914 -2.4 94.3971
    endloop
  endfacet
  facet normal 0.861116 0 0.508408
    outer loop
      vertex 129.93 -2.4 94.37
      vertex 129.914 -3.19 94.3971
      vertex 129.93 -3.19 94.37
    endloop
  endfacet
  facet normal 0.880064 -0 0.474855
    outer loop
      vertex 129.899 -3.19 94.4249
      vertex 129.914 -2.4 94.3971
      vertex 129.899 -2.4 94.4249
    endloop
  endfacet
  facet normal 0.880064 0 0.474855
    outer loop
      vertex 129.914 -2.4 94.3971
      vertex 129.899 -3.19 94.4249
      vertex 129.914 -3.19 94.3971
    endloop
  endfacet
  facet normal 0.886982 -0 0.461804
    outer loop
      vertex 129.87 -3.19 94.4806
      vertex 129.899 -2.4 94.4249
      vertex 129.87 -2.4 94.4806
    endloop
  endfacet
  facet normal 0.886982 0 0.461804
    outer loop
      vertex 129.899 -2.4 94.4249
      vertex 129.87 -3.19 94.4806
      vertex 129.899 -3.19 94.4249
    endloop
  endfacet
  facet normal 0.916047 -0 0.401071
    outer loop
      vertex 129.845 -3.19 94.5377
      vertex 129.87 -2.4 94.4806
      vertex 129.845 -2.4 94.5377
    endloop
  endfacet
  facet normal 0.916047 0 0.401071
    outer loop
      vertex 129.87 -2.4 94.4806
      vertex 129.845 -3.19 94.5377
      vertex 129.87 -3.19 94.4806
    endloop
  endfacet
  facet normal 0.931079 -0 0.364818
    outer loop
      vertex 129.822 -3.19 94.5964
      vertex 129.845 -2.4 94.5377
      vertex 129.822 -2.4 94.5964
    endloop
  endfacet
  facet normal 0.931079 0 0.364818
    outer loop
      vertex 129.845 -2.4 94.5377
      vertex 129.822 -3.19 94.5964
      vertex 129.845 -3.19 94.5377
    endloop
  endfacet
  facet normal 0.953631 -0 0.30098
    outer loop
      vertex 129.803 -3.19 94.6566
      vertex 129.822 -2.4 94.5964
      vertex 129.803 -2.4 94.6566
    endloop
  endfacet
  facet normal 0.953631 0 0.30098
    outer loop
      vertex 129.822 -2.4 94.5964
      vertex 129.803 -3.19 94.6566
      vertex 129.822 -3.19 94.5964
    endloop
  endfacet
  facet normal 0.962364 -0 0.271764
    outer loop
      vertex 129.786 -3.19 94.7168
      vertex 129.803 -2.4 94.6566
      vertex 129.786 -2.4 94.7168
    endloop
  endfacet
  facet normal 0.962364 0 0.271764
    outer loop
      vertex 129.803 -2.4 94.6566
      vertex 129.786 -3.19 94.7168
      vertex 129.803 -3.19 94.6566
    endloop
  endfacet
  facet normal 0.975133 -0 0.221621
    outer loop
      vertex 129.779 -3.19 94.7476
      vertex 129.786 -2.4 94.7168
      vertex 129.779 -2.4 94.7476
    endloop
  endfacet
  facet normal 0.975133 0 0.221621
    outer loop
      vertex 129.786 -2.4 94.7168
      vertex 129.779 -3.19 94.7476
      vertex 129.786 -3.19 94.7168
    endloop
  endfacet
  facet normal 0.980706 -0 0.19549
    outer loop
      vertex 129.773 -3.19 94.7777
      vertex 129.779 -2.4 94.7476
      vertex 129.773 -2.4 94.7777
    endloop
  endfacet
  facet normal 0.980706 0 0.19549
    outer loop
      vertex 129.779 -2.4 94.7476
      vertex 129.773 -3.19 94.7777
      vertex 129.779 -3.19 94.7476
    endloop
  endfacet
  facet normal 0.981549 -0 0.191211
    outer loop
      vertex 129.767 -3.19 94.8085
      vertex 129.773 -2.4 94.7777
      vertex 129.767 -2.4 94.8085
    endloop
  endfacet
  facet normal 0.981549 0 0.191211
    outer loop
      vertex 129.773 -2.4 94.7777
      vertex 129.767 -3.19 94.8085
      vertex 129.773 -3.19 94.7777
    endloop
  endfacet
  facet normal 0.982447 -0 0.186541
    outer loop
      vertex 129.761 -3.19 94.8401
      vertex 129.767 -2.4 94.8085
      vertex 129.761 -2.4 94.8401
    endloop
  endfacet
  facet normal 0.982447 0 0.186541
    outer loop
      vertex 129.767 -2.4 94.8085
      vertex 129.761 -3.19 94.8401
      vertex 129.767 -3.19 94.8085
    endloop
  endfacet
  facet normal 0.993626 -0 0.112729
    outer loop
      vertex 129.754 -3.19 94.9018
      vertex 129.761 -2.4 94.8401
      vertex 129.754 -2.4 94.9018
    endloop
  endfacet
  facet normal 0.993626 0 0.112729
    outer loop
      vertex 129.761 -2.4 94.8401
      vertex 129.754 -3.19 94.9018
      vertex 129.761 -3.19 94.8401
    endloop
  endfacet
  facet normal 0.996885 -0 0.0788675
    outer loop
      vertex 129.749 -3.19 94.965
      vertex 129.754 -2.4 94.9018
      vertex 129.749 -2.4 94.965
    endloop
  endfacet
  facet normal 0.996885 0 0.0788675
    outer loop
      vertex 129.754 -2.4 94.9018
      vertex 129.749 -3.19 94.965
      vertex 129.754 -3.19 94.9018
    endloop
  endfacet
  facet normal 0.999872 -0 0.0160236
    outer loop
      vertex 129.748 -3.19 95.0274
      vertex 129.749 -2.4 94.965
      vertex 129.748 -2.4 95.0274
    endloop
  endfacet
  facet normal 0.999872 0 0.0160236
    outer loop
      vertex 129.749 -2.4 94.965
      vertex 129.748 -3.19 95.0274
      vertex 129.749 -3.19 94.965
    endloop
  endfacet
  facet normal 0.999872 0 -0.015998
    outer loop
      vertex 129.749 -3.19 95.0899
      vertex 129.748 -2.4 95.0274
      vertex 129.749 -2.4 95.0899
    endloop
  endfacet
  facet normal 0.999872 0 -0.015998
    outer loop
      vertex 129.748 -2.4 95.0274
      vertex 129.749 -3.19 95.0899
      vertex 129.748 -3.19 95.0274
    endloop
  endfacet
  facet normal 0.996885 0 -0.0788675
    outer loop
      vertex 129.754 -3.19 95.1531
      vertex 129.749 -2.4 95.0899
      vertex 129.754 -2.4 95.1531
    endloop
  endfacet
  facet normal 0.996885 0 -0.0788675
    outer loop
      vertex 129.749 -2.4 95.0899
      vertex 129.754 -3.19 95.1531
      vertex 129.749 -3.19 95.0899
    endloop
  endfacet
  facet normal 0.993605 0 -0.11291
    outer loop
      vertex 129.761 -3.19 95.2147
      vertex 129.754 -2.4 95.1531
      vertex 129.761 -2.4 95.2147
    endloop
  endfacet
  facet normal 0.993605 0 -0.11291
    outer loop
      vertex 129.754 -2.4 95.1531
      vertex 129.761 -3.19 95.2147
      vertex 129.754 -3.19 95.1531
    endloop
  endfacet
  facet normal 0.982447 0 -0.186541
    outer loop
      vertex 129.767 -3.19 95.2463
      vertex 129.761 -2.4 95.2147
      vertex 129.767 -2.4 95.2463
    endloop
  endfacet
  facet normal 0.982447 0 -0.186541
    outer loop
      vertex 129.761 -2.4 95.2147
      vertex 129.767 -3.19 95.2463
      vertex 129.761 -3.19 95.2147
    endloop
  endfacet
  facet normal 0.981665 0 -0.190615
    outer loop
      vertex 129.773 -3.19 95.2772
      vertex 129.767 -2.4 95.2463
      vertex 129.773 -2.4 95.2772
    endloop
  endfacet
  facet normal 0.981665 0 -0.190615
    outer loop
      vertex 129.767 -2.4 95.2463
      vertex 129.773 -3.19 95.2772
      vertex 129.767 -3.19 95.2463
    endloop
  endfacet
  facet normal 0.980581 0 -0.196116
    outer loop
      vertex 129.779 -3.19 95.3072
      vertex 129.773 -2.4 95.2772
      vertex 129.779 -2.4 95.3072
    endloop
  endfacet
  facet normal 0.980581 0 -0.196116
    outer loop
      vertex 129.773 -2.4 95.2772
      vertex 129.779 -3.19 95.3072
      vertex 129.773 -3.19 95.2772
    endloop
  endfacet
  facet normal 0.975288 0 -0.220939
    outer loop
      vertex 129.786 -3.19 95.3381
      vertex 129.779 -2.4 95.3072
      vertex 129.786 -2.4 95.3381
    endloop
  endfacet
  facet normal 0.975288 0 -0.220939
    outer loop
      vertex 129.779 -2.4 95.3072
      vertex 129.786 -3.19 95.3381
      vertex 129.779 -3.19 95.3072
    endloop
  endfacet
  facet normal 0.962364 0 -0.271764
    outer loop
      vertex 129.803 -3.19 95.3983
      vertex 129.786 -2.4 95.3381
      vertex 129.803 -2.4 95.3983
    endloop
  endfacet
  facet normal 0.962364 0 -0.271764
    outer loop
      vertex 129.786 -2.4 95.3381
      vertex 129.803 -3.19 95.3983
      vertex 129.786 -3.19 95.3381
    endloop
  endfacet
  facet normal 0.953487 0 -0.301435
    outer loop
      vertex 129.822 -3.19 95.4584
      vertex 129.803 -2.4 95.3983
      vertex 129.822 -2.4 95.4584
    endloop
  endfacet
  facet normal 0.953487 0 -0.301435
    outer loop
      vertex 129.803 -2.4 95.3983
      vertex 129.822 -3.19 95.4584
      vertex 129.803 -3.19 95.3983
    endloop
  endfacet
  facet normal 0.931079 0 -0.364818
    outer loop
      vertex 129.845 -3.19 95.5171
      vertex 129.822 -2.4 95.4584
      vertex 129.845 -2.4 95.5171
    endloop
  endfacet
  facet normal 0.931079 0 -0.364818
    outer loop
      vertex 129.822 -2.4 95.4584
      vertex 129.845 -3.19 95.5171
      vertex 129.822 -3.19 95.4584
    endloop
  endfacet
  facet normal 0.916304 0 -0.400483
    outer loop
      vertex 129.87 -3.19 95.5743
      vertex 129.845 -2.4 95.5171
      vertex 129.87 -2.4 95.5743
    endloop
  endfacet
  facet normal 0.916304 0 -0.400483
    outer loop
      vertex 129.845 -2.4 95.5171
      vertex 129.87 -3.19 95.5743
      vertex 129.845 -3.19 95.5171
    endloop
  endfacet
  facet normal 0.886642 0 -0.462457
    outer loop
      vertex 129.899 -3.19 95.6299
      vertex 129.87 -2.4 95.5743
      vertex 129.899 -2.4 95.6299
    endloop
  endfacet
  facet normal 0.886642 0 -0.462457
    outer loop
      vertex 129.87 -2.4 95.5743
      vertex 129.899 -3.19 95.6299
      vertex 129.87 -3.19 95.5743
    endloop
  endfacet
  facet normal 0.880775 0 -0.473535
    outer loop
      vertex 129.914 -3.19 95.6578
      vertex 129.899 -2.4 95.6299
      vertex 129.914 -2.4 95.6578
    endloop
  endfacet
  facet normal 0.880775 0 -0.473535
    outer loop
      vertex 129.899 -2.4 95.6299
      vertex 129.914 -3.19 95.6578
      vertex 129.899 -3.19 95.6299
    endloop
  endfacet
  facet normal 0.861116 0 -0.508408
    outer loop
      vertex 129.93 -3.19 95.6849
      vertex 129.914 -2.4 95.6578
      vertex 129.93 -2.4 95.6849
    endloop
  endfacet
  facet normal 0.861116 0 -0.508408
    outer loop
      vertex 129.914 -2.4 95.6578
      vertex 129.93 -3.19 95.6849
      vertex 129.914 -3.19 95.6578
    endloop
  endfacet
  facet normal 0.854324 0 -0.519741
    outer loop
      vertex 129.946 -3.19 95.7112
      vertex 129.93 -2.4 95.6849
      vertex 129.946 -2.4 95.7112
    endloop
  endfacet
  facet normal 0.854324 0 -0.519741
    outer loop
      vertex 129.93 -2.4 95.6849
      vertex 129.946 -3.19 95.7112
      vertex 129.93 -3.19 95.6849
    endloop
  endfacet
  facet normal 0.832537 0 -0.553969
    outer loop
      vertex 129.981 -3.19 95.7638
      vertex 129.946 -2.4 95.7112
      vertex 129.981 -2.4 95.7638
    endloop
  endfacet
  facet normal 0.832537 0 -0.553969
    outer loop
      vertex 129.946 -2.4 95.7112
      vertex 129.981 -3.19 95.7638
      vertex 129.946 -3.19 95.7112
    endloop
  endfacet
  facet normal 0.803001 0 -0.595977
    outer loop
      vertex 130 -3.19 95.7894
      vertex 129.981 -2.4 95.7638
      vertex 130 -2.4 95.7894
    endloop
  endfacet
  facet normal 0.803001 0 -0.595977
    outer loop
      vertex 129.981 -2.4 95.7638
      vertex 130 -3.19 95.7894
      vertex 129.981 -3.19 95.7638
    endloop
  endfacet
  facet normal 0.793812 0 -0.608163
    outer loop
      vertex 130.019 -3.19 95.8142
      vertex 130 -2.4 95.7894
      vertex 130.019 -2.4 95.8142
    endloop
  endfacet
  facet normal 0.793812 0 -0.608163
    outer loop
      vertex 130 -2.4 95.7894
      vertex 130.019 -3.19 95.8142
      vertex 130 -3.19 95.7894
    endloop
  endfacet
  facet normal 0.7853 0 -0.619116
    outer loop
      vertex 130.038 -3.19 95.8383
      vertex 130.019 -2.4 95.8142
      vertex 130.038 -2.4 95.8383
    endloop
  endfacet
  facet normal 0.7853 0 -0.619116
    outer loop
      vertex 130.019 -2.4 95.8142
      vertex 130.038 -3.19 95.8383
      vertex 130.019 -3.19 95.8142
    endloop
  endfacet
  facet normal 0.761705 0 -0.647924
    outer loop
      vertex 130.079 -3.19 95.8865
      vertex 130.038 -2.4 95.8383
      vertex 130.079 -2.4 95.8865
    endloop
  endfacet
  facet normal 0.761705 0 -0.647924
    outer loop
      vertex 130.038 -2.4 95.8383
      vertex 130.079 -3.19 95.8865
      vertex 130.038 -3.19 95.8383
    endloop
  endfacet
  facet normal 0.723756 0 -0.690056
    outer loop
      vertex 130.122 -3.19 95.9316
      vertex 130.079 -2.4 95.8865
      vertex 130.122 -2.4 95.9316
    endloop
  endfacet
  facet normal 0.723756 0 -0.690056
    outer loop
      vertex 130.079 -2.4 95.8865
      vertex 130.122 -3.19 95.9316
      vertex 130.079 -3.19 95.8865
    endloop
  endfacet
  facet normal 0.68792 0 -0.725787
    outer loop
      vertex 130.122 -3.19 95.9316
      vertex 130.168 -2.4 95.9752
      vertex 130.168 -3.19 95.9752
    endloop
  endfacet
  facet normal 0.68792 0 -0.725787
    outer loop
      vertex 130.168 -2.4 95.9752
      vertex 130.122 -3.19 95.9316
      vertex 130.122 -2.4 95.9316
    endloop
  endfacet
  facet normal 0.6458 0 -0.763507
    outer loop
      vertex 130.168 -3.19 95.9752
      vertex 130.216 -2.4 96.0158
      vertex 130.216 -3.19 96.0158
    endloop
  endfacet
  facet normal 0.6458 0 -0.763507
    outer loop
      vertex 130.216 -2.4 96.0158
      vertex 130.168 -3.19 95.9752
      vertex 130.168 -2.4 95.9752
    endloop
  endfacet
  facet normal 0.632535 0 -0.774532
    outer loop
      vertex 130.216 -3.19 96.0158
      vertex 130.24 -2.4 96.0354
      vertex 130.24 -3.19 96.0354
    endloop
  endfacet
  facet normal 0.632535 0 -0.774532
    outer loop
      vertex 130.24 -2.4 96.0354
      vertex 130.216 -3.19 96.0158
      vertex 130.216 -2.4 96.0158
    endloop
  endfacet
  facet normal 0.601023 0 -0.799232
    outer loop
      vertex 130.24 -3.19 96.0354
      vertex 130.265 -2.4 96.0542
      vertex 130.265 -3.19 96.0542
    endloop
  endfacet
  facet normal 0.601023 0 -0.799232
    outer loop
      vertex 130.265 -2.4 96.0542
      vertex 130.24 -3.19 96.0354
      vertex 130.24 -2.4 96.0354
    endloop
  endfacet
  facet normal 0.601023 0 -0.799232
    outer loop
      vertex 130.265 -3.19 96.0542
      vertex 130.29 -2.4 96.073
      vertex 130.29 -3.19 96.073
    endloop
  endfacet
  facet normal 0.601023 0 -0.799232
    outer loop
      vertex 130.29 -2.4 96.073
      vertex 130.265 -3.19 96.0542
      vertex 130.265 -2.4 96.0542
    endloop
  endfacet
  facet normal 0.546653 0 -0.837359
    outer loop
      vertex 130.29 -3.19 96.073
      vertex 130.343 -2.4 96.1076
      vertex 130.343 -3.19 96.1076
    endloop
  endfacet
  facet normal 0.546653 0 -0.837359
    outer loop
      vertex 130.343 -2.4 96.1076
      vertex 130.29 -3.19 96.073
      vertex 130.29 -2.4 96.073
    endloop
  endfacet
  facet normal 0.538133 0 -0.84286
    outer loop
      vertex 130.343 -3.19 96.1076
      vertex 130.369 -2.4 96.1242
      vertex 130.369 -3.19 96.1242
    endloop
  endfacet
  facet normal 0.538133 0 -0.84286
    outer loop
      vertex 130.369 -2.4 96.1242
      vertex 130.343 -3.19 96.1076
      vertex 130.343 -2.4 96.1076
    endloop
  endfacet
  facet normal 0.505063 0 -0.863082
    outer loop
      vertex 130.369 -3.19 96.1242
      vertex 130.396 -2.4 96.14
      vertex 130.396 -3.19 96.14
    endloop
  endfacet
  facet normal 0.505063 0 -0.863082
    outer loop
      vertex 130.396 -2.4 96.14
      vertex 130.369 -3.19 96.1242
      vertex 130.369 -2.4 96.1242
    endloop
  endfacet
  facet normal 0.472221 0 -0.88148
    outer loop
      vertex 130.396 -3.19 96.14
      vertex 130.424 -2.4 96.155
      vertex 130.424 -3.19 96.155
    endloop
  endfacet
  facet normal 0.472221 0 -0.88148
    outer loop
      vertex 130.424 -2.4 96.155
      vertex 130.396 -3.19 96.14
      vertex 130.396 -2.4 96.14
    endloop
  endfacet
  facet normal 0.454831 0 -0.890578
    outer loop
      vertex 130.424 -3.19 96.155
      vertex 130.48 -2.4 96.1836
      vertex 130.48 -3.19 96.1836
    endloop
  endfacet
  facet normal 0.454831 0 -0.890578
    outer loop
      vertex 130.48 -2.4 96.1836
      vertex 130.424 -3.19 96.155
      vertex 130.424 -2.4 96.155
    endloop
  endfacet
  facet normal 0.409699 0 -0.912221
    outer loop
      vertex 130.48 -3.19 96.1836
      vertex 130.537 -2.4 96.2092
      vertex 130.537 -3.19 96.2092
    endloop
  endfacet
  facet normal 0.409699 0 -0.912221
    outer loop
      vertex 130.537 -2.4 96.2092
      vertex 130.48 -3.19 96.1836
      vertex 130.48 -2.4 96.1836
    endloop
  endfacet
  facet normal 0.356325 0 -0.934362
    outer loop
      vertex 130.537 -3.19 96.2092
      vertex 130.596 -2.4 96.2317
      vertex 130.596 -3.19 96.2317
    endloop
  endfacet
  facet normal 0.356325 0 -0.934362
    outer loop
      vertex 130.596 -2.4 96.2317
      vertex 130.537 -3.19 96.2092
      vertex 130.537 -2.4 96.2092
    endloop
  endfacet
  facet normal 0.310519 0 -0.950567
    outer loop
      vertex 130.596 -3.19 96.2317
      vertex 130.656 -2.4 96.2513
      vertex 130.656 -3.19 96.2513
    endloop
  endfacet
  facet normal 0.310519 0 -0.950567
    outer loop
      vertex 130.656 -2.4 96.2513
      vertex 130.596 -3.19 96.2317
      vertex 130.596 -2.4 96.2317
    endloop
  endfacet
  facet normal 0.265156 0 -0.964205
    outer loop
      vertex 130.656 -3.19 96.2513
      vertex 130.716 -2.4 96.2678
      vertex 130.716 -3.19 96.2678
    endloop
  endfacet
  facet normal 0.265156 0 -0.964205
    outer loop
      vertex 130.716 -2.4 96.2678
      vertex 130.656 -3.19 96.2513
      vertex 130.656 -2.4 96.2513
    endloop
  endfacet
  facet normal 0.235151 0 -0.971959
    outer loop
      vertex 130.716 -3.19 96.2678
      vertex 130.747 -2.4 96.2753
      vertex 130.747 -3.19 96.2753
    endloop
  endfacet
  facet normal 0.235151 0 -0.971959
    outer loop
      vertex 130.747 -2.4 96.2753
      vertex 130.716 -3.19 96.2678
      vertex 130.716 -2.4 96.2678
    endloop
  endfacet
  facet normal 0.199256 0 -0.979947
    outer loop
      vertex 130.747 -3.19 96.2753
      vertex 130.777 -2.4 96.2814
      vertex 130.777 -3.19 96.2814
    endloop
  endfacet
  facet normal 0.199256 0 -0.979947
    outer loop
      vertex 130.777 -2.4 96.2814
      vertex 130.747 -3.19 96.2753
      vertex 130.747 -2.4 96.2753
    endloop
  endfacet
  facet normal 0.190022 0 -0.98178
    outer loop
      vertex 130.777 -3.19 96.2814
      vertex 130.808 -2.4 96.2874
      vertex 130.808 -3.19 96.2874
    endloop
  endfacet
  facet normal 0.190022 0 -0.98178
    outer loop
      vertex 130.808 -2.4 96.2874
      vertex 130.777 -3.19 96.2814
      vertex 130.777 -2.4 96.2814
    endloop
  endfacet
  facet normal 0.168523 0 -0.985698
    outer loop
      vertex 130.808 -3.19 96.2874
      vertex 130.839 -2.4 96.2927
      vertex 130.839 -3.19 96.2927
    endloop
  endfacet
  facet normal 0.168523 0 -0.985698
    outer loop
      vertex 130.839 -2.4 96.2927
      vertex 130.808 -3.19 96.2874
      vertex 130.808 -2.4 96.2874
    endloop
  endfacet
  facet normal 0.120092 0 -0.992763
    outer loop
      vertex 130.839 -3.19 96.2927
      vertex 130.901 -2.4 96.3002
      vertex 130.901 -3.19 96.3002
    endloop
  endfacet
  facet normal 0.120092 0 -0.992763
    outer loop
      vertex 130.901 -2.4 96.3002
      vertex 130.839 -3.19 96.2927
      vertex 130.839 -2.4 96.2927
    endloop
  endfacet
  facet normal 0.071247 0 -0.997459
    outer loop
      vertex 130.901 -3.19 96.3002
      vertex 130.964 -2.4 96.3047
      vertex 130.964 -3.19 96.3047
    endloop
  endfacet
  facet normal 0.071247 0 -0.997459
    outer loop
      vertex 130.964 -2.4 96.3047
      vertex 130.901 -3.19 96.3002
      vertex 130.901 -2.4 96.3002
    endloop
  endfacet
  facet normal 0.0238028 0 -0.999717
    outer loop
      vertex 130.964 -3.19 96.3047
      vertex 131.027 -2.4 96.3062
      vertex 131.027 -3.19 96.3062
    endloop
  endfacet
  facet normal 0.0238028 0 -0.999717
    outer loop
      vertex 131.027 -2.4 96.3062
      vertex 130.964 -3.19 96.3047
      vertex 130.964 -2.4 96.3047
    endloop
  endfacet
  facet normal -0.0241865 0 -0.999707
    outer loop
      vertex 131.027 -3.19 96.3062
      vertex 131.089 -2.4 96.3047
      vertex 131.089 -3.19 96.3047
    endloop
  endfacet
  facet normal -0.0241865 0 -0.999707
    outer loop
      vertex 131.089 -2.4 96.3047
      vertex 131.027 -3.19 96.3062
      vertex 131.027 -2.4 96.3062
    endloop
  endfacet
  facet normal -0.071247 0 -0.997459
    outer loop
      vertex 131.089 -3.19 96.3047
      vertex 131.152 -2.4 96.3002
      vertex 131.152 -3.19 96.3002
    endloop
  endfacet
  facet normal -0.071247 0 -0.997459
    outer loop
      vertex 131.152 -2.4 96.3002
      vertex 131.089 -3.19 96.3047
      vertex 131.089 -2.4 96.3047
    endloop
  endfacet
  facet normal -0.120092 0 -0.992763
    outer loop
      vertex 131.152 -3.19 96.3002
      vertex 131.214 -2.4 96.2927
      vertex 131.214 -3.19 96.2927
    endloop
  endfacet
  facet normal -0.120092 0 -0.992763
    outer loop
      vertex 131.214 -2.4 96.2927
      vertex 131.152 -3.19 96.3002
      vertex 131.152 -2.4 96.3002
    endloop
  endfacet
  facet normal -0.168523 0 -0.985698
    outer loop
      vertex 131.214 -3.19 96.2927
      vertex 131.245 -2.4 96.2874
      vertex 131.245 -3.19 96.2874
    endloop
  endfacet
  facet normal -0.168523 0 -0.985698
    outer loop
      vertex 131.245 -2.4 96.2874
      vertex 131.214 -3.19 96.2927
      vertex 131.214 -2.4 96.2927
    endloop
  endfacet
  facet normal -0.190022 0 -0.98178
    outer loop
      vertex 131.245 -3.19 96.2874
      vertex 131.276 -2.4 96.2814
      vertex 131.276 -3.19 96.2814
    endloop
  endfacet
  facet normal -0.190022 0 -0.98178
    outer loop
      vertex 131.276 -2.4 96.2814
      vertex 131.245 -3.19 96.2874
      vertex 131.245 -2.4 96.2874
    endloop
  endfacet
  facet normal -0.199256 0 -0.979947
    outer loop
      vertex 131.276 -3.19 96.2814
      vertex 131.306 -2.4 96.2753
      vertex 131.306 -3.19 96.2753
    endloop
  endfacet
  facet normal -0.199256 0 -0.979947
    outer loop
      vertex 131.306 -2.4 96.2753
      vertex 131.276 -3.19 96.2814
      vertex 131.276 -2.4 96.2814
    endloop
  endfacet
  facet normal -0.235151 0 -0.971959
    outer loop
      vertex 131.306 -3.19 96.2753
      vertex 131.337 -2.4 96.2678
      vertex 131.337 -3.19 96.2678
    endloop
  endfacet
  facet normal -0.235151 0 -0.971959
    outer loop
      vertex 131.337 -2.4 96.2678
      vertex 131.306 -3.19 96.2753
      vertex 131.306 -2.4 96.2753
    endloop
  endfacet
  facet normal -0.265156 0 -0.964205
    outer loop
      vertex 131.337 -3.19 96.2678
      vertex 131.397 -2.4 96.2513
      vertex 131.397 -3.19 96.2513
    endloop
  endfacet
  facet normal -0.265156 0 -0.964205
    outer loop
      vertex 131.397 -2.4 96.2513
      vertex 131.337 -3.19 96.2678
      vertex 131.337 -2.4 96.2678
    endloop
  endfacet
  facet normal -0.305908 0 -0.952061
    outer loop
      vertex 131.397 -3.19 96.2513
      vertex 131.458 -2.4 96.2317
      vertex 131.458 -3.19 96.2317
    endloop
  endfacet
  facet normal -0.305908 0 -0.952061
    outer loop
      vertex 131.458 -2.4 96.2317
      vertex 131.397 -3.19 96.2513
      vertex 131.397 -2.4 96.2513
    endloop
  endfacet
  facet normal -0.36167 0 -0.932306
    outer loop
      vertex 131.458 -3.19 96.2317
      vertex 131.516 -2.4 96.2092
      vertex 131.516 -3.19 96.2092
    endloop
  endfacet
  facet normal -0.36167 0 -0.932306
    outer loop
      vertex 131.516 -2.4 96.2092
      vertex 131.458 -3.19 96.2317
      vertex 131.458 -2.4 96.2317
    endloop
  endfacet
  facet normal -0.409699 0 -0.912221
    outer loop
      vertex 131.516 -3.19 96.2092
      vertex 131.573 -2.4 96.1836
      vertex 131.573 -3.19 96.1836
    endloop
  endfacet
  facet normal -0.409699 0 -0.912221
    outer loop
      vertex 131.573 -2.4 96.1836
      vertex 131.516 -3.19 96.2092
      vertex 131.516 -2.4 96.2092
    endloop
  endfacet
  facet normal -0.454831 0 -0.890578
    outer loop
      vertex 131.573 -3.19 96.1836
      vertex 131.629 -2.4 96.155
      vertex 131.629 -3.19 96.155
    endloop
  endfacet
  facet normal -0.454831 0 -0.890578
    outer loop
      vertex 131.629 -2.4 96.155
      vertex 131.573 -3.19 96.1836
      vertex 131.573 -2.4 96.1836
    endloop
  endfacet
  facet normal -0.472221 0 -0.88148
    outer loop
      vertex 131.629 -3.19 96.155
      vertex 131.657 -2.4 96.14
      vertex 131.657 -3.19 96.14
    endloop
  endfacet
  facet normal -0.472221 0 -0.88148
    outer loop
      vertex 131.657 -2.4 96.14
      vertex 131.629 -3.19 96.155
      vertex 131.629 -2.4 96.155
    endloop
  endfacet
  facet normal -0.505063 0 -0.863082
    outer loop
      vertex 131.657 -3.19 96.14
      vertex 131.684 -2.4 96.1242
      vertex 131.684 -3.19 96.1242
    endloop
  endfacet
  facet normal -0.505063 0 -0.863082
    outer loop
      vertex 131.684 -2.4 96.1242
      vertex 131.657 -3.19 96.14
      vertex 131.657 -2.4 96.14
    endloop
  endfacet
  facet normal -0.538133 0 -0.84286
    outer loop
      vertex 131.684 -3.19 96.1242
      vertex 131.71 -2.4 96.1076
      vertex 131.71 -3.19 96.1076
    endloop
  endfacet
  facet normal -0.538133 0 -0.84286
    outer loop
      vertex 131.71 -2.4 96.1076
      vertex 131.684 -3.19 96.1242
      vertex 131.684 -2.4 96.1242
    endloop
  endfacet
  facet normal -0.546653 0 -0.837359
    outer loop
      vertex 131.71 -3.19 96.1076
      vertex 131.763 -2.4 96.073
      vertex 131.763 -3.19 96.073
    endloop
  endfacet
  facet normal -0.546653 0 -0.837359
    outer loop
      vertex 131.763 -2.4 96.073
      vertex 131.71 -3.19 96.1076
      vertex 131.71 -2.4 96.1076
    endloop
  endfacet
  facet normal -0.585946 0 -0.81035
    outer loop
      vertex 131.763 -3.19 96.073
      vertex 131.789 -2.4 96.0542
      vertex 131.789 -3.19 96.0542
    endloop
  endfacet
  facet normal -0.585946 0 -0.81035
    outer loop
      vertex 131.789 -2.4 96.0542
      vertex 131.763 -3.19 96.073
      vertex 131.763 -2.4 96.073
    endloop
  endfacet
  facet normal -0.616662 0 -0.787228
    outer loop
      vertex 131.789 -3.19 96.0542
      vertex 131.813 -2.4 96.0354
      vertex 131.813 -3.19 96.0354
    endloop
  endfacet
  facet normal -0.616662 0 -0.787228
    outer loop
      vertex 131.813 -2.4 96.0354
      vertex 131.789 -3.19 96.0542
      vertex 131.789 -2.4 96.0542
    endloop
  endfacet
  facet normal -0.632535 0 -0.774532
    outer loop
      vertex 131.813 -3.19 96.0354
      vertex 131.837 -2.4 96.0158
      vertex 131.837 -3.19 96.0158
    endloop
  endfacet
  facet normal -0.632535 0 -0.774532
    outer loop
      vertex 131.837 -2.4 96.0158
      vertex 131.813 -3.19 96.0354
      vertex 131.813 -2.4 96.0354
    endloop
  endfacet
  facet normal -0.638018 0 -0.770022
    outer loop
      vertex 131.837 -3.19 96.0158
      vertex 131.886 -2.4 95.9752
      vertex 131.886 -3.19 95.9752
    endloop
  endfacet
  facet normal -0.638018 0 -0.770022
    outer loop
      vertex 131.886 -2.4 95.9752
      vertex 131.837 -3.19 96.0158
      vertex 131.837 -2.4 96.0158
    endloop
  endfacet
  facet normal -0.695847 0 -0.71819
    outer loop
      vertex 131.886 -3.19 95.9752
      vertex 131.931 -2.4 95.9316
      vertex 131.931 -3.19 95.9316
    endloop
  endfacet
  facet normal -0.695847 0 -0.71819
    outer loop
      vertex 131.931 -2.4 95.9316
      vertex 131.886 -3.19 95.9752
      vertex 131.886 -2.4 95.9752
    endloop
  endfacet
  facet normal -0.723756 0 -0.690056
    outer loop
      vertex 131.974 -3.19 95.8865
      vertex 131.931 -2.4 95.9316
      vertex 131.974 -2.4 95.8865
    endloop
  endfacet
  facet normal -0.723756 -0 -0.690056
    outer loop
      vertex 131.931 -2.4 95.9316
      vertex 131.974 -3.19 95.8865
      vertex 131.931 -3.19 95.9316
    endloop
  endfacet
  facet normal -0.761705 0 -0.647924
    outer loop
      vertex 132.015 -3.19 95.8383
      vertex 131.974 -2.4 95.8865
      vertex 132.015 -2.4 95.8383
    endloop
  endfacet
  facet normal -0.761705 -0 -0.647924
    outer loop
      vertex 131.974 -2.4 95.8865
      vertex 132.015 -3.19 95.8383
      vertex 131.974 -3.19 95.8865
    endloop
  endfacet
  facet normal -0.769528 0 -0.638613
    outer loop
      vertex 132.035 -3.19 95.8142
      vertex 132.015 -2.4 95.8383
      vertex 132.035 -2.4 95.8142
    endloop
  endfacet
  facet normal -0.769528 -0 -0.638613
    outer loop
      vertex 132.015 -2.4 95.8383
      vertex 132.035 -3.19 95.8142
      vertex 132.015 -3.19 95.8383
    endloop
  endfacet
  facet normal -0.8093 0 -0.587395
    outer loop
      vertex 132.053 -3.19 95.7894
      vertex 132.035 -2.4 95.8142
      vertex 132.053 -2.4 95.7894
    endloop
  endfacet
  facet normal -0.8093 -0 -0.587395
    outer loop
      vertex 132.035 -2.4 95.8142
      vertex 132.053 -3.19 95.7894
      vertex 132.035 -3.19 95.8142
    endloop
  endfacet
  facet normal -0.803001 0 -0.595977
    outer loop
      vertex 132.072 -3.19 95.7638
      vertex 132.053 -2.4 95.7894
      vertex 132.072 -2.4 95.7638
    endloop
  endfacet
  facet normal -0.803001 -0 -0.595977
    outer loop
      vertex 132.053 -2.4 95.7894
      vertex 132.072 -3.19 95.7638
      vertex 132.053 -3.19 95.7894
    endloop
  endfacet
  facet normal -0.832537 0 -0.553969
    outer loop
      vertex 132.107 -3.19 95.7112
      vertex 132.072 -2.4 95.7638
      vertex 132.107 -2.4 95.7112
    endloop
  endfacet
  facet normal -0.832537 -0 -0.553969
    outer loop
      vertex 132.072 -2.4 95.7638
      vertex 132.107 -3.19 95.7112
      vertex 132.072 -3.19 95.7638
    endloop
  endfacet
  facet normal -0.854324 0 -0.519741
    outer loop
      vertex 132.123 -3.19 95.6849
      vertex 132.107 -2.4 95.7112
      vertex 132.123 -2.4 95.6849
    endloop
  endfacet
  facet normal -0.854324 -0 -0.519741
    outer loop
      vertex 132.107 -2.4 95.7112
      vertex 132.123 -3.19 95.6849
      vertex 132.107 -3.19 95.7112
    endloop
  endfacet
  facet normal -0.861116 0 -0.508408
    outer loop
      vertex 132.139 -3.19 95.6578
      vertex 132.123 -2.4 95.6849
      vertex 132.139 -2.4 95.6578
    endloop
  endfacet
  facet normal -0.861116 -0 -0.508408
    outer loop
      vertex 132.123 -2.4 95.6849
      vertex 132.139 -3.19 95.6578
      vertex 132.123 -3.19 95.6849
    endloop
  endfacet
  facet normal -0.880775 0 -0.473535
    outer loop
      vertex 132.154 -3.19 95.6299
      vertex 132.139 -2.4 95.6578
      vertex 132.154 -2.4 95.6299
    endloop
  endfacet
  facet normal -0.880775 -0 -0.473535
    outer loop
      vertex 132.139 -2.4 95.6578
      vertex 132.154 -3.19 95.6299
      vertex 132.139 -3.19 95.6578
    endloop
  endfacet
  facet normal -0.886642 0 -0.462457
    outer loop
      vertex 132.183 -3.19 95.5743
      vertex 132.154 -2.4 95.6299
      vertex 132.183 -2.4 95.5743
    endloop
  endfacet
  facet normal -0.886642 -0 -0.462457
    outer loop
      vertex 132.154 -2.4 95.6299
      vertex 132.183 -3.19 95.5743
      vertex 132.154 -3.19 95.6299
    endloop
  endfacet
  facet normal -0.916304 0 -0.400483
    outer loop
      vertex 132.208 -3.19 95.5171
      vertex 132.183 -2.4 95.5743
      vertex 132.208 -2.4 95.5171
    endloop
  endfacet
  facet normal -0.916304 -0 -0.400483
    outer loop
      vertex 132.183 -2.4 95.5743
      vertex 132.208 -3.19 95.5171
      vertex 132.183 -3.19 95.5743
    endloop
  endfacet
  facet normal -0.931079 0 -0.364818
    outer loop
      vertex 132.231 -3.19 95.4584
      vertex 132.208 -2.4 95.5171
      vertex 132.231 -2.4 95.4584
    endloop
  endfacet
  facet normal -0.931079 -0 -0.364818
    outer loop
      vertex 132.208 -2.4 95.5171
      vertex 132.231 -3.19 95.4584
      vertex 132.208 -3.19 95.5171
    endloop
  endfacet
  facet normal -0.953487 0 -0.301435
    outer loop
      vertex 132.25 -3.19 95.3983
      vertex 132.231 -2.4 95.4584
      vertex 132.25 -2.4 95.3983
    endloop
  endfacet
  facet normal -0.953487 -0 -0.301435
    outer loop
      vertex 132.231 -2.4 95.4584
      vertex 132.25 -3.19 95.3983
      vertex 132.231 -3.19 95.4584
    endloop
  endfacet
  facet normal -0.962364 0 -0.271764
    outer loop
      vertex 132.267 -3.19 95.3381
      vertex 132.25 -2.4 95.3983
      vertex 132.267 -2.4 95.3381
    endloop
  endfacet
  facet normal -0.962364 -0 -0.271764
    outer loop
      vertex 132.25 -2.4 95.3983
      vertex 132.267 -3.19 95.3381
      vertex 132.25 -3.19 95.3983
    endloop
  endfacet
  facet normal -0.975288 0 -0.220939
    outer loop
      vertex 132.274 -3.19 95.3072
      vertex 132.267 -2.4 95.3381
      vertex 132.274 -2.4 95.3072
    endloop
  endfacet
  facet normal -0.975288 -0 -0.220939
    outer loop
      vertex 132.267 -2.4 95.3381
      vertex 132.274 -3.19 95.3072
      vertex 132.267 -3.19 95.3381
    endloop
  endfacet
  facet normal -0.980581 0 -0.196116
    outer loop
      vertex 132.28 -3.19 95.2772
      vertex 132.274 -2.4 95.3072
      vertex 132.28 -2.4 95.2772
    endloop
  endfacet
  facet normal -0.980581 -0 -0.196116
    outer loop
      vertex 132.274 -2.4 95.3072
      vertex 132.28 -3.19 95.2772
      vertex 132.274 -3.19 95.3072
    endloop
  endfacet
  facet normal -0.981665 0 -0.190615
    outer loop
      vertex 132.286 -3.19 95.2463
      vertex 132.28 -2.4 95.2772
      vertex 132.286 -2.4 95.2463
    endloop
  endfacet
  facet normal -0.981665 -0 -0.190615
    outer loop
      vertex 132.28 -2.4 95.2772
      vertex 132.286 -3.19 95.2463
      vertex 132.28 -3.19 95.2772
    endloop
  endfacet
  facet normal -0.982447 0 -0.186541
    outer loop
      vertex 132.292 -3.19 95.2147
      vertex 132.286 -2.4 95.2463
      vertex 132.292 -2.4 95.2147
    endloop
  endfacet
  facet normal -0.982447 -0 -0.186541
    outer loop
      vertex 132.286 -2.4 95.2463
      vertex 132.292 -3.19 95.2147
      vertex 132.286 -3.19 95.2463
    endloop
  endfacet
  facet normal -0.993605 0 -0.11291
    outer loop
      vertex 132.299 -3.19 95.1531
      vertex 132.292 -2.4 95.2147
      vertex 132.299 -2.4 95.1531
    endloop
  endfacet
  facet normal -0.993605 -0 -0.11291
    outer loop
      vertex 132.292 -2.4 95.2147
      vertex 132.299 -3.19 95.1531
      vertex 132.292 -3.19 95.2147
    endloop
  endfacet
  facet normal -0.996885 0 -0.0788675
    outer loop
      vertex 132.304 -3.19 95.0899
      vertex 132.299 -2.4 95.1531
      vertex 132.304 -2.4 95.0899
    endloop
  endfacet
  facet normal -0.996885 -0 -0.0788675
    outer loop
      vertex 132.299 -2.4 95.1531
      vertex 132.304 -3.19 95.0899
      vertex 132.299 -3.19 95.1531
    endloop
  endfacet
  facet normal -0.999872 0 -0.015998
    outer loop
      vertex 132.305 -3.19 95.0274
      vertex 132.304 -2.4 95.0899
      vertex 132.305 -2.4 95.0274
    endloop
  endfacet
  facet normal -0.999872 -0 -0.015998
    outer loop
      vertex 132.304 -2.4 95.0899
      vertex 132.305 -3.19 95.0274
      vertex 132.304 -3.19 95.0899
    endloop
  endfacet
  facet normal -0.999872 0 0.0160236
    outer loop
      vertex 132.304 -3.19 94.965
      vertex 132.305 -2.4 95.0274
      vertex 132.304 -2.4 94.965
    endloop
  endfacet
  facet normal -0.999872 0 0.0160236
    outer loop
      vertex 132.305 -2.4 95.0274
      vertex 132.304 -3.19 94.965
      vertex 132.305 -3.19 95.0274
    endloop
  endfacet
  facet normal -0.996885 0 0.0788675
    outer loop
      vertex 132.299 -3.19 94.9018
      vertex 132.304 -2.4 94.965
      vertex 132.299 -2.4 94.9018
    endloop
  endfacet
  facet normal -0.996885 0 0.0788675
    outer loop
      vertex 132.304 -2.4 94.965
      vertex 132.299 -3.19 94.9018
      vertex 132.304 -3.19 94.965
    endloop
  endfacet
  facet normal -0.993626 0 0.112729
    outer loop
      vertex 132.292 -3.19 94.8401
      vertex 132.299 -2.4 94.9018
      vertex 132.292 -2.4 94.8401
    endloop
  endfacet
  facet normal -0.993626 0 0.112729
    outer loop
      vertex 132.299 -2.4 94.9018
      vertex 132.292 -3.19 94.8401
      vertex 132.299 -3.19 94.9018
    endloop
  endfacet
  facet normal -0.982447 0 0.186541
    outer loop
      vertex 132.286 -3.19 94.8085
      vertex 132.292 -2.4 94.8401
      vertex 132.286 -2.4 94.8085
    endloop
  endfacet
  facet normal -0.982447 0 0.186541
    outer loop
      vertex 132.292 -2.4 94.8401
      vertex 132.286 -3.19 94.8085
      vertex 132.292 -3.19 94.8401
    endloop
  endfacet
  facet normal -0.981549 0 0.191211
    outer loop
      vertex 132.28 -3.19 94.7777
      vertex 132.286 -2.4 94.8085
      vertex 132.28 -2.4 94.7777
    endloop
  endfacet
  facet normal -0.981549 0 0.191211
    outer loop
      vertex 132.286 -2.4 94.8085
      vertex 132.28 -3.19 94.7777
      vertex 132.286 -3.19 94.8085
    endloop
  endfacet
  facet normal -0.980706 0 0.19549
    outer loop
      vertex 132.274 -3.19 94.7476
      vertex 132.28 -2.4 94.7777
      vertex 132.274 -2.4 94.7476
    endloop
  endfacet
  facet normal -0.980706 0 0.19549
    outer loop
      vertex 132.28 -2.4 94.7777
      vertex 132.274 -3.19 94.7476
      vertex 132.28 -3.19 94.7777
    endloop
  endfacet
  facet normal -0.975133 0 0.221621
    outer loop
      vertex 132.267 -3.19 94.7168
      vertex 132.274 -2.4 94.7476
      vertex 132.267 -2.4 94.7168
    endloop
  endfacet
  facet normal -0.975133 0 0.221621
    outer loop
      vertex 132.274 -2.4 94.7476
      vertex 132.267 -3.19 94.7168
      vertex 132.274 -3.19 94.7476
    endloop
  endfacet
  facet normal -0.962364 0 0.271764
    outer loop
      vertex 132.25 -3.19 94.6566
      vertex 132.267 -2.4 94.7168
      vertex 132.25 -2.4 94.6566
    endloop
  endfacet
  facet normal -0.962364 0 0.271764
    outer loop
      vertex 132.267 -2.4 94.7168
      vertex 132.25 -3.19 94.6566
      vertex 132.267 -3.19 94.7168
    endloop
  endfacet
  facet normal -0.953631 0 0.30098
    outer loop
      vertex 132.231 -3.19 94.5964
      vertex 132.25 -2.4 94.6566
      vertex 132.231 -2.4 94.5964
    endloop
  endfacet
  facet normal -0.953631 0 0.30098
    outer loop
      vertex 132.25 -2.4 94.6566
      vertex 132.231 -3.19 94.5964
      vertex 132.25 -3.19 94.6566
    endloop
  endfacet
  facet normal -0.931079 0 0.364818
    outer loop
      vertex 132.208 -3.19 94.5377
      vertex 132.231 -2.4 94.5964
      vertex 132.208 -2.4 94.5377
    endloop
  endfacet
  facet normal -0.931079 0 0.364818
    outer loop
      vertex 132.231 -2.4 94.5964
      vertex 132.208 -3.19 94.5377
      vertex 132.231 -3.19 94.5964
    endloop
  endfacet
  facet normal -0.916047 0 0.401071
    outer loop
      vertex 132.183 -3.19 94.4806
      vertex 132.208 -2.4 94.5377
      vertex 132.183 -2.4 94.4806
    endloop
  endfacet
  facet normal -0.916047 0 0.401071
    outer loop
      vertex 132.208 -2.4 94.5377
      vertex 132.183 -3.19 94.4806
      vertex 132.208 -3.19 94.5377
    endloop
  endfacet
  facet normal -0.886982 0 0.461804
    outer loop
      vertex 132.154 -3.19 94.4249
      vertex 132.183 -2.4 94.4806
      vertex 132.154 -2.4 94.4249
    endloop
  endfacet
  facet normal -0.886982 0 0.461804
    outer loop
      vertex 132.183 -2.4 94.4806
      vertex 132.154 -3.19 94.4249
      vertex 132.183 -3.19 94.4806
    endloop
  endfacet
  facet normal -0.880064 0 0.474855
    outer loop
      vertex 132.139 -3.19 94.3971
      vertex 132.154 -2.4 94.4249
      vertex 132.139 -2.4 94.3971
    endloop
  endfacet
  facet normal -0.880064 0 0.474855
    outer loop
      vertex 132.154 -2.4 94.4249
      vertex 132.139 -3.19 94.3971
      vertex 132.154 -3.19 94.4249
    endloop
  endfacet
  facet normal -0.861116 0 0.508408
    outer loop
      vertex 132.123 -3.19 94.37
      vertex 132.139 -2.4 94.3971
      vertex 132.123 -2.4 94.37
    endloop
  endfacet
  facet normal -0.861116 0 0.508408
    outer loop
      vertex 132.139 -2.4 94.3971
      vertex 132.123 -3.19 94.37
      vertex 132.139 -3.19 94.3971
    endloop
  endfacet
  facet normal -0.854324 0 0.519741
    outer loop
      vertex 132.107 -3.19 94.3437
      vertex 132.123 -2.4 94.37
      vertex 132.107 -2.4 94.3437
    endloop
  endfacet
  facet normal -0.854324 0 0.519741
    outer loop
      vertex 132.123 -2.4 94.37
      vertex 132.107 -3.19 94.3437
      vertex 132.123 -3.19 94.37
    endloop
  endfacet
  facet normal -0.833022 0 0.55324
    outer loop
      vertex 132.072 -3.19 94.291
      vertex 132.107 -2.4 94.3437
      vertex 132.072 -2.4 94.291
    endloop
  endfacet
  facet normal -0.833022 0 0.55324
    outer loop
      vertex 132.107 -2.4 94.3437
      vertex 132.072 -3.19 94.291
      vertex 132.107 -3.19 94.3437
    endloop
  endfacet
  facet normal -0.803001 0 0.595977
    outer loop
      vertex 132.053 -3.19 94.2654
      vertex 132.072 -2.4 94.291
      vertex 132.053 -2.4 94.2654
    endloop
  endfacet
  facet normal -0.803001 0 0.595977
    outer loop
      vertex 132.072 -2.4 94.291
      vertex 132.053 -3.19 94.2654
      vertex 132.072 -3.19 94.291
    endloop
  endfacet
  facet normal -0.8093 0 0.587395
    outer loop
      vertex 132.035 -3.19 94.2406
      vertex 132.053 -2.4 94.2654
      vertex 132.035 -2.4 94.2406
    endloop
  endfacet
  facet normal -0.8093 0 0.587395
    outer loop
      vertex 132.053 -2.4 94.2654
      vertex 132.035 -3.19 94.2406
      vertex 132.053 -3.19 94.2654
    endloop
  endfacet
  facet normal -0.769528 0 0.638613
    outer loop
      vertex 132.015 -3.19 94.2165
      vertex 132.035 -2.4 94.2406
      vertex 132.015 -2.4 94.2165
    endloop
  endfacet
  facet normal -0.769528 0 0.638613
    outer loop
      vertex 132.035 -2.4 94.2406
      vertex 132.015 -3.19 94.2165
      vertex 132.035 -3.19 94.2406
    endloop
  endfacet
  facet normal -0.761041 0 0.648704
    outer loop
      vertex 131.974 -3.19 94.1684
      vertex 132.015 -2.4 94.2165
      vertex 131.974 -2.4 94.1684
    endloop
  endfacet
  facet normal -0.761041 0 0.648704
    outer loop
      vertex 132.015 -2.4 94.2165
      vertex 131.974 -3.19 94.1684
      vertex 132.015 -3.19 94.2165
    endloop
  endfacet
  facet normal -0.723756 0 0.690056
    outer loop
      vertex 131.931 -3.19 94.1233
      vertex 131.974 -2.4 94.1684
      vertex 131.931 -2.4 94.1233
    endloop
  endfacet
  facet normal -0.723756 0 0.690056
    outer loop
      vertex 131.974 -2.4 94.1684
      vertex 131.931 -3.19 94.1233
      vertex 131.974 -3.19 94.1684
    endloop
  endfacet
  facet normal -0.695847 0 0.71819
    outer loop
      vertex 131.886 -2.4 94.0797
      vertex 131.931 -3.19 94.1233
      vertex 131.931 -2.4 94.1233
    endloop
  endfacet
  facet normal -0.695847 0 0.71819
    outer loop
      vertex 131.931 -3.19 94.1233
      vertex 131.886 -2.4 94.0797
      vertex 131.886 -3.19 94.0797
    endloop
  endfacet
  facet normal -0.638948 0 0.76925
    outer loop
      vertex 131.837 -2.4 94.039
      vertex 131.886 -3.19 94.0797
      vertex 131.886 -2.4 94.0797
    endloop
  endfacet
  facet normal -0.638948 0 0.76925
    outer loop
      vertex 131.886 -3.19 94.0797
      vertex 131.837 -2.4 94.039
      vertex 131.837 -3.19 94.039
    endloop
  endfacet
  facet normal -0.630593 0 0.776114
    outer loop
      vertex 131.813 -2.4 94.0195
      vertex 131.837 -3.19 94.039
      vertex 131.837 -2.4 94.039
    endloop
  endfacet
  facet normal -0.630593 0 0.776114
    outer loop
      vertex 131.837 -3.19 94.039
      vertex 131.813 -2.4 94.0195
      vertex 131.813 -3.19 94.0195
    endloop
  endfacet
  facet normal -0.616662 0 0.787228
    outer loop
      vertex 131.789 -2.4 94.0007
      vertex 131.813 -3.19 94.0195
      vertex 131.813 -2.4 94.0195
    endloop
  endfacet
  facet normal -0.616662 0 0.787228
    outer loop
      vertex 131.813 -3.19 94.0195
      vertex 131.789 -2.4 94.0007
      vertex 131.789 -3.19 94.0007
    endloop
  endfacet
  facet normal -0.585946 0 0.81035
    outer loop
      vertex 131.763 -2.4 93.9819
      vertex 131.789 -3.19 94.0007
      vertex 131.789 -2.4 94.0007
    endloop
  endfacet
  facet normal -0.585946 0 0.81035
    outer loop
      vertex 131.789 -3.19 94.0007
      vertex 131.763 -2.4 93.9819
      vertex 131.763 -3.19 93.9819
    endloop
  endfacet
  facet normal -0.546653 0 0.837359
    outer loop
      vertex 131.71 -2.4 93.9473
      vertex 131.763 -3.19 93.9819
      vertex 131.763 -2.4 93.9819
    endloop
  endfacet
  facet normal -0.546653 0 0.837359
    outer loop
      vertex 131.763 -3.19 93.9819
      vertex 131.71 -2.4 93.9473
      vertex 131.71 -3.19 93.9473
    endloop
  endfacet
  facet normal -0.538133 0 0.84286
    outer loop
      vertex 131.684 -2.4 93.9307
      vertex 131.71 -3.19 93.9473
      vertex 131.71 -2.4 93.9473
    endloop
  endfacet
  facet normal -0.538133 0 0.84286
    outer loop
      vertex 131.71 -3.19 93.9473
      vertex 131.684 -2.4 93.9307
      vertex 131.684 -3.19 93.9307
    endloop
  endfacet
  facet normal -0.505063 0 0.863082
    outer loop
      vertex 131.657 -2.4 93.9149
      vertex 131.684 -3.19 93.9307
      vertex 131.684 -2.4 93.9307
    endloop
  endfacet
  facet normal -0.505063 0 0.863082
    outer loop
      vertex 131.684 -3.19 93.9307
      vertex 131.657 -2.4 93.9149
      vertex 131.657 -3.19 93.9149
    endloop
  endfacet
  facet normal -0.472221 0 0.88148
    outer loop
      vertex 131.629 -2.4 93.8999
      vertex 131.657 -3.19 93.9149
      vertex 131.657 -2.4 93.9149
    endloop
  endfacet
  facet normal -0.472221 0 0.88148
    outer loop
      vertex 131.657 -3.19 93.9149
      vertex 131.629 -2.4 93.8999
      vertex 131.629 -3.19 93.8999
    endloop
  endfacet
  facet normal -0.454831 0 0.890578
    outer loop
      vertex 131.573 -2.4 93.8713
      vertex 131.629 -3.19 93.8999
      vertex 131.629 -2.4 93.8999
    endloop
  endfacet
  facet normal -0.454831 0 0.890578
    outer loop
      vertex 131.629 -3.19 93.8999
      vertex 131.573 -2.4 93.8713
      vertex 131.573 -3.19 93.8713
    endloop
  endfacet
  facet normal -0.409699 0 0.912221
    outer loop
      vertex 131.516 -2.4 93.8457
      vertex 131.573 -3.19 93.8713
      vertex 131.573 -2.4 93.8713
    endloop
  endfacet
  facet normal -0.409699 0 0.912221
    outer loop
      vertex 131.573 -3.19 93.8713
      vertex 131.516 -2.4 93.8457
      vertex 131.516 -3.19 93.8457
    endloop
  endfacet
  facet normal -0.36167 0 0.932306
    outer loop
      vertex 131.458 -2.4 93.8232
      vertex 131.516 -3.19 93.8457
      vertex 131.516 -2.4 93.8457
    endloop
  endfacet
  facet normal -0.36167 0 0.932306
    outer loop
      vertex 131.516 -3.19 93.8457
      vertex 131.458 -2.4 93.8232
      vertex 131.458 -3.19 93.8232
    endloop
  endfacet
  facet normal -0.305908 0 0.952061
    outer loop
      vertex 131.397 -2.4 93.8036
      vertex 131.458 -3.19 93.8232
      vertex 131.458 -2.4 93.8232
    endloop
  endfacet
  facet normal -0.305908 0 0.952061
    outer loop
      vertex 131.458 -3.19 93.8232
      vertex 131.397 -2.4 93.8036
      vertex 131.397 -3.19 93.8036
    endloop
  endfacet
  facet normal -0.26665 0 0.963794
    outer loop
      vertex 131.337 -2.4 93.787
      vertex 131.397 -3.19 93.8036
      vertex 131.397 -2.4 93.8036
    endloop
  endfacet
  facet normal -0.26665 0 0.963794
    outer loop
      vertex 131.397 -3.19 93.8036
      vertex 131.337 -2.4 93.787
      vertex 131.337 -3.19 93.787
    endloop
  endfacet
  facet normal -0.235151 0 0.971959
    outer loop
      vertex 131.306 -2.4 93.7795
      vertex 131.337 -3.19 93.787
      vertex 131.337 -2.4 93.787
    endloop
  endfacet
  facet normal -0.235151 0 0.971959
    outer loop
      vertex 131.337 -3.19 93.787
      vertex 131.306 -2.4 93.7795
      vertex 131.306 -3.19 93.7795
    endloop
  endfacet
  facet normal -0.196116 0 0.980581
    outer loop
      vertex 131.276 -2.4 93.7735
      vertex 131.306 -3.19 93.7795
      vertex 131.306 -2.4 93.7795
    endloop
  endfacet
  facet normal -0.196116 0 0.980581
    outer loop
      vertex 131.306 -3.19 93.7795
      vertex 131.276 -2.4 93.7735
      vertex 131.276 -3.19 93.7735
    endloop
  endfacet
  facet normal -0.190022 0 0.98178
    outer loop
      vertex 131.245 -2.4 93.7675
      vertex 131.276 -3.19 93.7735
      vertex 131.276 -2.4 93.7735
    endloop
  endfacet
  facet normal -0.190022 0 0.98178
    outer loop
      vertex 131.276 -3.19 93.7735
      vertex 131.245 -2.4 93.7675
      vertex 131.245 -3.19 93.7675
    endloop
  endfacet
  facet normal -0.168523 0 0.985698
    outer loop
      vertex 131.214 -2.4 93.7622
      vertex 131.245 -3.19 93.7675
      vertex 131.245 -2.4 93.7675
    endloop
  endfacet
  facet normal -0.168523 0 0.985698
    outer loop
      vertex 131.245 -3.19 93.7675
      vertex 131.214 -2.4 93.7622
      vertex 131.214 -3.19 93.7622
    endloop
  endfacet
  facet normal -0.120092 0 0.992763
    outer loop
      vertex 131.152 -2.4 93.7547
      vertex 131.214 -3.19 93.7622
      vertex 131.214 -2.4 93.7622
    endloop
  endfacet
  facet normal -0.120092 0 0.992763
    outer loop
      vertex 131.214 -3.19 93.7622
      vertex 131.152 -2.4 93.7547
      vertex 131.152 -3.19 93.7547
    endloop
  endfacet
  facet normal -0.071247 0 0.997459
    outer loop
      vertex 131.089 -2.4 93.7502
      vertex 131.152 -3.19 93.7547
      vertex 131.152 -2.4 93.7547
    endloop
  endfacet
  facet normal -0.071247 0 0.997459
    outer loop
      vertex 131.152 -3.19 93.7547
      vertex 131.089 -2.4 93.7502
      vertex 131.089 -3.19 93.7502
    endloop
  endfacet
  facet normal -0.0241865 0 0.999707
    outer loop
      vertex 131.027 -2.4 93.7487
      vertex 131.089 -3.19 93.7502
      vertex 131.089 -2.4 93.7502
    endloop
  endfacet
  facet normal -0.0241865 0 0.999707
    outer loop
      vertex 131.089 -3.19 93.7502
      vertex 131.027 -2.4 93.7487
      vertex 131.027 -3.19 93.7487
    endloop
  endfacet
  facet normal 0.0818671 0 -0.996643
    outer loop
      vertex 131.054 -3.19 94.464
      vertex 131.082 -2.4 94.4663
      vertex 131.082 -3.19 94.4663
    endloop
  endfacet
  facet normal 0.0818671 0 -0.996643
    outer loop
      vertex 131.082 -2.4 94.4663
      vertex 131.054 -3.19 94.464
      vertex 131.054 -2.4 94.464
    endloop
  endfacet
  facet normal 0.110432 0 -0.993884
    outer loop
      vertex 131.082 -3.19 94.4663
      vertex 131.109 -2.4 94.4693
      vertex 131.109 -3.19 94.4693
    endloop
  endfacet
  facet normal 0.110432 0 -0.993884
    outer loop
      vertex 131.109 -2.4 94.4693
      vertex 131.082 -3.19 94.4663
      vertex 131.082 -2.4 94.4663
    endloop
  endfacet
  facet normal 0.164399 0 -0.986394
    outer loop
      vertex 131.109 -3.19 94.4693
      vertex 131.136 -2.4 94.4738
      vertex 131.136 -3.19 94.4738
    endloop
  endfacet
  facet normal 0.164399 0 -0.986394
    outer loop
      vertex 131.136 -2.4 94.4738
      vertex 131.109 -3.19 94.4693
      vertex 131.109 -2.4 94.4693
    endloop
  endfacet
  facet normal 0.21693 0 -0.976187
    outer loop
      vertex 131.136 -3.19 94.4738
      vertex 131.163 -2.4 94.4798
      vertex 131.163 -3.19 94.4798
    endloop
  endfacet
  facet normal 0.21693 0 -0.976187
    outer loop
      vertex 131.163 -2.4 94.4798
      vertex 131.136 -3.19 94.4738
      vertex 131.136 -2.4 94.4738
    endloop
  endfacet
  facet normal 0.258736 0 -0.965948
    outer loop
      vertex 131.163 -3.19 94.4798
      vertex 131.191 -2.4 94.4873
      vertex 131.191 -3.19 94.4873
    endloop
  endfacet
  facet normal 0.258736 0 -0.965948
    outer loop
      vertex 131.191 -2.4 94.4873
      vertex 131.163 -3.19 94.4798
      vertex 131.163 -2.4 94.4798
    endloop
  endfacet
  facet normal 0.33035 0 -0.943858
    outer loop
      vertex 131.191 -3.19 94.4873
      vertex 131.217 -2.4 94.4964
      vertex 131.217 -3.19 94.4964
    endloop
  endfacet
  facet normal 0.33035 0 -0.943858
    outer loop
      vertex 131.217 -2.4 94.4964
      vertex 131.191 -3.19 94.4873
      vertex 131.191 -2.4 94.4873
    endloop
  endfacet
  facet normal 0.361726 0 -0.932284
    outer loop
      vertex 131.217 -3.19 94.4964
      vertex 131.242 -2.4 94.5061
      vertex 131.242 -3.19 94.5061
    endloop
  endfacet
  facet normal 0.361726 0 -0.932284
    outer loop
      vertex 131.242 -2.4 94.5061
      vertex 131.217 -3.19 94.4964
      vertex 131.217 -2.4 94.4964
    endloop
  endfacet
  facet normal 0.398597 0 -0.917126
    outer loop
      vertex 131.242 -3.19 94.5061
      vertex 131.268 -2.4 94.5174
      vertex 131.268 -3.19 94.5174
    endloop
  endfacet
  facet normal 0.398597 0 -0.917126
    outer loop
      vertex 131.268 -2.4 94.5174
      vertex 131.242 -3.19 94.5061
      vertex 131.242 -2.4 94.5061
    endloop
  endfacet
  facet normal 0.455738 0 -0.890114
    outer loop
      vertex 131.268 -3.19 94.5174
      vertex 131.293 -2.4 94.5302
      vertex 131.293 -3.19 94.5302
    endloop
  endfacet
  facet normal 0.455738 0 -0.890114
    outer loop
      vertex 131.293 -2.4 94.5302
      vertex 131.268 -3.19 94.5174
      vertex 131.268 -2.4 94.5174
    endloop
  endfacet
  facet normal 0.490261 0 -0.871576
    outer loop
      vertex 131.293 -3.19 94.5302
      vertex 131.317 -2.4 94.5437
      vertex 131.317 -3.19 94.5437
    endloop
  endfacet
  facet normal 0.490261 0 -0.871576
    outer loop
      vertex 131.317 -2.4 94.5437
      vertex 131.293 -3.19 94.5302
      vertex 131.293 -2.4 94.5302
    endloop
  endfacet
  facet normal 0.530661 0 -0.847584
    outer loop
      vertex 131.317 -3.19 94.5437
      vertex 131.34 -2.4 94.5581
      vertex 131.34 -3.19 94.5581
    endloop
  endfacet
  facet normal 0.530661 0 -0.847584
    outer loop
      vertex 131.34 -2.4 94.5581
      vertex 131.317 -3.19 94.5437
      vertex 131.317 -2.4 94.5437
    endloop
  endfacet
  facet normal 0.582908 0 -0.812538
    outer loop
      vertex 131.34 -3.19 94.5581
      vertex 131.363 -2.4 94.5746
      vertex 131.363 -3.19 94.5746
    endloop
  endfacet
  facet normal 0.582908 0 -0.812538
    outer loop
      vertex 131.363 -2.4 94.5746
      vertex 131.34 -3.19 94.5581
      vertex 131.34 -2.4 94.5581
    endloop
  endfacet
  facet normal 0.6 0 -0.8
    outer loop
      vertex 131.363 -3.19 94.5746
      vertex 131.385 -2.4 94.5911
      vertex 131.385 -3.19 94.5911
    endloop
  endfacet
  facet normal 0.6 0 -0.8
    outer loop
      vertex 131.385 -2.4 94.5911
      vertex 131.363 -3.19 94.5746
      vertex 131.363 -2.4 94.5746
    endloop
  endfacet
  facet normal 0.652868 0 -0.757471
    outer loop
      vertex 131.385 -3.19 94.5911
      vertex 131.406 -2.4 94.6092
      vertex 131.406 -3.19 94.6092
    endloop
  endfacet
  facet normal 0.652868 0 -0.757471
    outer loop
      vertex 131.406 -2.4 94.6092
      vertex 131.385 -3.19 94.5911
      vertex 131.385 -2.4 94.5911
    endloop
  endfacet
  facet normal 0.708012 0 -0.706201
    outer loop
      vertex 131.406 -3.19 94.6092
      vertex 131.445 -2.4 94.6483
      vertex 131.445 -3.19 94.6483
    endloop
  endfacet
  facet normal 0.708012 0 -0.706201
    outer loop
      vertex 131.445 -2.4 94.6483
      vertex 131.406 -3.19 94.6092
      vertex 131.406 -2.4 94.6092
    endloop
  endfacet
  facet normal 0.760782 0 -0.649008
    outer loop
      vertex 131.463 -3.19 94.6694
      vertex 131.445 -2.4 94.6483
      vertex 131.463 -2.4 94.6694
    endloop
  endfacet
  facet normal 0.760782 0 -0.649008
    outer loop
      vertex 131.445 -2.4 94.6483
      vertex 131.463 -3.19 94.6694
      vertex 131.445 -3.19 94.6483
    endloop
  endfacet
  facet normal 0.80617 0 -0.591684
    outer loop
      vertex 131.479 -3.19 94.6912
      vertex 131.463 -2.4 94.6694
      vertex 131.479 -2.4 94.6912
    endloop
  endfacet
  facet normal 0.80617 0 -0.591684
    outer loop
      vertex 131.463 -2.4 94.6694
      vertex 131.479 -3.19 94.6912
      vertex 131.463 -3.19 94.6694
    endloop
  endfacet
  facet normal 0.799151 0 -0.601131
    outer loop
      vertex 131.496 -3.19 94.7138
      vertex 131.479 -2.4 94.6912
      vertex 131.496 -2.4 94.7138
    endloop
  endfacet
  facet normal 0.799151 0 -0.601131
    outer loop
      vertex 131.479 -2.4 94.6912
      vertex 131.496 -3.19 94.7138
      vertex 131.479 -3.19 94.6912
    endloop
  endfacet
  facet normal 0.857168 0 -0.515037
    outer loop
      vertex 131.51 -3.19 94.7371
      vertex 131.496 -2.4 94.7138
      vertex 131.51 -2.4 94.7371
    endloop
  endfacet
  facet normal 0.857168 0 -0.515037
    outer loop
      vertex 131.496 -2.4 94.7138
      vertex 131.51 -3.19 94.7371
      vertex 131.496 -3.19 94.7138
    endloop
  endfacet
  facet normal 0.863779 0 -0.503871
    outer loop
      vertex 131.524 -3.19 94.7611
      vertex 131.51 -2.4 94.7371
      vertex 131.524 -2.4 94.7611
    endloop
  endfacet
  facet normal 0.863779 0 -0.503871
    outer loop
      vertex 131.51 -2.4 94.7371
      vertex 131.524 -3.19 94.7611
      vertex 131.51 -3.19 94.7371
    endloop
  endfacet
  facet normal 0.886458 0 -0.462809
    outer loop
      vertex 131.537 -3.19 94.786
      vertex 131.524 -2.4 94.7611
      vertex 131.537 -2.4 94.786
    endloop
  endfacet
  facet normal 0.886458 0 -0.462809
    outer loop
      vertex 131.524 -2.4 94.7611
      vertex 131.537 -3.19 94.786
      vertex 131.524 -3.19 94.7611
    endloop
  endfacet
  facet normal 0.918211 0 -0.396091
    outer loop
      vertex 131.548 -3.19 94.8115
      vertex 131.537 -2.4 94.786
      vertex 131.548 -2.4 94.8115
    endloop
  endfacet
  facet normal 0.918211 0 -0.396091
    outer loop
      vertex 131.537 -2.4 94.786
      vertex 131.548 -3.19 94.8115
      vertex 131.537 -3.19 94.786
    endloop
  endfacet
  facet normal 0.931457 0 -0.363851
    outer loop
      vertex 131.558 -3.19 94.8371
      vertex 131.548 -2.4 94.8115
      vertex 131.558 -2.4 94.8371
    endloop
  endfacet
  facet normal 0.931457 0 -0.363851
    outer loop
      vertex 131.548 -2.4 94.8115
      vertex 131.558 -3.19 94.8371
      vertex 131.548 -3.19 94.8115
    endloop
  endfacet
  facet normal 0.946135 0 -0.323772
    outer loop
      vertex 131.567 -3.19 94.8634
      vertex 131.558 -2.4 94.8371
      vertex 131.567 -2.4 94.8634
    endloop
  endfacet
  facet normal 0.946135 0 -0.323772
    outer loop
      vertex 131.558 -2.4 94.8371
      vertex 131.567 -3.19 94.8634
      vertex 131.558 -3.19 94.8371
    endloop
  endfacet
  facet normal 0.968222 0 -0.250094
    outer loop
      vertex 131.574 -3.19 94.8905
      vertex 131.567 -2.4 94.8634
      vertex 131.574 -2.4 94.8905
    endloop
  endfacet
  facet normal 0.968222 0 -0.250094
    outer loop
      vertex 131.567 -2.4 94.8634
      vertex 131.574 -3.19 94.8905
      vertex 131.567 -3.19 94.8634
    endloop
  endfacet
  facet normal 0.976356 0 -0.216167
    outer loop
      vertex 131.58 -3.19 94.9176
      vertex 131.574 -2.4 94.8905
      vertex 131.58 -2.4 94.9176
    endloop
  endfacet
  facet normal 0.976356 0 -0.216167
    outer loop
      vertex 131.574 -2.4 94.8905
      vertex 131.58 -3.19 94.9176
      vertex 131.574 -3.19 94.8905
    endloop
  endfacet
  facet normal 0.983402 0 -0.18144
    outer loop
      vertex 131.585 -3.19 94.9447
      vertex 131.58 -2.4 94.9176
      vertex 131.585 -2.4 94.9447
    endloop
  endfacet
  facet normal 0.983402 0 -0.18144
    outer loop
      vertex 131.58 -2.4 94.9176
      vertex 131.585 -3.19 94.9447
      vertex 131.58 -3.19 94.9176
    endloop
  endfacet
  facet normal 0.993928 0 -0.110029
    outer loop
      vertex 131.588 -3.19 94.9718
      vertex 131.585 -2.4 94.9447
      vertex 131.588 -2.4 94.9718
    endloop
  endfacet
  facet normal 0.993928 0 -0.110029
    outer loop
      vertex 131.585 -2.4 94.9447
      vertex 131.588 -3.19 94.9718
      vertex 131.585 -3.19 94.9447
    endloop
  endfacet
  facet normal 0.997422 0 -0.071757
    outer loop
      vertex 131.59 -3.19 94.9996
      vertex 131.588 -2.4 94.9718
      vertex 131.59 -2.4 94.9996
    endloop
  endfacet
  facet normal 0.997422 0 -0.071757
    outer loop
      vertex 131.588 -2.4 94.9718
      vertex 131.59 -3.19 94.9996
      vertex 131.588 -3.19 94.9718
    endloop
  endfacet
  facet normal 0.999354 0 -0.035948
    outer loop
      vertex 131.591 -3.19 95.0274
      vertex 131.59 -2.4 94.9996
      vertex 131.591 -2.4 95.0274
    endloop
  endfacet
  facet normal 0.999354 0 -0.035948
    outer loop
      vertex 131.59 -2.4 94.9996
      vertex 131.591 -3.19 95.0274
      vertex 131.59 -3.19 94.9996
    endloop
  endfacet
  facet normal 0.999358 -0 0.0358193
    outer loop
      vertex 131.59 -3.19 95.0553
      vertex 131.591 -2.4 95.0274
      vertex 131.59 -2.4 95.0553
    endloop
  endfacet
  facet normal 0.999358 0 0.0358193
    outer loop
      vertex 131.591 -2.4 95.0274
      vertex 131.59 -3.19 95.0553
      vertex 131.591 -3.19 95.0274
    endloop
  endfacet
  facet normal 0.997422 -0 0.071757
    outer loop
      vertex 131.588 -3.19 95.0831
      vertex 131.59 -2.4 95.0553
      vertex 131.588 -2.4 95.0831
    endloop
  endfacet
  facet normal 0.997422 0 0.071757
    outer loop
      vertex 131.59 -2.4 95.0553
      vertex 131.588 -3.19 95.0831
      vertex 131.59 -3.19 95.0553
    endloop
  endfacet
  facet normal 0.993928 -0 0.110029
    outer loop
      vertex 131.585 -3.19 95.1102
      vertex 131.588 -2.4 95.0831
      vertex 131.585 -2.4 95.1102
    endloop
  endfacet
  facet normal 0.993928 0 0.110029
    outer loop
      vertex 131.588 -2.4 95.0831
      vertex 131.585 -3.19 95.1102
      vertex 131.588 -3.19 95.0831
    endloop
  endfacet
  facet normal 0.983282 -0 0.182089
    outer loop
      vertex 131.58 -3.19 95.1372
      vertex 131.585 -2.4 95.1102
      vertex 131.58 -2.4 95.1372
    endloop
  endfacet
  facet normal 0.983282 0 0.182089
    outer loop
      vertex 131.585 -2.4 95.1102
      vertex 131.58 -3.19 95.1372
      vertex 131.585 -3.19 95.1102
    endloop
  endfacet
  facet normal 0.976356 -0 0.216167
    outer loop
      vertex 131.574 -3.19 95.1643
      vertex 131.58 -2.4 95.1372
      vertex 131.574 -2.4 95.1643
    endloop
  endfacet
  facet normal 0.976356 0 0.216167
    outer loop
      vertex 131.58 -2.4 95.1372
      vertex 131.574 -3.19 95.1643
      vertex 131.58 -3.19 95.1372
    endloop
  endfacet
  facet normal 0.968222 -0 0.250094
    outer loop
      vertex 131.567 -3.19 95.1914
      vertex 131.574 -2.4 95.1643
      vertex 131.567 -2.4 95.1914
    endloop
  endfacet
  facet normal 0.968222 0 0.250094
    outer loop
      vertex 131.574 -2.4 95.1643
      vertex 131.567 -3.19 95.1914
      vertex 131.574 -3.19 95.1643
    endloop
  endfacet
  facet normal 0.946135 -0 0.323772
    outer loop
      vertex 131.558 -3.19 95.2177
      vertex 131.567 -2.4 95.1914
      vertex 131.558 -2.4 95.2177
    endloop
  endfacet
  facet normal 0.946135 0 0.323772
    outer loop
      vertex 131.567 -2.4 95.1914
      vertex 131.558 -3.19 95.2177
      vertex 131.567 -3.19 95.1914
    endloop
  endfacet
  facet normal 0.931457 -0 0.363851
    outer loop
      vertex 131.548 -3.19 95.2433
      vertex 131.558 -2.4 95.2177
      vertex 131.548 -2.4 95.2433
    endloop
  endfacet
  facet normal 0.931457 0 0.363851
    outer loop
      vertex 131.558 -2.4 95.2177
      vertex 131.548 -3.19 95.2433
      vertex 131.558 -3.19 95.2177
    endloop
  endfacet
  facet normal 0.918773 -0 0.394785
    outer loop
      vertex 131.537 -3.19 95.2689
      vertex 131.548 -2.4 95.2433
      vertex 131.537 -2.4 95.2689
    endloop
  endfacet
  facet normal 0.918773 0 0.394785
    outer loop
      vertex 131.548 -2.4 95.2433
      vertex 131.537 -3.19 95.2689
      vertex 131.548 -3.19 95.2433
    endloop
  endfacet
  facet normal 0.885692 -0 0.464274
    outer loop
      vertex 131.524 -3.19 95.2937
      vertex 131.537 -2.4 95.2689
      vertex 131.524 -2.4 95.2937
    endloop
  endfacet
  facet normal 0.885692 0 0.464274
    outer loop
      vertex 131.537 -2.4 95.2689
      vertex 131.524 -3.19 95.2937
      vertex 131.537 -3.19 95.2689
    endloop
  endfacet
  facet normal 0.864688 -0 0.502309
    outer loop
      vertex 131.51 -3.19 95.3178
      vertex 131.524 -2.4 95.2937
      vertex 131.51 -2.4 95.3178
    endloop
  endfacet
  facet normal 0.864688 0 0.502309
    outer loop
      vertex 131.524 -2.4 95.2937
      vertex 131.51 -3.19 95.3178
      vertex 131.524 -3.19 95.2937
    endloop
  endfacet
  facet normal 0.857168 -0 0.515037
    outer loop
      vertex 131.496 -3.19 95.3411
      vertex 131.51 -2.4 95.3178
      vertex 131.496 -2.4 95.3411
    endloop
  endfacet
  facet normal 0.857168 0 0.515037
    outer loop
      vertex 131.51 -2.4 95.3178
      vertex 131.496 -3.19 95.3411
      vertex 131.51 -3.19 95.3178
    endloop
  endfacet
  facet normal 0.799151 -0 0.601131
    outer loop
      vertex 131.479 -3.19 95.3637
      vertex 131.496 -2.4 95.3411
      vertex 131.479 -2.4 95.3637
    endloop
  endfacet
  facet normal 0.799151 0 0.601131
    outer loop
      vertex 131.496 -2.4 95.3411
      vertex 131.479 -3.19 95.3637
      vertex 131.496 -3.19 95.3411
    endloop
  endfacet
  facet normal 0.80617 -0 0.591684
    outer loop
      vertex 131.463 -3.19 95.3855
      vertex 131.479 -2.4 95.3637
      vertex 131.463 -2.4 95.3855
    endloop
  endfacet
  facet normal 0.80617 0 0.591684
    outer loop
      vertex 131.479 -2.4 95.3637
      vertex 131.463 -3.19 95.3855
      vertex 131.479 -3.19 95.3637
    endloop
  endfacet
  facet normal 0.759257 -0 0.650791
    outer loop
      vertex 131.445 -3.19 95.4065
      vertex 131.463 -2.4 95.3855
      vertex 131.445 -2.4 95.4065
    endloop
  endfacet
  facet normal 0.759257 0 0.650791
    outer loop
      vertex 131.463 -2.4 95.3855
      vertex 131.445 -3.19 95.4065
      vertex 131.463 -3.19 95.3855
    endloop
  endfacet
  facet normal 0.708913 0 0.705296
    outer loop
      vertex 131.406 -2.4 95.4457
      vertex 131.445 -3.19 95.4065
      vertex 131.445 -2.4 95.4065
    endloop
  endfacet
  facet normal 0.708913 0 0.705296
    outer loop
      vertex 131.445 -3.19 95.4065
      vertex 131.406 -2.4 95.4457
      vertex 131.406 -3.19 95.4457
    endloop
  endfacet
  facet normal 0.650791 0 0.759257
    outer loop
      vertex 131.385 -2.4 95.4637
      vertex 131.406 -3.19 95.4457
      vertex 131.406 -2.4 95.4457
    endloop
  endfacet
  facet normal 0.650791 0 0.759257
    outer loop
      vertex 131.406 -3.19 95.4457
      vertex 131.385 -2.4 95.4637
      vertex 131.385 -3.19 95.4637
    endloop
  endfacet
  facet normal 0.60232 0 0.798255
    outer loop
      vertex 131.363 -2.4 95.4803
      vertex 131.385 -3.19 95.4637
      vertex 131.385 -2.4 95.4637
    endloop
  endfacet
  facet normal 0.60232 0 0.798255
    outer loop
      vertex 131.385 -3.19 95.4637
      vertex 131.363 -2.4 95.4803
      vertex 131.363 -3.19 95.4803
    endloop
  endfacet
  facet normal 0.582908 0 0.812538
    outer loop
      vertex 131.34 -2.4 95.4968
      vertex 131.363 -3.19 95.4803
      vertex 131.363 -2.4 95.4803
    endloop
  endfacet
  facet normal 0.582908 0 0.812538
    outer loop
      vertex 131.363 -3.19 95.4803
      vertex 131.34 -2.4 95.4968
      vertex 131.34 -3.19 95.4968
    endloop
  endfacet
  facet normal 0.528006 0 0.849241
    outer loop
      vertex 131.317 -2.4 95.5111
      vertex 131.34 -3.19 95.4968
      vertex 131.34 -2.4 95.4968
    endloop
  endfacet
  facet normal 0.528006 0 0.849241
    outer loop
      vertex 131.34 -3.19 95.4968
      vertex 131.317 -2.4 95.5111
      vertex 131.317 -3.19 95.5111
    endloop
  endfacet
  facet normal 0.490261 0 0.871576
    outer loop
      vertex 131.293 -2.4 95.5246
      vertex 131.317 -3.19 95.5111
      vertex 131.317 -2.4 95.5111
    endloop
  endfacet
  facet normal 0.490261 0 0.871576
    outer loop
      vertex 131.317 -3.19 95.5111
      vertex 131.293 -2.4 95.5246
      vertex 131.293 -3.19 95.5246
    endloop
  endfacet
  facet normal 0.455738 0 0.890114
    outer loop
      vertex 131.268 -2.4 95.5374
      vertex 131.293 -3.19 95.5246
      vertex 131.293 -2.4 95.5246
    endloop
  endfacet
  facet normal 0.455738 0 0.890114
    outer loop
      vertex 131.293 -3.19 95.5246
      vertex 131.268 -2.4 95.5374
      vertex 131.268 -3.19 95.5374
    endloop
  endfacet
  facet normal 0.398597 0 0.917126
    outer loop
      vertex 131.242 -2.4 95.5487
      vertex 131.268 -3.19 95.5374
      vertex 131.268 -2.4 95.5374
    endloop
  endfacet
  facet normal 0.398597 0 0.917126
    outer loop
      vertex 131.268 -3.19 95.5374
      vertex 131.242 -2.4 95.5487
      vertex 131.242 -3.19 95.5487
    endloop
  endfacet
  facet normal 0.364961 0 0.931023
    outer loop
      vertex 131.217 -2.4 95.5585
      vertex 131.242 -3.19 95.5487
      vertex 131.242 -2.4 95.5487
    endloop
  endfacet
  facet normal 0.364961 0 0.931023
    outer loop
      vertex 131.242 -3.19 95.5487
      vertex 131.217 -2.4 95.5585
      vertex 131.217 -3.19 95.5585
    endloop
  endfacet
  facet normal 0.327111 0 0.944986
    outer loop
      vertex 131.191 -2.4 95.5675
      vertex 131.217 -3.19 95.5585
      vertex 131.217 -2.4 95.5585
    endloop
  endfacet
  facet normal 0.327111 0 0.944986
    outer loop
      vertex 131.217 -3.19 95.5585
      vertex 131.191 -2.4 95.5675
      vertex 131.191 -3.19 95.5675
    endloop
  endfacet
  facet normal 0.258736 0 0.965948
    outer loop
      vertex 131.163 -2.4 95.575
      vertex 131.191 -3.19 95.5675
      vertex 131.191 -2.4 95.5675
    endloop
  endfacet
  facet normal 0.258736 0 0.965948
    outer loop
      vertex 131.191 -3.19 95.5675
      vertex 131.163 -2.4 95.575
      vertex 131.163 -3.19 95.575
    endloop
  endfacet
  facet normal 0.220372 0 0.975416
    outer loop
      vertex 131.136 -2.4 95.5811
      vertex 131.163 -3.19 95.575
      vertex 131.163 -2.4 95.575
    endloop
  endfacet
  facet normal 0.220372 0 0.975416
    outer loop
      vertex 131.163 -3.19 95.575
      vertex 131.136 -2.4 95.5811
      vertex 131.136 -3.19 95.5811
    endloop
  endfacet
  facet normal 0.164399 0 0.986394
    outer loop
      vertex 131.109 -2.4 95.5856
      vertex 131.136 -3.19 95.5811
      vertex 131.136 -2.4 95.5811
    endloop
  endfacet
  facet normal 0.164399 0 0.986394
    outer loop
      vertex 131.136 -3.19 95.5811
      vertex 131.109 -2.4 95.5856
      vertex 131.109 -3.19 95.5856
    endloop
  endfacet
  facet normal 0.110432 0 0.993884
    outer loop
      vertex 131.082 -2.4 95.5886
      vertex 131.109 -3.19 95.5856
      vertex 131.109 -2.4 95.5856
    endloop
  endfacet
  facet normal 0.110432 0 0.993884
    outer loop
      vertex 131.109 -3.19 95.5856
      vertex 131.082 -2.4 95.5886
      vertex 131.082 -3.19 95.5886
    endloop
  endfacet
  facet normal 0.07833 0 0.996927
    outer loop
      vertex 131.054 -2.4 95.5908
      vertex 131.082 -3.19 95.5886
      vertex 131.082 -2.4 95.5886
    endloop
  endfacet
  facet normal 0.07833 0 0.996927
    outer loop
      vertex 131.082 -3.19 95.5886
      vertex 131.054 -2.4 95.5908
      vertex 131.054 -3.19 95.5908
    endloop
  endfacet
  facet normal 0.0296166 0 0.999561
    outer loop
      vertex 131.027 -2.4 95.5916
      vertex 131.054 -3.19 95.5908
      vertex 131.054 -2.4 95.5908
    endloop
  endfacet
  facet normal 0.0296166 0 0.999561
    outer loop
      vertex 131.054 -3.19 95.5908
      vertex 131.027 -2.4 95.5916
      vertex 131.027 -3.19 95.5916
    endloop
  endfacet
  facet normal -0.0285598 0 0.999592
    outer loop
      vertex 130.999 -2.4 95.5908
      vertex 131.027 -3.19 95.5916
      vertex 131.027 -2.4 95.5916
    endloop
  endfacet
  facet normal -0.0285598 0 0.999592
    outer loop
      vertex 131.027 -3.19 95.5916
      vertex 130.999 -2.4 95.5908
      vertex 130.999 -3.19 95.5908
    endloop
  endfacet
  facet normal -0.07833 0 0.996927
    outer loop
      vertex 130.971 -2.4 95.5886
      vertex 130.999 -3.19 95.5908
      vertex 130.999 -2.4 95.5908
    endloop
  endfacet
  facet normal -0.07833 0 0.996927
    outer loop
      vertex 130.999 -3.19 95.5908
      vertex 130.971 -2.4 95.5886
      vertex 130.971 -3.19 95.5886
    endloop
  endfacet
  facet normal -0.110432 0 0.993884
    outer loop
      vertex 130.944 -2.4 95.5856
      vertex 130.971 -3.19 95.5886
      vertex 130.971 -2.4 95.5886
    endloop
  endfacet
  facet normal -0.110432 0 0.993884
    outer loop
      vertex 130.971 -3.19 95.5886
      vertex 130.944 -2.4 95.5856
      vertex 130.944 -3.19 95.5856
    endloop
  endfacet
  facet normal -0.164399 0 0.986394
    outer loop
      vertex 130.917 -2.4 95.5811
      vertex 130.944 -3.19 95.5856
      vertex 130.944 -2.4 95.5856
    endloop
  endfacet
  facet normal -0.164399 0 0.986394
    outer loop
      vertex 130.944 -3.19 95.5856
      vertex 130.917 -2.4 95.5811
      vertex 130.917 -3.19 95.5811
    endloop
  endfacet
  facet normal -0.220372 0 0.975416
    outer loop
      vertex 130.89 -2.4 95.575
      vertex 130.917 -3.19 95.5811
      vertex 130.917 -2.4 95.5811
    endloop
  endfacet
  facet normal -0.220372 0 0.975416
    outer loop
      vertex 130.917 -3.19 95.5811
      vertex 130.89 -2.4 95.575
      vertex 130.89 -3.19 95.575
    endloop
  endfacet
  facet normal -0.267644 0 0.963518
    outer loop
      vertex 130.863 -2.4 95.5675
      vertex 130.89 -3.19 95.575
      vertex 130.89 -2.4 95.575
    endloop
  endfacet
  facet normal -0.267644 0 0.963518
    outer loop
      vertex 130.89 -3.19 95.575
      vertex 130.863 -2.4 95.5675
      vertex 130.863 -3.19 95.5675
    endloop
  endfacet
  facet normal -0.316228 0 0.948683
    outer loop
      vertex 130.836 -2.4 95.5585
      vertex 130.863 -3.19 95.5675
      vertex 130.863 -2.4 95.5675
    endloop
  endfacet
  facet normal -0.316228 0 0.948683
    outer loop
      vertex 130.863 -3.19 95.5675
      vertex 130.836 -2.4 95.5585
      vertex 130.836 -3.19 95.5585
    endloop
  endfacet
  facet normal -0.364961 0 0.931023
    outer loop
      vertex 130.811 -2.4 95.5487
      vertex 130.836 -3.19 95.5585
      vertex 130.836 -2.4 95.5585
    endloop
  endfacet
  facet normal -0.364961 0 0.931023
    outer loop
      vertex 130.836 -3.19 95.5585
      vertex 130.811 -2.4 95.5487
      vertex 130.811 -3.19 95.5487
    endloop
  endfacet
  facet normal -0.398597 0 0.917126
    outer loop
      vertex 130.785 -2.4 95.5374
      vertex 130.811 -3.19 95.5487
      vertex 130.811 -2.4 95.5487
    endloop
  endfacet
  facet normal -0.398597 0 0.917126
    outer loop
      vertex 130.811 -3.19 95.5487
      vertex 130.785 -2.4 95.5374
      vertex 130.785 -3.19 95.5374
    endloop
  endfacet
  facet normal -0.455738 0 0.890114
    outer loop
      vertex 130.76 -2.4 95.5246
      vertex 130.785 -3.19 95.5374
      vertex 130.785 -2.4 95.5374
    endloop
  endfacet
  facet normal -0.455738 0 0.890114
    outer loop
      vertex 130.785 -3.19 95.5374
      vertex 130.76 -2.4 95.5246
      vertex 130.76 -3.19 95.5246
    endloop
  endfacet
  facet normal -0.490261 0 0.871576
    outer loop
      vertex 130.736 -2.4 95.5111
      vertex 130.76 -3.19 95.5246
      vertex 130.76 -2.4 95.5246
    endloop
  endfacet
  facet normal -0.490261 0 0.871576
    outer loop
      vertex 130.76 -3.19 95.5246
      vertex 130.736 -2.4 95.5111
      vertex 130.736 -3.19 95.5111
    endloop
  endfacet
  facet normal -0.528006 0 0.849241
    outer loop
      vertex 130.713 -2.4 95.4968
      vertex 130.736 -3.19 95.5111
      vertex 130.736 -2.4 95.5111
    endloop
  endfacet
  facet normal -0.528006 0 0.849241
    outer loop
      vertex 130.736 -3.19 95.5111
      vertex 130.713 -2.4 95.4968
      vertex 130.713 -3.19 95.4968
    endloop
  endfacet
  facet normal -0.582908 0 0.812538
    outer loop
      vertex 130.69 -2.4 95.4803
      vertex 130.713 -3.19 95.4968
      vertex 130.713 -2.4 95.4968
    endloop
  endfacet
  facet normal -0.582908 0 0.812538
    outer loop
      vertex 130.713 -3.19 95.4968
      vertex 130.69 -2.4 95.4803
      vertex 130.69 -3.19 95.4803
    endloop
  endfacet
  facet normal -0.60232 0 0.798255
    outer loop
      vertex 130.668 -2.4 95.4637
      vertex 130.69 -3.19 95.4803
      vertex 130.69 -2.4 95.4803
    endloop
  endfacet
  facet normal -0.60232 0 0.798255
    outer loop
      vertex 130.69 -3.19 95.4803
      vertex 130.668 -2.4 95.4637
      vertex 130.668 -3.19 95.4637
    endloop
  endfacet
  facet normal -0.650791 0 0.759257
    outer loop
      vertex 130.647 -2.4 95.4457
      vertex 130.668 -3.19 95.4637
      vertex 130.668 -2.4 95.4637
    endloop
  endfacet
  facet normal -0.650791 0 0.759257
    outer loop
      vertex 130.668 -3.19 95.4637
      vertex 130.647 -2.4 95.4457
      vertex 130.647 -3.19 95.4457
    endloop
  endfacet
  facet normal -0.708913 0 0.705296
    outer loop
      vertex 130.608 -2.4 95.4065
      vertex 130.647 -3.19 95.4457
      vertex 130.647 -2.4 95.4457
    endloop
  endfacet
  facet normal -0.708913 0 0.705296
    outer loop
      vertex 130.647 -3.19 95.4457
      vertex 130.608 -2.4 95.4065
      vertex 130.608 -3.19 95.4065
    endloop
  endfacet
  facet normal -0.759257 0 0.650791
    outer loop
      vertex 130.59 -3.19 95.3855
      vertex 130.608 -2.4 95.4065
      vertex 130.59 -2.4 95.3855
    endloop
  endfacet
  facet normal -0.759257 0 0.650791
    outer loop
      vertex 130.608 -2.4 95.4065
      vertex 130.59 -3.19 95.3855
      vertex 130.608 -3.19 95.4065
    endloop
  endfacet
  facet normal -0.80617 0 0.591684
    outer loop
      vertex 130.574 -3.19 95.3637
      vertex 130.59 -2.4 95.3855
      vertex 130.574 -2.4 95.3637
    endloop
  endfacet
  facet normal -0.80617 0 0.591684
    outer loop
      vertex 130.59 -2.4 95.3855
      vertex 130.574 -3.19 95.3637
      vertex 130.59 -3.19 95.3855
    endloop
  endfacet
  facet normal -0.799151 0 0.601131
    outer loop
      vertex 130.557 -3.19 95.3411
      vertex 130.574 -2.4 95.3637
      vertex 130.557 -2.4 95.3411
    endloop
  endfacet
  facet normal -0.799151 0 0.601131
    outer loop
      vertex 130.574 -2.4 95.3637
      vertex 130.557 -3.19 95.3411
      vertex 130.574 -3.19 95.3637
    endloop
  endfacet
  facet normal -0.857168 0 0.515037
    outer loop
      vertex 130.543 -3.19 95.3178
      vertex 130.557 -2.4 95.3411
      vertex 130.543 -2.4 95.3178
    endloop
  endfacet
  facet normal -0.857168 0 0.515037
    outer loop
      vertex 130.557 -2.4 95.3411
      vertex 130.543 -3.19 95.3178
      vertex 130.557 -3.19 95.3411
    endloop
  endfacet
  facet normal -0.864688 0 0.502309
    outer loop
      vertex 130.529 -3.19 95.2937
      vertex 130.543 -2.4 95.3178
      vertex 130.529 -2.4 95.2937
    endloop
  endfacet
  facet normal -0.864688 0 0.502309
    outer loop
      vertex 130.543 -2.4 95.3178
      vertex 130.529 -3.19 95.2937
      vertex 130.543 -3.19 95.3178
    endloop
  endfacet
  facet normal -0.900159 0 0.435561
    outer loop
      vertex 130.517 -3.19 95.2689
      vertex 130.529 -2.4 95.2937
      vertex 130.517 -2.4 95.2689
    endloop
  endfacet
  facet normal -0.900159 0 0.435561
    outer loop
      vertex 130.529 -2.4 95.2937
      vertex 130.517 -3.19 95.2689
      vertex 130.529 -3.19 95.2937
    endloop
  endfacet
  facet normal -0.905459 0 0.424434
    outer loop
      vertex 130.505 -3.19 95.2433
      vertex 130.517 -2.4 95.2689
      vertex 130.505 -2.4 95.2433
    endloop
  endfacet
  facet normal -0.905459 0 0.424434
    outer loop
      vertex 130.517 -2.4 95.2689
      vertex 130.505 -3.19 95.2433
      vertex 130.517 -3.19 95.2689
    endloop
  endfacet
  facet normal -0.931457 0 0.363851
    outer loop
      vertex 130.495 -3.19 95.2177
      vertex 130.505 -2.4 95.2433
      vertex 130.495 -2.4 95.2177
    endloop
  endfacet
  facet normal -0.931457 0 0.363851
    outer loop
      vertex 130.505 -2.4 95.2433
      vertex 130.495 -3.19 95.2177
      vertex 130.505 -3.19 95.2433
    endloop
  endfacet
  facet normal -0.946135 0 0.323772
    outer loop
      vertex 130.486 -3.19 95.1914
      vertex 130.495 -2.4 95.2177
      vertex 130.486 -2.4 95.1914
    endloop
  endfacet
  facet normal -0.946135 0 0.323772
    outer loop
      vertex 130.495 -2.4 95.2177
      vertex 130.486 -3.19 95.1914
      vertex 130.495 -3.19 95.2177
    endloop
  endfacet
  facet normal -0.968222 0 0.250094
    outer loop
      vertex 130.479 -3.19 95.1643
      vertex 130.486 -2.4 95.1914
      vertex 130.479 -2.4 95.1643
    endloop
  endfacet
  facet normal -0.968222 0 0.250094
    outer loop
      vertex 130.486 -2.4 95.1914
      vertex 130.479 -3.19 95.1643
      vertex 130.486 -3.19 95.1914
    endloop
  endfacet
  facet normal -0.976356 0 0.216167
    outer loop
      vertex 130.473 -3.19 95.1372
      vertex 130.479 -2.4 95.1643
      vertex 130.473 -2.4 95.1372
    endloop
  endfacet
  facet normal -0.976356 0 0.216167
    outer loop
      vertex 130.479 -2.4 95.1643
      vertex 130.473 -3.19 95.1372
      vertex 130.479 -3.19 95.1643
    endloop
  endfacet
  facet normal -0.983282 0 0.182089
    outer loop
      vertex 130.468 -3.19 95.1102
      vertex 130.473 -2.4 95.1372
      vertex 130.468 -2.4 95.1102
    endloop
  endfacet
  facet normal -0.983282 0 0.182089
    outer loop
      vertex 130.473 -2.4 95.1372
      vertex 130.468 -3.19 95.1102
      vertex 130.473 -3.19 95.1372
    endloop
  endfacet
  facet normal -0.993928 0 0.110029
    outer loop
      vertex 130.465 -3.19 95.0831
      vertex 130.468 -2.4 95.1102
      vertex 130.465 -2.4 95.0831
    endloop
  endfacet
  facet normal -0.993928 0 0.110029
    outer loop
      vertex 130.468 -2.4 95.1102
      vertex 130.465 -3.19 95.0831
      vertex 130.468 -3.19 95.1102
    endloop
  endfacet
  facet normal -0.997422 0 0.071757
    outer loop
      vertex 130.463 -3.19 95.0553
      vertex 130.465 -2.4 95.0831
      vertex 130.463 -2.4 95.0553
    endloop
  endfacet
  facet normal -0.997422 0 0.071757
    outer loop
      vertex 130.465 -2.4 95.0831
      vertex 130.463 -3.19 95.0553
      vertex 130.465 -3.19 95.0831
    endloop
  endfacet
  facet normal -0.999358 0 0.0358193
    outer loop
      vertex 130.462 -3.19 95.0274
      vertex 130.463 -2.4 95.0553
      vertex 130.462 -2.4 95.0274
    endloop
  endfacet
  facet normal -0.999358 0 0.0358193
    outer loop
      vertex 130.463 -2.4 95.0553
      vertex 130.462 -3.19 95.0274
      vertex 130.463 -3.19 95.0553
    endloop
  endfacet
  facet normal -0.999354 0 -0.035948
    outer loop
      vertex 130.463 -3.19 94.9996
      vertex 130.462 -2.4 95.0274
      vertex 130.463 -2.4 94.9996
    endloop
  endfacet
  facet normal -0.999354 -0 -0.035948
    outer loop
      vertex 130.462 -2.4 95.0274
      vertex 130.463 -3.19 94.9996
      vertex 130.462 -3.19 95.0274
    endloop
  endfacet
  facet normal -0.997422 0 -0.071757
    outer loop
      vertex 130.465 -3.19 94.9718
      vertex 130.463 -2.4 94.9996
      vertex 130.465 -2.4 94.9718
    endloop
  endfacet
  facet normal -0.997422 -0 -0.071757
    outer loop
      vertex 130.463 -2.4 94.9996
      vertex 130.465 -3.19 94.9718
      vertex 130.463 -3.19 94.9996
    endloop
  endfacet
  facet normal -0.993928 0 -0.110029
    outer loop
      vertex 130.468 -3.19 94.9447
      vertex 130.465 -2.4 94.9718
      vertex 130.468 -2.4 94.9447
    endloop
  endfacet
  facet normal -0.993928 -0 -0.110029
    outer loop
      vertex 130.465 -2.4 94.9718
      vertex 130.468 -3.19 94.9447
      vertex 130.465 -3.19 94.9718
    endloop
  endfacet
  facet normal -0.983402 0 -0.18144
    outer loop
      vertex 130.473 -3.19 94.9176
      vertex 130.468 -2.4 94.9447
      vertex 130.473 -2.4 94.9176
    endloop
  endfacet
  facet normal -0.983402 -0 -0.18144
    outer loop
      vertex 130.468 -2.4 94.9447
      vertex 130.473 -3.19 94.9176
      vertex 130.468 -3.19 94.9447
    endloop
  endfacet
  facet normal -0.976356 0 -0.216167
    outer loop
      vertex 130.479 -3.19 94.8905
      vertex 130.473 -2.4 94.9176
      vertex 130.479 -2.4 94.8905
    endloop
  endfacet
  facet normal -0.976356 -0 -0.216167
    outer loop
      vertex 130.473 -2.4 94.9176
      vertex 130.479 -3.19 94.8905
      vertex 130.473 -3.19 94.9176
    endloop
  endfacet
  facet normal -0.968222 0 -0.250094
    outer loop
      vertex 130.486 -3.19 94.8634
      vertex 130.479 -2.4 94.8905
      vertex 130.486 -2.4 94.8634
    endloop
  endfacet
  facet normal -0.968222 -0 -0.250094
    outer loop
      vertex 130.479 -2.4 94.8905
      vertex 130.486 -3.19 94.8634
      vertex 130.479 -3.19 94.8905
    endloop
  endfacet
  facet normal -0.946135 0 -0.323772
    outer loop
      vertex 130.495 -3.19 94.8371
      vertex 130.486 -2.4 94.8634
      vertex 130.495 -2.4 94.8371
    endloop
  endfacet
  facet normal -0.946135 -0 -0.323772
    outer loop
      vertex 130.486 -2.4 94.8634
      vertex 130.495 -3.19 94.8371
      vertex 130.486 -3.19 94.8634
    endloop
  endfacet
  facet normal -0.931457 0 -0.363851
    outer loop
      vertex 130.505 -3.19 94.8115
      vertex 130.495 -2.4 94.8371
      vertex 130.505 -2.4 94.8115
    endloop
  endfacet
  facet normal -0.931457 -0 -0.363851
    outer loop
      vertex 130.495 -2.4 94.8371
      vertex 130.505 -3.19 94.8115
      vertex 130.495 -3.19 94.8371
    endloop
  endfacet
  facet normal -0.904819 0 -0.425797
    outer loop
      vertex 130.517 -3.19 94.786
      vertex 130.505 -2.4 94.8115
      vertex 130.517 -2.4 94.786
    endloop
  endfacet
  facet normal -0.904819 -0 -0.425797
    outer loop
      vertex 130.505 -2.4 94.8115
      vertex 130.517 -3.19 94.786
      vertex 130.505 -3.19 94.8115
    endloop
  endfacet
  facet normal -0.900844 0 -0.434142
    outer loop
      vertex 130.529 -3.19 94.7611
      vertex 130.517 -2.4 94.786
      vertex 130.529 -2.4 94.7611
    endloop
  endfacet
  facet normal -0.900844 -0 -0.434142
    outer loop
      vertex 130.517 -2.4 94.786
      vertex 130.529 -3.19 94.7611
      vertex 130.517 -3.19 94.786
    endloop
  endfacet
  facet normal -0.863779 0 -0.503871
    outer loop
      vertex 130.543 -3.19 94.7371
      vertex 130.529 -2.4 94.7611
      vertex 130.543 -2.4 94.7371
    endloop
  endfacet
  facet normal -0.863779 -0 -0.503871
    outer loop
      vertex 130.529 -2.4 94.7611
      vertex 130.543 -3.19 94.7371
      vertex 130.529 -3.19 94.7611
    endloop
  endfacet
  facet normal -0.857168 0 -0.515037
    outer loop
      vertex 130.557 -3.19 94.7138
      vertex 130.543 -2.4 94.7371
      vertex 130.557 -2.4 94.7138
    endloop
  endfacet
  facet normal -0.857168 -0 -0.515037
    outer loop
      vertex 130.543 -2.4 94.7371
      vertex 130.557 -3.19 94.7138
      vertex 130.543 -3.19 94.7371
    endloop
  endfacet
  facet normal -0.799151 0 -0.601131
    outer loop
      vertex 130.574 -3.19 94.6912
      vertex 130.557 -2.4 94.7138
      vertex 130.574 -2.4 94.6912
    endloop
  endfacet
  facet normal -0.799151 -0 -0.601131
    outer loop
      vertex 130.557 -2.4 94.7138
      vertex 130.574 -3.19 94.6912
      vertex 130.557 -3.19 94.7138
    endloop
  endfacet
  facet normal -0.80617 0 -0.591684
    outer loop
      vertex 130.59 -3.19 94.6694
      vertex 130.574 -2.4 94.6912
      vertex 130.59 -2.4 94.6694
    endloop
  endfacet
  facet normal -0.80617 -0 -0.591684
    outer loop
      vertex 130.574 -2.4 94.6912
      vertex 130.59 -3.19 94.6694
      vertex 130.574 -3.19 94.6912
    endloop
  endfacet
  facet normal -0.760782 0 -0.649008
    outer loop
      vertex 130.608 -3.19 94.6483
      vertex 130.59 -2.4 94.6694
      vertex 130.608 -2.4 94.6483
    endloop
  endfacet
  facet normal -0.760782 -0 -0.649008
    outer loop
      vertex 130.59 -2.4 94.6694
      vertex 130.608 -3.19 94.6483
      vertex 130.59 -3.19 94.6694
    endloop
  endfacet
  facet normal -0.708012 0 -0.706201
    outer loop
      vertex 130.608 -3.19 94.6483
      vertex 130.647 -2.4 94.6092
      vertex 130.647 -3.19 94.6092
    endloop
  endfacet
  facet normal -0.708012 0 -0.706201
    outer loop
      vertex 130.647 -2.4 94.6092
      vertex 130.608 -3.19 94.6483
      vertex 130.608 -2.4 94.6483
    endloop
  endfacet
  facet normal -0.652868 0 -0.757471
    outer loop
      vertex 130.647 -3.19 94.6092
      vertex 130.668 -2.4 94.5911
      vertex 130.668 -3.19 94.5911
    endloop
  endfacet
  facet normal -0.652868 0 -0.757471
    outer loop
      vertex 130.668 -2.4 94.5911
      vertex 130.647 -3.19 94.6092
      vertex 130.647 -2.4 94.6092
    endloop
  endfacet
  facet normal -0.6 0 -0.8
    outer loop
      vertex 130.668 -3.19 94.5911
      vertex 130.69 -2.4 94.5746
      vertex 130.69 -3.19 94.5746
    endloop
  endfacet
  facet normal -0.6 0 -0.8
    outer loop
      vertex 130.69 -2.4 94.5746
      vertex 130.668 -3.19 94.5911
      vertex 130.668 -2.4 94.5911
    endloop
  endfacet
  facet normal -0.582908 0 -0.812538
    outer loop
      vertex 130.69 -3.19 94.5746
      vertex 130.713 -2.4 94.5581
      vertex 130.713 -3.19 94.5581
    endloop
  endfacet
  facet normal -0.582908 0 -0.812538
    outer loop
      vertex 130.713 -2.4 94.5581
      vertex 130.69 -3.19 94.5746
      vertex 130.69 -2.4 94.5746
    endloop
  endfacet
  facet normal -0.530661 0 -0.847584
    outer loop
      vertex 130.713 -3.19 94.5581
      vertex 130.736 -2.4 94.5437
      vertex 130.736 -3.19 94.5437
    endloop
  endfacet
  facet normal -0.530661 0 -0.847584
    outer loop
      vertex 130.736 -2.4 94.5437
      vertex 130.713 -3.19 94.5581
      vertex 130.713 -2.4 94.5581
    endloop
  endfacet
  facet normal -0.490261 0 -0.871576
    outer loop
      vertex 130.736 -3.19 94.5437
      vertex 130.76 -2.4 94.5302
      vertex 130.76 -3.19 94.5302
    endloop
  endfacet
  facet normal -0.490261 0 -0.871576
    outer loop
      vertex 130.76 -2.4 94.5302
      vertex 130.736 -3.19 94.5437
      vertex 130.736 -2.4 94.5437
    endloop
  endfacet
  facet normal -0.455738 0 -0.890114
    outer loop
      vertex 130.76 -3.19 94.5302
      vertex 130.785 -2.4 94.5174
      vertex 130.785 -3.19 94.5174
    endloop
  endfacet
  facet normal -0.455738 0 -0.890114
    outer loop
      vertex 130.785 -2.4 94.5174
      vertex 130.76 -3.19 94.5302
      vertex 130.76 -2.4 94.5302
    endloop
  endfacet
  facet normal -0.398597 0 -0.917126
    outer loop
      vertex 130.785 -3.19 94.5174
      vertex 130.811 -2.4 94.5061
      vertex 130.811 -3.19 94.5061
    endloop
  endfacet
  facet normal -0.398597 0 -0.917126
    outer loop
      vertex 130.811 -2.4 94.5061
      vertex 130.785 -3.19 94.5174
      vertex 130.785 -2.4 94.5174
    endloop
  endfacet
  facet normal -0.361726 0 -0.932284
    outer loop
      vertex 130.811 -3.19 94.5061
      vertex 130.836 -2.4 94.4964
      vertex 130.836 -3.19 94.4964
    endloop
  endfacet
  facet normal -0.361726 0 -0.932284
    outer loop
      vertex 130.836 -2.4 94.4964
      vertex 130.811 -3.19 94.5061
      vertex 130.811 -2.4 94.5061
    endloop
  endfacet
  facet normal -0.319385 0 -0.947625
    outer loop
      vertex 130.836 -3.19 94.4964
      vertex 130.863 -2.4 94.4873
      vertex 130.863 -3.19 94.4873
    endloop
  endfacet
  facet normal -0.319385 0 -0.947625
    outer loop
      vertex 130.863 -2.4 94.4873
      vertex 130.836 -3.19 94.4964
      vertex 130.836 -2.4 94.4964
    endloop
  endfacet
  facet normal -0.267644 0 -0.963518
    outer loop
      vertex 130.863 -3.19 94.4873
      vertex 130.89 -2.4 94.4798
      vertex 130.89 -3.19 94.4798
    endloop
  endfacet
  facet normal -0.267644 0 -0.963518
    outer loop
      vertex 130.89 -2.4 94.4798
      vertex 130.863 -3.19 94.4873
      vertex 130.863 -2.4 94.4873
    endloop
  endfacet
  facet normal -0.21693 0 -0.976187
    outer loop
      vertex 130.89 -3.19 94.4798
      vertex 130.917 -2.4 94.4738
      vertex 130.917 -3.19 94.4738
    endloop
  endfacet
  facet normal -0.21693 0 -0.976187
    outer loop
      vertex 130.917 -2.4 94.4738
      vertex 130.89 -3.19 94.4798
      vertex 130.89 -2.4 94.4798
    endloop
  endfacet
  facet normal -0.164399 0 -0.986394
    outer loop
      vertex 130.917 -3.19 94.4738
      vertex 130.944 -2.4 94.4693
      vertex 130.944 -3.19 94.4693
    endloop
  endfacet
  facet normal -0.164399 0 -0.986394
    outer loop
      vertex 130.944 -2.4 94.4693
      vertex 130.917 -3.19 94.4738
      vertex 130.917 -2.4 94.4738
    endloop
  endfacet
  facet normal -0.110432 0 -0.993884
    outer loop
      vertex 130.944 -3.19 94.4693
      vertex 130.971 -2.4 94.4663
      vertex 130.971 -3.19 94.4663
    endloop
  endfacet
  facet normal -0.110432 0 -0.993884
    outer loop
      vertex 130.971 -2.4 94.4663
      vertex 130.944 -3.19 94.4693
      vertex 130.944 -2.4 94.4693
    endloop
  endfacet
  facet normal -0.0818671 0 -0.996643
    outer loop
      vertex 130.971 -3.19 94.4663
      vertex 130.999 -2.4 94.464
      vertex 130.999 -3.19 94.464
    endloop
  endfacet
  facet normal -0.0818671 0 -0.996643
    outer loop
      vertex 130.999 -2.4 94.464
      vertex 130.971 -3.19 94.4663
      vertex 130.971 -2.4 94.4663
    endloop
  endfacet
  facet normal -0.0249922 0 -0.999688
    outer loop
      vertex 130.999 -3.19 94.464
      vertex 131.027 -2.4 94.4633
      vertex 131.027 -3.19 94.4633
    endloop
  endfacet
  facet normal -0.0249922 0 -0.999688
    outer loop
      vertex 131.027 -2.4 94.4633
      vertex 130.999 -3.19 94.464
      vertex 130.999 -2.4 94.464
    endloop
  endfacet
  facet normal 0.0259172 0 -0.999664
    outer loop
      vertex 131.027 -3.19 94.4633
      vertex 131.054 -2.4 94.464
      vertex 131.054 -3.19 94.464
    endloop
  endfacet
  facet normal 0.0259172 0 -0.999664
    outer loop
      vertex 131.054 -2.4 94.464
      vertex 131.027 -3.19 94.4633
      vertex 131.027 -2.4 94.4633
    endloop
  endfacet
  facet normal -0 0 1
    outer loop
      vertex 105 -2.4 89.5363
      vertex 139 -3.19 89.5363
      vertex 139 -2.4 89.5363
    endloop
  endfacet
  facet normal 0 0 1
    outer loop
      vertex 139 -3.19 89.5363
      vertex 105 -2.4 89.5363
      vertex 105 -3.19 89.5363
    endloop
  endfacet
  facet normal -1 0 0
    outer loop
      vertex 105 -3.19 88.4832
      vertex 105 -2.4 89.5363
      vertex 105 -2.4 88.4832
    endloop
  endfacet
  facet normal -1 -0 0
    outer loop
      vertex 105 -2.4 89.5363
      vertex 105 -3.19 88.4832
      vertex 105 -3.19 89.5363
    endloop
  endfacet
  facet normal 0 0 -1
    outer loop
      vertex 105 -3.19 88.4832
      vertex 137.947 -2.4 88.4832
      vertex 137.947 -3.19 88.4832
    endloop
  endfacet
  facet normal -0 0 -1
    outer loop
      vertex 137.947 -2.4 88.4832
      vertex 105 -3.19 88.4832
      vertex 105 -2.4 88.4832
    endloop
  endfacet
  facet normal 0.70714 0 -0.707073
    outer loop
      vertex 137.947 -3.19 88.4832
      vertex 139 -2.4 89.5363
      vertex 139 -3.19 89.5363
    endloop
  endfacet
  facet normal 0.70714 0 -0.707073
    outer loop
      vertex 139 -2.4 89.5363
      vertex 137.947 -3.19 88.4832
      vertex 137.947 -2.4 88.4832
    endloop
  endfacet
endsolid OpenSCAD_Model
