solid OpenSCAD_Model
  facet normal 0.442382 -0.896827 0
    outer loop
      vertex 57.7221 28.8425 -12
      vertex 58.25 29.1029 -9
      vertex 57.7221 28.8425 -9
    endloop
  endfacet
  facet normal 0.442382 -0.896827 0
    outer loop
      vertex 58.25 29.1029 -9
      vertex 57.7221 28.8425 -12
      vertex 58.25 29.1029 -12
    endloop
  endfacet
  facet normal 0.0654027 -0.997859 0
    outer loop
      vertex 56 28.5 -12
      vertex 56.5874 28.5385 -9
      vertex 56 28.5 -9
    endloop
  endfacet
  facet normal 0.0654027 -0.997859 0
    outer loop
      vertex 56.5874 28.5385 -9
      vertex 56 28.5 -12
      vertex 56.5874 28.5385 -12
    endloop
  endfacet
  facet normal 0.442382 0.896827 -0
    outer loop
      vertex 58.25 36.8971 -12
      vertex 57.7221 37.1575 -9
      vertex 58.25 36.8971 -9
    endloop
  endfacet
  facet normal 0.442382 0.896827 0
    outer loop
      vertex 57.7221 37.1575 -9
      vertex 58.25 36.8971 -12
      vertex 57.7221 37.1575 -12
    endloop
  endfacet
  facet normal 0 -1 0
    outer loop
      vertex 44.7 28.5 -12
      vertex 56 28.5 -9
      vertex 44.7 28.5 -9
    endloop
  endfacet
  facet normal 0 -1 -0
    outer loop
      vertex 56 28.5 -9
      vertex 44.7 28.5 -12
      vertex 56 28.5 -12
    endloop
  endfacet
  facet normal 0.555562 -0.831475 0
    outer loop
      vertex 58.25 29.1029 -12
      vertex 58.7394 29.4299 -9
      vertex 58.25 29.1029 -9
    endloop
  endfacet
  facet normal 0.555562 -0.831475 0
    outer loop
      vertex 58.7394 29.4299 -9
      vertex 58.25 29.1029 -12
      vertex 58.7394 29.4299 -12
    endloop
  endfacet
  facet normal 0.831475 0.555562 0
    outer loop
      vertex 59.8971 35.25 -9
      vertex 59.5701 35.7394 -12
      vertex 59.5701 35.7394 -9
    endloop
  endfacet
  facet normal 0.831475 0.555562 0
    outer loop
      vertex 59.5701 35.7394 -12
      vertex 59.8971 35.25 -9
      vertex 59.8971 35.25 -12
    endloop
  endfacet
  facet normal 0.195038 -0.980796 0
    outer loop
      vertex 56.5874 28.5385 -12
      vertex 57.1647 28.6533 -9
      vertex 56.5874 28.5385 -9
    endloop
  endfacet
  facet normal 0.195038 -0.980796 0
    outer loop
      vertex 57.1647 28.6533 -9
      vertex 56.5874 28.5385 -12
      vertex 57.1647 28.6533 -12
    endloop
  endfacet
  facet normal 0 1 -0
    outer loop
      vertex 56 37.5 -12
      vertex 44.7 37.5 -9
      vertex 56 37.5 -9
    endloop
  endfacet
  facet normal 0 1 0
    outer loop
      vertex 44.7 37.5 -9
      vertex 56 37.5 -12
      vertex 44.7 37.5 -12
    endloop
  endfacet
  facet normal 0.896827 -0.442382 0
    outer loop
      vertex 59.8971 30.75 -9
      vertex 60.1575 31.2779 -12
      vertex 60.1575 31.2779 -9
    endloop
  endfacet
  facet normal 0.896827 -0.442382 0
    outer loop
      vertex 60.1575 31.2779 -12
      vertex 59.8971 30.75 -9
      vertex 59.8971 30.75 -12
    endloop
  endfacet
  facet normal 0.751882 0.659298 0
    outer loop
      vertex 59.5701 35.7394 -9
      vertex 59.182 36.182 -12
      vertex 59.182 36.182 -9
    endloop
  endfacet
  facet normal 0.751882 0.659298 0
    outer loop
      vertex 59.182 36.182 -12
      vertex 59.5701 35.7394 -9
      vertex 59.5701 35.7394 -12
    endloop
  endfacet
  facet normal 0.659298 -0.751882 0
    outer loop
      vertex 58.7394 29.4299 -12
      vertex 59.182 29.818 -9
      vertex 58.7394 29.4299 -9
    endloop
  endfacet
  facet normal 0.659298 -0.751882 0
    outer loop
      vertex 59.182 29.818 -9
      vertex 58.7394 29.4299 -12
      vertex 59.182 29.818 -12
    endloop
  endfacet
  facet normal 0.195038 0.980796 -0
    outer loop
      vertex 57.1647 37.3467 -12
      vertex 56.5874 37.4615 -9
      vertex 57.1647 37.3467 -9
    endloop
  endfacet
  facet normal 0.195038 0.980796 0
    outer loop
      vertex 56.5874 37.4615 -9
      vertex 57.1647 37.3467 -12
      vertex 56.5874 37.4615 -12
    endloop
  endfacet
  facet normal 0.946936 -0.321421 0
    outer loop
      vertex 60.1575 31.2779 -9
      vertex 60.3467 31.8353 -12
      vertex 60.3467 31.8353 -9
    endloop
  endfacet
  facet normal 0.946936 -0.321421 0
    outer loop
      vertex 60.3467 31.8353 -12
      vertex 60.1575 31.2779 -9
      vertex 60.1575 31.2779 -12
    endloop
  endfacet
  facet normal 0.946936 0.321421 0
    outer loop
      vertex 60.3467 34.1647 -9
      vertex 60.1575 34.7221 -12
      vertex 60.1575 34.7221 -9
    endloop
  endfacet
  facet normal 0.946936 0.321421 0
    outer loop
      vertex 60.1575 34.7221 -12
      vertex 60.3467 34.1647 -9
      vertex 60.3467 34.1647 -12
    endloop
  endfacet
  facet normal 0.751882 -0.659298 0
    outer loop
      vertex 59.182 29.818 -9
      vertex 59.5701 30.2606 -12
      vertex 59.5701 30.2606 -9
    endloop
  endfacet
  facet normal 0.751882 -0.659298 0
    outer loop
      vertex 59.5701 30.2606 -12
      vertex 59.182 29.818 -9
      vertex 59.182 29.818 -12
    endloop
  endfacet
  facet normal 0.555562 0.831475 -0
    outer loop
      vertex 58.7394 36.5701 -12
      vertex 58.25 36.8971 -9
      vertex 58.7394 36.5701 -9
    endloop
  endfacet
  facet normal 0.555562 0.831475 0
    outer loop
      vertex 58.25 36.8971 -9
      vertex 58.7394 36.5701 -12
      vertex 58.25 36.8971 -12
    endloop
  endfacet
  facet normal 0 0 1
    outer loop
      vertex 57.7 33 -9
      vertex 60.5 33 -9
      vertex 60.4615 33.5874 -9
    endloop
  endfacet
  facet normal 0 0 1
    outer loop
      vertex 57.6855 33.2219 -9
      vertex 60.4615 33.5874 -9
      vertex 60.3467 34.1647 -9
    endloop
  endfacet
  facet normal 0 0 1
    outer loop
      vertex 60.5 33 -9
      vertex 57.7 33 -9
      vertex 60.4615 32.4126 -9
    endloop
  endfacet
  facet normal 0 0 1
    outer loop
      vertex 57.6421 33.44 -9
      vertex 60.3467 34.1647 -9
      vertex 60.1575 34.7221 -9
    endloop
  endfacet
  facet normal -0 0 1
    outer loop
      vertex 57.6855 32.7781 -9
      vertex 60.4615 32.4126 -9
      vertex 57.7 33 -9
    endloop
  endfacet
  facet normal 0 0 1
    outer loop
      vertex 57.5706 33.6506 -9
      vertex 60.1575 34.7221 -9
      vertex 59.8971 35.25 -9
    endloop
  endfacet
  facet normal 0 0 1
    outer loop
      vertex 60.4615 32.4126 -9
      vertex 57.6855 32.7781 -9
      vertex 60.3467 31.8353 -9
    endloop
  endfacet
  facet normal 0 0 1
    outer loop
      vertex 57.4722 33.85 -9
      vertex 59.8971 35.25 -9
      vertex 59.5701 35.7394 -9
    endloop
  endfacet
  facet normal -0 0 1
    outer loop
      vertex 57.6421 32.56 -9
      vertex 60.3467 31.8353 -9
      vertex 57.6855 32.7781 -9
    endloop
  endfacet
  facet normal 0 0 1
    outer loop
      vertex 57.3487 34.0349 -9
      vertex 59.5701 35.7394 -9
      vertex 59.182 36.182 -9
    endloop
  endfacet
  facet normal 0 0 1
    outer loop
      vertex 60.3467 31.8353 -9
      vertex 57.6421 32.56 -9
      vertex 60.1575 31.2779 -9
    endloop
  endfacet
  facet normal 0 0 1
    outer loop
      vertex 57.2021 34.2021 -9
      vertex 59.182 36.182 -9
      vertex 58.7394 36.5701 -9
    endloop
  endfacet
  facet normal -0 0 1
    outer loop
      vertex 57.5706 32.3494 -9
      vertex 60.1575 31.2779 -9
      vertex 57.6421 32.56 -9
    endloop
  endfacet
  facet normal 0 0 1
    outer loop
      vertex 57.0349 34.3487 -9
      vertex 58.7394 36.5701 -9
      vertex 58.25 36.8971 -9
    endloop
  endfacet
  facet normal 0 0 1
    outer loop
      vertex 60.1575 31.2779 -9
      vertex 57.5706 32.3494 -9
      vertex 59.8971 30.75 -9
    endloop
  endfacet
  facet normal 0 0 1
    outer loop
      vertex 56.85 34.4722 -9
      vertex 58.25 36.8971 -9
      vertex 57.7221 37.1575 -9
    endloop
  endfacet
  facet normal -0 0 1
    outer loop
      vertex 57.4722 32.15 -9
      vertex 59.8971 30.75 -9
      vertex 57.5706 32.3494 -9
    endloop
  endfacet
  facet normal 0 0 1
    outer loop
      vertex 59.8971 30.75 -9
      vertex 57.4722 32.15 -9
      vertex 59.5701 30.2606 -9
    endloop
  endfacet
  facet normal 0 0 1
    outer loop
      vertex 60.4615 33.5874 -9
      vertex 57.6855 33.2219 -9
      vertex 57.7 33 -9
    endloop
  endfacet
  facet normal 0 0 1
    outer loop
      vertex 60.3467 34.1647 -9
      vertex 57.6421 33.44 -9
      vertex 57.6855 33.2219 -9
    endloop
  endfacet
  facet normal 0 0 1
    outer loop
      vertex 60.1575 34.7221 -9
      vertex 57.5706 33.6506 -9
      vertex 57.6421 33.44 -9
    endloop
  endfacet
  facet normal 0 0 1
    outer loop
      vertex 59.8971 35.25 -9
      vertex 57.4722 33.85 -9
      vertex 57.5706 33.6506 -9
    endloop
  endfacet
  facet normal 0 0 1
    outer loop
      vertex 59.5701 35.7394 -9
      vertex 57.3487 34.0349 -9
      vertex 57.4722 33.85 -9
    endloop
  endfacet
  facet normal 0 0 1
    outer loop
      vertex 59.182 36.182 -9
      vertex 57.2021 34.2021 -9
      vertex 57.3487 34.0349 -9
    endloop
  endfacet
  facet normal 0 0 1
    outer loop
      vertex 56.6506 34.5706 -9
      vertex 57.7221 37.1575 -9
      vertex 57.1647 37.3467 -9
    endloop
  endfacet
  facet normal 0 0 1
    outer loop
      vertex 58.7394 36.5701 -9
      vertex 57.0349 34.3487 -9
      vertex 57.2021 34.2021 -9
    endloop
  endfacet
  facet normal 0 0 1
    outer loop
      vertex 58.25 36.8971 -9
      vertex 56.85 34.4722 -9
      vertex 57.0349 34.3487 -9
    endloop
  endfacet
  facet normal 0 0 1
    outer loop
      vertex 57.7221 37.1575 -9
      vertex 56.6506 34.5706 -9
      vertex 56.85 34.4722 -9
    endloop
  endfacet
  facet normal 0 0 1
    outer loop
      vertex 56.44 34.6421 -9
      vertex 57.1647 37.3467 -9
      vertex 56.5874 37.4615 -9
    endloop
  endfacet
  facet normal 0 0 1
    outer loop
      vertex 57.1647 37.3467 -9
      vertex 56.44 34.6421 -9
      vertex 56.6506 34.5706 -9
    endloop
  endfacet
  facet normal 0 0 1
    outer loop
      vertex 56.5874 37.4615 -9
      vertex 56.2219 34.6855 -9
      vertex 56.44 34.6421 -9
    endloop
  endfacet
  facet normal 0 0 1
    outer loop
      vertex 56 37.5 -9
      vertex 56.2219 34.6855 -9
      vertex 56.5874 37.4615 -9
    endloop
  endfacet
  facet normal 0 0 1
    outer loop
      vertex 56 37.5 -9
      vertex 56 34.7 -9
      vertex 56.2219 34.6855 -9
    endloop
  endfacet
  facet normal 0 0 1
    outer loop
      vertex 56 37.5 -9
      vertex 55.7781 34.6855 -9
      vertex 56 34.7 -9
    endloop
  endfacet
  facet normal 0 0 1
    outer loop
      vertex 56 37.5 -9
      vertex 55.56 34.6421 -9
      vertex 55.7781 34.6855 -9
    endloop
  endfacet
  facet normal 0 0 1
    outer loop
      vertex 56 37.5 -9
      vertex 55.3494 34.5706 -9
      vertex 55.56 34.6421 -9
    endloop
  endfacet
  facet normal 0 0 1
    outer loop
      vertex 56 37.5 -9
      vertex 55.15 34.4722 -9
      vertex 55.3494 34.5706 -9
    endloop
  endfacet
  facet normal 0 0 1
    outer loop
      vertex 56 37.5 -9
      vertex 54.9651 34.3487 -9
      vertex 55.15 34.4722 -9
    endloop
  endfacet
  facet normal 0 0 1
    outer loop
      vertex 56 37.5 -9
      vertex 54.7979 34.2021 -9
      vertex 54.9651 34.3487 -9
    endloop
  endfacet
  facet normal 0 0 1
    outer loop
      vertex 56 37.5 -9
      vertex 54.6513 34.0349 -9
      vertex 54.7979 34.2021 -9
    endloop
  endfacet
  facet normal -0 0 1
    outer loop
      vertex 44.7 37.5 -9
      vertex 54.6513 34.0349 -9
      vertex 56 37.5 -9
    endloop
  endfacet
  facet normal 0 0 1
    outer loop
      vertex 54.6513 34.0349 -9
      vertex 44.7 37.5 -9
      vertex 54.5278 33.85 -9
    endloop
  endfacet
  facet normal 0 0 1
    outer loop
      vertex 54.3145 33.2219 -9
      vertex 44.7 37.5 -9
      vertex 54.3 33 -9
    endloop
  endfacet
  facet normal 0 0 1
    outer loop
      vertex 54.3579 33.44 -9
      vertex 44.7 37.5 -9
      vertex 54.3145 33.2219 -9
    endloop
  endfacet
  facet normal 0 0 1
    outer loop
      vertex 54.4294 33.6506 -9
      vertex 44.7 37.5 -9
      vertex 54.3579 33.44 -9
    endloop
  endfacet
  facet normal 0 0 1
    outer loop
      vertex 54.5278 33.85 -9
      vertex 44.7 37.5 -9
      vertex 54.4294 33.6506 -9
    endloop
  endfacet
  facet normal -0 0 1
    outer loop
      vertex 57.3487 31.9651 -9
      vertex 59.5701 30.2606 -9
      vertex 57.4722 32.15 -9
    endloop
  endfacet
  facet normal 0 0 1
    outer loop
      vertex 59.5701 30.2606 -9
      vertex 57.3487 31.9651 -9
      vertex 59.182 29.818 -9
    endloop
  endfacet
  facet normal -0 0 1
    outer loop
      vertex 57.2021 31.7979 -9
      vertex 59.182 29.818 -9
      vertex 57.3487 31.9651 -9
    endloop
  endfacet
  facet normal 0 0 1
    outer loop
      vertex 59.182 29.818 -9
      vertex 57.2021 31.7979 -9
      vertex 58.7394 29.4299 -9
    endloop
  endfacet
  facet normal -0 0 1
    outer loop
      vertex 57.0349 31.6513 -9
      vertex 58.7394 29.4299 -9
      vertex 57.2021 31.7979 -9
    endloop
  endfacet
  facet normal 0 0 1
    outer loop
      vertex 58.7394 29.4299 -9
      vertex 57.0349 31.6513 -9
      vertex 58.25 29.1029 -9
    endloop
  endfacet
  facet normal -0 0 1
    outer loop
      vertex 56.85 31.5278 -9
      vertex 58.25 29.1029 -9
      vertex 57.0349 31.6513 -9
    endloop
  endfacet
  facet normal 0 0 1
    outer loop
      vertex 58.25 29.1029 -9
      vertex 56.85 31.5278 -9
      vertex 57.7221 28.8425 -9
    endloop
  endfacet
  facet normal -0 0 1
    outer loop
      vertex 56.6506 31.4294 -9
      vertex 57.7221 28.8425 -9
      vertex 56.85 31.5278 -9
    endloop
  endfacet
  facet normal 0 0 1
    outer loop
      vertex 57.7221 28.8425 -9
      vertex 56.6506 31.4294 -9
      vertex 57.1647 28.6533 -9
    endloop
  endfacet
  facet normal -0 0 1
    outer loop
      vertex 56.44 31.3579 -9
      vertex 57.1647 28.6533 -9
      vertex 56.6506 31.4294 -9
    endloop
  endfacet
  facet normal 0 0 1
    outer loop
      vertex 57.1647 28.6533 -9
      vertex 56.44 31.3579 -9
      vertex 56.5874 28.5385 -9
    endloop
  endfacet
  facet normal -0 0 1
    outer loop
      vertex 56.2219 31.3145 -9
      vertex 56.5874 28.5385 -9
      vertex 56.44 31.3579 -9
    endloop
  endfacet
  facet normal -0 0 1
    outer loop
      vertex 56 31.3 -9
      vertex 56.5874 28.5385 -9
      vertex 56.2219 31.3145 -9
    endloop
  endfacet
  facet normal 0 0 1
    outer loop
      vertex 56 31.3 -9
      vertex 56 28.5 -9
      vertex 56.5874 28.5385 -9
    endloop
  endfacet
  facet normal 0 0 1
    outer loop
      vertex 55.7781 31.3145 -9
      vertex 56 28.5 -9
      vertex 56 31.3 -9
    endloop
  endfacet
  facet normal 0 0 1
    outer loop
      vertex 55.56 31.3579 -9
      vertex 56 28.5 -9
      vertex 55.7781 31.3145 -9
    endloop
  endfacet
  facet normal 0 0 1
    outer loop
      vertex 55.3494 31.4294 -9
      vertex 56 28.5 -9
      vertex 55.56 31.3579 -9
    endloop
  endfacet
  facet normal 0 0 1
    outer loop
      vertex 55.15 31.5278 -9
      vertex 56 28.5 -9
      vertex 55.3494 31.4294 -9
    endloop
  endfacet
  facet normal 0 0 1
    outer loop
      vertex 54.9651 31.6513 -9
      vertex 56 28.5 -9
      vertex 55.15 31.5278 -9
    endloop
  endfacet
  facet normal 0 0 1
    outer loop
      vertex 54.7979 31.7979 -9
      vertex 56 28.5 -9
      vertex 54.9651 31.6513 -9
    endloop
  endfacet
  facet normal 0 0 1
    outer loop
      vertex 54.6513 31.9651 -9
      vertex 56 28.5 -9
      vertex 54.7979 31.7979 -9
    endloop
  endfacet
  facet normal 0 0 1
    outer loop
      vertex 44.7 28.5 -9
      vertex 54.6513 31.9651 -9
      vertex 54.5278 32.15 -9
    endloop
  endfacet
  facet normal 0 0 1
    outer loop
      vertex 44.7 28.5 -9
      vertex 54.5278 32.15 -9
      vertex 54.4294 32.3494 -9
    endloop
  endfacet
  facet normal 0 0 1
    outer loop
      vertex 44.7 28.5 -9
      vertex 54.3 33 -9
      vertex 44.7 37.5 -9
    endloop
  endfacet
  facet normal 0 0 1
    outer loop
      vertex 54.3 33 -9
      vertex 44.7 28.5 -9
      vertex 54.3145 32.7781 -9
    endloop
  endfacet
  facet normal 0 0 1
    outer loop
      vertex 54.3145 32.7781 -9
      vertex 44.7 28.5 -9
      vertex 54.3579 32.56 -9
    endloop
  endfacet
  facet normal 0 0 1
    outer loop
      vertex 54.3579 32.56 -9
      vertex 44.7 28.5 -9
      vertex 54.4294 32.3494 -9
    endloop
  endfacet
  facet normal 0 0 1
    outer loop
      vertex 54.6513 31.9651 -9
      vertex 44.7 28.5 -9
      vertex 56 28.5 -9
    endloop
  endfacet
  facet normal 0.997859 0.0654027 0
    outer loop
      vertex 60.5 33 -9
      vertex 60.4615 33.5874 -12
      vertex 60.4615 33.5874 -9
    endloop
  endfacet
  facet normal 0.997859 0.0654027 0
    outer loop
      vertex 60.4615 33.5874 -12
      vertex 60.5 33 -9
      vertex 60.5 33 -12
    endloop
  endfacet
  facet normal 0.997859 -0.0654027 0
    outer loop
      vertex 60.4615 32.4126 -9
      vertex 60.5 33 -12
      vertex 60.5 33 -9
    endloop
  endfacet
  facet normal 0.997859 -0.0654027 0
    outer loop
      vertex 60.5 33 -12
      vertex 60.4615 32.4126 -9
      vertex 60.4615 32.4126 -12
    endloop
  endfacet
  facet normal 0.980796 0.195038 0
    outer loop
      vertex 60.4615 33.5874 -9
      vertex 60.3467 34.1647 -12
      vertex 60.3467 34.1647 -9
    endloop
  endfacet
  facet normal 0.980796 0.195038 0
    outer loop
      vertex 60.3467 34.1647 -12
      vertex 60.4615 33.5874 -9
      vertex 60.4615 33.5874 -12
    endloop
  endfacet
  facet normal 0.321421 0.946936 -0
    outer loop
      vertex 57.7221 37.1575 -12
      vertex 57.1647 37.3467 -9
      vertex 57.7221 37.1575 -9
    endloop
  endfacet
  facet normal 0.321421 0.946936 0
    outer loop
      vertex 57.1647 37.3467 -9
      vertex 57.7221 37.1575 -12
      vertex 57.1647 37.3467 -12
    endloop
  endfacet
  facet normal 0.321421 -0.946936 0
    outer loop
      vertex 57.1647 28.6533 -12
      vertex 57.7221 28.8425 -9
      vertex 57.1647 28.6533 -9
    endloop
  endfacet
  facet normal 0.321421 -0.946936 0
    outer loop
      vertex 57.7221 28.8425 -9
      vertex 57.1647 28.6533 -12
      vertex 57.7221 28.8425 -12
    endloop
  endfacet
  facet normal 0.831475 -0.555562 0
    outer loop
      vertex 59.5701 30.2606 -9
      vertex 59.8971 30.75 -12
      vertex 59.8971 30.75 -9
    endloop
  endfacet
  facet normal 0.831475 -0.555562 0
    outer loop
      vertex 59.8971 30.75 -12
      vertex 59.5701 30.2606 -9
      vertex 59.5701 30.2606 -12
    endloop
  endfacet
  facet normal 0.659298 0.751882 -0
    outer loop
      vertex 59.182 36.182 -12
      vertex 58.7394 36.5701 -9
      vertex 59.182 36.182 -9
    endloop
  endfacet
  facet normal 0.659298 0.751882 0
    outer loop
      vertex 58.7394 36.5701 -9
      vertex 59.182 36.182 -12
      vertex 58.7394 36.5701 -12
    endloop
  endfacet
  facet normal 0.980796 -0.195038 0
    outer loop
      vertex 60.3467 31.8353 -9
      vertex 60.4615 32.4126 -12
      vertex 60.4615 32.4126 -9
    endloop
  endfacet
  facet normal 0.980796 -0.195038 0
    outer loop
      vertex 60.4615 32.4126 -12
      vertex 60.3467 31.8353 -9
      vertex 60.3467 31.8353 -12
    endloop
  endfacet
  facet normal 0.896827 0.442382 0
    outer loop
      vertex 60.1575 34.7221 -9
      vertex 59.8971 35.25 -12
      vertex 59.8971 35.25 -9
    endloop
  endfacet
  facet normal 0.896827 0.442382 0
    outer loop
      vertex 59.8971 35.25 -12
      vertex 60.1575 34.7221 -9
      vertex 60.1575 34.7221 -12
    endloop
  endfacet
  facet normal 0.0654027 0.997859 -0
    outer loop
      vertex 56.5874 37.4615 -12
      vertex 56 37.5 -9
      vertex 56.5874 37.4615 -9
    endloop
  endfacet
  facet normal 0.0654027 0.997859 0
    outer loop
      vertex 56 37.5 -9
      vertex 56.5874 37.4615 -12
      vertex 56 37.5 -12
    endloop
  endfacet
  facet normal 0 0 -1
    outer loop
      vertex 57.7 33 -12
      vertex 60.5 33 -12
      vertex 60.4615 32.4126 -12
    endloop
  endfacet
  facet normal 0 0 -1
    outer loop
      vertex 57.6855 32.7781 -12
      vertex 60.4615 32.4126 -12
      vertex 60.3467 31.8353 -12
    endloop
  endfacet
  facet normal 0 0 -1
    outer loop
      vertex 60.5 33 -12
      vertex 57.7 33 -12
      vertex 60.4615 33.5874 -12
    endloop
  endfacet
  facet normal 0 0 -1
    outer loop
      vertex 57.6421 32.56 -12
      vertex 60.3467 31.8353 -12
      vertex 60.1575 31.2779 -12
    endloop
  endfacet
  facet normal 0 0 -1
    outer loop
      vertex 57.6855 33.2219 -12
      vertex 60.4615 33.5874 -12
      vertex 57.7 33 -12
    endloop
  endfacet
  facet normal 0 0 -1
    outer loop
      vertex 57.5706 32.3494 -12
      vertex 60.1575 31.2779 -12
      vertex 59.8971 30.75 -12
    endloop
  endfacet
  facet normal -0 0 -1
    outer loop
      vertex 60.4615 33.5874 -12
      vertex 57.6855 33.2219 -12
      vertex 60.3467 34.1647 -12
    endloop
  endfacet
  facet normal 0 0 -1
    outer loop
      vertex 57.4722 32.15 -12
      vertex 59.8971 30.75 -12
      vertex 59.5701 30.2606 -12
    endloop
  endfacet
  facet normal 0 0 -1
    outer loop
      vertex 57.6421 33.44 -12
      vertex 60.3467 34.1647 -12
      vertex 57.6855 33.2219 -12
    endloop
  endfacet
  facet normal 0 0 -1
    outer loop
      vertex 57.3487 31.9651 -12
      vertex 59.5701 30.2606 -12
      vertex 59.182 29.818 -12
    endloop
  endfacet
  facet normal -0 0 -1
    outer loop
      vertex 60.3467 34.1647 -12
      vertex 57.6421 33.44 -12
      vertex 60.1575 34.7221 -12
    endloop
  endfacet
  facet normal 0 0 -1
    outer loop
      vertex 57.2021 31.7979 -12
      vertex 59.182 29.818 -12
      vertex 58.7394 29.4299 -12
    endloop
  endfacet
  facet normal 0 0 -1
    outer loop
      vertex 57.5706 33.6506 -12
      vertex 60.1575 34.7221 -12
      vertex 57.6421 33.44 -12
    endloop
  endfacet
  facet normal 0 0 -1
    outer loop
      vertex 57.0349 31.6513 -12
      vertex 58.7394 29.4299 -12
      vertex 58.25 29.1029 -12
    endloop
  endfacet
  facet normal -0 0 -1
    outer loop
      vertex 60.1575 34.7221 -12
      vertex 57.5706 33.6506 -12
      vertex 59.8971 35.25 -12
    endloop
  endfacet
  facet normal 0 0 -1
    outer loop
      vertex 56.85 31.5278 -12
      vertex 58.25 29.1029 -12
      vertex 57.7221 28.8425 -12
    endloop
  endfacet
  facet normal 0 0 -1
    outer loop
      vertex 57.4722 33.85 -12
      vertex 59.8971 35.25 -12
      vertex 57.5706 33.6506 -12
    endloop
  endfacet
  facet normal -0 0 -1
    outer loop
      vertex 59.8971 35.25 -12
      vertex 57.4722 33.85 -12
      vertex 59.5701 35.7394 -12
    endloop
  endfacet
  facet normal 0 0 -1
    outer loop
      vertex 60.4615 32.4126 -12
      vertex 57.6855 32.7781 -12
      vertex 57.7 33 -12
    endloop
  endfacet
  facet normal 0 0 -1
    outer loop
      vertex 60.3467 31.8353 -12
      vertex 57.6421 32.56 -12
      vertex 57.6855 32.7781 -12
    endloop
  endfacet
  facet normal 0 0 -1
    outer loop
      vertex 60.1575 31.2779 -12
      vertex 57.5706 32.3494 -12
      vertex 57.6421 32.56 -12
    endloop
  endfacet
  facet normal 0 0 -1
    outer loop
      vertex 59.8971 30.75 -12
      vertex 57.4722 32.15 -12
      vertex 57.5706 32.3494 -12
    endloop
  endfacet
  facet normal 0 0 -1
    outer loop
      vertex 59.5701 30.2606 -12
      vertex 57.3487 31.9651 -12
      vertex 57.4722 32.15 -12
    endloop
  endfacet
  facet normal 0 0 -1
    outer loop
      vertex 59.182 29.818 -12
      vertex 57.2021 31.7979 -12
      vertex 57.3487 31.9651 -12
    endloop
  endfacet
  facet normal 0 0 -1
    outer loop
      vertex 56.6506 31.4294 -12
      vertex 57.7221 28.8425 -12
      vertex 57.1647 28.6533 -12
    endloop
  endfacet
  facet normal 0 0 -1
    outer loop
      vertex 58.7394 29.4299 -12
      vertex 57.0349 31.6513 -12
      vertex 57.2021 31.7979 -12
    endloop
  endfacet
  facet normal 0 0 -1
    outer loop
      vertex 58.25 29.1029 -12
      vertex 56.85 31.5278 -12
      vertex 57.0349 31.6513 -12
    endloop
  endfacet
  facet normal 0 0 -1
    outer loop
      vertex 57.7221 28.8425 -12
      vertex 56.6506 31.4294 -12
      vertex 56.85 31.5278 -12
    endloop
  endfacet
  facet normal 0 0 -1
    outer loop
      vertex 56.44 31.3579 -12
      vertex 57.1647 28.6533 -12
      vertex 56.5874 28.5385 -12
    endloop
  endfacet
  facet normal 0 0 -1
    outer loop
      vertex 57.1647 28.6533 -12
      vertex 56.44 31.3579 -12
      vertex 56.6506 31.4294 -12
    endloop
  endfacet
  facet normal 0 0 -1
    outer loop
      vertex 56.5874 28.5385 -12
      vertex 56.2219 31.3145 -12
      vertex 56.44 31.3579 -12
    endloop
  endfacet
  facet normal 0 0 -1
    outer loop
      vertex 56 28.5 -12
      vertex 56.2219 31.3145 -12
      vertex 56.5874 28.5385 -12
    endloop
  endfacet
  facet normal 0 0 -1
    outer loop
      vertex 56 28.5 -12
      vertex 56 31.3 -12
      vertex 56.2219 31.3145 -12
    endloop
  endfacet
  facet normal 0 0 -1
    outer loop
      vertex 56 28.5 -12
      vertex 55.7781 31.3145 -12
      vertex 56 31.3 -12
    endloop
  endfacet
  facet normal 0 0 -1
    outer loop
      vertex 56 28.5 -12
      vertex 55.56 31.3579 -12
      vertex 55.7781 31.3145 -12
    endloop
  endfacet
  facet normal 0 0 -1
    outer loop
      vertex 56 28.5 -12
      vertex 55.3494 31.4294 -12
      vertex 55.56 31.3579 -12
    endloop
  endfacet
  facet normal 0 0 -1
    outer loop
      vertex 56 28.5 -12
      vertex 55.15 31.5278 -12
      vertex 55.3494 31.4294 -12
    endloop
  endfacet
  facet normal 0 0 -1
    outer loop
      vertex 56 28.5 -12
      vertex 54.9651 31.6513 -12
      vertex 55.15 31.5278 -12
    endloop
  endfacet
  facet normal 0 0 -1
    outer loop
      vertex 56 28.5 -12
      vertex 54.7979 31.7979 -12
      vertex 54.9651 31.6513 -12
    endloop
  endfacet
  facet normal 0 0 -1
    outer loop
      vertex 56 28.5 -12
      vertex 54.6513 31.9651 -12
      vertex 54.7979 31.7979 -12
    endloop
  endfacet
  facet normal 0 0 -1
    outer loop
      vertex 44.7 28.5 -12
      vertex 54.6513 31.9651 -12
      vertex 56 28.5 -12
    endloop
  endfacet
  facet normal -0 0 -1
    outer loop
      vertex 54.6513 31.9651 -12
      vertex 44.7 28.5 -12
      vertex 54.5278 32.15 -12
    endloop
  endfacet
  facet normal -0 0 -1
    outer loop
      vertex 54.3145 32.7781 -12
      vertex 44.7 28.5 -12
      vertex 54.3 33 -12
    endloop
  endfacet
  facet normal -0 0 -1
    outer loop
      vertex 54.3579 32.56 -12
      vertex 44.7 28.5 -12
      vertex 54.3145 32.7781 -12
    endloop
  endfacet
  facet normal -0 0 -1
    outer loop
      vertex 54.4294 32.3494 -12
      vertex 44.7 28.5 -12
      vertex 54.3579 32.56 -12
    endloop
  endfacet
  facet normal -0 0 -1
    outer loop
      vertex 54.5278 32.15 -12
      vertex 44.7 28.5 -12
      vertex 54.4294 32.3494 -12
    endloop
  endfacet
  facet normal 0 0 -1
    outer loop
      vertex 57.3487 34.0349 -12
      vertex 59.5701 35.7394 -12
      vertex 57.4722 33.85 -12
    endloop
  endfacet
  facet normal -0 0 -1
    outer loop
      vertex 59.5701 35.7394 -12
      vertex 57.3487 34.0349 -12
      vertex 59.182 36.182 -12
    endloop
  endfacet
  facet normal 0 0 -1
    outer loop
      vertex 57.2021 34.2021 -12
      vertex 59.182 36.182 -12
      vertex 57.3487 34.0349 -12
    endloop
  endfacet
  facet normal -0 0 -1
    outer loop
      vertex 59.182 36.182 -12
      vertex 57.2021 34.2021 -12
      vertex 58.7394 36.5701 -12
    endloop
  endfacet
  facet normal 0 0 -1
    outer loop
      vertex 57.0349 34.3487 -12
      vertex 58.7394 36.5701 -12
      vertex 57.2021 34.2021 -12
    endloop
  endfacet
  facet normal -0 0 -1
    outer loop
      vertex 58.7394 36.5701 -12
      vertex 57.0349 34.3487 -12
      vertex 58.25 36.8971 -12
    endloop
  endfacet
  facet normal 0 0 -1
    outer loop
      vertex 56.85 34.4722 -12
      vertex 58.25 36.8971 -12
      vertex 57.0349 34.3487 -12
    endloop
  endfacet
  facet normal -0 0 -1
    outer loop
      vertex 58.25 36.8971 -12
      vertex 56.85 34.4722 -12
      vertex 57.7221 37.1575 -12
    endloop
  endfacet
  facet normal 0 0 -1
    outer loop
      vertex 56.6506 34.5706 -12
      vertex 57.7221 37.1575 -12
      vertex 56.85 34.4722 -12
    endloop
  endfacet
  facet normal -0 0 -1
    outer loop
      vertex 57.7221 37.1575 -12
      vertex 56.6506 34.5706 -12
      vertex 57.1647 37.3467 -12
    endloop
  endfacet
  facet normal 0 0 -1
    outer loop
      vertex 56.44 34.6421 -12
      vertex 57.1647 37.3467 -12
      vertex 56.6506 34.5706 -12
    endloop
  endfacet
  facet normal -0 0 -1
    outer loop
      vertex 57.1647 37.3467 -12
      vertex 56.44 34.6421 -12
      vertex 56.5874 37.4615 -12
    endloop
  endfacet
  facet normal 0 0 -1
    outer loop
      vertex 56.2219 34.6855 -12
      vertex 56.5874 37.4615 -12
      vertex 56.44 34.6421 -12
    endloop
  endfacet
  facet normal 0 0 -1
    outer loop
      vertex 56 34.7 -12
      vertex 56.5874 37.4615 -12
      vertex 56.2219 34.6855 -12
    endloop
  endfacet
  facet normal 0 0 -1
    outer loop
      vertex 56 34.7 -12
      vertex 56 37.5 -12
      vertex 56.5874 37.4615 -12
    endloop
  endfacet
  facet normal 0 0 -1
    outer loop
      vertex 55.7781 34.6855 -12
      vertex 56 37.5 -12
      vertex 56 34.7 -12
    endloop
  endfacet
  facet normal 0 0 -1
    outer loop
      vertex 55.56 34.6421 -12
      vertex 56 37.5 -12
      vertex 55.7781 34.6855 -12
    endloop
  endfacet
  facet normal 0 0 -1
    outer loop
      vertex 55.3494 34.5706 -12
      vertex 56 37.5 -12
      vertex 55.56 34.6421 -12
    endloop
  endfacet
  facet normal 0 0 -1
    outer loop
      vertex 55.15 34.4722 -12
      vertex 56 37.5 -12
      vertex 55.3494 34.5706 -12
    endloop
  endfacet
  facet normal 0 0 -1
    outer loop
      vertex 54.9651 34.3487 -12
      vertex 56 37.5 -12
      vertex 55.15 34.4722 -12
    endloop
  endfacet
  facet normal 0 0 -1
    outer loop
      vertex 54.7979 34.2021 -12
      vertex 56 37.5 -12
      vertex 54.9651 34.3487 -12
    endloop
  endfacet
  facet normal 0 0 -1
    outer loop
      vertex 54.6513 34.0349 -12
      vertex 56 37.5 -12
      vertex 54.7979 34.2021 -12
    endloop
  endfacet
  facet normal 0 0 -1
    outer loop
      vertex 44.7 37.5 -12
      vertex 54.6513 34.0349 -12
      vertex 54.5278 33.85 -12
    endloop
  endfacet
  facet normal 0 0 -1
    outer loop
      vertex 44.7 37.5 -12
      vertex 54.5278 33.85 -12
      vertex 54.4294 33.6506 -12
    endloop
  endfacet
  facet normal 0 0 -1
    outer loop
      vertex 44.7 37.5 -12
      vertex 54.3 33 -12
      vertex 44.7 28.5 -12
    endloop
  endfacet
  facet normal 0 0 -1
    outer loop
      vertex 54.3 33 -12
      vertex 44.7 37.5 -12
      vertex 54.3145 33.2219 -12
    endloop
  endfacet
  facet normal 0 0 -1
    outer loop
      vertex 54.3145 33.2219 -12
      vertex 44.7 37.5 -12
      vertex 54.3579 33.44 -12
    endloop
  endfacet
  facet normal 0 0 -1
    outer loop
      vertex 54.3579 33.44 -12
      vertex 44.7 37.5 -12
      vertex 54.4294 33.6506 -12
    endloop
  endfacet
  facet normal 0 0 -1
    outer loop
      vertex 54.6513 34.0349 -12
      vertex 44.7 37.5 -12
      vertex 56 37.5 -12
    endloop
  endfacet
  facet normal 0.442382 0.896827 -0
    outer loop
      vertex 58.25 60.8971 -12
      vertex 57.7221 61.1575 -9
      vertex 58.25 60.8971 -9
    endloop
  endfacet
  facet normal 0.442382 0.896827 0
    outer loop
      vertex 57.7221 61.1575 -9
      vertex 58.25 60.8971 -12
      vertex 57.7221 61.1575 -12
    endloop
  endfacet
  facet normal 0.321421 -0.946936 0
    outer loop
      vertex 57.1647 52.6533 -12
      vertex 57.7221 52.8425 -9
      vertex 57.1647 52.6533 -9
    endloop
  endfacet
  facet normal 0.321421 -0.946936 0
    outer loop
      vertex 57.7221 52.8425 -9
      vertex 57.1647 52.6533 -12
      vertex 57.7221 52.8425 -12
    endloop
  endfacet
  facet normal 0.659298 0.751882 -0
    outer loop
      vertex 59.182 60.182 -12
      vertex 58.7394 60.5701 -9
      vertex 59.182 60.182 -9
    endloop
  endfacet
  facet normal 0.659298 0.751882 0
    outer loop
      vertex 58.7394 60.5701 -9
      vertex 59.182 60.182 -12
      vertex 58.7394 60.5701 -12
    endloop
  endfacet
  facet normal 0 0 -1
    outer loop
      vertex 57.7 57 -12
      vertex 60.5 57 -12
      vertex 60.4615 56.4126 -12
    endloop
  endfacet
  facet normal 0 0 -1
    outer loop
      vertex 57.6855 56.7781 -12
      vertex 60.4615 56.4126 -12
      vertex 60.3467 55.8353 -12
    endloop
  endfacet
  facet normal 0 0 -1
    outer loop
      vertex 60.5 57 -12
      vertex 57.7 57 -12
      vertex 60.4615 57.5874 -12
    endloop
  endfacet
  facet normal 0 0 -1
    outer loop
      vertex 57.6421 56.56 -12
      vertex 60.3467 55.8353 -12
      vertex 60.1575 55.2779 -12
    endloop
  endfacet
  facet normal 0 0 -1
    outer loop
      vertex 57.6855 57.2219 -12
      vertex 60.4615 57.5874 -12
      vertex 57.7 57 -12
    endloop
  endfacet
  facet normal 0 0 -1
    outer loop
      vertex 57.5706 56.3494 -12
      vertex 60.1575 55.2779 -12
      vertex 59.8971 54.75 -12
    endloop
  endfacet
  facet normal -0 0 -1
    outer loop
      vertex 60.4615 57.5874 -12
      vertex 57.6855 57.2219 -12
      vertex 60.3467 58.1647 -12
    endloop
  endfacet
  facet normal 0 0 -1
    outer loop
      vertex 57.4722 56.15 -12
      vertex 59.8971 54.75 -12
      vertex 59.5701 54.2606 -12
    endloop
  endfacet
  facet normal 0 0 -1
    outer loop
      vertex 57.6421 57.44 -12
      vertex 60.3467 58.1647 -12
      vertex 57.6855 57.2219 -12
    endloop
  endfacet
  facet normal 0 0 -1
    outer loop
      vertex 57.3487 55.9651 -12
      vertex 59.5701 54.2606 -12
      vertex 59.182 53.818 -12
    endloop
  endfacet
  facet normal -0 0 -1
    outer loop
      vertex 60.3467 58.1647 -12
      vertex 57.6421 57.44 -12
      vertex 60.1575 58.7221 -12
    endloop
  endfacet
  facet normal 0 0 -1
    outer loop
      vertex 57.2021 55.7979 -12
      vertex 59.182 53.818 -12
      vertex 58.7394 53.4299 -12
    endloop
  endfacet
  facet normal 0 0 -1
    outer loop
      vertex 57.5706 57.6506 -12
      vertex 60.1575 58.7221 -12
      vertex 57.6421 57.44 -12
    endloop
  endfacet
  facet normal 0 0 -1
    outer loop
      vertex 57.0349 55.6513 -12
      vertex 58.7394 53.4299 -12
      vertex 58.25 53.1029 -12
    endloop
  endfacet
  facet normal -0 0 -1
    outer loop
      vertex 60.1575 58.7221 -12
      vertex 57.5706 57.6506 -12
      vertex 59.8971 59.25 -12
    endloop
  endfacet
  facet normal 0 0 -1
    outer loop
      vertex 56.85 55.5278 -12
      vertex 58.25 53.1029 -12
      vertex 57.7221 52.8425 -12
    endloop
  endfacet
  facet normal 0 0 -1
    outer loop
      vertex 57.4722 57.85 -12
      vertex 59.8971 59.25 -12
      vertex 57.5706 57.6506 -12
    endloop
  endfacet
  facet normal -0 0 -1
    outer loop
      vertex 59.8971 59.25 -12
      vertex 57.4722 57.85 -12
      vertex 59.5701 59.7394 -12
    endloop
  endfacet
  facet normal 0 0 -1
    outer loop
      vertex 60.4615 56.4126 -12
      vertex 57.6855 56.7781 -12
      vertex 57.7 57 -12
    endloop
  endfacet
  facet normal 0 0 -1
    outer loop
      vertex 60.3467 55.8353 -12
      vertex 57.6421 56.56 -12
      vertex 57.6855 56.7781 -12
    endloop
  endfacet
  facet normal 0 0 -1
    outer loop
      vertex 60.1575 55.2779 -12
      vertex 57.5706 56.3494 -12
      vertex 57.6421 56.56 -12
    endloop
  endfacet
  facet normal 0 0 -1
    outer loop
      vertex 59.8971 54.75 -12
      vertex 57.4722 56.15 -12
      vertex 57.5706 56.3494 -12
    endloop
  endfacet
  facet normal 0 0 -1
    outer loop
      vertex 59.5701 54.2606 -12
      vertex 57.3487 55.9651 -12
      vertex 57.4722 56.15 -12
    endloop
  endfacet
  facet normal 0 0 -1
    outer loop
      vertex 59.182 53.818 -12
      vertex 57.2021 55.7979 -12
      vertex 57.3487 55.9651 -12
    endloop
  endfacet
  facet normal 0 0 -1
    outer loop
      vertex 56.6506 55.4294 -12
      vertex 57.7221 52.8425 -12
      vertex 57.1647 52.6533 -12
    endloop
  endfacet
  facet normal 0 0 -1
    outer loop
      vertex 58.7394 53.4299 -12
      vertex 57.0349 55.6513 -12
      vertex 57.2021 55.7979 -12
    endloop
  endfacet
  facet normal 0 0 -1
    outer loop
      vertex 58.25 53.1029 -12
      vertex 56.85 55.5278 -12
      vertex 57.0349 55.6513 -12
    endloop
  endfacet
  facet normal 0 0 -1
    outer loop
      vertex 57.7221 52.8425 -12
      vertex 56.6506 55.4294 -12
      vertex 56.85 55.5278 -12
    endloop
  endfacet
  facet normal 0 0 -1
    outer loop
      vertex 56.44 55.3579 -12
      vertex 57.1647 52.6533 -12
      vertex 56.5874 52.5385 -12
    endloop
  endfacet
  facet normal 0 0 -1
    outer loop
      vertex 57.1647 52.6533 -12
      vertex 56.44 55.3579 -12
      vertex 56.6506 55.4294 -12
    endloop
  endfacet
  facet normal 0 0 -1
    outer loop
      vertex 56.5874 52.5385 -12
      vertex 56.2219 55.3145 -12
      vertex 56.44 55.3579 -12
    endloop
  endfacet
  facet normal 0 0 -1
    outer loop
      vertex 56 52.5 -12
      vertex 56.2219 55.3145 -12
      vertex 56.5874 52.5385 -12
    endloop
  endfacet
  facet normal 0 0 -1
    outer loop
      vertex 56 52.5 -12
      vertex 56 55.3 -12
      vertex 56.2219 55.3145 -12
    endloop
  endfacet
  facet normal 0 0 -1
    outer loop
      vertex 56 52.5 -12
      vertex 55.7781 55.3145 -12
      vertex 56 55.3 -12
    endloop
  endfacet
  facet normal 0 0 -1
    outer loop
      vertex 56 52.5 -12
      vertex 55.56 55.3579 -12
      vertex 55.7781 55.3145 -12
    endloop
  endfacet
  facet normal 0 0 -1
    outer loop
      vertex 56 52.5 -12
      vertex 55.3494 55.4294 -12
      vertex 55.56 55.3579 -12
    endloop
  endfacet
  facet normal 0 0 -1
    outer loop
      vertex 56 52.5 -12
      vertex 55.15 55.5278 -12
      vertex 55.3494 55.4294 -12
    endloop
  endfacet
  facet normal 0 0 -1
    outer loop
      vertex 56 52.5 -12
      vertex 54.9651 55.6513 -12
      vertex 55.15 55.5278 -12
    endloop
  endfacet
  facet normal 0 0 -1
    outer loop
      vertex 56 52.5 -12
      vertex 54.7979 55.7979 -12
      vertex 54.9651 55.6513 -12
    endloop
  endfacet
  facet normal 0 0 -1
    outer loop
      vertex 56 52.5 -12
      vertex 54.6513 55.9651 -12
      vertex 54.7979 55.7979 -12
    endloop
  endfacet
  facet normal 0 0 -1
    outer loop
      vertex 44.7 52.5 -12
      vertex 54.6513 55.9651 -12
      vertex 56 52.5 -12
    endloop
  endfacet
  facet normal -0 0 -1
    outer loop
      vertex 54.6513 55.9651 -12
      vertex 44.7 52.5 -12
      vertex 54.5278 56.15 -12
    endloop
  endfacet
  facet normal -0 0 -1
    outer loop
      vertex 54.3145 56.7781 -12
      vertex 44.7 52.5 -12
      vertex 54.3 57 -12
    endloop
  endfacet
  facet normal -0 0 -1
    outer loop
      vertex 54.3579 56.56 -12
      vertex 44.7 52.5 -12
      vertex 54.3145 56.7781 -12
    endloop
  endfacet
  facet normal -0 0 -1
    outer loop
      vertex 54.4294 56.3494 -12
      vertex 44.7 52.5 -12
      vertex 54.3579 56.56 -12
    endloop
  endfacet
  facet normal -0 0 -1
    outer loop
      vertex 54.5278 56.15 -12
      vertex 44.7 52.5 -12
      vertex 54.4294 56.3494 -12
    endloop
  endfacet
  facet normal 0 0 -1
    outer loop
      vertex 57.3487 58.0349 -12
      vertex 59.5701 59.7394 -12
      vertex 57.4722 57.85 -12
    endloop
  endfacet
  facet normal -0 0 -1
    outer loop
      vertex 59.5701 59.7394 -12
      vertex 57.3487 58.0349 -12
      vertex 59.182 60.182 -12
    endloop
  endfacet
  facet normal 0 0 -1
    outer loop
      vertex 57.2021 58.2021 -12
      vertex 59.182 60.182 -12
      vertex 57.3487 58.0349 -12
    endloop
  endfacet
  facet normal -0 0 -1
    outer loop
      vertex 59.182 60.182 -12
      vertex 57.2021 58.2021 -12
      vertex 58.7394 60.5701 -12
    endloop
  endfacet
  facet normal 0 0 -1
    outer loop
      vertex 57.0349 58.3487 -12
      vertex 58.7394 60.5701 -12
      vertex 57.2021 58.2021 -12
    endloop
  endfacet
  facet normal -0 0 -1
    outer loop
      vertex 58.7394 60.5701 -12
      vertex 57.0349 58.3487 -12
      vertex 58.25 60.8971 -12
    endloop
  endfacet
  facet normal 0 0 -1
    outer loop
      vertex 56.85 58.4722 -12
      vertex 58.25 60.8971 -12
      vertex 57.0349 58.3487 -12
    endloop
  endfacet
  facet normal -0 0 -1
    outer loop
      vertex 58.25 60.8971 -12
      vertex 56.85 58.4722 -12
      vertex 57.7221 61.1575 -12
    endloop
  endfacet
  facet normal 0 0 -1
    outer loop
      vertex 56.6506 58.5706 -12
      vertex 57.7221 61.1575 -12
      vertex 56.85 58.4722 -12
    endloop
  endfacet
  facet normal -0 0 -1
    outer loop
      vertex 57.7221 61.1575 -12
      vertex 56.6506 58.5706 -12
      vertex 57.1647 61.3467 -12
    endloop
  endfacet
  facet normal 0 0 -1
    outer loop
      vertex 56.44 58.6421 -12
      vertex 57.1647 61.3467 -12
      vertex 56.6506 58.5706 -12
    endloop
  endfacet
  facet normal -0 0 -1
    outer loop
      vertex 57.1647 61.3467 -12
      vertex 56.44 58.6421 -12
      vertex 56.5874 61.4615 -12
    endloop
  endfacet
  facet normal 0 0 -1
    outer loop
      vertex 56.2219 58.6855 -12
      vertex 56.5874 61.4615 -12
      vertex 56.44 58.6421 -12
    endloop
  endfacet
  facet normal 0 0 -1
    outer loop
      vertex 56 58.7 -12
      vertex 56.5874 61.4615 -12
      vertex 56.2219 58.6855 -12
    endloop
  endfacet
  facet normal 0 0 -1
    outer loop
      vertex 56 58.7 -12
      vertex 56 61.5 -12
      vertex 56.5874 61.4615 -12
    endloop
  endfacet
  facet normal 0 0 -1
    outer loop
      vertex 55.7781 58.6855 -12
      vertex 56 61.5 -12
      vertex 56 58.7 -12
    endloop
  endfacet
  facet normal 0 0 -1
    outer loop
      vertex 55.56 58.6421 -12
      vertex 56 61.5 -12
      vertex 55.7781 58.6855 -12
    endloop
  endfacet
  facet normal 0 0 -1
    outer loop
      vertex 55.3494 58.5706 -12
      vertex 56 61.5 -12
      vertex 55.56 58.6421 -12
    endloop
  endfacet
  facet normal 0 0 -1
    outer loop
      vertex 55.15 58.4722 -12
      vertex 56 61.5 -12
      vertex 55.3494 58.5706 -12
    endloop
  endfacet
  facet normal 0 0 -1
    outer loop
      vertex 54.9651 58.3487 -12
      vertex 56 61.5 -12
      vertex 55.15 58.4722 -12
    endloop
  endfacet
  facet normal 0 0 -1
    outer loop
      vertex 54.7979 58.2021 -12
      vertex 56 61.5 -12
      vertex 54.9651 58.3487 -12
    endloop
  endfacet
  facet normal 0 0 -1
    outer loop
      vertex 54.6513 58.0349 -12
      vertex 56 61.5 -12
      vertex 54.7979 58.2021 -12
    endloop
  endfacet
  facet normal 0 0 -1
    outer loop
      vertex 44.7 61.5 -12
      vertex 54.6513 58.0349 -12
      vertex 54.5278 57.85 -12
    endloop
  endfacet
  facet normal 0 0 -1
    outer loop
      vertex 44.7 61.5 -12
      vertex 54.5278 57.85 -12
      vertex 54.4294 57.6506 -12
    endloop
  endfacet
  facet normal 0 0 -1
    outer loop
      vertex 44.7 61.5 -12
      vertex 54.3 57 -12
      vertex 44.7 52.5 -12
    endloop
  endfacet
  facet normal 0 0 -1
    outer loop
      vertex 54.3 57 -12
      vertex 44.7 61.5 -12
      vertex 54.3145 57.2219 -12
    endloop
  endfacet
  facet normal 0 0 -1
    outer loop
      vertex 54.3145 57.2219 -12
      vertex 44.7 61.5 -12
      vertex 54.3579 57.44 -12
    endloop
  endfacet
  facet normal 0 0 -1
    outer loop
      vertex 54.3579 57.44 -12
      vertex 44.7 61.5 -12
      vertex 54.4294 57.6506 -12
    endloop
  endfacet
  facet normal 0 0 -1
    outer loop
      vertex 54.6513 58.0349 -12
      vertex 44.7 61.5 -12
      vertex 56 61.5 -12
    endloop
  endfacet
  facet normal 0 1 -0
    outer loop
      vertex 56 61.5 -12
      vertex 44.7 61.5 -9
      vertex 56 61.5 -9
    endloop
  endfacet
  facet normal 0 1 0
    outer loop
      vertex 44.7 61.5 -9
      vertex 56 61.5 -12
      vertex 44.7 61.5 -12
    endloop
  endfacet
  facet normal 0.195038 0.980796 -0
    outer loop
      vertex 57.1647 61.3467 -12
      vertex 56.5874 61.4615 -9
      vertex 57.1647 61.3467 -9
    endloop
  endfacet
  facet normal 0.195038 0.980796 0
    outer loop
      vertex 56.5874 61.4615 -9
      vertex 57.1647 61.3467 -12
      vertex 56.5874 61.4615 -12
    endloop
  endfacet
  facet normal 0.831475 0.555562 0
    outer loop
      vertex 59.8971 59.25 -9
      vertex 59.5701 59.7394 -12
      vertex 59.5701 59.7394 -9
    endloop
  endfacet
  facet normal 0.831475 0.555562 0
    outer loop
      vertex 59.5701 59.7394 -12
      vertex 59.8971 59.25 -9
      vertex 59.8971 59.25 -12
    endloop
  endfacet
  facet normal 0 -1 0
    outer loop
      vertex 44.7 52.5 -12
      vertex 56 52.5 -9
      vertex 44.7 52.5 -9
    endloop
  endfacet
  facet normal 0 -1 -0
    outer loop
      vertex 56 52.5 -9
      vertex 44.7 52.5 -12
      vertex 56 52.5 -12
    endloop
  endfacet
  facet normal 0.0654027 0.997859 -0
    outer loop
      vertex 56.5874 61.4615 -12
      vertex 56 61.5 -9
      vertex 56.5874 61.4615 -9
    endloop
  endfacet
  facet normal 0.0654027 0.997859 0
    outer loop
      vertex 56 61.5 -9
      vertex 56.5874 61.4615 -12
      vertex 56 61.5 -12
    endloop
  endfacet
  facet normal 0.442382 -0.896827 0
    outer loop
      vertex 57.7221 52.8425 -12
      vertex 58.25 53.1029 -9
      vertex 57.7221 52.8425 -9
    endloop
  endfacet
  facet normal 0.442382 -0.896827 0
    outer loop
      vertex 58.25 53.1029 -9
      vertex 57.7221 52.8425 -12
      vertex 58.25 53.1029 -12
    endloop
  endfacet
  facet normal 0.751882 -0.659298 0
    outer loop
      vertex 59.182 53.818 -9
      vertex 59.5701 54.2606 -12
      vertex 59.5701 54.2606 -9
    endloop
  endfacet
  facet normal 0.751882 -0.659298 0
    outer loop
      vertex 59.5701 54.2606 -12
      vertex 59.182 53.818 -9
      vertex 59.182 53.818 -12
    endloop
  endfacet
  facet normal 0.555562 -0.831475 0
    outer loop
      vertex 58.25 53.1029 -12
      vertex 58.7394 53.4299 -9
      vertex 58.25 53.1029 -9
    endloop
  endfacet
  facet normal 0.555562 -0.831475 0
    outer loop
      vertex 58.7394 53.4299 -9
      vertex 58.25 53.1029 -12
      vertex 58.7394 53.4299 -12
    endloop
  endfacet
  facet normal 0.321421 0.946936 -0
    outer loop
      vertex 57.7221 61.1575 -12
      vertex 57.1647 61.3467 -9
      vertex 57.7221 61.1575 -9
    endloop
  endfacet
  facet normal 0.321421 0.946936 0
    outer loop
      vertex 57.1647 61.3467 -9
      vertex 57.7221 61.1575 -12
      vertex 57.1647 61.3467 -12
    endloop
  endfacet
  facet normal 0.896827 0.442382 0
    outer loop
      vertex 60.1575 58.7221 -9
      vertex 59.8971 59.25 -12
      vertex 59.8971 59.25 -9
    endloop
  endfacet
  facet normal 0.896827 0.442382 0
    outer loop
      vertex 59.8971 59.25 -12
      vertex 60.1575 58.7221 -9
      vertex 60.1575 58.7221 -12
    endloop
  endfacet
  facet normal 0.896827 -0.442382 0
    outer loop
      vertex 59.8971 54.75 -9
      vertex 60.1575 55.2779 -12
      vertex 60.1575 55.2779 -9
    endloop
  endfacet
  facet normal 0.896827 -0.442382 0
    outer loop
      vertex 60.1575 55.2779 -12
      vertex 59.8971 54.75 -9
      vertex 59.8971 54.75 -12
    endloop
  endfacet
  facet normal 0.997859 0.0654027 0
    outer loop
      vertex 60.5 57 -9
      vertex 60.4615 57.5874 -12
      vertex 60.4615 57.5874 -9
    endloop
  endfacet
  facet normal 0.997859 0.0654027 0
    outer loop
      vertex 60.4615 57.5874 -12
      vertex 60.5 57 -9
      vertex 60.5 57 -12
    endloop
  endfacet
  facet normal 0.659298 -0.751882 0
    outer loop
      vertex 58.7394 53.4299 -12
      vertex 59.182 53.818 -9
      vertex 58.7394 53.4299 -9
    endloop
  endfacet
  facet normal 0.659298 -0.751882 0
    outer loop
      vertex 59.182 53.818 -9
      vertex 58.7394 53.4299 -12
      vertex 59.182 53.818 -12
    endloop
  endfacet
  facet normal 0.0654027 -0.997859 0
    outer loop
      vertex 56 52.5 -12
      vertex 56.5874 52.5385 -9
      vertex 56 52.5 -9
    endloop
  endfacet
  facet normal 0.0654027 -0.997859 0
    outer loop
      vertex 56.5874 52.5385 -9
      vertex 56 52.5 -12
      vertex 56.5874 52.5385 -12
    endloop
  endfacet
  facet normal 0.946936 0.321421 0
    outer loop
      vertex 60.3467 58.1647 -9
      vertex 60.1575 58.7221 -12
      vertex 60.1575 58.7221 -9
    endloop
  endfacet
  facet normal 0.946936 0.321421 0
    outer loop
      vertex 60.1575 58.7221 -12
      vertex 60.3467 58.1647 -9
      vertex 60.3467 58.1647 -12
    endloop
  endfacet
  facet normal 0.751882 0.659298 0
    outer loop
      vertex 59.5701 59.7394 -9
      vertex 59.182 60.182 -12
      vertex 59.182 60.182 -9
    endloop
  endfacet
  facet normal 0.751882 0.659298 0
    outer loop
      vertex 59.182 60.182 -12
      vertex 59.5701 59.7394 -9
      vertex 59.5701 59.7394 -12
    endloop
  endfacet
  facet normal 0.946936 -0.321421 0
    outer loop
      vertex 60.1575 55.2779 -9
      vertex 60.3467 55.8353 -12
      vertex 60.3467 55.8353 -9
    endloop
  endfacet
  facet normal 0.946936 -0.321421 0
    outer loop
      vertex 60.3467 55.8353 -12
      vertex 60.1575 55.2779 -9
      vertex 60.1575 55.2779 -12
    endloop
  endfacet
  facet normal 0.980796 -0.195038 0
    outer loop
      vertex 60.3467 55.8353 -9
      vertex 60.4615 56.4126 -12
      vertex 60.4615 56.4126 -9
    endloop
  endfacet
  facet normal 0.980796 -0.195038 0
    outer loop
      vertex 60.4615 56.4126 -12
      vertex 60.3467 55.8353 -9
      vertex 60.3467 55.8353 -12
    endloop
  endfacet
  facet normal 0.831475 -0.555562 0
    outer loop
      vertex 59.5701 54.2606 -9
      vertex 59.8971 54.75 -12
      vertex 59.8971 54.75 -9
    endloop
  endfacet
  facet normal 0.831475 -0.555562 0
    outer loop
      vertex 59.8971 54.75 -12
      vertex 59.5701 54.2606 -9
      vertex 59.5701 54.2606 -12
    endloop
  endfacet
  facet normal 0.195038 -0.980796 0
    outer loop
      vertex 56.5874 52.5385 -12
      vertex 57.1647 52.6533 -9
      vertex 56.5874 52.5385 -9
    endloop
  endfacet
  facet normal 0.195038 -0.980796 0
    outer loop
      vertex 57.1647 52.6533 -9
      vertex 56.5874 52.5385 -12
      vertex 57.1647 52.6533 -12
    endloop
  endfacet
  facet normal 0.997859 -0.0654027 0
    outer loop
      vertex 60.4615 56.4126 -9
      vertex 60.5 57 -12
      vertex 60.5 57 -9
    endloop
  endfacet
  facet normal 0.997859 -0.0654027 0
    outer loop
      vertex 60.5 57 -12
      vertex 60.4615 56.4126 -9
      vertex 60.4615 56.4126 -12
    endloop
  endfacet
  facet normal 0 0 1
    outer loop
      vertex 57.7 57 -9
      vertex 60.5 57 -9
      vertex 60.4615 57.5874 -9
    endloop
  endfacet
  facet normal 0 0 1
    outer loop
      vertex 57.6855 57.2219 -9
      vertex 60.4615 57.5874 -9
      vertex 60.3467 58.1647 -9
    endloop
  endfacet
  facet normal 0 0 1
    outer loop
      vertex 60.5 57 -9
      vertex 57.7 57 -9
      vertex 60.4615 56.4126 -9
    endloop
  endfacet
  facet normal 0 0 1
    outer loop
      vertex 57.6421 57.44 -9
      vertex 60.3467 58.1647 -9
      vertex 60.1575 58.7221 -9
    endloop
  endfacet
  facet normal -0 0 1
    outer loop
      vertex 57.6855 56.7781 -9
      vertex 60.4615 56.4126 -9
      vertex 57.7 57 -9
    endloop
  endfacet
  facet normal 0 0 1
    outer loop
      vertex 57.5706 57.6506 -9
      vertex 60.1575 58.7221 -9
      vertex 59.8971 59.25 -9
    endloop
  endfacet
  facet normal 0 0 1
    outer loop
      vertex 60.4615 56.4126 -9
      vertex 57.6855 56.7781 -9
      vertex 60.3467 55.8353 -9
    endloop
  endfacet
  facet normal 0 0 1
    outer loop
      vertex 57.4722 57.85 -9
      vertex 59.8971 59.25 -9
      vertex 59.5701 59.7394 -9
    endloop
  endfacet
  facet normal -0 0 1
    outer loop
      vertex 57.6421 56.56 -9
      vertex 60.3467 55.8353 -9
      vertex 57.6855 56.7781 -9
    endloop
  endfacet
  facet normal 0 0 1
    outer loop
      vertex 57.3487 58.0349 -9
      vertex 59.5701 59.7394 -9
      vertex 59.182 60.182 -9
    endloop
  endfacet
  facet normal 0 0 1
    outer loop
      vertex 60.3467 55.8353 -9
      vertex 57.6421 56.56 -9
      vertex 60.1575 55.2779 -9
    endloop
  endfacet
  facet normal 0 0 1
    outer loop
      vertex 57.2021 58.2021 -9
      vertex 59.182 60.182 -9
      vertex 58.7394 60.5701 -9
    endloop
  endfacet
  facet normal -0 0 1
    outer loop
      vertex 57.5706 56.3494 -9
      vertex 60.1575 55.2779 -9
      vertex 57.6421 56.56 -9
    endloop
  endfacet
  facet normal 0 0 1
    outer loop
      vertex 57.0349 58.3487 -9
      vertex 58.7394 60.5701 -9
      vertex 58.25 60.8971 -9
    endloop
  endfacet
  facet normal 0 0 1
    outer loop
      vertex 60.1575 55.2779 -9
      vertex 57.5706 56.3494 -9
      vertex 59.8971 54.75 -9
    endloop
  endfacet
  facet normal 0 0 1
    outer loop
      vertex 56.85 58.4722 -9
      vertex 58.25 60.8971 -9
      vertex 57.7221 61.1575 -9
    endloop
  endfacet
  facet normal -0 0 1
    outer loop
      vertex 57.4722 56.15 -9
      vertex 59.8971 54.75 -9
      vertex 57.5706 56.3494 -9
    endloop
  endfacet
  facet normal 0 0 1
    outer loop
      vertex 59.8971 54.75 -9
      vertex 57.4722 56.15 -9
      vertex 59.5701 54.2606 -9
    endloop
  endfacet
  facet normal 0 0 1
    outer loop
      vertex 60.4615 57.5874 -9
      vertex 57.6855 57.2219 -9
      vertex 57.7 57 -9
    endloop
  endfacet
  facet normal 0 0 1
    outer loop
      vertex 60.3467 58.1647 -9
      vertex 57.6421 57.44 -9
      vertex 57.6855 57.2219 -9
    endloop
  endfacet
  facet normal 0 0 1
    outer loop
      vertex 60.1575 58.7221 -9
      vertex 57.5706 57.6506 -9
      vertex 57.6421 57.44 -9
    endloop
  endfacet
  facet normal 0 0 1
    outer loop
      vertex 59.8971 59.25 -9
      vertex 57.4722 57.85 -9
      vertex 57.5706 57.6506 -9
    endloop
  endfacet
  facet normal 0 0 1
    outer loop
      vertex 59.5701 59.7394 -9
      vertex 57.3487 58.0349 -9
      vertex 57.4722 57.85 -9
    endloop
  endfacet
  facet normal 0 0 1
    outer loop
      vertex 59.182 60.182 -9
      vertex 57.2021 58.2021 -9
      vertex 57.3487 58.0349 -9
    endloop
  endfacet
  facet normal 0 0 1
    outer loop
      vertex 56.6506 58.5706 -9
      vertex 57.7221 61.1575 -9
      vertex 57.1647 61.3467 -9
    endloop
  endfacet
  facet normal 0 0 1
    outer loop
      vertex 58.7394 60.5701 -9
      vertex 57.0349 58.3487 -9
      vertex 57.2021 58.2021 -9
    endloop
  endfacet
  facet normal 0 0 1
    outer loop
      vertex 58.25 60.8971 -9
      vertex 56.85 58.4722 -9
      vertex 57.0349 58.3487 -9
    endloop
  endfacet
  facet normal 0 0 1
    outer loop
      vertex 57.7221 61.1575 -9
      vertex 56.6506 58.5706 -9
      vertex 56.85 58.4722 -9
    endloop
  endfacet
  facet normal 0 0 1
    outer loop
      vertex 56.44 58.6421 -9
      vertex 57.1647 61.3467 -9
      vertex 56.5874 61.4615 -9
    endloop
  endfacet
  facet normal 0 0 1
    outer loop
      vertex 57.1647 61.3467 -9
      vertex 56.44 58.6421 -9
      vertex 56.6506 58.5706 -9
    endloop
  endfacet
  facet normal 0 0 1
    outer loop
      vertex 56.5874 61.4615 -9
      vertex 56.2219 58.6855 -9
      vertex 56.44 58.6421 -9
    endloop
  endfacet
  facet normal 0 0 1
    outer loop
      vertex 56 61.5 -9
      vertex 56.2219 58.6855 -9
      vertex 56.5874 61.4615 -9
    endloop
  endfacet
  facet normal 0 0 1
    outer loop
      vertex 56 61.5 -9
      vertex 56 58.7 -9
      vertex 56.2219 58.6855 -9
    endloop
  endfacet
  facet normal 0 0 1
    outer loop
      vertex 56 61.5 -9
      vertex 55.7781 58.6855 -9
      vertex 56 58.7 -9
    endloop
  endfacet
  facet normal 0 0 1
    outer loop
      vertex 56 61.5 -9
      vertex 55.56 58.6421 -9
      vertex 55.7781 58.6855 -9
    endloop
  endfacet
  facet normal 0 0 1
    outer loop
      vertex 56 61.5 -9
      vertex 55.3494 58.5706 -9
      vertex 55.56 58.6421 -9
    endloop
  endfacet
  facet normal 0 0 1
    outer loop
      vertex 56 61.5 -9
      vertex 55.15 58.4722 -9
      vertex 55.3494 58.5706 -9
    endloop
  endfacet
  facet normal 0 0 1
    outer loop
      vertex 56 61.5 -9
      vertex 54.9651 58.3487 -9
      vertex 55.15 58.4722 -9
    endloop
  endfacet
  facet normal 0 0 1
    outer loop
      vertex 56 61.5 -9
      vertex 54.7979 58.2021 -9
      vertex 54.9651 58.3487 -9
    endloop
  endfacet
  facet normal 0 0 1
    outer loop
      vertex 56 61.5 -9
      vertex 54.6513 58.0349 -9
      vertex 54.7979 58.2021 -9
    endloop
  endfacet
  facet normal -0 0 1
    outer loop
      vertex 44.7 61.5 -9
      vertex 54.6513 58.0349 -9
      vertex 56 61.5 -9
    endloop
  endfacet
  facet normal 0 0 1
    outer loop
      vertex 54.6513 58.0349 -9
      vertex 44.7 61.5 -9
      vertex 54.5278 57.85 -9
    endloop
  endfacet
  facet normal 0 0 1
    outer loop
      vertex 54.3145 57.2219 -9
      vertex 44.7 61.5 -9
      vertex 54.3 57 -9
    endloop
  endfacet
  facet normal 0 0 1
    outer loop
      vertex 54.3579 57.44 -9
      vertex 44.7 61.5 -9
      vertex 54.3145 57.2219 -9
    endloop
  endfacet
  facet normal 0 0 1
    outer loop
      vertex 54.4294 57.6506 -9
      vertex 44.7 61.5 -9
      vertex 54.3579 57.44 -9
    endloop
  endfacet
  facet normal 0 0 1
    outer loop
      vertex 54.5278 57.85 -9
      vertex 44.7 61.5 -9
      vertex 54.4294 57.6506 -9
    endloop
  endfacet
  facet normal -0 0 1
    outer loop
      vertex 57.3487 55.9651 -9
      vertex 59.5701 54.2606 -9
      vertex 57.4722 56.15 -9
    endloop
  endfacet
  facet normal 0 0 1
    outer loop
      vertex 59.5701 54.2606 -9
      vertex 57.3487 55.9651 -9
      vertex 59.182 53.818 -9
    endloop
  endfacet
  facet normal -0 0 1
    outer loop
      vertex 57.2021 55.7979 -9
      vertex 59.182 53.818 -9
      vertex 57.3487 55.9651 -9
    endloop
  endfacet
  facet normal 0 0 1
    outer loop
      vertex 59.182 53.818 -9
      vertex 57.2021 55.7979 -9
      vertex 58.7394 53.4299 -9
    endloop
  endfacet
  facet normal -0 0 1
    outer loop
      vertex 57.0349 55.6513 -9
      vertex 58.7394 53.4299 -9
      vertex 57.2021 55.7979 -9
    endloop
  endfacet
  facet normal 0 0 1
    outer loop
      vertex 58.7394 53.4299 -9
      vertex 57.0349 55.6513 -9
      vertex 58.25 53.1029 -9
    endloop
  endfacet
  facet normal -0 0 1
    outer loop
      vertex 56.85 55.5278 -9
      vertex 58.25 53.1029 -9
      vertex 57.0349 55.6513 -9
    endloop
  endfacet
  facet normal 0 0 1
    outer loop
      vertex 58.25 53.1029 -9
      vertex 56.85 55.5278 -9
      vertex 57.7221 52.8425 -9
    endloop
  endfacet
  facet normal -0 0 1
    outer loop
      vertex 56.6506 55.4294 -9
      vertex 57.7221 52.8425 -9
      vertex 56.85 55.5278 -9
    endloop
  endfacet
  facet normal 0 0 1
    outer loop
      vertex 57.7221 52.8425 -9
      vertex 56.6506 55.4294 -9
      vertex 57.1647 52.6533 -9
    endloop
  endfacet
  facet normal -0 0 1
    outer loop
      vertex 56.44 55.3579 -9
      vertex 57.1647 52.6533 -9
      vertex 56.6506 55.4294 -9
    endloop
  endfacet
  facet normal 0 0 1
    outer loop
      vertex 57.1647 52.6533 -9
      vertex 56.44 55.3579 -9
      vertex 56.5874 52.5385 -9
    endloop
  endfacet
  facet normal -0 0 1
    outer loop
      vertex 56.2219 55.3145 -9
      vertex 56.5874 52.5385 -9
      vertex 56.44 55.3579 -9
    endloop
  endfacet
  facet normal -0 0 1
    outer loop
      vertex 56 55.3 -9
      vertex 56.5874 52.5385 -9
      vertex 56.2219 55.3145 -9
    endloop
  endfacet
  facet normal 0 0 1
    outer loop
      vertex 56 55.3 -9
      vertex 56 52.5 -9
      vertex 56.5874 52.5385 -9
    endloop
  endfacet
  facet normal 0 0 1
    outer loop
      vertex 55.7781 55.3145 -9
      vertex 56 52.5 -9
      vertex 56 55.3 -9
    endloop
  endfacet
  facet normal 0 0 1
    outer loop
      vertex 55.56 55.3579 -9
      vertex 56 52.5 -9
      vertex 55.7781 55.3145 -9
    endloop
  endfacet
  facet normal 0 0 1
    outer loop
      vertex 55.3494 55.4294 -9
      vertex 56 52.5 -9
      vertex 55.56 55.3579 -9
    endloop
  endfacet
  facet normal 0 0 1
    outer loop
      vertex 55.15 55.5278 -9
      vertex 56 52.5 -9
      vertex 55.3494 55.4294 -9
    endloop
  endfacet
  facet normal 0 0 1
    outer loop
      vertex 54.9651 55.6513 -9
      vertex 56 52.5 -9
      vertex 55.15 55.5278 -9
    endloop
  endfacet
  facet normal 0 0 1
    outer loop
      vertex 54.7979 55.7979 -9
      vertex 56 52.5 -9
      vertex 54.9651 55.6513 -9
    endloop
  endfacet
  facet normal 0 0 1
    outer loop
      vertex 54.6513 55.9651 -9
      vertex 56 52.5 -9
      vertex 54.7979 55.7979 -9
    endloop
  endfacet
  facet normal 0 0 1
    outer loop
      vertex 44.7 52.5 -9
      vertex 54.6513 55.9651 -9
      vertex 54.5278 56.15 -9
    endloop
  endfacet
  facet normal 0 0 1
    outer loop
      vertex 44.7 52.5 -9
      vertex 54.5278 56.15 -9
      vertex 54.4294 56.3494 -9
    endloop
  endfacet
  facet normal 0 0 1
    outer loop
      vertex 44.7 52.5 -9
      vertex 54.3 57 -9
      vertex 44.7 61.5 -9
    endloop
  endfacet
  facet normal 0 0 1
    outer loop
      vertex 54.3 57 -9
      vertex 44.7 52.5 -9
      vertex 54.3145 56.7781 -9
    endloop
  endfacet
  facet normal 0 0 1
    outer loop
      vertex 54.3145 56.7781 -9
      vertex 44.7 52.5 -9
      vertex 54.3579 56.56 -9
    endloop
  endfacet
  facet normal 0 0 1
    outer loop
      vertex 54.3579 56.56 -9
      vertex 44.7 52.5 -9
      vertex 54.4294 56.3494 -9
    endloop
  endfacet
  facet normal 0 0 1
    outer loop
      vertex 54.6513 55.9651 -9
      vertex 44.7 52.5 -9
      vertex 56 52.5 -9
    endloop
  endfacet
  facet normal 0.980796 0.195038 0
    outer loop
      vertex 60.4615 57.5874 -9
      vertex 60.3467 58.1647 -12
      vertex 60.3467 58.1647 -9
    endloop
  endfacet
  facet normal 0.980796 0.195038 0
    outer loop
      vertex 60.3467 58.1647 -12
      vertex 60.4615 57.5874 -9
      vertex 60.4615 57.5874 -12
    endloop
  endfacet
  facet normal 0.555562 0.831475 -0
    outer loop
      vertex 58.7394 60.5701 -12
      vertex 58.25 60.8971 -9
      vertex 58.7394 60.5701 -9
    endloop
  endfacet
  facet normal 0.555562 0.831475 0
    outer loop
      vertex 58.25 60.8971 -9
      vertex 58.7394 60.5701 -12
      vertex 58.25 60.8971 -12
    endloop
  endfacet
  facet normal 1 0 0
    outer loop
      vertex 50.4 76.4 -34.1
      vertex 50.4 60 -46.5
      vertex 50.4 76.4 -93.4
    endloop
  endfacet
  facet normal 1 0 0
    outer loop
      vertex 50.4 76.4 -34.1
      vertex 50.4 56 -46.5
      vertex 50.4 60 -46.5
    endloop
  endfacet
  facet normal 1 0 0
    outer loop
      vertex 50.4 56 -46.5
      vertex 50.4 50 -46.5
      vertex 50.4 56 -81
    endloop
  endfacet
  facet normal 1 0 0
    outer loop
      vertex 50.4 76.4 -34.1
      vertex 50.4 50 -46.5
      vertex 50.4 56 -46.5
    endloop
  endfacet
  facet normal 1 0 0
    outer loop
      vertex 50.4 76.4 -34.1
      vertex 50.4 46 -46.5
      vertex 50.4 50 -46.5
    endloop
  endfacet
  facet normal 1 0 0
    outer loop
      vertex 50.4 46 -46.5
      vertex 50.4 40 -46.5
      vertex 50.4 46 -81
    endloop
  endfacet
  facet normal 1 -0 0
    outer loop
      vertex 50.4 13.6 -34.1
      vertex 50.4 46 -46.5
      vertex 50.4 76.4 -34.1
    endloop
  endfacet
  facet normal 1 0 0
    outer loop
      vertex 50.4 46 -46.5
      vertex 50.4 13.6 -34.1
      vertex 50.4 40 -46.5
    endloop
  endfacet
  facet normal 1 0 0
    outer loop
      vertex 50.4 36 -46.5
      vertex 50.4 30 -46.5
      vertex 50.4 36 -81
    endloop
  endfacet
  facet normal 1 0 0
    outer loop
      vertex 50.4 40 -46.5
      vertex 50.4 13.6 -34.1
      vertex 50.4 36 -46.5
    endloop
  endfacet
  facet normal 1 0 0
    outer loop
      vertex 50.4 36 -46.5
      vertex 50.4 13.6 -34.1
      vertex 50.4 30 -46.5
    endloop
  endfacet
  facet normal 1 0 0
    outer loop
      vertex 50.4 26 -46.5
      vertex 50.4 13.6 -34.1
      vertex 50.4 26 -81
    endloop
  endfacet
  facet normal 1 0 0
    outer loop
      vertex 50.4 30 -46.5
      vertex 50.4 13.6 -34.1
      vertex 50.4 26 -46.5
    endloop
  endfacet
  facet normal 1 -0 0
    outer loop
      vertex 50.4 60 -81
      vertex 50.4 76.4 -93.4
      vertex 50.4 60 -46.5
    endloop
  endfacet
  facet normal 1 -0 0
    outer loop
      vertex 50.4 56 -81
      vertex 50.4 76.4 -93.4
      vertex 50.4 60 -81
    endloop
  endfacet
  facet normal 1 0 0
    outer loop
      vertex 50.4 50 -81
      vertex 50.4 56 -81
      vertex 50.4 50 -46.5
    endloop
  endfacet
  facet normal 1 -0 0
    outer loop
      vertex 50.4 50 -81
      vertex 50.4 76.4 -93.4
      vertex 50.4 56 -81
    endloop
  endfacet
  facet normal 1 -0 0
    outer loop
      vertex 50.4 46 -81
      vertex 50.4 76.4 -93.4
      vertex 50.4 50 -81
    endloop
  endfacet
  facet normal 1 0 0
    outer loop
      vertex 50.4 40 -81
      vertex 50.4 46 -81
      vertex 50.4 40 -46.5
    endloop
  endfacet
  facet normal 1 0 0
    outer loop
      vertex 50.4 13.6 -93.4
      vertex 50.4 46 -81
      vertex 50.4 40 -81
    endloop
  endfacet
  facet normal 1 0 0
    outer loop
      vertex 50.4 13.6 -93.4
      vertex 50.4 40 -81
      vertex 50.4 36 -81
    endloop
  endfacet
  facet normal 1 0 0
    outer loop
      vertex 50.4 30 -81
      vertex 50.4 36 -81
      vertex 50.4 30 -46.5
    endloop
  endfacet
  facet normal 1 0 0
    outer loop
      vertex 50.4 13.6 -93.4
      vertex 50.4 36 -81
      vertex 50.4 30 -81
    endloop
  endfacet
  facet normal 1 0 0
    outer loop
      vertex 50.4 13.6 -93.4
      vertex 50.4 30 -81
      vertex 50.4 26 -81
    endloop
  endfacet
  facet normal 1 0 0
    outer loop
      vertex 50.4 46 -81
      vertex 50.4 13.6 -93.4
      vertex 50.4 76.4 -93.4
    endloop
  endfacet
  facet normal 1 0 0
    outer loop
      vertex 50.4 13.6 -93.4
      vertex 50.4 26 -81
      vertex 50.4 13.6 -34.1
    endloop
  endfacet
  facet normal 0 0 1
    outer loop
      vertex 1.3 25.7 -34.1
      vertex -3 25.7 -34.1
      vertex 1.3 23.3 -34.1
    endloop
  endfacet
  facet normal 0 0 1
    outer loop
      vertex 50.4 76.4 -34.1
      vertex 44.7 66.7 -34.1
      vertex 50.4 13.6 -34.1
    endloop
  endfacet
  facet normal -0 0 1
    outer loop
      vertex -3 76.4 -34.1
      vertex 44.7 66.7 -34.1
      vertex 50.4 76.4 -34.1
    endloop
  endfacet
  facet normal 0 0 1
    outer loop
      vertex 44.7 66.7 -34.1
      vertex -3 76.4 -34.1
      vertex 1.3 66.7 -34.1
    endloop
  endfacet
  facet normal 0 0 1
    outer loop
      vertex -3 64.3 -34.1
      vertex 1.3 66.7 -34.1
      vertex -3 76.4 -34.1
    endloop
  endfacet
  facet normal 0 0 1
    outer loop
      vertex 1.3 66.7 -34.1
      vertex -3 64.3 -34.1
      vertex 1.3 64.3 -34.1
    endloop
  endfacet
  facet normal -0 0 1
    outer loop
      vertex 44.7 23.3 -34.1
      vertex 50.4 13.6 -34.1
      vertex 44.7 66.7 -34.1
    endloop
  endfacet
  facet normal 0 0 1
    outer loop
      vertex -3 13.6 -34.1
      vertex 44.7 23.3 -34.1
      vertex 1.3 23.3 -34.1
    endloop
  endfacet
  facet normal 0 0 1
    outer loop
      vertex 44.7 23.3 -34.1
      vertex -3 13.6 -34.1
      vertex 50.4 13.6 -34.1
    endloop
  endfacet
  facet normal 0 0 1
    outer loop
      vertex -3 13.6 -34.1
      vertex 1.3 23.3 -34.1
      vertex -3 25.7 -34.1
    endloop
  endfacet
  facet normal 0 0 -1
    outer loop
      vertex -3 13.6 -93.4
      vertex 50.4 76.4 -93.4
      vertex 50.4 13.6 -93.4
    endloop
  endfacet
  facet normal -0 0 -1
    outer loop
      vertex 50.4 76.4 -93.4
      vertex -3 13.6 -93.4
      vertex -3 76.4 -93.4
    endloop
  endfacet
  facet normal -1 0 0
    outer loop
      vertex -3 76.4 -93.4
      vertex -3 74 -91
      vertex -3 76.4 -34.1
    endloop
  endfacet
  facet normal -1 0 0
    outer loop
      vertex -3 76.4 -93.4
      vertex -3 16 -91
      vertex -3 74 -91
    endloop
  endfacet
  facet normal -1 -0 0
    outer loop
      vertex -3 16 -91
      vertex -3 13.6 -93.4
      vertex -3 16 -36.5
    endloop
  endfacet
  facet normal -1 0 0
    outer loop
      vertex -3 13.6 -93.4
      vertex -3 16 -91
      vertex -3 76.4 -93.4
    endloop
  endfacet
  facet normal -1 0 0
    outer loop
      vertex -3 74 -36.5
      vertex -3 76.4 -34.1
      vertex -3 74 -91
    endloop
  endfacet
  facet normal -1 0 0
    outer loop
      vertex -3 64.3 -34.1
      vertex -3 74 -36.5
      vertex -3 64.3 -36.5
    endloop
  endfacet
  facet normal -1 0 0
    outer loop
      vertex -3 74 -36.5
      vertex -3 64.3 -34.1
      vertex -3 76.4 -34.1
    endloop
  endfacet
  facet normal -1 0 0
    outer loop
      vertex -3 16 -36.5
      vertex -3 25.7 -34.1
      vertex -3 25.7 -36.5
    endloop
  endfacet
  facet normal -1 0 0
    outer loop
      vertex -3 16 -36.5
      vertex -3 13.6 -34.1
      vertex -3 25.7 -34.1
    endloop
  endfacet
  facet normal -1 0 0
    outer loop
      vertex -3 13.6 -34.1
      vertex -3 16 -36.5
      vertex -3 13.6 -93.4
    endloop
  endfacet
  facet normal 0 1 -0
    outer loop
      vertex 50.4 76.4 -93.4
      vertex -3 76.4 -34.1
      vertex 50.4 76.4 -34.1
    endloop
  endfacet
  facet normal 0 1 0
    outer loop
      vertex -3 76.4 -34.1
      vertex 50.4 76.4 -93.4
      vertex -3 76.4 -93.4
    endloop
  endfacet
  facet normal 0 -1 0
    outer loop
      vertex -3 13.6 -93.4
      vertex 50.4 13.6 -34.1
      vertex -3 13.6 -34.1
    endloop
  endfacet
  facet normal 0 -1 -0
    outer loop
      vertex 50.4 13.6 -34.1
      vertex -3 13.6 -93.4
      vertex 50.4 13.6 -93.4
    endloop
  endfacet
  facet normal 1 0 0
    outer loop
      vertex 44.7 61.5 -12
      vertex 44.7 66.7 -7
      vertex 44.7 61.5 -9
    endloop
  endfacet
  facet normal 1 0 0
    outer loop
      vertex 44.7 66.7 -7
      vertex 44.7 52.5 -9
      vertex 44.7 61.5 -9
    endloop
  endfacet
  facet normal 1 0 0
    outer loop
      vertex 44.7 52.5 -9
      vertex 44.7 37.5 -9
      vertex 44.7 52.5 -12
    endloop
  endfacet
  facet normal 1 0 0
    outer loop
      vertex 44.7 66.7 -7
      vertex 44.7 37.5 -9
      vertex 44.7 52.5 -9
    endloop
  endfacet
  facet normal 1 -0 0
    outer loop
      vertex 44.7 23.3 -7
      vertex 44.7 37.5 -9
      vertex 44.7 66.7 -7
    endloop
  endfacet
  facet normal 1 0 0
    outer loop
      vertex 44.7 28.5 -9
      vertex 44.7 23.3 -7
      vertex 44.7 28.5 -12
    endloop
  endfacet
  facet normal 1 0 0
    outer loop
      vertex 44.7 37.5 -9
      vertex 44.7 23.3 -7
      vertex 44.7 28.5 -9
    endloop
  endfacet
  facet normal 1 0 0
    outer loop
      vertex 44.7 66.7 -7
      vertex 44.7 61.5 -12
      vertex 44.7 66.7 -34.1
    endloop
  endfacet
  facet normal 1 -0 0
    outer loop
      vertex 44.7 52.5 -12
      vertex 44.7 66.7 -34.1
      vertex 44.7 61.5 -12
    endloop
  endfacet
  facet normal 1 0 0
    outer loop
      vertex 44.7 37.5 -12
      vertex 44.7 52.5 -12
      vertex 44.7 37.5 -9
    endloop
  endfacet
  facet normal 1 0 0
    outer loop
      vertex 44.7 52.5 -12
      vertex 44.7 37.5 -12
      vertex 44.7 66.7 -34.1
    endloop
  endfacet
  facet normal 1 0 0
    outer loop
      vertex 44.7 23.3 -34.1
      vertex 44.7 37.5 -12
      vertex 44.7 28.5 -12
    endloop
  endfacet
  facet normal 1 0 0
    outer loop
      vertex 44.7 37.5 -12
      vertex 44.7 23.3 -34.1
      vertex 44.7 66.7 -34.1
    endloop
  endfacet
  facet normal 1 0 0
    outer loop
      vertex 44.7 23.3 -34.1
      vertex 44.7 28.5 -12
      vertex 44.7 23.3 -7
    endloop
  endfacet
  facet normal 0 0 1
    outer loop
      vertex 44.7 66.7 -7
      vertex 42.3 64.3 -7
      vertex 44.7 23.3 -7
    endloop
  endfacet
  facet normal -0 0 1
    outer loop
      vertex 1.3 66.7 -7
      vertex 42.3 64.3 -7
      vertex 44.7 66.7 -7
    endloop
  endfacet
  facet normal 0 0 1
    outer loop
      vertex 42.3 64.3 -7
      vertex 1.3 66.7 -7
      vertex 1.3 64.3 -7
    endloop
  endfacet
  facet normal -0 0 1
    outer loop
      vertex 42.3 25.7 -7
      vertex 44.7 23.3 -7
      vertex 42.3 64.3 -7
    endloop
  endfacet
  facet normal 0 0 1
    outer loop
      vertex 1.3 23.3 -7
      vertex 42.3 25.7 -7
      vertex 1.3 25.7 -7
    endloop
  endfacet
  facet normal 0 0 1
    outer loop
      vertex 42.3 25.7 -7
      vertex 1.3 23.3 -7
      vertex 44.7 23.3 -7
    endloop
  endfacet
  facet normal -1 0 0
    outer loop
      vertex 1.3 64.3 -34.1
      vertex 1.3 66.7 -7
      vertex 1.3 66.7 -34.1
    endloop
  endfacet
  facet normal -1 -0 0
    outer loop
      vertex 1.3 66.7 -7
      vertex 1.3 64.3 -34.1
      vertex 1.3 64.3 -7
    endloop
  endfacet
  facet normal -1 0 0
    outer loop
      vertex 1.3 23.3 -34.1
      vertex 1.3 25.7 -7
      vertex 1.3 25.7 -34.1
    endloop
  endfacet
  facet normal -1 -0 0
    outer loop
      vertex 1.3 25.7 -7
      vertex 1.3 23.3 -34.1
      vertex 1.3 23.3 -7
    endloop
  endfacet
  facet normal 0 1 -0
    outer loop
      vertex 44.7 66.7 -34.1
      vertex 1.3 66.7 -7
      vertex 44.7 66.7 -7
    endloop
  endfacet
  facet normal 0 1 0
    outer loop
      vertex 1.3 66.7 -7
      vertex 44.7 66.7 -34.1
      vertex 1.3 66.7 -34.1
    endloop
  endfacet
  facet normal 0 -1 0
    outer loop
      vertex 1.3 23.3 -34.1
      vertex 44.7 23.3 -7
      vertex 1.3 23.3 -7
    endloop
  endfacet
  facet normal 0 -1 -0
    outer loop
      vertex 44.7 23.3 -7
      vertex 1.3 23.3 -34.1
      vertex 44.7 23.3 -34.1
    endloop
  endfacet
  facet normal -0.98077 -0.195165 0
    outer loop
      vertex 57.6855 33.2219 -12
      vertex 57.6421 33.44 -9
      vertex 57.6421 33.44 -12
    endloop
  endfacet
  facet normal -0.98077 -0.195165 0
    outer loop
      vertex 57.6421 33.44 -9
      vertex 57.6855 33.2219 -12
      vertex 57.6855 33.2219 -9
    endloop
  endfacet
  facet normal -0.997872 -0.0652057 0
    outer loop
      vertex 57.7 33 -12
      vertex 57.6855 33.2219 -9
      vertex 57.6855 33.2219 -12
    endloop
  endfacet
  facet normal -0.997872 -0.0652057 0
    outer loop
      vertex 57.6855 33.2219 -9
      vertex 57.7 33 -12
      vertex 57.7 33 -9
    endloop
  endfacet
  facet normal 0.44253 -0.896754 0
    outer loop
      vertex 55.15 34.4722 -12
      vertex 55.3494 34.5706 -9
      vertex 55.15 34.4722 -9
    endloop
  endfacet
  facet normal 0.44253 -0.896754 0
    outer loop
      vertex 55.3494 34.5706 -9
      vertex 55.15 34.4722 -12
      vertex 55.3494 34.5706 -12
    endloop
  endfacet
  facet normal -0.555426 -0.831566 0
    outer loop
      vertex 56.85 34.4722 -12
      vertex 57.0349 34.3487 -9
      vertex 56.85 34.4722 -9
    endloop
  endfacet
  facet normal -0.555426 -0.831566 -0
    outer loop
      vertex 57.0349 34.3487 -9
      vertex 56.85 34.4722 -12
      vertex 57.0349 34.3487 -12
    endloop
  endfacet
  facet normal 0.659268 -0.751908 0
    outer loop
      vertex 54.7979 34.2021 -12
      vertex 54.9651 34.3487 -9
      vertex 54.7979 34.2021 -9
    endloop
  endfacet
  facet normal 0.659268 -0.751908 0
    outer loop
      vertex 54.9651 34.3487 -9
      vertex 54.7979 34.2021 -12
      vertex 54.9651 34.3487 -12
    endloop
  endfacet
  facet normal -0.321484 0.946915 0
    outer loop
      vertex 56.6506 31.4294 -12
      vertex 56.44 31.3579 -9
      vertex 56.6506 31.4294 -9
    endloop
  endfacet
  facet normal -0.321484 0.946915 0
    outer loop
      vertex 56.44 31.3579 -9
      vertex 56.6506 31.4294 -12
      vertex 56.44 31.3579 -12
    endloop
  endfacet
  facet normal -0.831566 0.555426 0
    outer loop
      vertex 57.3487 31.9651 -12
      vertex 57.4722 32.15 -9
      vertex 57.4722 32.15 -12
    endloop
  endfacet
  facet normal -0.831566 0.555426 0
    outer loop
      vertex 57.4722 32.15 -9
      vertex 57.3487 31.9651 -12
      vertex 57.3487 31.9651 -9
    endloop
  endfacet
  facet normal -0.946915 0.321484 0
    outer loop
      vertex 57.5706 32.3494 -12
      vertex 57.6421 32.56 -9
      vertex 57.6421 32.56 -12
    endloop
  endfacet
  facet normal -0.946915 0.321484 0
    outer loop
      vertex 57.6421 32.56 -9
      vertex 57.5706 32.3494 -12
      vertex 57.5706 32.3494 -9
    endloop
  endfacet
  facet normal -0.321484 -0.946915 0
    outer loop
      vertex 56.44 34.6421 -12
      vertex 56.6506 34.5706 -9
      vertex 56.44 34.6421 -9
    endloop
  endfacet
  facet normal -0.321484 -0.946915 -0
    outer loop
      vertex 56.6506 34.5706 -9
      vertex 56.44 34.6421 -12
      vertex 56.6506 34.5706 -12
    endloop
  endfacet
  facet normal -0.195165 -0.98077 0
    outer loop
      vertex 56.2219 34.6855 -12
      vertex 56.44 34.6421 -9
      vertex 56.2219 34.6855 -9
    endloop
  endfacet
  facet normal -0.195165 -0.98077 -0
    outer loop
      vertex 56.44 34.6421 -9
      vertex 56.2219 34.6855 -12
      vertex 56.44 34.6421 -12
    endloop
  endfacet
  facet normal 0.555426 -0.831566 0
    outer loop
      vertex 54.9651 34.3487 -12
      vertex 55.15 34.4722 -9
      vertex 54.9651 34.3487 -9
    endloop
  endfacet
  facet normal 0.555426 -0.831566 0
    outer loop
      vertex 55.15 34.4722 -9
      vertex 54.9651 34.3487 -12
      vertex 55.15 34.4722 -12
    endloop
  endfacet
  facet normal -0.896754 0.44253 0
    outer loop
      vertex 57.4722 32.15 -12
      vertex 57.5706 32.3494 -9
      vertex 57.5706 32.3494 -12
    endloop
  endfacet
  facet normal -0.896754 0.44253 0
    outer loop
      vertex 57.5706 32.3494 -9
      vertex 57.4722 32.15 -12
      vertex 57.4722 32.15 -9
    endloop
  endfacet
  facet normal -0.659268 -0.751908 0
    outer loop
      vertex 57.0349 34.3487 -12
      vertex 57.2021 34.2021 -9
      vertex 57.0349 34.3487 -9
    endloop
  endfacet
  facet normal -0.659268 -0.751908 -0
    outer loop
      vertex 57.2021 34.2021 -9
      vertex 57.0349 34.3487 -12
      vertex 57.2021 34.2021 -12
    endloop
  endfacet
  facet normal -0.555426 0.831566 0
    outer loop
      vertex 57.0349 31.6513 -12
      vertex 56.85 31.5278 -9
      vertex 57.0349 31.6513 -9
    endloop
  endfacet
  facet normal -0.555426 0.831566 0
    outer loop
      vertex 56.85 31.5278 -9
      vertex 57.0349 31.6513 -12
      vertex 56.85 31.5278 -12
    endloop
  endfacet
  facet normal -0.44253 -0.896754 0
    outer loop
      vertex 56.6506 34.5706 -12
      vertex 56.85 34.4722 -9
      vertex 56.6506 34.5706 -9
    endloop
  endfacet
  facet normal -0.44253 -0.896754 -0
    outer loop
      vertex 56.85 34.4722 -9
      vertex 56.6506 34.5706 -12
      vertex 56.85 34.4722 -12
    endloop
  endfacet
  facet normal 0.659268 0.751908 -0
    outer loop
      vertex 54.9651 31.6513 -12
      vertex 54.7979 31.7979 -9
      vertex 54.9651 31.6513 -9
    endloop
  endfacet
  facet normal 0.659268 0.751908 0
    outer loop
      vertex 54.7979 31.7979 -9
      vertex 54.9651 31.6513 -12
      vertex 54.7979 31.7979 -12
    endloop
  endfacet
  facet normal 0.751908 0.659268 0
    outer loop
      vertex 54.7979 31.7979 -9
      vertex 54.6513 31.9651 -12
      vertex 54.6513 31.9651 -9
    endloop
  endfacet
  facet normal 0.751908 0.659268 0
    outer loop
      vertex 54.6513 31.9651 -12
      vertex 54.7979 31.7979 -9
      vertex 54.7979 31.7979 -12
    endloop
  endfacet
  facet normal 0.831566 0.555426 0
    outer loop
      vertex 54.6513 31.9651 -9
      vertex 54.5278 32.15 -12
      vertex 54.5278 32.15 -9
    endloop
  endfacet
  facet normal 0.831566 0.555426 0
    outer loop
      vertex 54.5278 32.15 -12
      vertex 54.6513 31.9651 -9
      vertex 54.6513 31.9651 -12
    endloop
  endfacet
  facet normal -0.831566 -0.555426 0
    outer loop
      vertex 57.4722 33.85 -12
      vertex 57.3487 34.0349 -9
      vertex 57.3487 34.0349 -12
    endloop
  endfacet
  facet normal -0.831566 -0.555426 0
    outer loop
      vertex 57.3487 34.0349 -9
      vertex 57.4722 33.85 -12
      vertex 57.4722 33.85 -9
    endloop
  endfacet
  facet normal -0.195165 0.98077 0
    outer loop
      vertex 56.44 31.3579 -12
      vertex 56.2219 31.3145 -9
      vertex 56.44 31.3579 -9
    endloop
  endfacet
  facet normal -0.195165 0.98077 0
    outer loop
      vertex 56.2219 31.3145 -9
      vertex 56.44 31.3579 -12
      vertex 56.2219 31.3145 -12
    endloop
  endfacet
  facet normal -0.98077 0.195165 0
    outer loop
      vertex 57.6421 32.56 -12
      vertex 57.6855 32.7781 -9
      vertex 57.6855 32.7781 -12
    endloop
  endfacet
  facet normal -0.98077 0.195165 0
    outer loop
      vertex 57.6855 32.7781 -9
      vertex 57.6421 32.56 -12
      vertex 57.6421 32.56 -9
    endloop
  endfacet
  facet normal 0.946915 0.321484 0
    outer loop
      vertex 54.4294 32.3494 -9
      vertex 54.3579 32.56 -12
      vertex 54.3579 32.56 -9
    endloop
  endfacet
  facet normal 0.946915 0.321484 0
    outer loop
      vertex 54.3579 32.56 -12
      vertex 54.4294 32.3494 -9
      vertex 54.4294 32.3494 -12
    endloop
  endfacet
  facet normal -0.44253 0.896754 0
    outer loop
      vertex 56.85 31.5278 -12
      vertex 56.6506 31.4294 -9
      vertex 56.85 31.5278 -9
    endloop
  endfacet
  facet normal -0.44253 0.896754 0
    outer loop
      vertex 56.6506 31.4294 -9
      vertex 56.85 31.5278 -12
      vertex 56.6506 31.4294 -12
    endloop
  endfacet
  facet normal -0.0652057 -0.997872 0
    outer loop
      vertex 56 34.7 -12
      vertex 56.2219 34.6855 -9
      vertex 56 34.7 -9
    endloop
  endfacet
  facet normal -0.0652057 -0.997872 -0
    outer loop
      vertex 56.2219 34.6855 -9
      vertex 56 34.7 -12
      vertex 56.2219 34.6855 -12
    endloop
  endfacet
  facet normal 0.321484 -0.946915 0
    outer loop
      vertex 55.3494 34.5706 -12
      vertex 55.56 34.6421 -9
      vertex 55.3494 34.5706 -9
    endloop
  endfacet
  facet normal 0.321484 -0.946915 0
    outer loop
      vertex 55.56 34.6421 -9
      vertex 55.3494 34.5706 -12
      vertex 55.56 34.6421 -12
    endloop
  endfacet
  facet normal 0.195165 -0.98077 0
    outer loop
      vertex 55.56 34.6421 -12
      vertex 55.7781 34.6855 -9
      vertex 55.56 34.6421 -9
    endloop
  endfacet
  facet normal 0.195165 -0.98077 0
    outer loop
      vertex 55.7781 34.6855 -9
      vertex 55.56 34.6421 -12
      vertex 55.7781 34.6855 -12
    endloop
  endfacet
  facet normal -0.896754 -0.44253 0
    outer loop
      vertex 57.5706 33.6506 -12
      vertex 57.4722 33.85 -9
      vertex 57.4722 33.85 -12
    endloop
  endfacet
  facet normal -0.896754 -0.44253 0
    outer loop
      vertex 57.4722 33.85 -9
      vertex 57.5706 33.6506 -12
      vertex 57.5706 33.6506 -9
    endloop
  endfacet
  facet normal -0.997872 0.0652057 0
    outer loop
      vertex 57.6855 32.7781 -12
      vertex 57.7 33 -9
      vertex 57.7 33 -12
    endloop
  endfacet
  facet normal -0.997872 0.0652057 0
    outer loop
      vertex 57.7 33 -9
      vertex 57.6855 32.7781 -12
      vertex 57.6855 32.7781 -9
    endloop
  endfacet
  facet normal -0.0652057 0.997872 0
    outer loop
      vertex 56.2219 31.3145 -12
      vertex 56 31.3 -9
      vertex 56.2219 31.3145 -9
    endloop
  endfacet
  facet normal -0.0652057 0.997872 0
    outer loop
      vertex 56 31.3 -9
      vertex 56.2219 31.3145 -12
      vertex 56 31.3 -12
    endloop
  endfacet
  facet normal -0.751908 -0.659268 0
    outer loop
      vertex 57.3487 34.0349 -12
      vertex 57.2021 34.2021 -9
      vertex 57.2021 34.2021 -12
    endloop
  endfacet
  facet normal -0.751908 -0.659268 0
    outer loop
      vertex 57.2021 34.2021 -9
      vertex 57.3487 34.0349 -12
      vertex 57.3487 34.0349 -9
    endloop
  endfacet
  facet normal 0.997872 0.0652057 0
    outer loop
      vertex 54.3145 32.7781 -9
      vertex 54.3 33 -12
      vertex 54.3 33 -9
    endloop
  endfacet
  facet normal 0.997872 0.0652057 0
    outer loop
      vertex 54.3 33 -12
      vertex 54.3145 32.7781 -9
      vertex 54.3145 32.7781 -12
    endloop
  endfacet
  facet normal -0.751908 0.659268 0
    outer loop
      vertex 57.2021 31.7979 -12
      vertex 57.3487 31.9651 -9
      vertex 57.3487 31.9651 -12
    endloop
  endfacet
  facet normal -0.751908 0.659268 0
    outer loop
      vertex 57.3487 31.9651 -9
      vertex 57.2021 31.7979 -12
      vertex 57.2021 31.7979 -9
    endloop
  endfacet
  facet normal 0.751908 -0.659268 0
    outer loop
      vertex 54.6513 34.0349 -9
      vertex 54.7979 34.2021 -12
      vertex 54.7979 34.2021 -9
    endloop
  endfacet
  facet normal 0.751908 -0.659268 0
    outer loop
      vertex 54.7979 34.2021 -12
      vertex 54.6513 34.0349 -9
      vertex 54.6513 34.0349 -12
    endloop
  endfacet
  facet normal 0.831566 -0.555426 0
    outer loop
      vertex 54.5278 33.85 -9
      vertex 54.6513 34.0349 -12
      vertex 54.6513 34.0349 -9
    endloop
  endfacet
  facet normal 0.831566 -0.555426 0
    outer loop
      vertex 54.6513 34.0349 -12
      vertex 54.5278 33.85 -9
      vertex 54.5278 33.85 -12
    endloop
  endfacet
  facet normal 0.0652057 -0.997872 0
    outer loop
      vertex 55.7781 34.6855 -12
      vertex 56 34.7 -9
      vertex 55.7781 34.6855 -9
    endloop
  endfacet
  facet normal 0.0652057 -0.997872 0
    outer loop
      vertex 56 34.7 -9
      vertex 55.7781 34.6855 -12
      vertex 56 34.7 -12
    endloop
  endfacet
  facet normal 0.98077 0.195165 0
    outer loop
      vertex 54.3579 32.56 -9
      vertex 54.3145 32.7781 -12
      vertex 54.3145 32.7781 -9
    endloop
  endfacet
  facet normal 0.98077 0.195165 0
    outer loop
      vertex 54.3145 32.7781 -12
      vertex 54.3579 32.56 -9
      vertex 54.3579 32.56 -12
    endloop
  endfacet
  facet normal 0.321484 0.946915 -0
    outer loop
      vertex 55.56 31.3579 -12
      vertex 55.3494 31.4294 -9
      vertex 55.56 31.3579 -9
    endloop
  endfacet
  facet normal 0.321484 0.946915 0
    outer loop
      vertex 55.3494 31.4294 -9
      vertex 55.56 31.3579 -12
      vertex 55.3494 31.4294 -12
    endloop
  endfacet
  facet normal -0.946915 -0.321484 0
    outer loop
      vertex 57.6421 33.44 -12
      vertex 57.5706 33.6506 -9
      vertex 57.5706 33.6506 -12
    endloop
  endfacet
  facet normal -0.946915 -0.321484 0
    outer loop
      vertex 57.5706 33.6506 -9
      vertex 57.6421 33.44 -12
      vertex 57.6421 33.44 -9
    endloop
  endfacet
  facet normal 0.44253 0.896754 -0
    outer loop
      vertex 55.3494 31.4294 -12
      vertex 55.15 31.5278 -9
      vertex 55.3494 31.4294 -9
    endloop
  endfacet
  facet normal 0.44253 0.896754 0
    outer loop
      vertex 55.15 31.5278 -9
      vertex 55.3494 31.4294 -12
      vertex 55.15 31.5278 -12
    endloop
  endfacet
  facet normal 0.555426 0.831566 -0
    outer loop
      vertex 55.15 31.5278 -12
      vertex 54.9651 31.6513 -9
      vertex 55.15 31.5278 -9
    endloop
  endfacet
  facet normal 0.555426 0.831566 0
    outer loop
      vertex 54.9651 31.6513 -9
      vertex 55.15 31.5278 -12
      vertex 54.9651 31.6513 -12
    endloop
  endfacet
  facet normal 0.195165 0.98077 -0
    outer loop
      vertex 55.7781 31.3145 -12
      vertex 55.56 31.3579 -9
      vertex 55.7781 31.3145 -9
    endloop
  endfacet
  facet normal 0.195165 0.98077 0
    outer loop
      vertex 55.56 31.3579 -9
      vertex 55.7781 31.3145 -12
      vertex 55.56 31.3579 -12
    endloop
  endfacet
  facet normal 0.896754 -0.44253 0
    outer loop
      vertex 54.4294 33.6506 -9
      vertex 54.5278 33.85 -12
      vertex 54.5278 33.85 -9
    endloop
  endfacet
  facet normal 0.896754 -0.44253 0
    outer loop
      vertex 54.5278 33.85 -12
      vertex 54.4294 33.6506 -9
      vertex 54.4294 33.6506 -12
    endloop
  endfacet
  facet normal 0.0652057 0.997872 -0
    outer loop
      vertex 56 31.3 -12
      vertex 55.7781 31.3145 -9
      vertex 56 31.3 -9
    endloop
  endfacet
  facet normal 0.0652057 0.997872 0
    outer loop
      vertex 55.7781 31.3145 -9
      vertex 56 31.3 -12
      vertex 55.7781 31.3145 -12
    endloop
  endfacet
  facet normal 0.896754 0.44253 0
    outer loop
      vertex 54.5278 32.15 -9
      vertex 54.4294 32.3494 -12
      vertex 54.4294 32.3494 -9
    endloop
  endfacet
  facet normal 0.896754 0.44253 0
    outer loop
      vertex 54.4294 32.3494 -12
      vertex 54.5278 32.15 -9
      vertex 54.5278 32.15 -12
    endloop
  endfacet
  facet normal 0.997872 -0.0652057 0
    outer loop
      vertex 54.3 33 -9
      vertex 54.3145 33.2219 -12
      vertex 54.3145 33.2219 -9
    endloop
  endfacet
  facet normal 0.997872 -0.0652057 0
    outer loop
      vertex 54.3145 33.2219 -12
      vertex 54.3 33 -9
      vertex 54.3 33 -12
    endloop
  endfacet
  facet normal 0.98077 -0.195165 0
    outer loop
      vertex 54.3145 33.2219 -9
      vertex 54.3579 33.44 -12
      vertex 54.3579 33.44 -9
    endloop
  endfacet
  facet normal 0.98077 -0.195165 0
    outer loop
      vertex 54.3579 33.44 -12
      vertex 54.3145 33.2219 -9
      vertex 54.3145 33.2219 -12
    endloop
  endfacet
  facet normal 0.946915 -0.321484 0
    outer loop
      vertex 54.3579 33.44 -9
      vertex 54.4294 33.6506 -12
      vertex 54.4294 33.6506 -9
    endloop
  endfacet
  facet normal 0.946915 -0.321484 0
    outer loop
      vertex 54.4294 33.6506 -12
      vertex 54.3579 33.44 -9
      vertex 54.3579 33.44 -12
    endloop
  endfacet
  facet normal -0.659268 0.751908 0
    outer loop
      vertex 57.2021 31.7979 -12
      vertex 57.0349 31.6513 -9
      vertex 57.2021 31.7979 -9
    endloop
  endfacet
  facet normal -0.659268 0.751908 0
    outer loop
      vertex 57.0349 31.6513 -9
      vertex 57.2021 31.7979 -12
      vertex 57.0349 31.6513 -12
    endloop
  endfacet
  facet normal -0.98077 -0.195165 0
    outer loop
      vertex 57.6855 57.2219 -12
      vertex 57.6421 57.44 -9
      vertex 57.6421 57.44 -12
    endloop
  endfacet
  facet normal -0.98077 -0.195165 0
    outer loop
      vertex 57.6421 57.44 -9
      vertex 57.6855 57.2219 -12
      vertex 57.6855 57.2219 -9
    endloop
  endfacet
  facet normal -0.997872 -0.0652057 0
    outer loop
      vertex 57.7 57 -12
      vertex 57.6855 57.2219 -9
      vertex 57.6855 57.2219 -12
    endloop
  endfacet
  facet normal -0.997872 -0.0652057 0
    outer loop
      vertex 57.6855 57.2219 -9
      vertex 57.7 57 -12
      vertex 57.7 57 -9
    endloop
  endfacet
  facet normal 0.44253 -0.896754 0
    outer loop
      vertex 55.15 58.4722 -12
      vertex 55.3494 58.5706 -9
      vertex 55.15 58.4722 -9
    endloop
  endfacet
  facet normal 0.44253 -0.896754 0
    outer loop
      vertex 55.3494 58.5706 -9
      vertex 55.15 58.4722 -12
      vertex 55.3494 58.5706 -12
    endloop
  endfacet
  facet normal -0.555426 -0.831566 0
    outer loop
      vertex 56.85 58.4722 -12
      vertex 57.0349 58.3487 -9
      vertex 56.85 58.4722 -9
    endloop
  endfacet
  facet normal -0.555426 -0.831566 -0
    outer loop
      vertex 57.0349 58.3487 -9
      vertex 56.85 58.4722 -12
      vertex 57.0349 58.3487 -12
    endloop
  endfacet
  facet normal 0.659268 -0.751908 0
    outer loop
      vertex 54.7979 58.2021 -12
      vertex 54.9651 58.3487 -9
      vertex 54.7979 58.2021 -9
    endloop
  endfacet
  facet normal 0.659268 -0.751908 0
    outer loop
      vertex 54.9651 58.3487 -9
      vertex 54.7979 58.2021 -12
      vertex 54.9651 58.3487 -12
    endloop
  endfacet
  facet normal -0.321484 0.946915 0
    outer loop
      vertex 56.6506 55.4294 -12
      vertex 56.44 55.3579 -9
      vertex 56.6506 55.4294 -9
    endloop
  endfacet
  facet normal -0.321484 0.946915 0
    outer loop
      vertex 56.44 55.3579 -9
      vertex 56.6506 55.4294 -12
      vertex 56.44 55.3579 -12
    endloop
  endfacet
  facet normal -0.946915 0.321484 0
    outer loop
      vertex 57.5706 56.3494 -12
      vertex 57.6421 56.56 -9
      vertex 57.6421 56.56 -12
    endloop
  endfacet
  facet normal -0.946915 0.321484 0
    outer loop
      vertex 57.6421 56.56 -9
      vertex 57.5706 56.3494 -12
      vertex 57.5706 56.3494 -9
    endloop
  endfacet
  facet normal -0.321484 -0.946915 0
    outer loop
      vertex 56.44 58.6421 -12
      vertex 56.6506 58.5706 -9
      vertex 56.44 58.6421 -9
    endloop
  endfacet
  facet normal -0.321484 -0.946915 -0
    outer loop
      vertex 56.6506 58.5706 -9
      vertex 56.44 58.6421 -12
      vertex 56.6506 58.5706 -12
    endloop
  endfacet
  facet normal -0.195165 -0.98077 0
    outer loop
      vertex 56.2219 58.6855 -12
      vertex 56.44 58.6421 -9
      vertex 56.2219 58.6855 -9
    endloop
  endfacet
  facet normal -0.195165 -0.98077 -0
    outer loop
      vertex 56.44 58.6421 -9
      vertex 56.2219 58.6855 -12
      vertex 56.44 58.6421 -12
    endloop
  endfacet
  facet normal 0.555426 -0.831566 0
    outer loop
      vertex 54.9651 58.3487 -12
      vertex 55.15 58.4722 -9
      vertex 54.9651 58.3487 -9
    endloop
  endfacet
  facet normal 0.555426 -0.831566 0
    outer loop
      vertex 55.15 58.4722 -9
      vertex 54.9651 58.3487 -12
      vertex 55.15 58.4722 -12
    endloop
  endfacet
  facet normal -0.896754 0.44253 0
    outer loop
      vertex 57.4722 56.15 -12
      vertex 57.5706 56.3494 -9
      vertex 57.5706 56.3494 -12
    endloop
  endfacet
  facet normal -0.896754 0.44253 0
    outer loop
      vertex 57.5706 56.3494 -9
      vertex 57.4722 56.15 -12
      vertex 57.4722 56.15 -9
    endloop
  endfacet
  facet normal -0.659268 -0.751908 0
    outer loop
      vertex 57.0349 58.3487 -12
      vertex 57.2021 58.2021 -9
      vertex 57.0349 58.3487 -9
    endloop
  endfacet
  facet normal -0.659268 -0.751908 -0
    outer loop
      vertex 57.2021 58.2021 -9
      vertex 57.0349 58.3487 -12
      vertex 57.2021 58.2021 -12
    endloop
  endfacet
  facet normal -0.555426 0.831566 0
    outer loop
      vertex 57.0349 55.6513 -12
      vertex 56.85 55.5278 -9
      vertex 57.0349 55.6513 -9
    endloop
  endfacet
  facet normal -0.555426 0.831566 0
    outer loop
      vertex 56.85 55.5278 -9
      vertex 57.0349 55.6513 -12
      vertex 56.85 55.5278 -12
    endloop
  endfacet
  facet normal -0.44253 -0.896754 0
    outer loop
      vertex 56.6506 58.5706 -12
      vertex 56.85 58.4722 -9
      vertex 56.6506 58.5706 -9
    endloop
  endfacet
  facet normal -0.44253 -0.896754 -0
    outer loop
      vertex 56.85 58.4722 -9
      vertex 56.6506 58.5706 -12
      vertex 56.85 58.4722 -12
    endloop
  endfacet
  facet normal 0.659268 0.751908 -0
    outer loop
      vertex 54.9651 55.6513 -12
      vertex 54.7979 55.7979 -9
      vertex 54.9651 55.6513 -9
    endloop
  endfacet
  facet normal 0.659268 0.751908 0
    outer loop
      vertex 54.7979 55.7979 -9
      vertex 54.9651 55.6513 -12
      vertex 54.7979 55.7979 -12
    endloop
  endfacet
  facet normal 0.751908 0.659268 0
    outer loop
      vertex 54.7979 55.7979 -9
      vertex 54.6513 55.9651 -12
      vertex 54.6513 55.9651 -9
    endloop
  endfacet
  facet normal 0.751908 0.659268 0
    outer loop
      vertex 54.6513 55.9651 -12
      vertex 54.7979 55.7979 -9
      vertex 54.7979 55.7979 -12
    endloop
  endfacet
  facet normal 0.831566 0.555426 0
    outer loop
      vertex 54.6513 55.9651 -9
      vertex 54.5278 56.15 -12
      vertex 54.5278 56.15 -9
    endloop
  endfacet
  facet normal 0.831566 0.555426 0
    outer loop
      vertex 54.5278 56.15 -12
      vertex 54.6513 55.9651 -9
      vertex 54.6513 55.9651 -12
    endloop
  endfacet
  facet normal -0.831566 -0.555426 0
    outer loop
      vertex 57.4722 57.85 -12
      vertex 57.3487 58.0349 -9
      vertex 57.3487 58.0349 -12
    endloop
  endfacet
  facet normal -0.831566 -0.555426 0
    outer loop
      vertex 57.3487 58.0349 -9
      vertex 57.4722 57.85 -12
      vertex 57.4722 57.85 -9
    endloop
  endfacet
  facet normal -0.195165 0.98077 0
    outer loop
      vertex 56.44 55.3579 -12
      vertex 56.2219 55.3145 -9
      vertex 56.44 55.3579 -9
    endloop
  endfacet
  facet normal -0.195165 0.98077 0
    outer loop
      vertex 56.2219 55.3145 -9
      vertex 56.44 55.3579 -12
      vertex 56.2219 55.3145 -12
    endloop
  endfacet
  facet normal -0.98077 0.195165 0
    outer loop
      vertex 57.6421 56.56 -12
      vertex 57.6855 56.7781 -9
      vertex 57.6855 56.7781 -12
    endloop
  endfacet
  facet normal -0.98077 0.195165 0
    outer loop
      vertex 57.6855 56.7781 -9
      vertex 57.6421 56.56 -12
      vertex 57.6421 56.56 -9
    endloop
  endfacet
  facet normal 0.946915 0.321484 0
    outer loop
      vertex 54.4294 56.3494 -9
      vertex 54.3579 56.56 -12
      vertex 54.3579 56.56 -9
    endloop
  endfacet
  facet normal 0.946915 0.321484 0
    outer loop
      vertex 54.3579 56.56 -12
      vertex 54.4294 56.3494 -9
      vertex 54.4294 56.3494 -12
    endloop
  endfacet
  facet normal -0.44253 0.896754 0
    outer loop
      vertex 56.85 55.5278 -12
      vertex 56.6506 55.4294 -9
      vertex 56.85 55.5278 -9
    endloop
  endfacet
  facet normal -0.44253 0.896754 0
    outer loop
      vertex 56.6506 55.4294 -9
      vertex 56.85 55.5278 -12
      vertex 56.6506 55.4294 -12
    endloop
  endfacet
  facet normal -0.0652057 -0.997872 0
    outer loop
      vertex 56 58.7 -12
      vertex 56.2219 58.6855 -9
      vertex 56 58.7 -9
    endloop
  endfacet
  facet normal -0.0652057 -0.997872 -0
    outer loop
      vertex 56.2219 58.6855 -9
      vertex 56 58.7 -12
      vertex 56.2219 58.6855 -12
    endloop
  endfacet
  facet normal 0.321484 -0.946915 0
    outer loop
      vertex 55.3494 58.5706 -12
      vertex 55.56 58.6421 -9
      vertex 55.3494 58.5706 -9
    endloop
  endfacet
  facet normal 0.321484 -0.946915 0
    outer loop
      vertex 55.56 58.6421 -9
      vertex 55.3494 58.5706 -12
      vertex 55.56 58.6421 -12
    endloop
  endfacet
  facet normal 0.195165 -0.98077 0
    outer loop
      vertex 55.56 58.6421 -12
      vertex 55.7781 58.6855 -9
      vertex 55.56 58.6421 -9
    endloop
  endfacet
  facet normal 0.195165 -0.98077 0
    outer loop
      vertex 55.7781 58.6855 -9
      vertex 55.56 58.6421 -12
      vertex 55.7781 58.6855 -12
    endloop
  endfacet
  facet normal -0.896754 -0.44253 0
    outer loop
      vertex 57.5706 57.6506 -12
      vertex 57.4722 57.85 -9
      vertex 57.4722 57.85 -12
    endloop
  endfacet
  facet normal -0.896754 -0.44253 0
    outer loop
      vertex 57.4722 57.85 -9
      vertex 57.5706 57.6506 -12
      vertex 57.5706 57.6506 -9
    endloop
  endfacet
  facet normal -0.997872 0.0652057 0
    outer loop
      vertex 57.6855 56.7781 -12
      vertex 57.7 57 -9
      vertex 57.7 57 -12
    endloop
  endfacet
  facet normal -0.997872 0.0652057 0
    outer loop
      vertex 57.7 57 -9
      vertex 57.6855 56.7781 -12
      vertex 57.6855 56.7781 -9
    endloop
  endfacet
  facet normal -0.0652057 0.997872 0
    outer loop
      vertex 56.2219 55.3145 -12
      vertex 56 55.3 -9
      vertex 56.2219 55.3145 -9
    endloop
  endfacet
  facet normal -0.0652057 0.997872 0
    outer loop
      vertex 56 55.3 -9
      vertex 56.2219 55.3145 -12
      vertex 56 55.3 -12
    endloop
  endfacet
  facet normal -0.751908 -0.659268 0
    outer loop
      vertex 57.3487 58.0349 -12
      vertex 57.2021 58.2021 -9
      vertex 57.2021 58.2021 -12
    endloop
  endfacet
  facet normal -0.751908 -0.659268 0
    outer loop
      vertex 57.2021 58.2021 -9
      vertex 57.3487 58.0349 -12
      vertex 57.3487 58.0349 -9
    endloop
  endfacet
  facet normal 0.997872 0.0652057 0
    outer loop
      vertex 54.3145 56.7781 -9
      vertex 54.3 57 -12
      vertex 54.3 57 -9
    endloop
  endfacet
  facet normal 0.997872 0.0652057 0
    outer loop
      vertex 54.3 57 -12
      vertex 54.3145 56.7781 -9
      vertex 54.3145 56.7781 -12
    endloop
  endfacet
  facet normal -0.751908 0.659268 0
    outer loop
      vertex 57.2021 55.7979 -12
      vertex 57.3487 55.9651 -9
      vertex 57.3487 55.9651 -12
    endloop
  endfacet
  facet normal -0.751908 0.659268 0
    outer loop
      vertex 57.3487 55.9651 -9
      vertex 57.2021 55.7979 -12
      vertex 57.2021 55.7979 -9
    endloop
  endfacet
  facet normal 0.751908 -0.659268 0
    outer loop
      vertex 54.6513 58.0349 -9
      vertex 54.7979 58.2021 -12
      vertex 54.7979 58.2021 -9
    endloop
  endfacet
  facet normal 0.751908 -0.659268 0
    outer loop
      vertex 54.7979 58.2021 -12
      vertex 54.6513 58.0349 -9
      vertex 54.6513 58.0349 -12
    endloop
  endfacet
  facet normal 0.831566 -0.555426 0
    outer loop
      vertex 54.5278 57.85 -9
      vertex 54.6513 58.0349 -12
      vertex 54.6513 58.0349 -9
    endloop
  endfacet
  facet normal 0.831566 -0.555426 0
    outer loop
      vertex 54.6513 58.0349 -12
      vertex 54.5278 57.85 -9
      vertex 54.5278 57.85 -12
    endloop
  endfacet
  facet normal 0.0652057 -0.997872 0
    outer loop
      vertex 55.7781 58.6855 -12
      vertex 56 58.7 -9
      vertex 55.7781 58.6855 -9
    endloop
  endfacet
  facet normal 0.0652057 -0.997872 0
    outer loop
      vertex 56 58.7 -9
      vertex 55.7781 58.6855 -12
      vertex 56 58.7 -12
    endloop
  endfacet
  facet normal 0.98077 0.195165 0
    outer loop
      vertex 54.3579 56.56 -9
      vertex 54.3145 56.7781 -12
      vertex 54.3145 56.7781 -9
    endloop
  endfacet
  facet normal 0.98077 0.195165 0
    outer loop
      vertex 54.3145 56.7781 -12
      vertex 54.3579 56.56 -9
      vertex 54.3579 56.56 -12
    endloop
  endfacet
  facet normal 0.321484 0.946915 -0
    outer loop
      vertex 55.56 55.3579 -12
      vertex 55.3494 55.4294 -9
      vertex 55.56 55.3579 -9
    endloop
  endfacet
  facet normal 0.321484 0.946915 0
    outer loop
      vertex 55.3494 55.4294 -9
      vertex 55.56 55.3579 -12
      vertex 55.3494 55.4294 -12
    endloop
  endfacet
  facet normal -0.946915 -0.321484 0
    outer loop
      vertex 57.6421 57.44 -12
      vertex 57.5706 57.6506 -9
      vertex 57.5706 57.6506 -12
    endloop
  endfacet
  facet normal -0.946915 -0.321484 0
    outer loop
      vertex 57.5706 57.6506 -9
      vertex 57.6421 57.44 -12
      vertex 57.6421 57.44 -9
    endloop
  endfacet
  facet normal 0.44253 0.896754 -0
    outer loop
      vertex 55.3494 55.4294 -12
      vertex 55.15 55.5278 -9
      vertex 55.3494 55.4294 -9
    endloop
  endfacet
  facet normal 0.44253 0.896754 0
    outer loop
      vertex 55.15 55.5278 -9
      vertex 55.3494 55.4294 -12
      vertex 55.15 55.5278 -12
    endloop
  endfacet
  facet normal -0.831566 0.555426 0
    outer loop
      vertex 57.3487 55.9651 -12
      vertex 57.4722 56.15 -9
      vertex 57.4722 56.15 -12
    endloop
  endfacet
  facet normal -0.831566 0.555426 0
    outer loop
      vertex 57.4722 56.15 -9
      vertex 57.3487 55.9651 -12
      vertex 57.3487 55.9651 -9
    endloop
  endfacet
  facet normal 0.555426 0.831566 -0
    outer loop
      vertex 55.15 55.5278 -12
      vertex 54.9651 55.6513 -9
      vertex 55.15 55.5278 -9
    endloop
  endfacet
  facet normal 0.555426 0.831566 0
    outer loop
      vertex 54.9651 55.6513 -9
      vertex 55.15 55.5278 -12
      vertex 54.9651 55.6513 -12
    endloop
  endfacet
  facet normal 0.0652057 0.997872 -0
    outer loop
      vertex 56 55.3 -12
      vertex 55.7781 55.3145 -9
      vertex 56 55.3 -9
    endloop
  endfacet
  facet normal 0.0652057 0.997872 0
    outer loop
      vertex 55.7781 55.3145 -9
      vertex 56 55.3 -12
      vertex 55.7781 55.3145 -12
    endloop
  endfacet
  facet normal 0.195165 0.98077 -0
    outer loop
      vertex 55.7781 55.3145 -12
      vertex 55.56 55.3579 -9
      vertex 55.7781 55.3145 -9
    endloop
  endfacet
  facet normal 0.195165 0.98077 0
    outer loop
      vertex 55.56 55.3579 -9
      vertex 55.7781 55.3145 -12
      vertex 55.56 55.3579 -12
    endloop
  endfacet
  facet normal 0.896754 -0.44253 0
    outer loop
      vertex 54.4294 57.6506 -9
      vertex 54.5278 57.85 -12
      vertex 54.5278 57.85 -9
    endloop
  endfacet
  facet normal 0.896754 -0.44253 0
    outer loop
      vertex 54.5278 57.85 -12
      vertex 54.4294 57.6506 -9
      vertex 54.4294 57.6506 -12
    endloop
  endfacet
  facet normal 0.896754 0.44253 0
    outer loop
      vertex 54.5278 56.15 -9
      vertex 54.4294 56.3494 -12
      vertex 54.4294 56.3494 -9
    endloop
  endfacet
  facet normal 0.896754 0.44253 0
    outer loop
      vertex 54.4294 56.3494 -12
      vertex 54.5278 56.15 -9
      vertex 54.5278 56.15 -12
    endloop
  endfacet
  facet normal 0.997872 -0.0652057 0
    outer loop
      vertex 54.3 57 -9
      vertex 54.3145 57.2219 -12
      vertex 54.3145 57.2219 -9
    endloop
  endfacet
  facet normal 0.997872 -0.0652057 0
    outer loop
      vertex 54.3145 57.2219 -12
      vertex 54.3 57 -9
      vertex 54.3 57 -12
    endloop
  endfacet
  facet normal 0.98077 -0.195165 0
    outer loop
      vertex 54.3145 57.2219 -9
      vertex 54.3579 57.44 -12
      vertex 54.3579 57.44 -9
    endloop
  endfacet
  facet normal 0.98077 -0.195165 0
    outer loop
      vertex 54.3579 57.44 -12
      vertex 54.3145 57.2219 -9
      vertex 54.3145 57.2219 -12
    endloop
  endfacet
  facet normal 0.946915 -0.321484 0
    outer loop
      vertex 54.3579 57.44 -9
      vertex 54.4294 57.6506 -12
      vertex 54.4294 57.6506 -9
    endloop
  endfacet
  facet normal 0.946915 -0.321484 0
    outer loop
      vertex 54.4294 57.6506 -12
      vertex 54.3579 57.44 -9
      vertex 54.3579 57.44 -12
    endloop
  endfacet
  facet normal -0.659268 0.751908 0
    outer loop
      vertex 57.2021 55.7979 -12
      vertex 57.0349 55.6513 -9
      vertex 57.2021 55.7979 -9
    endloop
  endfacet
  facet normal -0.659268 0.751908 0
    outer loop
      vertex 57.0349 55.6513 -9
      vertex 57.2021 55.7979 -12
      vertex 57.0349 55.6513 -12
    endloop
  endfacet
  facet normal 0 0 -1
    outer loop
      vertex 48 26 -46.5
      vertex 50.4 30 -46.5
      vertex 50.4 26 -46.5
    endloop
  endfacet
  facet normal -0 0 -1
    outer loop
      vertex 50.4 30 -46.5
      vertex 48 26 -46.5
      vertex 48 30 -46.5
    endloop
  endfacet
  facet normal -0 0 1
    outer loop
      vertex 48 30 -81
      vertex 50.4 26 -81
      vertex 50.4 30 -81
    endloop
  endfacet
  facet normal 0 0 1
    outer loop
      vertex 50.4 26 -81
      vertex 48 30 -81
      vertex 48 26 -81
    endloop
  endfacet
  facet normal 0 -1 0
    outer loop
      vertex 48 30 -81
      vertex 50.4 30 -46.5
      vertex 48 30 -46.5
    endloop
  endfacet
  facet normal 0 -1 -0
    outer loop
      vertex 50.4 30 -46.5
      vertex 48 30 -81
      vertex 50.4 30 -81
    endloop
  endfacet
  facet normal 0 1 -0
    outer loop
      vertex 50.4 26 -81
      vertex 48 26 -46.5
      vertex 50.4 26 -46.5
    endloop
  endfacet
  facet normal 0 1 0
    outer loop
      vertex 48 26 -46.5
      vertex 50.4 26 -81
      vertex 48 26 -81
    endloop
  endfacet
  facet normal 0 0 -1
    outer loop
      vertex 48 36 -46.5
      vertex 50.4 40 -46.5
      vertex 50.4 36 -46.5
    endloop
  endfacet
  facet normal -0 0 -1
    outer loop
      vertex 50.4 40 -46.5
      vertex 48 36 -46.5
      vertex 48 40 -46.5
    endloop
  endfacet
  facet normal -0 0 1
    outer loop
      vertex 48 40 -81
      vertex 50.4 36 -81
      vertex 50.4 40 -81
    endloop
  endfacet
  facet normal 0 0 1
    outer loop
      vertex 50.4 36 -81
      vertex 48 40 -81
      vertex 48 36 -81
    endloop
  endfacet
  facet normal 0 -1 0
    outer loop
      vertex 48 40 -81
      vertex 50.4 40 -46.5
      vertex 48 40 -46.5
    endloop
  endfacet
  facet normal 0 -1 -0
    outer loop
      vertex 50.4 40 -46.5
      vertex 48 40 -81
      vertex 50.4 40 -81
    endloop
  endfacet
  facet normal 0 1 -0
    outer loop
      vertex 50.4 36 -81
      vertex 48 36 -46.5
      vertex 50.4 36 -46.5
    endloop
  endfacet
  facet normal 0 1 0
    outer loop
      vertex 48 36 -46.5
      vertex 50.4 36 -81
      vertex 48 36 -81
    endloop
  endfacet
  facet normal 0 0 -1
    outer loop
      vertex 48 46 -46.5
      vertex 50.4 50 -46.5
      vertex 50.4 46 -46.5
    endloop
  endfacet
  facet normal -0 0 -1
    outer loop
      vertex 50.4 50 -46.5
      vertex 48 46 -46.5
      vertex 48 50 -46.5
    endloop
  endfacet
  facet normal -0 0 1
    outer loop
      vertex 48 50 -81
      vertex 50.4 46 -81
      vertex 50.4 50 -81
    endloop
  endfacet
  facet normal 0 0 1
    outer loop
      vertex 50.4 46 -81
      vertex 48 50 -81
      vertex 48 46 -81
    endloop
  endfacet
  facet normal 0 -1 0
    outer loop
      vertex 48 50 -81
      vertex 50.4 50 -46.5
      vertex 48 50 -46.5
    endloop
  endfacet
  facet normal 0 -1 -0
    outer loop
      vertex 50.4 50 -46.5
      vertex 48 50 -81
      vertex 50.4 50 -81
    endloop
  endfacet
  facet normal 0 1 -0
    outer loop
      vertex 50.4 46 -81
      vertex 48 46 -46.5
      vertex 50.4 46 -46.5
    endloop
  endfacet
  facet normal 0 1 0
    outer loop
      vertex 48 46 -46.5
      vertex 50.4 46 -81
      vertex 48 46 -81
    endloop
  endfacet
  facet normal 0 0 -1
    outer loop
      vertex 48 56 -46.5
      vertex 50.4 60 -46.5
      vertex 50.4 56 -46.5
    endloop
  endfacet
  facet normal -0 0 -1
    outer loop
      vertex 50.4 60 -46.5
      vertex 48 56 -46.5
      vertex 48 60 -46.5
    endloop
  endfacet
  facet normal -0 0 1
    outer loop
      vertex 48 60 -81
      vertex 50.4 56 -81
      vertex 50.4 60 -81
    endloop
  endfacet
  facet normal 0 0 1
    outer loop
      vertex 50.4 56 -81
      vertex 48 60 -81
      vertex 48 56 -81
    endloop
  endfacet
  facet normal 0 -1 0
    outer loop
      vertex 48 60 -81
      vertex 50.4 60 -46.5
      vertex 48 60 -46.5
    endloop
  endfacet
  facet normal 0 -1 -0
    outer loop
      vertex 50.4 60 -46.5
      vertex 48 60 -81
      vertex 50.4 60 -81
    endloop
  endfacet
  facet normal 0 1 -0
    outer loop
      vertex 50.4 56 -81
      vertex 48 56 -46.5
      vertex 50.4 56 -46.5
    endloop
  endfacet
  facet normal 0 1 0
    outer loop
      vertex 48 56 -46.5
      vertex 50.4 56 -81
      vertex 48 56 -81
    endloop
  endfacet
  facet normal -1 0 0
    outer loop
      vertex 48 30.3833 -86.1213
      vertex 48 30.3242 -86.0537
      vertex 48 30.4586 -86.1007
    endloop
  endfacet
  facet normal -1 0 0
    outer loop
      vertex 48 30.3102 -86.1482
      vertex 48 30.3242 -86.0537
      vertex 48 30.3833 -86.1213
    endloop
  endfacet
  facet normal -1 0 0
    outer loop
      vertex 48 30.2393 -86.1814
      vertex 48 30.3242 -86.0537
      vertex 48 30.3102 -86.1482
    endloop
  endfacet
  facet normal -1 0 0
    outer loop
      vertex 48 30.2393 -86.1814
      vertex 48 30.1997 -85.9998
      vertex 48 30.3242 -86.0537
    endloop
  endfacet
  facet normal -1 0 0
    outer loop
      vertex 48 30.1708 -86.2209
      vertex 48 30.1997 -85.9998
      vertex 48 30.2393 -86.1814
    endloop
  endfacet
  facet normal -1 0 0
    outer loop
      vertex 48 30.0853 -85.9389
      vertex 48 30.1708 -86.2209
      vertex 48 30.1046 -86.2667
    endloop
  endfacet
  facet normal -1 0 0
    outer loop
      vertex 48 30.1708 -86.2209
      vertex 48 30.0853 -85.9389
      vertex 48 30.1997 -85.9998
    endloop
  endfacet
  facet normal -1 0 0
    outer loop
      vertex 48 30.0406 -86.3188
      vertex 48 30.0853 -85.9389
      vertex 48 30.1046 -86.2667
    endloop
  endfacet
  facet normal -1 0 0
    outer loop
      vertex 48 30.0406 -86.3188
      vertex 48 29.9809 -85.8711
      vertex 48 30.0853 -85.9389
    endloop
  endfacet
  facet normal -1 0 0
    outer loop
      vertex 48 29.9789 -86.3772
      vertex 48 29.9809 -85.8711
      vertex 48 30.0406 -86.3188
    endloop
  endfacet
  facet normal -1 0 0
    outer loop
      vertex 48 29.8866 -85.7964
      vertex 48 29.9789 -86.3772
      vertex 48 29.9182 -86.4433
    endloop
  endfacet
  facet normal -1 0 0
    outer loop
      vertex 48 29.9789 -86.3772
      vertex 48 29.8866 -85.7964
      vertex 48 29.9809 -85.8711
    endloop
  endfacet
  facet normal -1 0 0
    outer loop
      vertex 48 29.8574 -86.5185
      vertex 48 29.8866 -85.7964
      vertex 48 29.9182 -86.4433
    endloop
  endfacet
  facet normal -1 0 0
    outer loop
      vertex 48 29.8574 -86.5185
      vertex 48 29.8022 -85.7148
      vertex 48 29.8866 -85.7964
    endloop
  endfacet
  facet normal -1 0 0
    outer loop
      vertex 48 29.7963 -86.6027
      vertex 48 29.8022 -85.7148
      vertex 48 29.8574 -86.5185
    endloop
  endfacet
  facet normal -1 0 0
    outer loop
      vertex 48 29.728 -85.6263
      vertex 48 29.7963 -86.6027
      vertex 48 29.735 -86.696
    endloop
  endfacet
  facet normal -1 0 0
    outer loop
      vertex 48 29.7963 -86.6027
      vertex 48 29.728 -85.6263
      vertex 48 29.8022 -85.7148
    endloop
  endfacet
  facet normal -1 0 0
    outer loop
      vertex 48 29.6636 -85.5306
      vertex 48 29.735 -86.696
      vertex 48 29.6735 -86.7984
    endloop
  endfacet
  facet normal -1 0 0
    outer loop
      vertex 48 29.735 -86.696
      vertex 48 29.6636 -85.5306
      vertex 48 29.728 -85.6263
    endloop
  endfacet
  facet normal -1 0 0
    outer loop
      vertex 48 29.6118 -86.9098
      vertex 48 29.6636 -85.5306
      vertex 48 29.6735 -86.7984
    endloop
  endfacet
  facet normal -1 0 0
    outer loop
      vertex 48 29.6118 -86.9098
      vertex 48 29.6092 -85.4276
      vertex 48 29.6636 -85.5306
    endloop
  endfacet
  facet normal -1 0 0
    outer loop
      vertex 48 29.5499 -87.0303
      vertex 48 29.6092 -85.4276
      vertex 48 29.6118 -86.9098
    endloop
  endfacet
  facet normal -1 -0 0
    outer loop
      vertex 48 29.6092 -85.4276
      vertex 48 29.5499 -87.0303
      vertex 48 29.5647 -85.3173
    endloop
  endfacet
  facet normal -1 0 0
    outer loop
      vertex 48 29.5499 -87.0303
      vertex 48 29.53 -85.1997
      vertex 48 29.5647 -85.3173
    endloop
  endfacet
  facet normal -1 0 0
    outer loop
      vertex 48 28.8413 -88.4688
      vertex 48 29.53 -85.1997
      vertex 48 29.5499 -87.0303
    endloop
  endfacet
  facet normal -1 -0 0
    outer loop
      vertex 48 29.53 -85.1997
      vertex 48 28.8413 -88.4688
      vertex 48 29.5053 -85.0747
    endloop
  endfacet
  facet normal -1 0 0
    outer loop
      vertex 48 26 -81
      vertex 48 29.5053 -85.0747
      vertex 48 28.8413 -88.4688
    endloop
  endfacet
  facet normal -1 0 0
    outer loop
      vertex 48 29.5053 -85.0747
      vertex 48 26 -81
      vertex 48 29.4904 -84.9424
    endloop
  endfacet
  facet normal -1 0 0
    outer loop
      vertex 48 29.9517 -83.7419
      vertex 48 30 -81
      vertex 48 30.0958 -83.6529
    endloop
  endfacet
  facet normal -1 0 0
    outer loop
      vertex 48 29.828 -83.8457
      vertex 48 30 -81
      vertex 48 29.9517 -83.7419
    endloop
  endfacet
  facet normal -1 0 0
    outer loop
      vertex 48 26 -81
      vertex 48 29.828 -83.8457
      vertex 48 29.7234 -83.9654
    endloop
  endfacet
  facet normal -1 0 0
    outer loop
      vertex 48 26 -81
      vertex 48 29.7234 -83.9654
      vertex 48 29.6377 -84.1011
    endloop
  endfacet
  facet normal -1 0 0
    outer loop
      vertex 48 26 -81
      vertex 48 29.6377 -84.1011
      vertex 48 29.5711 -84.2526
    endloop
  endfacet
  facet normal -1 0 0
    outer loop
      vertex 48 26 -81
      vertex 48 29.5711 -84.2526
      vertex 48 29.5236 -84.4201
    endloop
  endfacet
  facet normal -1 0 0
    outer loop
      vertex 48 26 -81
      vertex 48 29.5236 -84.4201
      vertex 48 29.495 -84.6034
    endloop
  endfacet
  facet normal -1 0 0
    outer loop
      vertex 48 29.4904 -84.9424
      vertex 48 26 -81
      vertex 48 29.4855 -84.8027
    endloop
  endfacet
  facet normal -1 0 0
    outer loop
      vertex 48 29.4855 -84.8027
      vertex 48 26 -81
      vertex 48 29.495 -84.6034
    endloop
  endfacet
  facet normal -1 0 0
    outer loop
      vertex 48 29.828 -83.8457
      vertex 48 26 -81
      vertex 48 30 -81
    endloop
  endfacet
  facet normal -1 0 0
    outer loop
      vertex 48 36.7391 -87.4831
      vertex 48 34.6539 -86.3215
      vertex 48 36.7391 -86.3215
    endloop
  endfacet
  facet normal -1 0 0
    outer loop
      vertex 48 33.4118 -83.4064
      vertex 48 34.6539 -85.336
      vertex 48 34.6539 -86.3215
    endloop
  endfacet
  facet normal -1 0 0
    outer loop
      vertex 48 34.6539 -85.336
      vertex 48 33.4118 -83.4064
      vertex 48 34.5216 -84.392
    endloop
  endfacet
  facet normal -1 0 0
    outer loop
      vertex 48 33.4118 -83.4064
      vertex 48 34.6539 -86.3215
      vertex 48 34.447 -87.4831
    endloop
  endfacet
  facet normal -1 0 0
    outer loop
      vertex 48 34.447 -87.4831
      vertex 48 34.6539 -86.3215
      vertex 48 36.7391 -87.4831
    endloop
  endfacet
  facet normal -1 0 0
    outer loop
      vertex 48 34.6539 -85.336
      vertex 48 36.7391 -84.392
      vertex 48 36.7391 -85.336
    endloop
  endfacet
  facet normal -1 -0 0
    outer loop
      vertex 48 36.7391 -84.392
      vertex 48 34.6539 -85.336
      vertex 48 34.5216 -84.392
    endloop
  endfacet
  facet normal -1 0 0
    outer loop
      vertex 48 42.5844 -83.4064
      vertex 48 39.9024 -83.4064
      vertex 48 40 -81
    endloop
  endfacet
  facet normal -1 0 0
    outer loop
      vertex 48 38.5902 -83.4064
      vertex 48 40 -81
      vertex 48 39.9024 -83.4064
    endloop
  endfacet
  facet normal -1 0 0
    outer loop
      vertex 48 38.0445 -83.4064
      vertex 48 38.5902 -83.4064
      vertex 48 38.0445 -88.4688
    endloop
  endfacet
  facet normal -1 0 0
    outer loop
      vertex 48 38.0445 -83.4064
      vertex 48 40 -81
      vertex 48 38.5902 -83.4064
    endloop
  endfacet
  facet normal -1 0 0
    outer loop
      vertex 48 38.0445 -83.4064
      vertex 48 36 -81
      vertex 48 40 -81
    endloop
  endfacet
  facet normal -1 0 0
    outer loop
      vertex 48 33.4118 -83.4064
      vertex 48 36 -81
      vertex 48 34.5216 -83.4064
    endloop
  endfacet
  facet normal -1 0 0
    outer loop
      vertex 48 34.5216 -83.4064
      vertex 48 36 -81
      vertex 48 38.0445 -83.4064
    endloop
  endfacet
  facet normal -1 0 0
    outer loop
      vertex 48 49.9418 -83.6389
      vertex 48 50 -81
      vertex 48 50.0463 -83.5912
    endloop
  endfacet
  facet normal -1 0 0
    outer loop
      vertex 48 49.8385 -83.6904
      vertex 48 50 -81
      vertex 48 49.9418 -83.6389
    endloop
  endfacet
  facet normal -1 0 0
    outer loop
      vertex 48 49.1109 -85.2823
      vertex 48 49.8385 -84.7376
      vertex 48 49.1534 -85.6015
    endloop
  endfacet
  facet normal -1 0 0
    outer loop
      vertex 48 49.0402 -84.9848
      vertex 48 49.8385 -84.7376
      vertex 48 49.1109 -85.2823
    endloop
  endfacet
  facet normal -1 0 0
    outer loop
      vertex 48 48.9411 -84.7091
      vertex 48 49.8385 -84.7376
      vertex 48 49.0402 -84.9848
    endloop
  endfacet
  facet normal -1 0 0
    outer loop
      vertex 48 48.8138 -84.4551
      vertex 48 49.8385 -84.7376
      vertex 48 48.9411 -84.7091
    endloop
  endfacet
  facet normal -1 0 0
    outer loop
      vertex 48 49.8385 -84.7376
      vertex 48 48.8138 -84.4551
      vertex 48 49.8385 -83.6904
    endloop
  endfacet
  facet normal -1 0 0
    outer loop
      vertex 48 48.6581 -84.2229
      vertex 48 49.8385 -83.6904
      vertex 48 48.8138 -84.4551
    endloop
  endfacet
  facet normal -1 0 0
    outer loop
      vertex 48 48.4742 -84.0124
      vertex 48 49.8385 -83.6904
      vertex 48 48.6581 -84.2229
    endloop
  endfacet
  facet normal -1 0 0
    outer loop
      vertex 48 48.2654 -83.827
      vertex 48 49.8385 -83.6904
      vertex 48 48.4742 -84.0124
    endloop
  endfacet
  facet normal -1 0 0
    outer loop
      vertex 48 48.0352 -83.6701
      vertex 48 49.8385 -83.6904
      vertex 48 48.2654 -83.827
    endloop
  endfacet
  facet normal -1 0 0
    outer loop
      vertex 48 49.8385 -83.6904
      vertex 48 48.0352 -83.6701
      vertex 48 50 -81
    endloop
  endfacet
  facet normal -1 0 0
    outer loop
      vertex 48 47.7836 -83.5417
      vertex 48 50 -81
      vertex 48 48.0352 -83.6701
    endloop
  endfacet
  facet normal -1 0 0
    outer loop
      vertex 48 47.5107 -83.4419
      vertex 48 50 -81
      vertex 48 47.7836 -83.5417
    endloop
  endfacet
  facet normal -1 0 0
    outer loop
      vertex 48 46 -81
      vertex 48 47.5107 -83.4419
      vertex 48 47.2164 -83.3706
    endloop
  endfacet
  facet normal -1 0 0
    outer loop
      vertex 48 46 -81
      vertex 48 47.2164 -83.3706
      vertex 48 46.9006 -83.3278
    endloop
  endfacet
  facet normal -1 0 0
    outer loop
      vertex 48 46 -81
      vertex 48 46.9006 -83.3278
      vertex 48 46.5636 -83.3136
    endloop
  endfacet
  facet normal -1 0 0
    outer loop
      vertex 48 46 -81
      vertex 48 46.5636 -83.3136
      vertex 48 46.2256 -83.3278
    endloop
  endfacet
  facet normal -1 0 0
    outer loop
      vertex 48 47.5107 -83.4419
      vertex 48 46 -81
      vertex 48 50 -81
    endloop
  endfacet
  facet normal -1 0 0
    outer loop
      vertex 48 45.6144 -83.4419
      vertex 48 46 -81
      vertex 48 45.9092 -83.3706
    endloop
  endfacet
  facet normal -1 0 0
    outer loop
      vertex 48 45.9092 -83.3706
      vertex 48 46 -81
      vertex 48 46.2256 -83.3278
    endloop
  endfacet
  facet normal -1 0 0
    outer loop
      vertex 48 50.863 -87.5832
      vertex 48 52.7951 -85.9425
      vertex 48 52.7869 -86.1594
    endloop
  endfacet
  facet normal -1 0 0
    outer loop
      vertex 48 51.0767 -87.6114
      vertex 48 52.7869 -86.1594
      vertex 48 52.7624 -86.3626
    endloop
  endfacet
  facet normal -1 0 0
    outer loop
      vertex 48 50.863 -84.2983
      vertex 48 52.7951 -85.9425
      vertex 48 50.863 -87.5832
    endloop
  endfacet
  facet normal -1 0 0
    outer loop
      vertex 48 51.2964 -87.6207
      vertex 48 52.7624 -86.3626
      vertex 48 52.7216 -86.5521
    endloop
  endfacet
  facet normal -1 0 0
    outer loop
      vertex 48 52.7869 -86.1594
      vertex 48 50.9691 -87.5996
      vertex 48 50.863 -87.5832
    endloop
  endfacet
  facet normal -1 0 0
    outer loop
      vertex 48 51.4899 -87.6116
      vertex 48 52.7216 -86.5521
      vertex 48 52.6645 -86.7279
    endloop
  endfacet
  facet normal -1 0 0
    outer loop
      vertex 48 52.7951 -85.9425
      vertex 48 50.863 -84.2983
      vertex 48 52.7869 -85.7246
    endloop
  endfacet
  facet normal -1 0 0
    outer loop
      vertex 48 51.4899 -87.6116
      vertex 48 52.6645 -86.7279
      vertex 48 52.591 -86.89
    endloop
  endfacet
  facet normal -1 0 0
    outer loop
      vertex 48 52.7869 -86.1594
      vertex 48 51.0767 -87.6114
      vertex 48 50.9691 -87.5996
    endloop
  endfacet
  facet normal -1 0 0
    outer loop
      vertex 48 51.6712 -87.5842
      vertex 48 52.591 -86.89
      vertex 48 52.5011 -87.0385
    endloop
  endfacet
  facet normal -1 0 0
    outer loop
      vertex 48 52.7624 -86.3626
      vertex 48 51.1858 -87.6184
      vertex 48 51.0767 -87.6114
    endloop
  endfacet
  facet normal -1 0 0
    outer loop
      vertex 48 51.6712 -87.5842
      vertex 48 52.5011 -87.0385
      vertex 48 52.395 -87.1732
    endloop
  endfacet
  facet normal -1 0 0
    outer loop
      vertex 48 52.7869 -85.7246
      vertex 48 51.0767 -84.2701
      vertex 48 52.7624 -85.5206
    endloop
  endfacet
  facet normal -1 0 0
    outer loop
      vertex 48 51.6712 -87.5842
      vertex 48 52.395 -87.1732
      vertex 48 52.2746 -87.2919
    endloop
  endfacet
  facet normal -1 0 0
    outer loop
      vertex 48 52.7624 -86.3626
      vertex 48 51.2964 -87.6207
      vertex 48 51.1858 -87.6184
    endloop
  endfacet
  facet normal -1 0 0
    outer loop
      vertex 48 51.6712 -87.5842
      vertex 48 52.2746 -87.2919
      vertex 48 52.142 -87.3924
    endloop
  endfacet
  facet normal -1 0 0
    outer loop
      vertex 48 52.7216 -85.3305
      vertex 48 51.4899 -84.2699
      vertex 48 52.6645 -85.1542
    endloop
  endfacet
  facet normal -1 0 0
    outer loop
      vertex 48 51.6712 -87.5842
      vertex 48 52.142 -87.3924
      vertex 48 51.9973 -87.4746
    endloop
  endfacet
  facet normal -1 0 0
    outer loop
      vertex 48 52.7216 -86.5521
      vertex 48 51.4899 -87.6116
      vertex 48 51.2964 -87.6207
    endloop
  endfacet
  facet normal -1 0 0
    outer loop
      vertex 48 51.6712 -87.5842
      vertex 48 51.9973 -87.4746
      vertex 48 51.8403 -87.5385
    endloop
  endfacet
  facet normal -1 0 0
    outer loop
      vertex 48 52.591 -86.89
      vertex 48 51.6712 -87.5842
      vertex 48 51.4899 -87.6116
    endloop
  endfacet
  facet normal -1 0 0
    outer loop
      vertex 48 52.591 -84.9917
      vertex 48 51.6712 -84.2973
      vertex 48 52.5011 -84.8431
    endloop
  endfacet
  facet normal -1 0 0
    outer loop
      vertex 48 51.9973 -84.4069
      vertex 48 51.6712 -84.2973
      vertex 48 51.8403 -84.343
    endloop
  endfacet
  facet normal -1 0 0
    outer loop
      vertex 48 52.2746 -84.5896
      vertex 48 51.6712 -84.2973
      vertex 48 52.142 -84.4891
    endloop
  endfacet
  facet normal -1 0 0
    outer loop
      vertex 48 52.142 -84.4891
      vertex 48 51.6712 -84.2973
      vertex 48 51.9973 -84.4069
    endloop
  endfacet
  facet normal -1 0 0
    outer loop
      vertex 48 52.5011 -84.8431
      vertex 48 51.6712 -84.2973
      vertex 48 52.395 -84.7083
    endloop
  endfacet
  facet normal -1 0 0
    outer loop
      vertex 48 52.395 -84.7083
      vertex 48 51.6712 -84.2973
      vertex 48 52.2746 -84.5896
    endloop
  endfacet
  facet normal -1 0 0
    outer loop
      vertex 48 52.6645 -85.1542
      vertex 48 51.4899 -84.2699
      vertex 48 52.591 -84.9917
    endloop
  endfacet
  facet normal -1 -0 -0
    outer loop
      vertex 48 51.6712 -84.2973
      vertex 48 52.591 -84.9917
      vertex 48 51.4899 -84.2699
    endloop
  endfacet
  facet normal -1 0 0
    outer loop
      vertex 48 52.7624 -85.5206
      vertex 48 51.2964 -84.2608
      vertex 48 52.7216 -85.3305
    endloop
  endfacet
  facet normal -1 -0 -0
    outer loop
      vertex 48 51.4899 -84.2699
      vertex 48 52.7216 -85.3305
      vertex 48 51.2964 -84.2608
    endloop
  endfacet
  facet normal -1 0 -0
    outer loop
      vertex 48 51.1858 -84.2631
      vertex 48 52.7624 -85.5206
      vertex 48 51.0767 -84.2701
    endloop
  endfacet
  facet normal -1 0 -0
    outer loop
      vertex 48 51.2964 -84.2608
      vertex 48 52.7624 -85.5206
      vertex 48 51.1858 -84.2631
    endloop
  endfacet
  facet normal -1 0 -0
    outer loop
      vertex 48 50.9691 -84.2819
      vertex 48 52.7869 -85.7246
      vertex 48 50.863 -84.2983
    endloop
  endfacet
  facet normal -1 0 -0
    outer loop
      vertex 48 51.0767 -84.2701
      vertex 48 52.7869 -85.7246
      vertex 48 50.9691 -84.2819
    endloop
  endfacet
  facet normal -1 0 0
    outer loop
      vertex 48 50.7584 -87.5621
      vertex 48 50.863 -84.2983
      vertex 48 50.863 -87.5832
    endloop
  endfacet
  facet normal -1 0 0
    outer loop
      vertex 48 50.7584 -87.5621
      vertex 48 50.7584 -84.3194
      vertex 48 50.863 -84.2983
    endloop
  endfacet
  facet normal -1 0 0
    outer loop
      vertex 48 50.6554 -87.5363
      vertex 48 50.7584 -84.3194
      vertex 48 50.7584 -87.5621
    endloop
  endfacet
  facet normal -1 0 0
    outer loop
      vertex 48 50.6554 -87.5363
      vertex 48 50.6554 -84.3452
      vertex 48 50.7584 -84.3194
    endloop
  endfacet
  facet normal -1 0 0
    outer loop
      vertex 48 50.5539 -87.5058
      vertex 48 50.6554 -84.3452
      vertex 48 50.6554 -87.5363
    endloop
  endfacet
  facet normal -1 0 0
    outer loop
      vertex 48 50.5539 -87.5058
      vertex 48 50.5539 -84.3758
      vertex 48 50.6554 -84.3452
    endloop
  endfacet
  facet normal -1 0 0
    outer loop
      vertex 48 50.4529 -87.4702
      vertex 48 50.5539 -84.3758
      vertex 48 50.5539 -87.5058
    endloop
  endfacet
  facet normal -1 0 0
    outer loop
      vertex 48 50.4529 -87.4702
      vertex 48 50.4529 -84.4113
      vertex 48 50.5539 -84.3758
    endloop
  endfacet
  facet normal -1 0 0
    outer loop
      vertex 48 50.3515 -87.4293
      vertex 48 50.4529 -84.4113
      vertex 48 50.4529 -87.4702
    endloop
  endfacet
  facet normal -1 0 0
    outer loop
      vertex 48 50.3515 -87.4293
      vertex 48 50.3515 -84.4522
      vertex 48 50.4529 -84.4113
    endloop
  endfacet
  facet normal -1 0 0
    outer loop
      vertex 48 50.2498 -87.383
      vertex 48 50.3515 -84.4522
      vertex 48 50.3515 -87.4293
    endloop
  endfacet
  facet normal -1 0 0
    outer loop
      vertex 48 50.2498 -87.383
      vertex 48 50.2498 -84.4985
      vertex 48 50.3515 -84.4522
    endloop
  endfacet
  facet normal -1 0 0
    outer loop
      vertex 48 50.1476 -87.3313
      vertex 48 50.2498 -84.4985
      vertex 48 50.2498 -87.383
    endloop
  endfacet
  facet normal -1 0 0
    outer loop
      vertex 48 50.1476 -87.3313
      vertex 48 50.1476 -84.5502
      vertex 48 50.2498 -84.4985
    endloop
  endfacet
  facet normal -1 0 0
    outer loop
      vertex 48 50.0449 -87.2742
      vertex 48 50.1476 -84.5502
      vertex 48 50.1476 -87.3313
    endloop
  endfacet
  facet normal -1 0 0
    outer loop
      vertex 48 50.0449 -87.2742
      vertex 48 50.0449 -84.6073
      vertex 48 50.1476 -84.5502
    endloop
  endfacet
  facet normal -1 0 0
    outer loop
      vertex 48 49.9419 -87.2118
      vertex 48 50.0449 -84.6073
      vertex 48 50.0449 -87.2742
    endloop
  endfacet
  facet normal -1 0 0
    outer loop
      vertex 48 49.9419 -87.2118
      vertex 48 49.9419 -84.6697
      vertex 48 50.0449 -84.6073
    endloop
  endfacet
  facet normal -1 0 0
    outer loop
      vertex 48 49.8385 -87.1439
      vertex 48 49.9419 -84.6697
      vertex 48 49.9419 -87.2118
    endloop
  endfacet
  facet normal -1 0 0
    outer loop
      vertex 48 49.9419 -84.6697
      vertex 48 49.8385 -87.1439
      vertex 48 49.8385 -84.7376
    endloop
  endfacet
  facet normal -1 0 0
    outer loop
      vertex 48 59.2299 -87.4831
      vertex 48 56.9378 -87.4831
      vertex 48 59.2299 -83.4064
    endloop
  endfacet
  facet normal -1 0 0
    outer loop
      vertex 48 59.2299 -83.4064
      vertex 48 60 -81
      vertex 48 60.5353 -83.4064
    endloop
  endfacet
  facet normal -1 0 0
    outer loop
      vertex 48 54.0842 -85.2899
      vertex 48 59.2299 -83.4064
      vertex 48 56.9378 -87.4831
    endloop
  endfacet
  facet normal -1 0 0
    outer loop
      vertex 48 59.2299 -83.4064
      vertex 48 56 -81
      vertex 48 60 -81
    endloop
  endfacet
  facet normal -1 0 0
    outer loop
      vertex 48 60.5353 -83.4064
      vertex 48 74 -91
      vertex 48 60.5353 -88.4688
    endloop
  endfacet
  facet normal -1 0 0
    outer loop
      vertex 48 74 -91
      vertex 48 56.9378 -88.4688
      vertex 48 60.5353 -88.4688
    endloop
  endfacet
  facet normal -1 0 0
    outer loop
      vertex 48 53.9032 -87.162
      vertex 48 56.9378 -87.4831
      vertex 48 56.9378 -88.4688
    endloop
  endfacet
  facet normal -1 0 0
    outer loop
      vertex 48 56.9378 -87.4831
      vertex 48 54.1295 -85.6058
      vertex 48 54.0842 -85.2899
    endloop
  endfacet
  facet normal -1 0 0
    outer loop
      vertex 48 56.9378 -87.4831
      vertex 48 54.1445 -85.9425
      vertex 48 54.1295 -85.6058
    endloop
  endfacet
  facet normal -1 0 0
    outer loop
      vertex 48 56.9378 -87.4831
      vertex 48 54.1295 -86.2782
      vertex 48 54.1445 -85.9425
    endloop
  endfacet
  facet normal -1 0 0
    outer loop
      vertex 48 56.9378 -87.4831
      vertex 48 54.0842 -86.5933
      vertex 48 54.1295 -86.2782
    endloop
  endfacet
  facet normal -1 0 0
    outer loop
      vertex 48 56.9378 -87.4831
      vertex 48 54.0088 -86.8879
      vertex 48 54.0842 -86.5933
    endloop
  endfacet
  facet normal -1 0 0
    outer loop
      vertex 48 56.9378 -87.4831
      vertex 48 53.9032 -87.162
      vertex 48 54.0088 -86.8879
    endloop
  endfacet
  facet normal -1 0 0
    outer loop
      vertex 48 56.9378 -88.4688
      vertex 48 53.7674 -87.4154
      vertex 48 53.9032 -87.162
    endloop
  endfacet
  facet normal -1 0 0
    outer loop
      vertex 48 56.9378 -88.4688
      vertex 48 53.6015 -87.6483
      vertex 48 53.7674 -87.4154
    endloop
  endfacet
  facet normal -1 0 0
    outer loop
      vertex 48 56.9378 -88.4688
      vertex 48 53.4054 -87.8607
      vertex 48 53.6015 -87.6483
    endloop
  endfacet
  facet normal -1 0 0
    outer loop
      vertex 48 56.9378 -88.4688
      vertex 48 53.1835 -88.0483
      vertex 48 53.4054 -87.8607
    endloop
  endfacet
  facet normal -1 0 0
    outer loop
      vertex 48 51.7522 -88.5535
      vertex 48 56.9378 -88.4688
      vertex 48 74 -91
    endloop
  endfacet
  facet normal -1 0 0
    outer loop
      vertex 48 56.9378 -88.4688
      vertex 48 52.9401 -88.2071
      vertex 48 53.1835 -88.0483
    endloop
  endfacet
  facet normal -1 0 0
    outer loop
      vertex 48 56.9378 -88.4688
      vertex 48 52.6753 -88.337
      vertex 48 52.9401 -88.2071
    endloop
  endfacet
  facet normal -1 0 0
    outer loop
      vertex 48 56.9378 -88.4688
      vertex 48 52.3891 -88.438
      vertex 48 52.6753 -88.337
    endloop
  endfacet
  facet normal -1 -0 0
    outer loop
      vertex 48 56.9378 -88.4688
      vertex 48 52.0813 -88.5102
      vertex 48 52.3891 -88.438
    endloop
  endfacet
  facet normal -1 0 0
    outer loop
      vertex 48 56.9378 -88.4688
      vertex 48 51.7522 -88.5535
      vertex 48 52.0813 -88.5102
    endloop
  endfacet
  facet normal -1 0 0
    outer loop
      vertex 48 74 -91
      vertex 48 51.4016 -88.5679
      vertex 48 51.7522 -88.5535
    endloop
  endfacet
  facet normal -1 0 0
    outer loop
      vertex 48 74 -91
      vertex 48 51.2811 -88.566
      vertex 48 51.4016 -88.5679
    endloop
  endfacet
  facet normal -1 0 0
    outer loop
      vertex 48 46.5636 -88.5679
      vertex 48 51.2811 -88.566
      vertex 48 74 -91
    endloop
  endfacet
  facet normal -1 -0 0
    outer loop
      vertex 48 51.2811 -88.566
      vertex 48 46.5636 -88.5679
      vertex 48 51.1621 -88.5602
    endloop
  endfacet
  facet normal -1 0 0
    outer loop
      vertex 48 48.8138 -87.4267
      vertex 48 49.8385 -87.1439
      vertex 48 49.8385 -88.1911
    endloop
  endfacet
  facet normal -1 0 -0
    outer loop
      vertex 48 49.1675 -85.9425
      vertex 48 49.8385 -87.1439
      vertex 48 49.1534 -86.2825
    endloop
  endfacet
  facet normal -1 0 0
    outer loop
      vertex 48 49.1534 -85.6015
      vertex 48 49.8385 -84.7376
      vertex 48 49.1675 -85.9425
    endloop
  endfacet
  facet normal -1 0 0
    outer loop
      vertex 48 49.8385 -87.1439
      vertex 48 49.1675 -85.9425
      vertex 48 49.8385 -84.7376
    endloop
  endfacet
  facet normal -1 0 0
    outer loop
      vertex 48 49.8385 -87.1439
      vertex 48 49.1109 -86.6009
      vertex 48 49.1534 -86.2825
    endloop
  endfacet
  facet normal -1 0 0
    outer loop
      vertex 48 49.8385 -87.1439
      vertex 48 49.0402 -86.8978
      vertex 48 49.1109 -86.6009
    endloop
  endfacet
  facet normal -1 -0 0
    outer loop
      vertex 48 49.8385 -87.1439
      vertex 48 48.9411 -87.173
      vertex 48 49.0402 -86.8978
    endloop
  endfacet
  facet normal -1 0 0
    outer loop
      vertex 48 49.8385 -87.1439
      vertex 48 48.8138 -87.4267
      vertex 48 48.9411 -87.173
    endloop
  endfacet
  facet normal -1 0 0
    outer loop
      vertex 48 49.8385 -88.1911
      vertex 48 48.6581 -87.6587
      vertex 48 48.8138 -87.4267
    endloop
  endfacet
  facet normal -1 0 0
    outer loop
      vertex 48 48.0352 -88.2114
      vertex 48 49.8385 -88.1911
      vertex 48 49.9418 -88.2426
    endloop
  endfacet
  facet normal -1 0 0
    outer loop
      vertex 48 47.7836 -88.3398
      vertex 48 49.9418 -88.2426
      vertex 48 50.0463 -88.2903
    endloop
  endfacet
  facet normal -1 0 0
    outer loop
      vertex 48 49.8385 -88.1911
      vertex 48 48.4742 -87.8692
      vertex 48 48.6581 -87.6587
    endloop
  endfacet
  facet normal -1 0 0
    outer loop
      vertex 48 47.7836 -88.3398
      vertex 48 50.0463 -88.2903
      vertex 48 50.1521 -88.3343
    endloop
  endfacet
  facet normal -1 0 0
    outer loop
      vertex 48 47.7836 -88.3398
      vertex 48 50.1521 -88.3343
      vertex 48 50.2592 -88.3746
    endloop
  endfacet
  facet normal -1 0 0
    outer loop
      vertex 48 47.5107 -88.4396
      vertex 48 50.2592 -88.3746
      vertex 48 50.3675 -88.4111
    endloop
  endfacet
  facet normal -1 0 0
    outer loop
      vertex 48 47.5107 -88.4396
      vertex 48 50.3675 -88.4111
      vertex 48 50.477 -88.4439
    endloop
  endfacet
  facet normal -1 0 0
    outer loop
      vertex 48 49.8385 -88.1911
      vertex 48 48.2654 -88.0546
      vertex 48 48.4742 -87.8692
    endloop
  endfacet
  facet normal -1 0 0
    outer loop
      vertex 48 47.5107 -88.4396
      vertex 48 50.477 -88.4439
      vertex 48 50.5878 -88.4729
    endloop
  endfacet
  facet normal -1 0 0
    outer loop
      vertex 48 47.2164 -88.5109
      vertex 48 50.5878 -88.4729
      vertex 48 50.6999 -88.4981
    endloop
  endfacet
  facet normal -1 0 0
    outer loop
      vertex 48 47.2164 -88.5109
      vertex 48 50.6999 -88.4981
      vertex 48 50.8134 -88.5195
    endloop
  endfacet
  facet normal -1 -0 0
    outer loop
      vertex 48 49.8385 -88.1911
      vertex 48 48.0352 -88.2114
      vertex 48 48.2654 -88.0546
    endloop
  endfacet
  facet normal -1 0 0
    outer loop
      vertex 48 47.2164 -88.5109
      vertex 48 50.8134 -88.5195
      vertex 48 50.9282 -88.5369
    endloop
  endfacet
  facet normal -1 0 0
    outer loop
      vertex 48 46.9006 -88.5537
      vertex 48 50.9282 -88.5369
      vertex 48 51.0445 -88.5505
    endloop
  endfacet
  facet normal -1 -0 0
    outer loop
      vertex 48 49.9418 -88.2426
      vertex 48 47.7836 -88.3398
      vertex 48 48.0352 -88.2114
    endloop
  endfacet
  facet normal -1 0 -0
    outer loop
      vertex 48 46.9006 -88.5537
      vertex 48 51.1621 -88.5602
      vertex 48 46.5636 -88.5679
    endloop
  endfacet
  facet normal -1 -0 0
    outer loop
      vertex 48 50.2592 -88.3746
      vertex 48 47.5107 -88.4396
      vertex 48 47.7836 -88.3398
    endloop
  endfacet
  facet normal -1 -0 0
    outer loop
      vertex 48 50.5878 -88.4729
      vertex 48 47.2164 -88.5109
      vertex 48 47.5107 -88.4396
    endloop
  endfacet
  facet normal -1 -0 0
    outer loop
      vertex 48 50.9282 -88.5369
      vertex 48 46.9006 -88.5537
      vertex 48 47.2164 -88.5109
    endloop
  endfacet
  facet normal -1 0 0
    outer loop
      vertex 48 51.1621 -88.5602
      vertex 48 46.9006 -88.5537
      vertex 48 51.0445 -88.5505
    endloop
  endfacet
  facet normal -1 0 0
    outer loop
      vertex 48 16 -91
      vertex 48 46.5636 -88.5679
      vertex 48 74 -91
    endloop
  endfacet
  facet normal -1 -0 0
    outer loop
      vertex 48 44.016 -85.2823
      vertex 48 42.0215 -88.4688
      vertex 48 43.8965 -83.4064
    endloop
  endfacet
  facet normal -1 -0 0
    outer loop
      vertex 48 43.9737 -86.2825
      vertex 48 42.0215 -88.4688
      vertex 48 43.9596 -85.9425
    endloop
  endfacet
  facet normal -1 -0 0
    outer loop
      vertex 48 44.016 -86.6009
      vertex 48 42.0215 -88.4688
      vertex 48 43.9737 -86.2825
    endloop
  endfacet
  facet normal -1 -0 0
    outer loop
      vertex 48 44.0866 -86.8978
      vertex 48 42.0215 -88.4688
      vertex 48 44.016 -86.6009
    endloop
  endfacet
  facet normal -1 -0 0
    outer loop
      vertex 48 44.1854 -87.173
      vertex 48 42.0215 -88.4688
      vertex 48 44.0866 -86.8978
    endloop
  endfacet
  facet normal -1 -0 0
    outer loop
      vertex 48 44.3125 -87.4267
      vertex 48 42.0215 -88.4688
      vertex 48 44.1854 -87.173
    endloop
  endfacet
  facet normal -1 -0 0
    outer loop
      vertex 48 44.4677 -87.6587
      vertex 48 42.0215 -88.4688
      vertex 48 44.3125 -87.4267
    endloop
  endfacet
  facet normal -1 -0 0
    outer loop
      vertex 48 44.6513 -87.8692
      vertex 48 42.0215 -88.4688
      vertex 48 44.4677 -87.6587
    endloop
  endfacet
  facet normal -1 -0 0
    outer loop
      vertex 48 44.8597 -88.0546
      vertex 48 42.0215 -88.4688
      vertex 48 44.6513 -87.8692
    endloop
  endfacet
  facet normal -1 -0 0
    outer loop
      vertex 48 45.0897 -88.2114
      vertex 48 42.0215 -88.4688
      vertex 48 44.8597 -88.0546
    endloop
  endfacet
  facet normal -1 -0 0
    outer loop
      vertex 48 45.3412 -88.3398
      vertex 48 42.0215 -88.4688
      vertex 48 45.0897 -88.2114
    endloop
  endfacet
  facet normal -1 -0 0
    outer loop
      vertex 48 45.6144 -88.4396
      vertex 48 42.0215 -88.4688
      vertex 48 45.3412 -88.3398
    endloop
  endfacet
  facet normal -1 0 0
    outer loop
      vertex 48 45.9092 -88.5109
      vertex 48 42.0215 -88.4688
      vertex 48 45.6144 -88.4396
    endloop
  endfacet
  facet normal -1 0 0
    outer loop
      vertex 48 46.2256 -88.5537
      vertex 48 42.0215 -88.4688
      vertex 48 45.9092 -88.5109
    endloop
  endfacet
  facet normal -1 -0 0
    outer loop
      vertex 48 46.5636 -88.5679
      vertex 48 16 -91
      vertex 48 46.2256 -88.5537
    endloop
  endfacet
  facet normal -1 -0 0
    outer loop
      vertex 48 46.2256 -88.5537
      vertex 48 16 -91
      vertex 48 42.0215 -88.4688
    endloop
  endfacet
  facet normal -1 0 0
    outer loop
      vertex 48 40.4653 -88.4688
      vertex 48 38.0445 -88.4688
      vertex 48 38.5902 -83.4064
    endloop
  endfacet
  facet normal -1 -0 0
    outer loop
      vertex 48 42.0215 -88.4688
      vertex 48 16 -91
      vertex 48 40.4653 -88.4688
    endloop
  endfacet
  facet normal -1 -0 0
    outer loop
      vertex 48 40.4653 -88.4688
      vertex 48 16 -91
      vertex 48 38.0445 -88.4688
    endloop
  endfacet
  facet normal -1 0 0
    outer loop
      vertex 48 34.447 -88.4688
      vertex 48 33.4118 -88.4688
      vertex 48 34.447 -87.4831
    endloop
  endfacet
  facet normal -1 -0 0
    outer loop
      vertex 48 38.0445 -88.4688
      vertex 48 16 -91
      vertex 48 34.447 -88.4688
    endloop
  endfacet
  facet normal -1 -0 0
    outer loop
      vertex 48 34.447 -88.4688
      vertex 48 16 -91
      vertex 48 33.4118 -88.4688
    endloop
  endfacet
  facet normal -1 0 0
    outer loop
      vertex 48 32.1064 -88.4688
      vertex 48 31.7369 -86.5519
      vertex 48 32.1064 -86.5519
    endloop
  endfacet
  facet normal -1 0 0
    outer loop
      vertex 48 30.9555 -87.0126
      vertex 48 31.7369 -86.5519
      vertex 48 32.1064 -88.4688
    endloop
  endfacet
  facet normal -1 0 -0
    outer loop
      vertex 48 31.0093 -86.9287
      vertex 48 31.7369 -86.5519
      vertex 48 30.9555 -87.0126
    endloop
  endfacet
  facet normal -1 0 0
    outer loop
      vertex 48 31.7369 -86.5519
      vertex 48 31.0093 -86.9287
      vertex 48 31.6484 -86.5548
    endloop
  endfacet
  facet normal -1 0 -0
    outer loop
      vertex 48 31.0634 -86.8545
      vertex 48 31.6484 -86.5548
      vertex 48 31.0093 -86.9287
    endloop
  endfacet
  facet normal -1 0 0
    outer loop
      vertex 48 31.5652 -86.5633
      vertex 48 31.0634 -86.8545
      vertex 48 31.4871 -86.5775
    endloop
  endfacet
  facet normal -1 0 -0
    outer loop
      vertex 48 31.1176 -86.7902
      vertex 48 31.4871 -86.5775
      vertex 48 31.0634 -86.8545
    endloop
  endfacet
  facet normal -1 0 0
    outer loop
      vertex 48 31.4871 -86.5775
      vertex 48 31.1176 -86.7902
      vertex 48 31.4142 -86.5974
    endloop
  endfacet
  facet normal -1 0 -0
    outer loop
      vertex 48 31.172 -86.7357
      vertex 48 31.3465 -86.6229
      vertex 48 31.1176 -86.7902
    endloop
  endfacet
  facet normal -1 0 0
    outer loop
      vertex 48 31.284 -86.6541
      vertex 48 31.172 -86.7357
      vertex 48 31.2267 -86.691
    endloop
  endfacet
  facet normal -1 0 0
    outer loop
      vertex 48 31.3465 -86.6229
      vertex 48 31.172 -86.7357
      vertex 48 31.284 -86.6541
    endloop
  endfacet
  facet normal -1 0 0
    outer loop
      vertex 48 31.4142 -86.5974
      vertex 48 31.1176 -86.7902
      vertex 48 31.3465 -86.6229
    endloop
  endfacet
  facet normal -1 0 0
    outer loop
      vertex 48 31.6484 -86.5548
      vertex 48 31.0634 -86.8545
      vertex 48 31.5652 -86.5633
    endloop
  endfacet
  facet normal -1 0 0
    outer loop
      vertex 48 32.1064 -88.4688
      vertex 48 30.9019 -87.1064
      vertex 48 30.9555 -87.0126
    endloop
  endfacet
  facet normal -1 0 0
    outer loop
      vertex 48 32.1064 -88.4688
      vertex 48 30.8486 -87.2101
      vertex 48 30.9019 -87.1064
    endloop
  endfacet
  facet normal -1 0 0
    outer loop
      vertex 48 32.1064 -88.4688
      vertex 48 30.2314 -88.4688
      vertex 48 30.8486 -87.2101
    endloop
  endfacet
  facet normal -1 -0 0
    outer loop
      vertex 48 33.4118 -88.4688
      vertex 48 16 -91
      vertex 48 32.1064 -88.4688
    endloop
  endfacet
  facet normal -1 -0 0
    outer loop
      vertex 48 32.1064 -88.4688
      vertex 48 16 -91
      vertex 48 30.2314 -88.4688
    endloop
  endfacet
  facet normal -1 -0 0
    outer loop
      vertex 48 26 -81
      vertex 48 16 -91
      vertex 48 26 -46.5
    endloop
  endfacet
  facet normal -1 -0 0
    outer loop
      vertex 48 28.8413 -88.4688
      vertex 48 16 -91
      vertex 48 26 -81
    endloop
  endfacet
  facet normal -1 -0 0
    outer loop
      vertex 48 30.2314 -88.4688
      vertex 48 16 -91
      vertex 48 28.8413 -88.4688
    endloop
  endfacet
  facet normal -1 0 0
    outer loop
      vertex 48 60 -81
      vertex 48 74 -91
      vertex 48 60.5353 -83.4064
    endloop
  endfacet
  facet normal -1 0 0
    outer loop
      vertex 48 74 -91
      vertex 48 60 -81
      vertex 48 74 -36.5
    endloop
  endfacet
  facet normal -1 0 0
    outer loop
      vertex 48 60 -46.5
      vertex 48 74 -36.5
      vertex 48 60 -81
    endloop
  endfacet
  facet normal -1 0 0
    outer loop
      vertex 48 56 -46.5
      vertex 48 74 -36.5
      vertex 48 60 -46.5
    endloop
  endfacet
  facet normal -1 0 0
    outer loop
      vertex 48 59.2299 -83.4064
      vertex 48 54.0842 -85.2899
      vertex 48 54.0088 -84.9947
    endloop
  endfacet
  facet normal -1 0 0
    outer loop
      vertex 48 53.9032 -84.7202
      vertex 48 59.2299 -83.4064
      vertex 48 54.0088 -84.9947
    endloop
  endfacet
  facet normal -1 -0 0
    outer loop
      vertex 48 59.2299 -83.4064
      vertex 48 53.9032 -84.7202
      vertex 48 56 -81
    endloop
  endfacet
  facet normal -1 0 0
    outer loop
      vertex 48 53.7674 -84.4664
      vertex 48 56 -81
      vertex 48 53.9032 -84.7202
    endloop
  endfacet
  facet normal -1 0 0
    outer loop
      vertex 48 53.6015 -84.2332
      vertex 48 56 -81
      vertex 48 53.7674 -84.4664
    endloop
  endfacet
  facet normal -1 0 0
    outer loop
      vertex 48 53.4054 -84.0208
      vertex 48 56 -81
      vertex 48 53.6015 -84.2332
    endloop
  endfacet
  facet normal -1 0 0
    outer loop
      vertex 48 53.1835 -83.8332
      vertex 48 56 -81
      vertex 48 53.4054 -84.0208
    endloop
  endfacet
  facet normal -1 0 0
    outer loop
      vertex 48 52.9401 -83.6744
      vertex 48 56 -81
      vertex 48 53.1835 -83.8332
    endloop
  endfacet
  facet normal -1 0 0
    outer loop
      vertex 48 52.6753 -83.5445
      vertex 48 56 -81
      vertex 48 52.9401 -83.6744
    endloop
  endfacet
  facet normal -1 0 0
    outer loop
      vertex 48 52.3891 -83.4435
      vertex 48 56 -81
      vertex 48 52.6753 -83.5445
    endloop
  endfacet
  facet normal -1 -0 0
    outer loop
      vertex 48 56 -81
      vertex 48 52.3891 -83.4435
      vertex 48 50 -81
    endloop
  endfacet
  facet normal -1 0 0
    outer loop
      vertex 48 50 -81
      vertex 48 52.3891 -83.4435
      vertex 48 52.0813 -83.3713
    endloop
  endfacet
  facet normal -1 0 0
    outer loop
      vertex 48 50 -81
      vertex 48 52.0813 -83.3713
      vertex 48 51.7522 -83.328
    endloop
  endfacet
  facet normal -1 0 0
    outer loop
      vertex 48 50 -81
      vertex 48 51.7522 -83.328
      vertex 48 51.4016 -83.3136
    endloop
  endfacet
  facet normal -1 0 0
    outer loop
      vertex 48 50 -81
      vertex 48 51.4016 -83.3136
      vertex 48 51.2811 -83.3155
    endloop
  endfacet
  facet normal -1 0 0
    outer loop
      vertex 48 50 -81
      vertex 48 51.2811 -83.3155
      vertex 48 51.1621 -83.3213
    endloop
  endfacet
  facet normal -1 0 0
    outer loop
      vertex 48 50 -81
      vertex 48 51.1621 -83.3213
      vertex 48 51.0445 -83.331
    endloop
  endfacet
  facet normal -1 0 0
    outer loop
      vertex 48 50 -81
      vertex 48 51.0445 -83.331
      vertex 48 50.9282 -83.3446
    endloop
  endfacet
  facet normal -1 0 0
    outer loop
      vertex 48 50 -81
      vertex 48 50.9282 -83.3446
      vertex 48 50.8134 -83.362
    endloop
  endfacet
  facet normal -1 0 0
    outer loop
      vertex 48 50 -81
      vertex 48 50.8134 -83.362
      vertex 48 50.6999 -83.3834
    endloop
  endfacet
  facet normal -1 0 0
    outer loop
      vertex 48 50 -81
      vertex 48 50.6999 -83.3834
      vertex 48 50.5878 -83.4086
    endloop
  endfacet
  facet normal -1 0 0
    outer loop
      vertex 48 50 -81
      vertex 48 50.5878 -83.4086
      vertex 48 50.477 -83.4376
    endloop
  endfacet
  facet normal -1 0 0
    outer loop
      vertex 48 50 -81
      vertex 48 50.477 -83.4376
      vertex 48 50.3675 -83.4704
    endloop
  endfacet
  facet normal -1 0 0
    outer loop
      vertex 48 50 -81
      vertex 48 50.3675 -83.4704
      vertex 48 50.2592 -83.5069
    endloop
  endfacet
  facet normal -1 0 0
    outer loop
      vertex 48 50 -81
      vertex 48 50.2592 -83.5069
      vertex 48 50.1521 -83.5472
    endloop
  endfacet
  facet normal -1 0 0
    outer loop
      vertex 48 50 -81
      vertex 48 50.1521 -83.5472
      vertex 48 50.0463 -83.5912
    endloop
  endfacet
  facet normal -1 0 0
    outer loop
      vertex 48 56 -81
      vertex 48 50 -81
      vertex 48 56 -46.5
    endloop
  endfacet
  facet normal -1 0 0
    outer loop
      vertex 48 50 -46.5
      vertex 48 56 -46.5
      vertex 48 50 -81
    endloop
  endfacet
  facet normal -1 0 0
    outer loop
      vertex 48 50 -46.5
      vertex 48 74 -36.5
      vertex 48 56 -46.5
    endloop
  endfacet
  facet normal -1 0 0
    outer loop
      vertex 48 46 -46.5
      vertex 48 74 -36.5
      vertex 48 50 -46.5
    endloop
  endfacet
  facet normal -1 0 0
    outer loop
      vertex 48 45.3412 -83.5417
      vertex 48 46 -81
      vertex 48 45.6144 -83.4419
    endloop
  endfacet
  facet normal -1 0 0
    outer loop
      vertex 48 46 -81
      vertex 48 45.3412 -83.5417
      vertex 48 43.8965 -83.4064
    endloop
  endfacet
  facet normal -1 0 0
    outer loop
      vertex 48 43.8965 -83.4064
      vertex 48 45.3412 -83.5417
      vertex 48 45.0897 -83.6701
    endloop
  endfacet
  facet normal -1 0 0
    outer loop
      vertex 48 43.8965 -83.4064
      vertex 48 45.0897 -83.6701
      vertex 48 44.8597 -83.827
    endloop
  endfacet
  facet normal -1 0 0
    outer loop
      vertex 48 43.8965 -83.4064
      vertex 48 44.8597 -83.827
      vertex 48 44.6513 -84.0124
    endloop
  endfacet
  facet normal -1 0 0
    outer loop
      vertex 48 43.8965 -83.4064
      vertex 48 44.6513 -84.0124
      vertex 48 44.4677 -84.2229
    endloop
  endfacet
  facet normal -1 0 0
    outer loop
      vertex 48 43.8965 -83.4064
      vertex 48 44.4677 -84.2229
      vertex 48 44.3125 -84.4551
    endloop
  endfacet
  facet normal -1 0 0
    outer loop
      vertex 48 43.8965 -83.4064
      vertex 48 44.3125 -84.4551
      vertex 48 44.1854 -84.7091
    endloop
  endfacet
  facet normal -1 0 0
    outer loop
      vertex 48 43.8965 -83.4064
      vertex 48 44.1854 -84.7091
      vertex 48 44.0866 -84.9848
    endloop
  endfacet
  facet normal -1 0 0
    outer loop
      vertex 48 43.8965 -83.4064
      vertex 48 44.0866 -84.9848
      vertex 48 44.016 -85.2823
    endloop
  endfacet
  facet normal -1 0 0
    outer loop
      vertex 48 42.0215 -88.4688
      vertex 48 44.016 -85.2823
      vertex 48 43.9737 -85.6015
    endloop
  endfacet
  facet normal -1 0 0
    outer loop
      vertex 48 42.0215 -88.4688
      vertex 48 43.9737 -85.6015
      vertex 48 43.9596 -85.9425
    endloop
  endfacet
  facet normal -1 0 0
    outer loop
      vertex 48 42.5844 -83.4064
      vertex 48 46 -81
      vertex 48 43.8965 -83.4064
    endloop
  endfacet
  facet normal -1 -0 0
    outer loop
      vertex 48 46 -81
      vertex 48 42.5844 -83.4064
      vertex 48 40 -81
    endloop
  endfacet
  facet normal -1 0 0
    outer loop
      vertex 48 39.9024 -83.4064
      vertex 48 42.5844 -83.4064
      vertex 48 41.2417 -87.1429
    endloop
  endfacet
  facet normal -1 0 0
    outer loop
      vertex 48 46 -81
      vertex 48 40 -81
      vertex 48 46 -46.5
    endloop
  endfacet
  facet normal -1 0 0
    outer loop
      vertex 48 40 -46.5
      vertex 48 46 -46.5
      vertex 48 40 -81
    endloop
  endfacet
  facet normal -1 0 0
    outer loop
      vertex 48 16 -36.5
      vertex 48 46 -46.5
      vertex 48 40 -46.5
    endloop
  endfacet
  facet normal -1 0 0
    outer loop
      vertex 48 16 -36.5
      vertex 48 40 -46.5
      vertex 48 36 -46.5
    endloop
  endfacet
  facet normal -1 0 0
    outer loop
      vertex 48 33.4118 -83.4064
      vertex 48 34.447 -87.4831
      vertex 48 33.4118 -88.4688
    endloop
  endfacet
  facet normal -1 0 0
    outer loop
      vertex 48 34.5216 -84.392
      vertex 48 33.4118 -83.4064
      vertex 48 34.5216 -83.4064
    endloop
  endfacet
  facet normal -1 -0 0
    outer loop
      vertex 48 36 -81
      vertex 48 33.4118 -83.4064
      vertex 48 30 -81
    endloop
  endfacet
  facet normal -1 0 0
    outer loop
      vertex 48 30 -81
      vertex 48 33.4118 -83.4064
      vertex 48 31.4182 -83.4064
    endloop
  endfacet
  facet normal -1 0 0
    outer loop
      vertex 48 30 -81
      vertex 48 31.4182 -83.4064
      vertex 48 31.1433 -83.4132
    endloop
  endfacet
  facet normal -1 0 0
    outer loop
      vertex 48 30 -81
      vertex 48 31.1433 -83.4132
      vertex 48 30.8902 -83.4337
    endloop
  endfacet
  facet normal -1 0 0
    outer loop
      vertex 48 30 -81
      vertex 48 30.8902 -83.4337
      vertex 48 30.6589 -83.468
    endloop
  endfacet
  facet normal -1 0 0
    outer loop
      vertex 48 30 -81
      vertex 48 30.6589 -83.468
      vertex 48 30.4494 -83.5159
    endloop
  endfacet
  facet normal -1 0 0
    outer loop
      vertex 48 30 -81
      vertex 48 30.4494 -83.5159
      vertex 48 30.2617 -83.5776
    endloop
  endfacet
  facet normal -1 0 0
    outer loop
      vertex 48 30 -81
      vertex 48 30.2617 -83.5776
      vertex 48 30.0958 -83.6529
    endloop
  endfacet
  facet normal -1 0 0
    outer loop
      vertex 48 36 -81
      vertex 48 30 -81
      vertex 48 36 -46.5
    endloop
  endfacet
  facet normal -1 0 0
    outer loop
      vertex 48 30 -46.5
      vertex 48 36 -46.5
      vertex 48 30 -81
    endloop
  endfacet
  facet normal -1 0 0
    outer loop
      vertex 48 16 -36.5
      vertex 48 36 -46.5
      vertex 48 30 -46.5
    endloop
  endfacet
  facet normal -1 0 0
    outer loop
      vertex 48 16 -36.5
      vertex 48 30 -46.5
      vertex 48 26 -46.5
    endloop
  endfacet
  facet normal -1 0 0
    outer loop
      vertex 48 46 -46.5
      vertex 48 16 -36.5
      vertex 48 74 -36.5
    endloop
  endfacet
  facet normal -1 0 0
    outer loop
      vertex 48 16 -36.5
      vertex 48 26 -46.5
      vertex 48 16 -91
    endloop
  endfacet
  facet normal -1 0 0
    outer loop
      vertex 48 45.3056 -85.9425
      vertex 48 47.8181 -85.9425
      vertex 48 47.8114 -86.1628
    endloop
  endfacet
  facet normal -1 0 0
    outer loop
      vertex 48 45.3124 -86.1628
      vertex 48 47.8114 -86.1628
      vertex 48 47.7912 -86.3687
    endloop
  endfacet
  facet normal -1 0 0
    outer loop
      vertex 48 47.8181 -85.9425
      vertex 48 45.3056 -85.9425
      vertex 48 47.8114 -85.7212
    endloop
  endfacet
  facet normal -1 0 0
    outer loop
      vertex 48 45.3325 -86.3687
      vertex 48 47.7912 -86.3687
      vertex 48 47.7577 -86.56
    endloop
  endfacet
  facet normal -1 0 -0
    outer loop
      vertex 48 45.3124 -85.7212
      vertex 48 47.8114 -85.7212
      vertex 48 45.3056 -85.9425
    endloop
  endfacet
  facet normal -1 0 0
    outer loop
      vertex 48 45.3661 -86.56
      vertex 48 47.7577 -86.56
      vertex 48 47.7107 -86.7368
    endloop
  endfacet
  facet normal -1 0 0
    outer loop
      vertex 48 47.8114 -85.7212
      vertex 48 45.3124 -85.7212
      vertex 48 47.7912 -85.5146
    endloop
  endfacet
  facet normal -1 0 0
    outer loop
      vertex 48 45.413 -86.7368
      vertex 48 47.7107 -86.7368
      vertex 48 47.6503 -86.899
    endloop
  endfacet
  facet normal -1 0 -0
    outer loop
      vertex 48 45.3325 -85.5146
      vertex 48 47.7912 -85.5146
      vertex 48 45.3124 -85.7212
    endloop
  endfacet
  facet normal -1 0 0
    outer loop
      vertex 48 45.4734 -86.899
      vertex 48 47.6503 -86.899
      vertex 48 47.5765 -87.0468
    endloop
  endfacet
  facet normal -1 0 0
    outer loop
      vertex 48 47.7912 -85.5146
      vertex 48 45.3325 -85.5146
      vertex 48 47.7577 -85.3226
    endloop
  endfacet
  facet normal -1 0 0
    outer loop
      vertex 48 46.7286 -87.6117
      vertex 48 47.5765 -87.0468
      vertex 48 47.4892 -87.18
    endloop
  endfacet
  facet normal -1 0 -0
    outer loop
      vertex 48 45.3661 -85.3226
      vertex 48 47.7577 -85.3226
      vertex 48 45.3325 -85.5146
    endloop
  endfacet
  facet normal -1 0 0
    outer loop
      vertex 48 46.7286 -87.6117
      vertex 48 47.4892 -87.18
      vertex 48 47.3898 -87.2969
    endloop
  endfacet
  facet normal -1 0 0
    outer loop
      vertex 48 47.7577 -85.3226
      vertex 48 45.3661 -85.3226
      vertex 48 47.7107 -85.1454
    endloop
  endfacet
  facet normal -1 0 0
    outer loop
      vertex 48 46.8827 -87.5848
      vertex 48 47.3898 -87.2969
      vertex 48 47.2794 -87.3959
    endloop
  endfacet
  facet normal -1 0 -0
    outer loop
      vertex 48 45.413 -85.1454
      vertex 48 47.7107 -85.1454
      vertex 48 45.3661 -85.3226
    endloop
  endfacet
  facet normal -1 0 0
    outer loop
      vertex 48 46.8827 -87.5848
      vertex 48 47.2794 -87.3959
      vertex 48 47.1581 -87.4768
    endloop
  endfacet
  facet normal -1 0 0
    outer loop
      vertex 48 47.7107 -85.1454
      vertex 48 45.413 -85.1454
      vertex 48 47.6503 -84.9828
    endloop
  endfacet
  facet normal -1 0 0
    outer loop
      vertex 48 46.8827 -87.5848
      vertex 48 47.1581 -87.4768
      vertex 48 47.0258 -87.5398
    endloop
  endfacet
  facet normal -1 0 -0
    outer loop
      vertex 48 45.4734 -84.9828
      vertex 48 47.6503 -84.9828
      vertex 48 45.413 -85.1454
    endloop
  endfacet
  facet normal -1 0 0
    outer loop
      vertex 48 47.3898 -87.2969
      vertex 48 46.8827 -87.5848
      vertex 48 46.7286 -87.6117
    endloop
  endfacet
  facet normal -1 0 0
    outer loop
      vertex 48 47.6503 -84.9828
      vertex 48 45.4734 -84.9828
      vertex 48 47.5765 -84.8348
    endloop
  endfacet
  facet normal -1 0 0
    outer loop
      vertex 48 47.5765 -87.0468
      vertex 48 46.7286 -87.6117
      vertex 48 46.5636 -87.6207
    endloop
  endfacet
  facet normal -1 0 -0
    outer loop
      vertex 48 46.5636 -84.2608
      vertex 48 47.5765 -84.8348
      vertex 48 45.4734 -84.9828
    endloop
  endfacet
  facet normal -1 -0 0
    outer loop
      vertex 48 47.5765 -87.0468
      vertex 48 46.5636 -87.6207
      vertex 48 45.4734 -86.899
    endloop
  endfacet
  facet normal -1 -0 -0
    outer loop
      vertex 48 46.7286 -84.2698
      vertex 48 47.5765 -84.8348
      vertex 48 46.5636 -84.2608
    endloop
  endfacet
  facet normal -1 0 0
    outer loop
      vertex 48 45.4734 -86.899
      vertex 48 46.5636 -87.6207
      vertex 48 46.3976 -87.6117
    endloop
  endfacet
  facet normal -1 0 0
    outer loop
      vertex 48 47.4892 -84.7016
      vertex 48 46.7286 -84.2698
      vertex 48 47.3898 -84.5846
    endloop
  endfacet
  facet normal -1 0 0
    outer loop
      vertex 48 45.6346 -87.18
      vertex 48 46.3976 -87.6117
      vertex 48 46.2428 -87.5848
    endloop
  endfacet
  facet normal -1 0 0
    outer loop
      vertex 48 47.3898 -84.5846
      vertex 48 46.8827 -84.2967
      vertex 48 47.2794 -84.4857
    endloop
  endfacet
  facet normal -1 0 0
    outer loop
      vertex 48 45.6346 -87.18
      vertex 48 46.2428 -87.5848
      vertex 48 46.099 -87.5398
    endloop
  endfacet
  facet normal -1 0 0
    outer loop
      vertex 48 47.1581 -84.4047
      vertex 48 46.8827 -84.2967
      vertex 48 47.0258 -84.3417
    endloop
  endfacet
  facet normal -1 0 0
    outer loop
      vertex 48 45.6346 -87.18
      vertex 48 46.099 -87.5398
      vertex 48 45.9663 -87.4768
    endloop
  endfacet
  facet normal -1 0 0
    outer loop
      vertex 48 47.2794 -84.4857
      vertex 48 46.8827 -84.2967
      vertex 48 47.1581 -84.4047
    endloop
  endfacet
  facet normal -1 0 0
    outer loop
      vertex 48 45.6346 -87.18
      vertex 48 45.9663 -87.4768
      vertex 48 45.8446 -87.3959
    endloop
  endfacet
  facet normal -1 -0 -0
    outer loop
      vertex 48 46.8827 -84.2967
      vertex 48 47.3898 -84.5846
      vertex 48 46.7286 -84.2698
    endloop
  endfacet
  facet normal -1 0 0
    outer loop
      vertex 48 45.6346 -87.18
      vertex 48 45.8446 -87.3959
      vertex 48 45.7341 -87.2969
    endloop
  endfacet
  facet normal -1 0 0
    outer loop
      vertex 48 47.5765 -84.8348
      vertex 48 46.7286 -84.2698
      vertex 48 47.4892 -84.7016
    endloop
  endfacet
  facet normal -1 0 0
    outer loop
      vertex 48 46.3976 -87.6117
      vertex 48 45.6346 -87.18
      vertex 48 45.5473 -87.0468
    endloop
  endfacet
  facet normal -1 0 0
    outer loop
      vertex 48 46.5636 -84.2608
      vertex 48 45.4734 -84.9828
      vertex 48 46.3976 -84.2698
    endloop
  endfacet
  facet normal -1 0 0
    outer loop
      vertex 48 46.3976 -87.6117
      vertex 48 45.5473 -87.0468
      vertex 48 45.4734 -86.899
    endloop
  endfacet
  facet normal -1 0 -0
    outer loop
      vertex 48 45.5473 -84.8348
      vertex 48 46.3976 -84.2698
      vertex 48 45.4734 -84.9828
    endloop
  endfacet
  facet normal -1 0 0
    outer loop
      vertex 48 47.6503 -86.899
      vertex 48 45.4734 -86.899
      vertex 48 45.413 -86.7368
    endloop
  endfacet
  facet normal -1 0 -0
    outer loop
      vertex 48 45.6346 -84.7016
      vertex 48 46.3976 -84.2698
      vertex 48 45.5473 -84.8348
    endloop
  endfacet
  facet normal -1 0 0
    outer loop
      vertex 48 47.7107 -86.7368
      vertex 48 45.413 -86.7368
      vertex 48 45.3661 -86.56
    endloop
  endfacet
  facet normal -1 0 0
    outer loop
      vertex 48 47.8114 -86.1628
      vertex 48 45.3124 -86.1628
      vertex 48 45.3056 -85.9425
    endloop
  endfacet
  facet normal -1 0 0
    outer loop
      vertex 48 47.7577 -86.56
      vertex 48 45.3661 -86.56
      vertex 48 45.3325 -86.3687
    endloop
  endfacet
  facet normal -1 0 0
    outer loop
      vertex 48 46.3976 -84.2698
      vertex 48 45.6346 -84.7016
      vertex 48 46.2428 -84.2967
    endloop
  endfacet
  facet normal -1 0 0
    outer loop
      vertex 48 47.7912 -86.3687
      vertex 48 45.3325 -86.3687
      vertex 48 45.3124 -86.1628
    endloop
  endfacet
  facet normal -1 0 0
    outer loop
      vertex 48 46.2428 -84.2967
      vertex 48 45.6346 -84.7016
      vertex 48 46.099 -84.3417
    endloop
  endfacet
  facet normal -1 0 0
    outer loop
      vertex 48 45.9663 -84.4047
      vertex 48 45.6346 -84.7016
      vertex 48 45.8446 -84.4857
    endloop
  endfacet
  facet normal -1 0 0
    outer loop
      vertex 48 45.8446 -84.4857
      vertex 48 45.6346 -84.7016
      vertex 48 45.7341 -84.5846
    endloop
  endfacet
  facet normal -1 0 0
    outer loop
      vertex 48 46.099 -84.3417
      vertex 48 45.6346 -84.7016
      vertex 48 45.9663 -84.4047
    endloop
  endfacet
  facet normal -1 0 0
    outer loop
      vertex 48 31.5572 -85.6496
      vertex 48 32.1064 -84.3536
      vertex 48 32.1064 -85.6496
    endloop
  endfacet
  facet normal -1 0 0
    outer loop
      vertex 48 31.5572 -85.6496
      vertex 48 31.5572 -84.3536
      vertex 48 32.1064 -84.3536
    endloop
  endfacet
  facet normal -1 0 0
    outer loop
      vertex 48 31.4447 -85.6465
      vertex 48 31.5572 -84.3536
      vertex 48 31.5572 -85.6496
    endloop
  endfacet
  facet normal -1 0 0
    outer loop
      vertex 48 31.4447 -85.6465
      vertex 48 31.4447 -84.3566
      vertex 48 31.5572 -84.3536
    endloop
  endfacet
  facet normal -1 0 0
    outer loop
      vertex 48 31.3417 -85.6371
      vertex 48 31.4447 -84.3566
      vertex 48 31.4447 -85.6465
    endloop
  endfacet
  facet normal -1 0 0
    outer loop
      vertex 48 31.3417 -85.6371
      vertex 48 31.3417 -84.3657
      vertex 48 31.4447 -84.3566
    endloop
  endfacet
  facet normal -1 0 0
    outer loop
      vertex 48 30.7945 -85.092
      vertex 48 31.3417 -85.6371
      vertex 48 31.2482 -85.6216
    endloop
  endfacet
  facet normal -1 0 0
    outer loop
      vertex 48 31.3417 -85.6371
      vertex 48 30.7909 -84.9965
      vertex 48 31.3417 -84.3657
    endloop
  endfacet
  facet normal -1 0 0
    outer loop
      vertex 48 30.8054 -85.1796
      vertex 48 31.2482 -85.6216
      vertex 48 31.1641 -85.5998
    endloop
  endfacet
  facet normal -1 0 -0
    outer loop
      vertex 48 30.7945 -84.9019
      vertex 48 31.3417 -84.3657
      vertex 48 30.7909 -84.9965
    endloop
  endfacet
  facet normal -1 0 0
    outer loop
      vertex 48 30.8236 -85.2592
      vertex 48 31.1641 -85.5998
      vertex 48 31.0896 -85.5719
    endloop
  endfacet
  facet normal -1 0 0
    outer loop
      vertex 48 31.3417 -84.3657
      vertex 48 30.7945 -84.9019
      vertex 48 31.2482 -84.3809
    endloop
  endfacet
  facet normal -1 0 0
    outer loop
      vertex 48 30.849 -85.3307
      vertex 48 31.0896 -85.5719
      vertex 48 31.0245 -85.5377
    endloop
  endfacet
  facet normal -1 0 -0
    outer loop
      vertex 48 30.8054 -84.8153
      vertex 48 31.2482 -84.3809
      vertex 48 30.7945 -84.9019
    endloop
  endfacet
  facet normal -1 0 0
    outer loop
      vertex 48 30.849 -85.3307
      vertex 48 31.0245 -85.5377
      vertex 48 30.9689 -85.4973
    endloop
  endfacet
  facet normal -1 0 0
    outer loop
      vertex 48 31.2482 -84.3809
      vertex 48 30.8054 -84.8153
      vertex 48 31.1641 -84.4022
    endloop
  endfacet
  facet normal -1 0 0
    outer loop
      vertex 48 30.849 -85.3307
      vertex 48 30.9689 -85.4973
      vertex 48 30.9217 -85.4498
    endloop
  endfacet
  facet normal -1 0 -0
    outer loop
      vertex 48 30.8236 -84.7367
      vertex 48 31.1641 -84.4022
      vertex 48 30.8054 -84.8153
    endloop
  endfacet
  facet normal -1 0 0
    outer loop
      vertex 48 30.849 -85.3307
      vertex 48 30.9217 -85.4498
      vertex 48 30.8817 -85.3943
    endloop
  endfacet
  facet normal -1 0 0
    outer loop
      vertex 48 31.1641 -84.4022
      vertex 48 30.8236 -84.7367
      vertex 48 31.0896 -84.4295
    endloop
  endfacet
  facet normal -1 0 0
    outer loop
      vertex 48 31.0896 -85.5719
      vertex 48 30.849 -85.3307
      vertex 48 30.8236 -85.2592
    endloop
  endfacet
  facet normal -1 0 -0
    outer loop
      vertex 48 30.849 -84.6661
      vertex 48 31.0896 -84.4295
      vertex 48 30.8236 -84.7367
    endloop
  endfacet
  facet normal -1 0 0
    outer loop
      vertex 48 31.1641 -85.5998
      vertex 48 30.8236 -85.2592
      vertex 48 30.8054 -85.1796
    endloop
  endfacet
  facet normal -1 0 0
    outer loop
      vertex 48 31.3417 -85.6371
      vertex 48 30.7945 -85.092
      vertex 48 30.7909 -84.9965
    endloop
  endfacet
  facet normal -1 0 0
    outer loop
      vertex 48 31.2482 -85.6216
      vertex 48 30.8054 -85.1796
      vertex 48 30.7945 -85.092
    endloop
  endfacet
  facet normal -1 0 0
    outer loop
      vertex 48 31.0896 -84.4295
      vertex 48 30.849 -84.6661
      vertex 48 31.0245 -84.463
    endloop
  endfacet
  facet normal -1 0 0
    outer loop
      vertex 48 31.0245 -84.463
      vertex 48 30.849 -84.6661
      vertex 48 30.9689 -84.5025
    endloop
  endfacet
  facet normal -1 0 0
    outer loop
      vertex 48 30.9217 -84.549
      vertex 48 30.849 -84.6661
      vertex 48 30.8817 -84.6036
    endloop
  endfacet
  facet normal -1 0 0
    outer loop
      vertex 48 30.9689 -84.5025
      vertex 48 30.849 -84.6661
      vertex 48 30.9217 -84.549
    endloop
  endfacet
  facet normal 0 0 -1
    outer loop
      vertex 48 16 -36.5
      vertex 42.3 25.7 -36.5
      vertex 48 74 -36.5
    endloop
  endfacet
  facet normal 0 0 -1
    outer loop
      vertex -3 16 -36.5
      vertex 42.3 25.7 -36.5
      vertex 48 16 -36.5
    endloop
  endfacet
  facet normal -0 0 -1
    outer loop
      vertex 42.3 25.7 -36.5
      vertex -3 16 -36.5
      vertex -3 25.7 -36.5
    endloop
  endfacet
  facet normal 0 0 -1
    outer loop
      vertex 42.3 64.3 -36.5
      vertex 48 74 -36.5
      vertex 42.3 25.7 -36.5
    endloop
  endfacet
  facet normal 0 0 -1
    outer loop
      vertex -3 74 -36.5
      vertex 42.3 64.3 -36.5
      vertex -3 64.3 -36.5
    endloop
  endfacet
  facet normal 0 0 -1
    outer loop
      vertex 42.3 64.3 -36.5
      vertex -3 74 -36.5
      vertex 48 74 -36.5
    endloop
  endfacet
  facet normal -0 0 1
    outer loop
      vertex -3 74 -91
      vertex 48 16 -91
      vertex 48 74 -91
    endloop
  endfacet
  facet normal 0 0 1
    outer loop
      vertex 48 16 -91
      vertex -3 74 -91
      vertex -3 16 -91
    endloop
  endfacet
  facet normal 0 -1 0
    outer loop
      vertex -3 74 -91
      vertex 48 74 -36.5
      vertex -3 74 -36.5
    endloop
  endfacet
  facet normal 0 -1 -0
    outer loop
      vertex 48 74 -36.5
      vertex -3 74 -91
      vertex 48 74 -91
    endloop
  endfacet
  facet normal 0 1 -0
    outer loop
      vertex 48 16 -91
      vertex -3 16 -36.5
      vertex 48 16 -36.5
    endloop
  endfacet
  facet normal 0 1 0
    outer loop
      vertex -3 16 -36.5
      vertex 48 16 -91
      vertex -3 16 -91
    endloop
  endfacet
  facet normal -1 0 0
    outer loop
      vertex 42.3 25.7 -36.5
      vertex 42.3 64.3 -7
      vertex 42.3 64.3 -36.5
    endloop
  endfacet
  facet normal -1 -0 0
    outer loop
      vertex 42.3 64.3 -7
      vertex 42.3 25.7 -36.5
      vertex 42.3 25.7 -7
    endloop
  endfacet
  facet normal 0 -1 0
    outer loop
      vertex -3 64.3 -34.1
      vertex -3 64.3 -36.5
      vertex 1.3 64.3 -34.1
    endloop
  endfacet
  facet normal 0 -1 0
    outer loop
      vertex 1.3 64.3 -34.1
      vertex 42.3 64.3 -7
      vertex 1.3 64.3 -7
    endloop
  endfacet
  facet normal 0 -1 0
    outer loop
      vertex 1.3 64.3 -34.1
      vertex 42.3 64.3 -36.5
      vertex 42.3 64.3 -7
    endloop
  endfacet
  facet normal 0 -1 0
    outer loop
      vertex 42.3 64.3 -36.5
      vertex 1.3 64.3 -34.1
      vertex -3 64.3 -36.5
    endloop
  endfacet
  facet normal 0 1 0
    outer loop
      vertex 42.3 25.7 -7
      vertex 1.3 25.7 -34.1
      vertex 1.3 25.7 -7
    endloop
  endfacet
  facet normal 0 1 -0
    outer loop
      vertex 42.3 25.7 -36.5
      vertex 1.3 25.7 -34.1
      vertex 42.3 25.7 -7
    endloop
  endfacet
  facet normal 0 1 0
    outer loop
      vertex -3 25.7 -36.5
      vertex 1.3 25.7 -34.1
      vertex 42.3 25.7 -36.5
    endloop
  endfacet
  facet normal 0 1 0
    outer loop
      vertex 1.3 25.7 -34.1
      vertex -3 25.7 -36.5
      vertex -3 25.7 -34.1
    endloop
  endfacet
  facet normal -1 0 0
    outer loop
      vertex 48.6 52.7951 -85.9425
      vertex 48.6 54.1445 -85.9425
      vertex 48.6 54.1295 -86.2782
    endloop
  endfacet
  facet normal -1 0 0
    outer loop
      vertex 48.6 52.7869 -86.1594
      vertex 48.6 54.1295 -86.2782
      vertex 48.6 54.0842 -86.5933
    endloop
  endfacet
  facet normal -1 0 0
    outer loop
      vertex 48.6 54.1445 -85.9425
      vertex 48.6 52.7951 -85.9425
      vertex 48.6 54.1295 -85.6058
    endloop
  endfacet
  facet normal -1 0 0
    outer loop
      vertex 48.6 52.7624 -86.3626
      vertex 48.6 54.0842 -86.5933
      vertex 48.6 54.0088 -86.8879
    endloop
  endfacet
  facet normal -1 0 0
    outer loop
      vertex 48.6 52.7869 -85.7246
      vertex 48.6 54.1295 -85.6058
      vertex 48.6 52.7951 -85.9425
    endloop
  endfacet
  facet normal -1 0 0
    outer loop
      vertex 48.6 52.7216 -86.5521
      vertex 48.6 54.0088 -86.8879
      vertex 48.6 53.9032 -87.162
    endloop
  endfacet
  facet normal -1 -0 0
    outer loop
      vertex 48.6 54.1295 -85.6058
      vertex 48.6 52.7869 -85.7246
      vertex 48.6 54.0842 -85.2899
    endloop
  endfacet
  facet normal -1 0 0
    outer loop
      vertex 48.6 52.6645 -86.7279
      vertex 48.6 53.9032 -87.162
      vertex 48.6 53.7674 -87.4154
    endloop
  endfacet
  facet normal -1 0 0
    outer loop
      vertex 48.6 52.7624 -85.5206
      vertex 48.6 54.0842 -85.2899
      vertex 48.6 52.7869 -85.7246
    endloop
  endfacet
  facet normal -1 0 0
    outer loop
      vertex 48.6 52.591 -86.89
      vertex 48.6 53.7674 -87.4154
      vertex 48.6 53.6015 -87.6483
    endloop
  endfacet
  facet normal -1 -0 0
    outer loop
      vertex 48.6 54.0842 -85.2899
      vertex 48.6 52.7624 -85.5206
      vertex 48.6 54.0088 -84.9947
    endloop
  endfacet
  facet normal -1 0 0
    outer loop
      vertex 48.6 52.5011 -87.0385
      vertex 48.6 53.6015 -87.6483
      vertex 48.6 53.4054 -87.8607
    endloop
  endfacet
  facet normal -1 0 0
    outer loop
      vertex 48.6 52.7216 -85.3305
      vertex 48.6 54.0088 -84.9947
      vertex 48.6 52.7624 -85.5206
    endloop
  endfacet
  facet normal -1 0 0
    outer loop
      vertex 48.6 52.395 -87.1732
      vertex 48.6 53.4054 -87.8607
      vertex 48.6 53.1835 -88.0483
    endloop
  endfacet
  facet normal -1 -0 0
    outer loop
      vertex 48.6 54.0088 -84.9947
      vertex 48.6 52.7216 -85.3305
      vertex 48.6 53.9032 -84.7202
    endloop
  endfacet
  facet normal -1 0 0
    outer loop
      vertex 48.6 52.395 -87.1732
      vertex 48.6 53.1835 -88.0483
      vertex 48.6 52.9401 -88.2071
    endloop
  endfacet
  facet normal -1 0 0
    outer loop
      vertex 48.6 54.1295 -86.2782
      vertex 48.6 52.7869 -86.1594
      vertex 48.6 52.7951 -85.9425
    endloop
  endfacet
  facet normal -1 -0 0
    outer loop
      vertex 48.6 53.9032 -84.7202
      vertex 48.6 52.6645 -85.1542
      vertex 48.6 53.7674 -84.4664
    endloop
  endfacet
  facet normal -1 0 0
    outer loop
      vertex 48.6 52.6645 -85.1542
      vertex 48.6 53.9032 -84.7202
      vertex 48.6 52.7216 -85.3305
    endloop
  endfacet
  facet normal -1 0 0
    outer loop
      vertex 48.6 54.0842 -86.5933
      vertex 48.6 52.7624 -86.3626
      vertex 48.6 52.7869 -86.1594
    endloop
  endfacet
  facet normal -1 0 0
    outer loop
      vertex 48.6 54.0088 -86.8879
      vertex 48.6 52.7216 -86.5521
      vertex 48.6 52.7624 -86.3626
    endloop
  endfacet
  facet normal -1 0 0
    outer loop
      vertex 48.6 52.2746 -87.2919
      vertex 48.6 52.9401 -88.2071
      vertex 48.6 52.6753 -88.337
    endloop
  endfacet
  facet normal -1 0 0
    outer loop
      vertex 48.6 53.9032 -87.162
      vertex 48.6 52.6645 -86.7279
      vertex 48.6 52.7216 -86.5521
    endloop
  endfacet
  facet normal -1 0 0
    outer loop
      vertex 48.6 53.7674 -87.4154
      vertex 48.6 52.591 -86.89
      vertex 48.6 52.6645 -86.7279
    endloop
  endfacet
  facet normal -1 0 0
    outer loop
      vertex 48.6 53.6015 -87.6483
      vertex 48.6 52.5011 -87.0385
      vertex 48.6 52.591 -86.89
    endloop
  endfacet
  facet normal -1 0 0
    outer loop
      vertex 48.6 53.4054 -87.8607
      vertex 48.6 52.395 -87.1732
      vertex 48.6 52.5011 -87.0385
    endloop
  endfacet
  facet normal -1 0 0
    outer loop
      vertex 48.6 52.142 -87.3924
      vertex 48.6 52.6753 -88.337
      vertex 48.6 52.3891 -88.438
    endloop
  endfacet
  facet normal -1 0 0
    outer loop
      vertex 48.6 52.9401 -88.2071
      vertex 48.6 52.2746 -87.2919
      vertex 48.6 52.395 -87.1732
    endloop
  endfacet
  facet normal -1 0 0
    outer loop
      vertex 48.6 52.6753 -88.337
      vertex 48.6 52.142 -87.3924
      vertex 48.6 52.2746 -87.2919
    endloop
  endfacet
  facet normal -1 0 0
    outer loop
      vertex 48.6 51.9973 -87.4746
      vertex 48.6 52.3891 -88.438
      vertex 48.6 52.0813 -88.5102
    endloop
  endfacet
  facet normal -1 0 0
    outer loop
      vertex 48.6 52.3891 -88.438
      vertex 48.6 51.9973 -87.4746
      vertex 48.6 52.142 -87.3924
    endloop
  endfacet
  facet normal -1 0 0
    outer loop
      vertex 48.6 52.0813 -88.5102
      vertex 48.6 51.8403 -87.5385
      vertex 48.6 51.9973 -87.4746
    endloop
  endfacet
  facet normal -1 0 0
    outer loop
      vertex 48.6 51.6712 -87.5842
      vertex 48.6 52.0813 -88.5102
      vertex 48.6 51.7522 -88.5535
    endloop
  endfacet
  facet normal -1 0 0
    outer loop
      vertex 48.6 52.0813 -88.5102
      vertex 48.6 51.6712 -87.5842
      vertex 48.6 51.8403 -87.5385
    endloop
  endfacet
  facet normal -1 0 0
    outer loop
      vertex 48.6 51.7522 -88.5535
      vertex 48.6 51.4899 -87.6116
      vertex 48.6 51.6712 -87.5842
    endloop
  endfacet
  facet normal -1 0 0
    outer loop
      vertex 48.6 51.4016 -88.5679
      vertex 48.6 51.4899 -87.6116
      vertex 48.6 51.7522 -88.5535
    endloop
  endfacet
  facet normal -1 0 0
    outer loop
      vertex 48.6 51.4016 -88.5679
      vertex 48.6 51.2964 -87.6207
      vertex 48.6 51.4899 -87.6116
    endloop
  endfacet
  facet normal -1 0 0
    outer loop
      vertex 48.6 51.2811 -88.566
      vertex 48.6 51.2964 -87.6207
      vertex 48.6 51.4016 -88.5679
    endloop
  endfacet
  facet normal -1 0 0
    outer loop
      vertex 48.6 51.1621 -88.5602
      vertex 48.6 51.2964 -87.6207
      vertex 48.6 51.2811 -88.566
    endloop
  endfacet
  facet normal -1 -0 0
    outer loop
      vertex 48.6 51.2964 -87.6207
      vertex 48.6 51.1621 -88.5602
      vertex 48.6 51.1858 -87.6184
    endloop
  endfacet
  facet normal -1 0 0
    outer loop
      vertex 48.6 51.0445 -88.5505
      vertex 48.6 51.1858 -87.6184
      vertex 48.6 51.1621 -88.5602
    endloop
  endfacet
  facet normal -1 -0 0
    outer loop
      vertex 48.6 51.1858 -87.6184
      vertex 48.6 51.0445 -88.5505
      vertex 48.6 51.0767 -87.6114
    endloop
  endfacet
  facet normal -1 0 0
    outer loop
      vertex 48.6 50.9282 -88.5369
      vertex 48.6 51.0767 -87.6114
      vertex 48.6 51.0445 -88.5505
    endloop
  endfacet
  facet normal -1 -0 0
    outer loop
      vertex 48.6 51.0767 -87.6114
      vertex 48.6 50.9282 -88.5369
      vertex 48.6 50.9691 -87.5996
    endloop
  endfacet
  facet normal -1 0 0
    outer loop
      vertex 48.6 50.8134 -88.5195
      vertex 48.6 50.9691 -87.5996
      vertex 48.6 50.9282 -88.5369
    endloop
  endfacet
  facet normal -1 -0 0
    outer loop
      vertex 48.6 50.9691 -87.5996
      vertex 48.6 50.8134 -88.5195
      vertex 48.6 50.863 -87.5832
    endloop
  endfacet
  facet normal -1 0 0
    outer loop
      vertex 48.6 50.6999 -88.4981
      vertex 48.6 50.863 -87.5832
      vertex 48.6 50.8134 -88.5195
    endloop
  endfacet
  facet normal -1 0 0
    outer loop
      vertex 48.6 50.5878 -88.4729
      vertex 48.6 50.863 -87.5832
      vertex 48.6 50.6999 -88.4981
    endloop
  endfacet
  facet normal -1 -0 0
    outer loop
      vertex 48.6 50.863 -87.5832
      vertex 48.6 50.5878 -88.4729
      vertex 48.6 50.7584 -87.5621
    endloop
  endfacet
  facet normal -1 0 0
    outer loop
      vertex 48.6 50.477 -88.4439
      vertex 48.6 50.7584 -87.5621
      vertex 48.6 50.5878 -88.4729
    endloop
  endfacet
  facet normal -1 -0 0
    outer loop
      vertex 48.6 50.7584 -87.5621
      vertex 48.6 50.477 -88.4439
      vertex 48.6 50.6554 -87.5363
    endloop
  endfacet
  facet normal -1 0 0
    outer loop
      vertex 48.6 50.3675 -88.4111
      vertex 48.6 50.6554 -87.5363
      vertex 48.6 50.477 -88.4439
    endloop
  endfacet
  facet normal -1 -0 0
    outer loop
      vertex 48.6 50.6554 -87.5363
      vertex 48.6 50.3675 -88.4111
      vertex 48.6 50.5539 -87.5058
    endloop
  endfacet
  facet normal -1 0 0
    outer loop
      vertex 48.6 50.2592 -88.3746
      vertex 48.6 50.5539 -87.5058
      vertex 48.6 50.3675 -88.4111
    endloop
  endfacet
  facet normal -1 0 0
    outer loop
      vertex 48.6 50.1521 -88.3343
      vertex 48.6 50.5539 -87.5058
      vertex 48.6 50.2592 -88.3746
    endloop
  endfacet
  facet normal -1 -0 0
    outer loop
      vertex 48.6 50.5539 -87.5058
      vertex 48.6 50.1521 -88.3343
      vertex 48.6 50.4529 -87.4702
    endloop
  endfacet
  facet normal -1 0 0
    outer loop
      vertex 48.6 50.0463 -88.2903
      vertex 48.6 50.4529 -87.4702
      vertex 48.6 50.1521 -88.3343
    endloop
  endfacet
  facet normal -1 -0 0
    outer loop
      vertex 48.6 50.4529 -87.4702
      vertex 48.6 50.0463 -88.2903
      vertex 48.6 50.3515 -87.4293
    endloop
  endfacet
  facet normal -1 0 0
    outer loop
      vertex 48.6 49.9418 -88.2426
      vertex 48.6 50.3515 -87.4293
      vertex 48.6 50.0463 -88.2903
    endloop
  endfacet
  facet normal -1 -0 0
    outer loop
      vertex 48.6 50.3515 -87.4293
      vertex 48.6 49.9418 -88.2426
      vertex 48.6 50.2498 -87.383
    endloop
  endfacet
  facet normal -1 0 0
    outer loop
      vertex 48.6 49.8385 -88.1911
      vertex 48.6 50.2498 -87.383
      vertex 48.6 49.9418 -88.2426
    endloop
  endfacet
  facet normal -1 -0 0
    outer loop
      vertex 48.6 50.2498 -87.383
      vertex 48.6 49.8385 -88.1911
      vertex 48.6 50.1476 -87.3313
    endloop
  endfacet
  facet normal -1 -0 0
    outer loop
      vertex 48.6 50.1476 -87.3313
      vertex 48.6 49.8385 -88.1911
      vertex 48.6 50.0449 -87.2742
    endloop
  endfacet
  facet normal -1 -0 0
    outer loop
      vertex 48.6 50.0449 -87.2742
      vertex 48.6 49.8385 -88.1911
      vertex 48.6 49.9419 -87.2118
    endloop
  endfacet
  facet normal -1 -0 0
    outer loop
      vertex 48.6 49.9419 -87.2118
      vertex 48.6 49.8385 -88.1911
      vertex 48.6 49.8385 -87.1439
    endloop
  endfacet
  facet normal -1 0 0
    outer loop
      vertex 48.6 52.591 -84.9917
      vertex 48.6 53.7674 -84.4664
      vertex 48.6 52.6645 -85.1542
    endloop
  endfacet
  facet normal -1 -0 0
    outer loop
      vertex 48.6 53.7674 -84.4664
      vertex 48.6 52.591 -84.9917
      vertex 48.6 53.6015 -84.2332
    endloop
  endfacet
  facet normal -1 0 0
    outer loop
      vertex 48.6 52.5011 -84.8431
      vertex 48.6 53.6015 -84.2332
      vertex 48.6 52.591 -84.9917
    endloop
  endfacet
  facet normal -1 -0 0
    outer loop
      vertex 48.6 53.6015 -84.2332
      vertex 48.6 52.5011 -84.8431
      vertex 48.6 53.4054 -84.0208
    endloop
  endfacet
  facet normal -1 0 0
    outer loop
      vertex 48.6 52.395 -84.7083
      vertex 48.6 53.4054 -84.0208
      vertex 48.6 52.5011 -84.8431
    endloop
  endfacet
  facet normal -1 -0 0
    outer loop
      vertex 48.6 53.4054 -84.0208
      vertex 48.6 52.395 -84.7083
      vertex 48.6 53.1835 -83.8332
    endloop
  endfacet
  facet normal -1 -0 0
    outer loop
      vertex 48.6 53.1835 -83.8332
      vertex 48.6 52.395 -84.7083
      vertex 48.6 52.9401 -83.6744
    endloop
  endfacet
  facet normal -1 0 0
    outer loop
      vertex 48.6 52.2746 -84.5896
      vertex 48.6 52.9401 -83.6744
      vertex 48.6 52.395 -84.7083
    endloop
  endfacet
  facet normal -1 -0 0
    outer loop
      vertex 48.6 52.9401 -83.6744
      vertex 48.6 52.2746 -84.5896
      vertex 48.6 52.6753 -83.5445
    endloop
  endfacet
  facet normal -1 0 0
    outer loop
      vertex 48.6 52.142 -84.4891
      vertex 48.6 52.6753 -83.5445
      vertex 48.6 52.2746 -84.5896
    endloop
  endfacet
  facet normal -1 -0 0
    outer loop
      vertex 48.6 52.6753 -83.5445
      vertex 48.6 52.142 -84.4891
      vertex 48.6 52.3891 -83.4435
    endloop
  endfacet
  facet normal -1 0 0
    outer loop
      vertex 48.6 51.9973 -84.4069
      vertex 48.6 52.3891 -83.4435
      vertex 48.6 52.142 -84.4891
    endloop
  endfacet
  facet normal -1 -0 0
    outer loop
      vertex 48.6 52.3891 -83.4435
      vertex 48.6 51.9973 -84.4069
      vertex 48.6 52.0813 -83.3713
    endloop
  endfacet
  facet normal -1 0 0
    outer loop
      vertex 48.6 51.8403 -84.343
      vertex 48.6 52.0813 -83.3713
      vertex 48.6 51.9973 -84.4069
    endloop
  endfacet
  facet normal -1 0 0
    outer loop
      vertex 48.6 51.6712 -84.2973
      vertex 48.6 52.0813 -83.3713
      vertex 48.6 51.8403 -84.343
    endloop
  endfacet
  facet normal -1 -0 0
    outer loop
      vertex 48.6 52.0813 -83.3713
      vertex 48.6 51.6712 -84.2973
      vertex 48.6 51.7522 -83.328
    endloop
  endfacet
  facet normal -1 0 0
    outer loop
      vertex 48.6 51.4899 -84.2699
      vertex 48.6 51.7522 -83.328
      vertex 48.6 51.6712 -84.2973
    endloop
  endfacet
  facet normal -1 0 0
    outer loop
      vertex 48.6 51.4899 -84.2699
      vertex 48.6 51.4016 -83.3136
      vertex 48.6 51.7522 -83.328
    endloop
  endfacet
  facet normal -1 0 0
    outer loop
      vertex 48.6 51.2964 -84.2608
      vertex 48.6 51.4016 -83.3136
      vertex 48.6 51.4899 -84.2699
    endloop
  endfacet
  facet normal -1 0 0
    outer loop
      vertex 48.6 51.2964 -84.2608
      vertex 48.6 51.2811 -83.3155
      vertex 48.6 51.4016 -83.3136
    endloop
  endfacet
  facet normal -1 0 0
    outer loop
      vertex 48.6 51.1621 -83.3213
      vertex 48.6 51.2964 -84.2608
      vertex 48.6 51.1858 -84.2631
    endloop
  endfacet
  facet normal -1 0 0
    outer loop
      vertex 48.6 51.2964 -84.2608
      vertex 48.6 51.1621 -83.3213
      vertex 48.6 51.2811 -83.3155
    endloop
  endfacet
  facet normal -1 0 0
    outer loop
      vertex 48.6 51.0445 -83.331
      vertex 48.6 51.1858 -84.2631
      vertex 48.6 51.0767 -84.2701
    endloop
  endfacet
  facet normal -1 0 0
    outer loop
      vertex 48.6 51.1858 -84.2631
      vertex 48.6 51.0445 -83.331
      vertex 48.6 51.1621 -83.3213
    endloop
  endfacet
  facet normal -1 0 0
    outer loop
      vertex 48.6 50.9282 -83.3446
      vertex 48.6 51.0767 -84.2701
      vertex 48.6 50.9691 -84.2819
    endloop
  endfacet
  facet normal -1 0 0
    outer loop
      vertex 48.6 51.0767 -84.2701
      vertex 48.6 50.9282 -83.3446
      vertex 48.6 51.0445 -83.331
    endloop
  endfacet
  facet normal -1 0 0
    outer loop
      vertex 48.6 50.8134 -83.362
      vertex 48.6 50.9691 -84.2819
      vertex 48.6 50.863 -84.2983
    endloop
  endfacet
  facet normal -1 0 0
    outer loop
      vertex 48.6 50.9691 -84.2819
      vertex 48.6 50.8134 -83.362
      vertex 48.6 50.9282 -83.3446
    endloop
  endfacet
  facet normal -1 0 0
    outer loop
      vertex 48.6 50.5878 -83.4086
      vertex 48.6 50.863 -84.2983
      vertex 48.6 50.7584 -84.3194
    endloop
  endfacet
  facet normal -1 0 0
    outer loop
      vertex 48.6 50.863 -84.2983
      vertex 48.6 50.6999 -83.3834
      vertex 48.6 50.8134 -83.362
    endloop
  endfacet
  facet normal -1 0 0
    outer loop
      vertex 48.6 50.477 -83.4376
      vertex 48.6 50.7584 -84.3194
      vertex 48.6 50.6554 -84.3452
    endloop
  endfacet
  facet normal -1 0 0
    outer loop
      vertex 48.6 50.863 -84.2983
      vertex 48.6 50.5878 -83.4086
      vertex 48.6 50.6999 -83.3834
    endloop
  endfacet
  facet normal -1 0 0
    outer loop
      vertex 48.6 50.3675 -83.4704
      vertex 48.6 50.6554 -84.3452
      vertex 48.6 50.5539 -84.3758
    endloop
  endfacet
  facet normal -1 0 0
    outer loop
      vertex 48.6 50.7584 -84.3194
      vertex 48.6 50.477 -83.4376
      vertex 48.6 50.5878 -83.4086
    endloop
  endfacet
  facet normal -1 0 0
    outer loop
      vertex 48.6 50.1521 -83.5472
      vertex 48.6 50.5539 -84.3758
      vertex 48.6 50.4529 -84.4113
    endloop
  endfacet
  facet normal -1 0 0
    outer loop
      vertex 48.6 50.6554 -84.3452
      vertex 48.6 50.3675 -83.4704
      vertex 48.6 50.477 -83.4376
    endloop
  endfacet
  facet normal -1 0 0
    outer loop
      vertex 48.6 50.0463 -83.5912
      vertex 48.6 50.4529 -84.4113
      vertex 48.6 50.3515 -84.4522
    endloop
  endfacet
  facet normal -1 0 0
    outer loop
      vertex 48.6 50.5539 -84.3758
      vertex 48.6 50.2592 -83.5069
      vertex 48.6 50.3675 -83.4704
    endloop
  endfacet
  facet normal -1 0 0
    outer loop
      vertex 48.6 49.9418 -83.6389
      vertex 48.6 50.3515 -84.4522
      vertex 48.6 50.2498 -84.4985
    endloop
  endfacet
  facet normal -1 0 0
    outer loop
      vertex 48.6 50.5539 -84.3758
      vertex 48.6 50.1521 -83.5472
      vertex 48.6 50.2592 -83.5069
    endloop
  endfacet
  facet normal -1 0 0
    outer loop
      vertex 48.6 49.8385 -83.6904
      vertex 48.6 50.2498 -84.4985
      vertex 48.6 50.1476 -84.5502
    endloop
  endfacet
  facet normal -1 0 0
    outer loop
      vertex 48.6 50.4529 -84.4113
      vertex 48.6 50.0463 -83.5912
      vertex 48.6 50.1521 -83.5472
    endloop
  endfacet
  facet normal -1 0 0
    outer loop
      vertex 48.6 49.8385 -83.6904
      vertex 48.6 50.1476 -84.5502
      vertex 48.6 50.0449 -84.6073
    endloop
  endfacet
  facet normal -1 0 0
    outer loop
      vertex 48.6 49.8385 -83.6904
      vertex 48.6 50.0449 -84.6073
      vertex 48.6 49.9419 -84.6697
    endloop
  endfacet
  facet normal -1 0 0
    outer loop
      vertex 48.6 50.3515 -84.4522
      vertex 48.6 49.9418 -83.6389
      vertex 48.6 50.0463 -83.5912
    endloop
  endfacet
  facet normal -1 0 0
    outer loop
      vertex 48.6 49.8385 -83.6904
      vertex 48.6 49.9419 -84.6697
      vertex 48.6 49.8385 -84.7376
    endloop
  endfacet
  facet normal -1 0 0
    outer loop
      vertex 48.6 50.2498 -84.4985
      vertex 48.6 49.8385 -83.6904
      vertex 48.6 49.9418 -83.6389
    endloop
  endfacet
  facet normal -1 0 0
    outer loop
      vertex 48.6 47.8114 -86.1628
      vertex 48.6 49.1675 -85.9425
      vertex 48.6 49.1534 -86.2825
    endloop
  endfacet
  facet normal -1 0 0
    outer loop
      vertex 48.6 47.7912 -86.3687
      vertex 48.6 49.1534 -86.2825
      vertex 48.6 49.1109 -86.6009
    endloop
  endfacet
  facet normal -1 0 0
    outer loop
      vertex 48.6 47.8114 -85.7212
      vertex 48.6 49.1675 -85.9425
      vertex 48.6 47.8181 -85.9425
    endloop
  endfacet
  facet normal -1 0 0
    outer loop
      vertex 48.6 47.7577 -86.56
      vertex 48.6 49.1109 -86.6009
      vertex 48.6 49.0402 -86.8978
    endloop
  endfacet
  facet normal -1 0 0
    outer loop
      vertex 48.6 49.1675 -85.9425
      vertex 48.6 47.8114 -85.7212
      vertex 48.6 49.1534 -85.6015
    endloop
  endfacet
  facet normal -1 0 0
    outer loop
      vertex 48.6 47.7577 -86.56
      vertex 48.6 49.0402 -86.8978
      vertex 48.6 48.9411 -87.173
    endloop
  endfacet
  facet normal -1 0 0
    outer loop
      vertex 48.6 47.7912 -85.5146
      vertex 48.6 49.1534 -85.6015
      vertex 48.6 47.8114 -85.7212
    endloop
  endfacet
  facet normal -1 0 0
    outer loop
      vertex 48.6 47.7107 -86.7368
      vertex 48.6 48.9411 -87.173
      vertex 48.6 48.8138 -87.4267
    endloop
  endfacet
  facet normal -1 0 0
    outer loop
      vertex 48.6 49.1534 -85.6015
      vertex 48.6 47.7912 -85.5146
      vertex 48.6 49.1109 -85.2823
    endloop
  endfacet
  facet normal -1 0 0
    outer loop
      vertex 48.6 47.6503 -86.899
      vertex 48.6 48.8138 -87.4267
      vertex 48.6 48.6581 -87.6587
    endloop
  endfacet
  facet normal -1 0 0
    outer loop
      vertex 48.6 47.7577 -85.3226
      vertex 48.6 49.1109 -85.2823
      vertex 48.6 47.7912 -85.5146
    endloop
  endfacet
  facet normal -1 0 0
    outer loop
      vertex 48.6 47.5765 -87.0468
      vertex 48.6 48.6581 -87.6587
      vertex 48.6 48.4742 -87.8692
    endloop
  endfacet
  facet normal -1 -0 0
    outer loop
      vertex 48.6 49.1109 -85.2823
      vertex 48.6 47.7577 -85.3226
      vertex 48.6 49.0402 -84.9848
    endloop
  endfacet
  facet normal -1 0 0
    outer loop
      vertex 48.6 47.4892 -87.18
      vertex 48.6 48.4742 -87.8692
      vertex 48.6 48.2654 -88.0546
    endloop
  endfacet
  facet normal -1 -0 0
    outer loop
      vertex 48.6 49.1675 -85.9425
      vertex 48.6 47.8114 -86.1628
      vertex 48.6 47.8181 -85.9425
    endloop
  endfacet
  facet normal -1 0 0
    outer loop
      vertex 48.6 47.3898 -87.2969
      vertex 48.6 48.2654 -88.0546
      vertex 48.6 48.0352 -88.2114
    endloop
  endfacet
  facet normal -1 -0 0
    outer loop
      vertex 48.6 49.0402 -84.9848
      vertex 48.6 47.7577 -85.3226
      vertex 48.6 48.9411 -84.7091
    endloop
  endfacet
  facet normal -1 -0 0
    outer loop
      vertex 48.6 48.9411 -84.7091
      vertex 48.6 47.7107 -85.1454
      vertex 48.6 48.8138 -84.4551
    endloop
  endfacet
  facet normal -1 0 0
    outer loop
      vertex 48.6 47.7107 -85.1454
      vertex 48.6 48.9411 -84.7091
      vertex 48.6 47.7577 -85.3226
    endloop
  endfacet
  facet normal -1 -0 0
    outer loop
      vertex 48.6 49.1534 -86.2825
      vertex 48.6 47.7912 -86.3687
      vertex 48.6 47.8114 -86.1628
    endloop
  endfacet
  facet normal -1 0 0
    outer loop
      vertex 48.6 47.2794 -87.3959
      vertex 48.6 48.0352 -88.2114
      vertex 48.6 47.7836 -88.3398
    endloop
  endfacet
  facet normal -1 0 0
    outer loop
      vertex 48.6 49.1109 -86.6009
      vertex 48.6 47.7577 -86.56
      vertex 48.6 47.7912 -86.3687
    endloop
  endfacet
  facet normal -1 0 0
    outer loop
      vertex 48.6 48.9411 -87.173
      vertex 48.6 47.7107 -86.7368
      vertex 48.6 47.7577 -86.56
    endloop
  endfacet
  facet normal -1 0 0
    outer loop
      vertex 48.6 48.8138 -87.4267
      vertex 48.6 47.6503 -86.899
      vertex 48.6 47.7107 -86.7368
    endloop
  endfacet
  facet normal -1 0 0
    outer loop
      vertex 48.6 48.6581 -87.6587
      vertex 48.6 47.5765 -87.0468
      vertex 48.6 47.6503 -86.899
    endloop
  endfacet
  facet normal -1 0 0
    outer loop
      vertex 48.6 47.1581 -87.4768
      vertex 48.6 47.7836 -88.3398
      vertex 48.6 47.5107 -88.4396
    endloop
  endfacet
  facet normal -1 0 0
    outer loop
      vertex 48.6 48.4742 -87.8692
      vertex 48.6 47.4892 -87.18
      vertex 48.6 47.5765 -87.0468
    endloop
  endfacet
  facet normal -1 0 0
    outer loop
      vertex 48.6 48.2654 -88.0546
      vertex 48.6 47.3898 -87.2969
      vertex 48.6 47.4892 -87.18
    endloop
  endfacet
  facet normal -1 0 0
    outer loop
      vertex 48.6 48.0352 -88.2114
      vertex 48.6 47.2794 -87.3959
      vertex 48.6 47.3898 -87.2969
    endloop
  endfacet
  facet normal -1 0 0
    outer loop
      vertex 48.6 47.0258 -87.5398
      vertex 48.6 47.5107 -88.4396
      vertex 48.6 47.2164 -88.5109
    endloop
  endfacet
  facet normal -1 0 0
    outer loop
      vertex 48.6 47.7836 -88.3398
      vertex 48.6 47.1581 -87.4768
      vertex 48.6 47.2794 -87.3959
    endloop
  endfacet
  facet normal -1 0 0
    outer loop
      vertex 48.6 47.5107 -88.4396
      vertex 48.6 47.0258 -87.5398
      vertex 48.6 47.1581 -87.4768
    endloop
  endfacet
  facet normal -1 0 0
    outer loop
      vertex 48.6 46.8827 -87.5848
      vertex 48.6 47.2164 -88.5109
      vertex 48.6 46.9006 -88.5537
    endloop
  endfacet
  facet normal -1 0 0
    outer loop
      vertex 48.6 47.2164 -88.5109
      vertex 48.6 46.8827 -87.5848
      vertex 48.6 47.0258 -87.5398
    endloop
  endfacet
  facet normal -1 0 0
    outer loop
      vertex 48.6 46.9006 -88.5537
      vertex 48.6 46.7286 -87.6117
      vertex 48.6 46.8827 -87.5848
    endloop
  endfacet
  facet normal -1 0 0
    outer loop
      vertex 48.6 46.5636 -88.5679
      vertex 48.6 46.7286 -87.6117
      vertex 48.6 46.9006 -88.5537
    endloop
  endfacet
  facet normal -1 0 0
    outer loop
      vertex 48.6 46.5636 -88.5679
      vertex 48.6 46.5636 -87.6207
      vertex 48.6 46.7286 -87.6117
    endloop
  endfacet
  facet normal -1 0 0
    outer loop
      vertex 48.6 46.5636 -88.5679
      vertex 48.6 46.3976 -87.6117
      vertex 48.6 46.5636 -87.6207
    endloop
  endfacet
  facet normal -1 0 0
    outer loop
      vertex 48.6 46.2256 -88.5537
      vertex 48.6 46.3976 -87.6117
      vertex 48.6 46.5636 -88.5679
    endloop
  endfacet
  facet normal -1 -0 0
    outer loop
      vertex 48.6 46.3976 -87.6117
      vertex 48.6 46.2256 -88.5537
      vertex 48.6 46.2428 -87.5848
    endloop
  endfacet
  facet normal -1 0 0
    outer loop
      vertex 48.6 45.9092 -88.5109
      vertex 48.6 46.2428 -87.5848
      vertex 48.6 46.2256 -88.5537
    endloop
  endfacet
  facet normal -1 -0 0
    outer loop
      vertex 48.6 46.2428 -87.5848
      vertex 48.6 45.9092 -88.5109
      vertex 48.6 46.099 -87.5398
    endloop
  endfacet
  facet normal -1 0 0
    outer loop
      vertex 48.6 45.6144 -88.4396
      vertex 48.6 46.099 -87.5398
      vertex 48.6 45.9092 -88.5109
    endloop
  endfacet
  facet normal -1 -0 0
    outer loop
      vertex 48.6 46.099 -87.5398
      vertex 48.6 45.6144 -88.4396
      vertex 48.6 45.9663 -87.4768
    endloop
  endfacet
  facet normal -1 0 0
    outer loop
      vertex 48.6 45.3412 -88.3398
      vertex 48.6 45.9663 -87.4768
      vertex 48.6 45.6144 -88.4396
    endloop
  endfacet
  facet normal -1 -0 0
    outer loop
      vertex 48.6 45.9663 -87.4768
      vertex 48.6 45.3412 -88.3398
      vertex 48.6 45.8446 -87.3959
    endloop
  endfacet
  facet normal -1 0 0
    outer loop
      vertex 48.6 45.0897 -88.2114
      vertex 48.6 45.8446 -87.3959
      vertex 48.6 45.3412 -88.3398
    endloop
  endfacet
  facet normal -1 -0 0
    outer loop
      vertex 48.6 45.8446 -87.3959
      vertex 48.6 45.0897 -88.2114
      vertex 48.6 45.7341 -87.2969
    endloop
  endfacet
  facet normal -1 0 0
    outer loop
      vertex 48.6 44.8597 -88.0546
      vertex 48.6 45.7341 -87.2969
      vertex 48.6 45.0897 -88.2114
    endloop
  endfacet
  facet normal -1 -0 0
    outer loop
      vertex 48.6 45.7341 -87.2969
      vertex 48.6 44.8597 -88.0546
      vertex 48.6 45.6346 -87.18
    endloop
  endfacet
  facet normal -1 0 0
    outer loop
      vertex 48.6 44.6513 -87.8692
      vertex 48.6 45.6346 -87.18
      vertex 48.6 44.8597 -88.0546
    endloop
  endfacet
  facet normal -1 -0 0
    outer loop
      vertex 48.6 45.6346 -87.18
      vertex 48.6 44.6513 -87.8692
      vertex 48.6 45.5473 -87.0468
    endloop
  endfacet
  facet normal -1 0 0
    outer loop
      vertex 48.6 44.4677 -87.6587
      vertex 48.6 45.5473 -87.0468
      vertex 48.6 44.6513 -87.8692
    endloop
  endfacet
  facet normal -1 -0 0
    outer loop
      vertex 48.6 45.5473 -87.0468
      vertex 48.6 44.4677 -87.6587
      vertex 48.6 45.4734 -86.899
    endloop
  endfacet
  facet normal -1 0 0
    outer loop
      vertex 48.6 44.3125 -87.4267
      vertex 48.6 45.4734 -86.899
      vertex 48.6 44.4677 -87.6587
    endloop
  endfacet
  facet normal -1 -0 0
    outer loop
      vertex 48.6 45.4734 -86.899
      vertex 48.6 44.3125 -87.4267
      vertex 48.6 45.413 -86.7368
    endloop
  endfacet
  facet normal -1 0 0
    outer loop
      vertex 48.6 47.6503 -84.9828
      vertex 48.6 48.8138 -84.4551
      vertex 48.6 47.7107 -85.1454
    endloop
  endfacet
  facet normal -1 -0 0
    outer loop
      vertex 48.6 48.8138 -84.4551
      vertex 48.6 47.6503 -84.9828
      vertex 48.6 48.6581 -84.2229
    endloop
  endfacet
  facet normal -1 0 0
    outer loop
      vertex 48.6 47.5765 -84.8348
      vertex 48.6 48.6581 -84.2229
      vertex 48.6 47.6503 -84.9828
    endloop
  endfacet
  facet normal -1 -0 0
    outer loop
      vertex 48.6 48.6581 -84.2229
      vertex 48.6 47.5765 -84.8348
      vertex 48.6 48.4742 -84.0124
    endloop
  endfacet
  facet normal -1 0 0
    outer loop
      vertex 48.6 47.4892 -84.7016
      vertex 48.6 48.4742 -84.0124
      vertex 48.6 47.5765 -84.8348
    endloop
  endfacet
  facet normal -1 -0 0
    outer loop
      vertex 48.6 48.4742 -84.0124
      vertex 48.6 47.4892 -84.7016
      vertex 48.6 48.2654 -83.827
    endloop
  endfacet
  facet normal -1 0 0
    outer loop
      vertex 48.6 47.3898 -84.5846
      vertex 48.6 48.2654 -83.827
      vertex 48.6 47.4892 -84.7016
    endloop
  endfacet
  facet normal -1 -0 0
    outer loop
      vertex 48.6 48.2654 -83.827
      vertex 48.6 47.3898 -84.5846
      vertex 48.6 48.0352 -83.6701
    endloop
  endfacet
  facet normal -1 0 0
    outer loop
      vertex 48.6 47.2794 -84.4857
      vertex 48.6 48.0352 -83.6701
      vertex 48.6 47.3898 -84.5846
    endloop
  endfacet
  facet normal -1 -0 0
    outer loop
      vertex 48.6 48.0352 -83.6701
      vertex 48.6 47.2794 -84.4857
      vertex 48.6 47.7836 -83.5417
    endloop
  endfacet
  facet normal -1 0 0
    outer loop
      vertex 48.6 47.1581 -84.4047
      vertex 48.6 47.7836 -83.5417
      vertex 48.6 47.2794 -84.4857
    endloop
  endfacet
  facet normal -1 -0 0
    outer loop
      vertex 48.6 47.7836 -83.5417
      vertex 48.6 47.1581 -84.4047
      vertex 48.6 47.5107 -83.4419
    endloop
  endfacet
  facet normal -1 0 0
    outer loop
      vertex 48.6 47.0258 -84.3417
      vertex 48.6 47.5107 -83.4419
      vertex 48.6 47.1581 -84.4047
    endloop
  endfacet
  facet normal -1 -0 0
    outer loop
      vertex 48.6 47.5107 -83.4419
      vertex 48.6 47.0258 -84.3417
      vertex 48.6 47.2164 -83.3706
    endloop
  endfacet
  facet normal -1 0 0
    outer loop
      vertex 48.6 46.8827 -84.2967
      vertex 48.6 47.2164 -83.3706
      vertex 48.6 47.0258 -84.3417
    endloop
  endfacet
  facet normal -1 -0 0
    outer loop
      vertex 48.6 47.2164 -83.3706
      vertex 48.6 46.8827 -84.2967
      vertex 48.6 46.9006 -83.3278
    endloop
  endfacet
  facet normal -1 0 0
    outer loop
      vertex 48.6 46.7286 -84.2698
      vertex 48.6 46.9006 -83.3278
      vertex 48.6 46.8827 -84.2967
    endloop
  endfacet
  facet normal -1 0 0
    outer loop
      vertex 48.6 46.5636 -83.3136
      vertex 48.6 46.7286 -84.2698
      vertex 48.6 46.5636 -84.2608
    endloop
  endfacet
  facet normal -1 0 0
    outer loop
      vertex 48.6 46.7286 -84.2698
      vertex 48.6 46.5636 -83.3136
      vertex 48.6 46.9006 -83.3278
    endloop
  endfacet
  facet normal -1 0 0
    outer loop
      vertex 48.6 46.3976 -84.2698
      vertex 48.6 46.5636 -83.3136
      vertex 48.6 46.5636 -84.2608
    endloop
  endfacet
  facet normal -1 0 0
    outer loop
      vertex 48.6 46.2256 -83.3278
      vertex 48.6 46.3976 -84.2698
      vertex 48.6 46.2428 -84.2967
    endloop
  endfacet
  facet normal -1 0 0
    outer loop
      vertex 48.6 46.3976 -84.2698
      vertex 48.6 46.2256 -83.3278
      vertex 48.6 46.5636 -83.3136
    endloop
  endfacet
  facet normal -1 0 0
    outer loop
      vertex 48.6 45.9092 -83.3706
      vertex 48.6 46.2428 -84.2967
      vertex 48.6 46.099 -84.3417
    endloop
  endfacet
  facet normal -1 0 0
    outer loop
      vertex 48.6 45.6144 -83.4419
      vertex 48.6 46.099 -84.3417
      vertex 48.6 45.9663 -84.4047
    endloop
  endfacet
  facet normal -1 0 0
    outer loop
      vertex 48.6 46.2428 -84.2967
      vertex 48.6 45.9092 -83.3706
      vertex 48.6 46.2256 -83.3278
    endloop
  endfacet
  facet normal -1 0 0
    outer loop
      vertex 48.6 45.3412 -83.5417
      vertex 48.6 45.9663 -84.4047
      vertex 48.6 45.8446 -84.4857
    endloop
  endfacet
  facet normal -1 0 0
    outer loop
      vertex 48.6 45.0897 -83.6701
      vertex 48.6 45.8446 -84.4857
      vertex 48.6 45.7341 -84.5846
    endloop
  endfacet
  facet normal -1 0 0
    outer loop
      vertex 48.6 44.8597 -83.827
      vertex 48.6 45.7341 -84.5846
      vertex 48.6 45.6346 -84.7016
    endloop
  endfacet
  facet normal -1 0 0
    outer loop
      vertex 48.6 46.099 -84.3417
      vertex 48.6 45.6144 -83.4419
      vertex 48.6 45.9092 -83.3706
    endloop
  endfacet
  facet normal -1 0 0
    outer loop
      vertex 48.6 44.6513 -84.0124
      vertex 48.6 45.6346 -84.7016
      vertex 48.6 45.5473 -84.8348
    endloop
  endfacet
  facet normal -1 0 0
    outer loop
      vertex 48.6 44.4677 -84.2229
      vertex 48.6 45.5473 -84.8348
      vertex 48.6 45.4734 -84.9828
    endloop
  endfacet
  facet normal -1 0 0
    outer loop
      vertex 48.6 44.3125 -84.4551
      vertex 48.6 45.4734 -84.9828
      vertex 48.6 45.413 -85.1454
    endloop
  endfacet
  facet normal -1 0 0
    outer loop
      vertex 48.6 44.1854 -84.7091
      vertex 48.6 45.413 -85.1454
      vertex 48.6 45.3661 -85.3226
    endloop
  endfacet
  facet normal -1 0 0
    outer loop
      vertex 48.6 45.9663 -84.4047
      vertex 48.6 45.3412 -83.5417
      vertex 48.6 45.6144 -83.4419
    endloop
  endfacet
  facet normal -1 0 0
    outer loop
      vertex 48.6 44.016 -85.2823
      vertex 48.6 45.3661 -85.3226
      vertex 48.6 45.3325 -85.5146
    endloop
  endfacet
  facet normal -1 0 0
    outer loop
      vertex 48.6 43.9737 -85.6015
      vertex 48.6 45.3325 -85.5146
      vertex 48.6 45.3124 -85.7212
    endloop
  endfacet
  facet normal -1 0 0
    outer loop
      vertex 48.6 43.9596 -85.9425
      vertex 48.6 45.3124 -85.7212
      vertex 48.6 45.3056 -85.9425
    endloop
  endfacet
  facet normal -1 0 0
    outer loop
      vertex 48.6 44.1854 -87.173
      vertex 48.6 45.413 -86.7368
      vertex 48.6 44.3125 -87.4267
    endloop
  endfacet
  facet normal -1 -0 0
    outer loop
      vertex 48.6 45.3124 -85.7212
      vertex 48.6 43.9596 -85.9425
      vertex 48.6 43.9737 -85.6015
    endloop
  endfacet
  facet normal -1 -0 0
    outer loop
      vertex 48.6 45.413 -86.7368
      vertex 48.6 44.1854 -87.173
      vertex 48.6 45.3661 -86.56
    endloop
  endfacet
  facet normal -1 -0 0
    outer loop
      vertex 48.6 45.3325 -85.5146
      vertex 48.6 43.9737 -85.6015
      vertex 48.6 44.016 -85.2823
    endloop
  endfacet
  facet normal -1 0 0
    outer loop
      vertex 48.6 44.0866 -86.8978
      vertex 48.6 45.3661 -86.56
      vertex 48.6 44.1854 -87.173
    endloop
  endfacet
  facet normal -1 0 0
    outer loop
      vertex 48.6 45.3661 -85.3226
      vertex 48.6 44.016 -85.2823
      vertex 48.6 44.0866 -84.9848
    endloop
  endfacet
  facet normal -1 0 0
    outer loop
      vertex 48.6 44.016 -86.6009
      vertex 48.6 45.3661 -86.56
      vertex 48.6 44.0866 -86.8978
    endloop
  endfacet
  facet normal -1 0 0
    outer loop
      vertex 48.6 45.8446 -84.4857
      vertex 48.6 45.0897 -83.6701
      vertex 48.6 45.3412 -83.5417
    endloop
  endfacet
  facet normal -1 -0 0
    outer loop
      vertex 48.6 45.3661 -86.56
      vertex 48.6 44.016 -86.6009
      vertex 48.6 45.3325 -86.3687
    endloop
  endfacet
  facet normal -1 0 0
    outer loop
      vertex 48.6 45.7341 -84.5846
      vertex 48.6 44.8597 -83.827
      vertex 48.6 45.0897 -83.6701
    endloop
  endfacet
  facet normal -1 0 0
    outer loop
      vertex 48.6 43.9737 -86.2825
      vertex 48.6 45.3325 -86.3687
      vertex 48.6 44.016 -86.6009
    endloop
  endfacet
  facet normal -1 0 0
    outer loop
      vertex 48.6 45.6346 -84.7016
      vertex 48.6 44.6513 -84.0124
      vertex 48.6 44.8597 -83.827
    endloop
  endfacet
  facet normal -1 0 0
    outer loop
      vertex 48.6 45.3325 -86.3687
      vertex 48.6 43.9737 -86.2825
      vertex 48.6 45.3124 -86.1628
    endloop
  endfacet
  facet normal -1 0 0
    outer loop
      vertex 48.6 45.3124 -86.1628
      vertex 48.6 43.9596 -85.9425
      vertex 48.6 45.3056 -85.9425
    endloop
  endfacet
  facet normal -1 0 0
    outer loop
      vertex 48.6 43.9596 -85.9425
      vertex 48.6 45.3124 -86.1628
      vertex 48.6 43.9737 -86.2825
    endloop
  endfacet
  facet normal -1 0 0
    outer loop
      vertex 48.6 45.5473 -84.8348
      vertex 48.6 44.4677 -84.2229
      vertex 48.6 44.6513 -84.0124
    endloop
  endfacet
  facet normal -1 0 0
    outer loop
      vertex 48.6 45.4734 -84.9828
      vertex 48.6 44.3125 -84.4551
      vertex 48.6 44.4677 -84.2229
    endloop
  endfacet
  facet normal -1 0 0
    outer loop
      vertex 48.6 45.3661 -85.3226
      vertex 48.6 44.0866 -84.9848
      vertex 48.6 44.1854 -84.7091
    endloop
  endfacet
  facet normal -1 0 0
    outer loop
      vertex 48.6 45.413 -85.1454
      vertex 48.6 44.1854 -84.7091
      vertex 48.6 44.3125 -84.4551
    endloop
  endfacet
  facet normal -1 0 0
    outer loop
      vertex 48.6 41.2417 -87.1429
      vertex 48.6 43.8965 -83.4064
      vertex 48.6 42.0215 -88.4688
    endloop
  endfacet
  facet normal -1 -0 0
    outer loop
      vertex 48.6 43.8965 -83.4064
      vertex 48.6 41.2417 -87.1429
      vertex 48.6 42.5844 -83.4064
    endloop
  endfacet
  facet normal -1 0 0
    outer loop
      vertex 48.6 40.4653 -88.4688
      vertex 48.6 41.2417 -87.1429
      vertex 48.6 42.0215 -88.4688
    endloop
  endfacet
  facet normal -1 0 0
    outer loop
      vertex 48.6 38.5902 -83.4064
      vertex 48.6 41.2417 -87.1429
      vertex 48.6 40.4653 -88.4688
    endloop
  endfacet
  facet normal -1 0 0
    outer loop
      vertex 48.6 41.2417 -87.1429
      vertex 48.6 38.5902 -83.4064
      vertex 48.6 39.9024 -83.4064
    endloop
  endfacet
  facet normal -1 0 0
    outer loop
      vertex 48.6 60.5353 -88.4688
      vertex 48.6 59.2299 -87.4831
      vertex 48.6 60.5353 -83.4064
    endloop
  endfacet
  facet normal -1 0 0
    outer loop
      vertex 48.6 56.9378 -88.4688
      vertex 48.6 59.2299 -87.4831
      vertex 48.6 60.5353 -88.4688
    endloop
  endfacet
  facet normal -1 -0 0
    outer loop
      vertex 48.6 59.2299 -87.4831
      vertex 48.6 56.9378 -88.4688
      vertex 48.6 56.9378 -87.4831
    endloop
  endfacet
  facet normal -1 -0 0
    outer loop
      vertex 48.6 60.5353 -83.4064
      vertex 48.6 59.2299 -87.4831
      vertex 48.6 59.2299 -83.4064
    endloop
  endfacet
  facet normal -1 0 0
    outer loop
      vertex 48.6 34.6539 -86.3215
      vertex 48.6 36.7391 -85.336
      vertex 48.6 36.7391 -86.3215
    endloop
  endfacet
  facet normal -1 -0 0
    outer loop
      vertex 48.6 36.7391 -85.336
      vertex 48.6 34.6539 -86.3215
      vertex 48.6 34.6539 -85.336
    endloop
  endfacet
  facet normal -1 0 0
    outer loop
      vertex 48.6 36.7391 -86.3215
      vertex 48.6 38.0445 -88.4688
      vertex 48.6 36.7391 -87.4831
    endloop
  endfacet
  facet normal -1 0 0
    outer loop
      vertex 48.6 34.447 -88.4688
      vertex 48.6 36.7391 -87.4831
      vertex 48.6 38.0445 -88.4688
    endloop
  endfacet
  facet normal -1 -0 0
    outer loop
      vertex 48.6 36.7391 -87.4831
      vertex 48.6 34.447 -88.4688
      vertex 48.6 34.447 -87.4831
    endloop
  endfacet
  facet normal -1 0 0
    outer loop
      vertex 48.6 38.0445 -88.4688
      vertex 48.6 36.7391 -86.3215
      vertex 48.6 38.0445 -83.4064
    endloop
  endfacet
  facet normal -1 0 0
    outer loop
      vertex 48.6 36.7391 -85.336
      vertex 48.6 38.0445 -83.4064
      vertex 48.6 36.7391 -86.3215
    endloop
  endfacet
  facet normal -1 0 0
    outer loop
      vertex 48.6 36.7391 -84.392
      vertex 48.6 38.0445 -83.4064
      vertex 48.6 36.7391 -85.336
    endloop
  endfacet
  facet normal -1 0 0
    outer loop
      vertex 48.6 34.5216 -83.4064
      vertex 48.6 36.7391 -84.392
      vertex 48.6 34.5216 -84.392
    endloop
  endfacet
  facet normal -1 0 0
    outer loop
      vertex 48.6 36.7391 -84.392
      vertex 48.6 34.5216 -83.4064
      vertex 48.6 38.0445 -83.4064
    endloop
  endfacet
  facet normal -1 0 0
    outer loop
      vertex 48.6 31.7369 -86.5519
      vertex 48.6 32.1064 -85.6496
      vertex 48.6 32.1064 -86.5519
    endloop
  endfacet
  facet normal -1 0 0
    outer loop
      vertex 48.6 31.5572 -85.6496
      vertex 48.6 31.7369 -86.5519
      vertex 48.6 31.6484 -86.5548
    endloop
  endfacet
  facet normal -1 0 0
    outer loop
      vertex 48.6 31.5572 -85.6496
      vertex 48.6 31.6484 -86.5548
      vertex 48.6 31.5652 -86.5633
    endloop
  endfacet
  facet normal -1 0 0
    outer loop
      vertex 48.6 31.7369 -86.5519
      vertex 48.6 31.5572 -85.6496
      vertex 48.6 32.1064 -85.6496
    endloop
  endfacet
  facet normal -1 0 0
    outer loop
      vertex 48.6 31.4447 -85.6465
      vertex 48.6 31.5652 -86.5633
      vertex 48.6 31.4871 -86.5775
    endloop
  endfacet
  facet normal -1 0 0
    outer loop
      vertex 48.6 31.5652 -86.5633
      vertex 48.6 31.4447 -85.6465
      vertex 48.6 31.5572 -85.6496
    endloop
  endfacet
  facet normal -1 0 0
    outer loop
      vertex 48.6 31.3417 -85.6371
      vertex 48.6 31.4871 -86.5775
      vertex 48.6 31.4142 -86.5974
    endloop
  endfacet
  facet normal -1 0 0
    outer loop
      vertex 48.6 31.2482 -85.6216
      vertex 48.6 31.4142 -86.5974
      vertex 48.6 31.3465 -86.6229
    endloop
  endfacet
  facet normal -1 0 0
    outer loop
      vertex 48.6 31.4871 -86.5775
      vertex 48.6 31.3417 -85.6371
      vertex 48.6 31.4447 -85.6465
    endloop
  endfacet
  facet normal -1 0 0
    outer loop
      vertex 48.6 31.2482 -85.6216
      vertex 48.6 31.3465 -86.6229
      vertex 48.6 31.284 -86.6541
    endloop
  endfacet
  facet normal -1 0 0
    outer loop
      vertex 48.6 31.4142 -86.5974
      vertex 48.6 31.2482 -85.6216
      vertex 48.6 31.3417 -85.6371
    endloop
  endfacet
  facet normal -1 0 0
    outer loop
      vertex 48.6 30.4586 -86.1007
      vertex 48.6 31.284 -86.6541
      vertex 48.6 31.2267 -86.691
    endloop
  endfacet
  facet normal -1 0 0
    outer loop
      vertex 48.6 30.4586 -86.1007
      vertex 48.6 31.2267 -86.691
      vertex 48.6 31.172 -86.7357
    endloop
  endfacet
  facet normal -1 0 0
    outer loop
      vertex 48.6 31.284 -86.6541
      vertex 48.6 31.1641 -85.5998
      vertex 48.6 31.2482 -85.6216
    endloop
  endfacet
  facet normal -1 0 0
    outer loop
      vertex 48.6 30.4586 -86.1007
      vertex 48.6 31.172 -86.7357
      vertex 48.6 31.1176 -86.7902
    endloop
  endfacet
  facet normal -1 0 0
    outer loop
      vertex 48.6 31.284 -86.6541
      vertex 48.6 30.4586 -86.1007
      vertex 48.6 31.1641 -85.5998
    endloop
  endfacet
  facet normal -1 0 0
    outer loop
      vertex 48.6 30.4586 -86.1007
      vertex 48.6 31.1176 -86.7902
      vertex 48.6 31.0634 -86.8545
    endloop
  endfacet
  facet normal -1 -0 0
    outer loop
      vertex 48.6 31.1641 -85.5998
      vertex 48.6 30.4586 -86.1007
      vertex 48.6 31.0896 -85.5719
    endloop
  endfacet
  facet normal -1 0 0
    outer loop
      vertex 48.6 30.4586 -86.1007
      vertex 48.6 31.0634 -86.8545
      vertex 48.6 31.0093 -86.9287
    endloop
  endfacet
  facet normal -1 -0 0
    outer loop
      vertex 48.6 31.0896 -85.5719
      vertex 48.6 30.4586 -86.1007
      vertex 48.6 31.0245 -85.5377
    endloop
  endfacet
  facet normal -1 0 0
    outer loop
      vertex 48.6 30.3102 -86.1482
      vertex 48.6 31.0093 -86.9287
      vertex 48.6 30.9555 -87.0126
    endloop
  endfacet
  facet normal -1 -0 0
    outer loop
      vertex 48.6 31.0245 -85.5377
      vertex 48.6 30.4586 -86.1007
      vertex 48.6 30.9689 -85.4973
    endloop
  endfacet
  facet normal -1 0 0
    outer loop
      vertex 48.6 30.0406 -86.3188
      vertex 48.6 30.9555 -87.0126
      vertex 48.6 30.9019 -87.1064
    endloop
  endfacet
  facet normal -1 -0 0
    outer loop
      vertex 48.6 30.9689 -85.4973
      vertex 48.6 30.4586 -86.1007
      vertex 48.6 30.9217 -85.4498
    endloop
  endfacet
  facet normal -1 -0 0
    outer loop
      vertex 48.6 30.9217 -85.4498
      vertex 48.6 30.4586 -86.1007
      vertex 48.6 30.8817 -85.3943
    endloop
  endfacet
  facet normal -1 0 0
    outer loop
      vertex 48.6 29.8574 -86.5185
      vertex 48.6 30.9019 -87.1064
      vertex 48.6 30.8486 -87.2101
    endloop
  endfacet
  facet normal -1 0 0
    outer loop
      vertex 48.6 30.3242 -86.0537
      vertex 48.6 30.8817 -85.3943
      vertex 48.6 30.4586 -86.1007
    endloop
  endfacet
  facet normal -1 0 0
    outer loop
      vertex 48.6 30.1997 -85.9998
      vertex 48.6 30.8817 -85.3943
      vertex 48.6 30.3242 -86.0537
    endloop
  endfacet
  facet normal -1 -0 0
    outer loop
      vertex 48.6 30.8817 -85.3943
      vertex 48.6 30.1997 -85.9998
      vertex 48.6 30.849 -85.3307
    endloop
  endfacet
  facet normal -1 0 0
    outer loop
      vertex 48.6 30.0853 -85.9389
      vertex 48.6 30.849 -85.3307
      vertex 48.6 30.1997 -85.9998
    endloop
  endfacet
  facet normal -1 -0 0
    outer loop
      vertex 48.6 30.849 -85.3307
      vertex 48.6 30.0853 -85.9389
      vertex 48.6 30.8236 -85.2592
    endloop
  endfacet
  facet normal -1 0 0
    outer loop
      vertex 48.6 29.9809 -85.8711
      vertex 48.6 30.8236 -85.2592
      vertex 48.6 30.0853 -85.9389
    endloop
  endfacet
  facet normal -1 0 0
    outer loop
      vertex 48.6 31.0093 -86.9287
      vertex 48.6 30.3833 -86.1213
      vertex 48.6 30.4586 -86.1007
    endloop
  endfacet
  facet normal -1 0 0
    outer loop
      vertex 48.6 31.0093 -86.9287
      vertex 48.6 30.3102 -86.1482
      vertex 48.6 30.3833 -86.1213
    endloop
  endfacet
  facet normal -1 0 0
    outer loop
      vertex 48.6 30.9555 -87.0126
      vertex 48.6 30.2393 -86.1814
      vertex 48.6 30.3102 -86.1482
    endloop
  endfacet
  facet normal -1 0 0
    outer loop
      vertex 48.6 29.5499 -87.0303
      vertex 48.6 30.8486 -87.2101
      vertex 48.6 30.2314 -88.4688
    endloop
  endfacet
  facet normal -1 0 0
    outer loop
      vertex 48.6 30.9019 -87.1064
      vertex 48.6 29.8574 -86.5185
      vertex 48.6 29.9182 -86.4433
    endloop
  endfacet
  facet normal -1 0 0
    outer loop
      vertex 48.6 30.9019 -87.1064
      vertex 48.6 29.9789 -86.3772
      vertex 48.6 30.0406 -86.3188
    endloop
  endfacet
  facet normal -1 0 0
    outer loop
      vertex 48.6 30.9555 -87.0126
      vertex 48.6 30.1708 -86.2209
      vertex 48.6 30.2393 -86.1814
    endloop
  endfacet
  facet normal -1 0 0
    outer loop
      vertex 48.6 30.9555 -87.0126
      vertex 48.6 30.0406 -86.3188
      vertex 48.6 30.1046 -86.2667
    endloop
  endfacet
  facet normal -1 0 0
    outer loop
      vertex 48.6 30.9555 -87.0126
      vertex 48.6 30.1046 -86.2667
      vertex 48.6 30.1708 -86.2209
    endloop
  endfacet
  facet normal -1 0 0
    outer loop
      vertex 48.6 30.9019 -87.1064
      vertex 48.6 29.9182 -86.4433
      vertex 48.6 29.9789 -86.3772
    endloop
  endfacet
  facet normal -1 0 0
    outer loop
      vertex 48.6 30.8486 -87.2101
      vertex 48.6 29.7963 -86.6027
      vertex 48.6 29.8574 -86.5185
    endloop
  endfacet
  facet normal -1 0 0
    outer loop
      vertex 48.6 30.8486 -87.2101
      vertex 48.6 29.735 -86.696
      vertex 48.6 29.7963 -86.6027
    endloop
  endfacet
  facet normal -1 0 0
    outer loop
      vertex 48.6 30.8486 -87.2101
      vertex 48.6 29.6735 -86.7984
      vertex 48.6 29.735 -86.696
    endloop
  endfacet
  facet normal -1 0 0
    outer loop
      vertex 48.6 30.8486 -87.2101
      vertex 48.6 29.6118 -86.9098
      vertex 48.6 29.6735 -86.7984
    endloop
  endfacet
  facet normal -1 0 0
    outer loop
      vertex 48.6 30.8486 -87.2101
      vertex 48.6 29.5499 -87.0303
      vertex 48.6 29.6118 -86.9098
    endloop
  endfacet
  facet normal -1 0 -0
    outer loop
      vertex 48.6 29.5499 -87.0303
      vertex 48.6 30.2314 -88.4688
      vertex 48.6 28.8413 -88.4688
    endloop
  endfacet
  facet normal -1 0 0
    outer loop
      vertex 48.6 32.1064 -86.5519
      vertex 48.6 33.4118 -88.4688
      vertex 48.6 32.1064 -88.4688
    endloop
  endfacet
  facet normal -1 0 0
    outer loop
      vertex 48.6 32.1064 -85.6496
      vertex 48.6 33.4118 -88.4688
      vertex 48.6 32.1064 -86.5519
    endloop
  endfacet
  facet normal -1 0 0
    outer loop
      vertex 48.6 33.4118 -88.4688
      vertex 48.6 32.1064 -85.6496
      vertex 48.6 33.4118 -83.4064
    endloop
  endfacet
  facet normal -1 0 0
    outer loop
      vertex 48.6 32.1064 -84.3536
      vertex 48.6 33.4118 -83.4064
      vertex 48.6 32.1064 -85.6496
    endloop
  endfacet
  facet normal -1 0 0
    outer loop
      vertex 48.6 31.4182 -83.4064
      vertex 48.6 32.1064 -84.3536
      vertex 48.6 31.5572 -84.3536
    endloop
  endfacet
  facet normal -1 0 0
    outer loop
      vertex 48.6 31.4182 -83.4064
      vertex 48.6 31.5572 -84.3536
      vertex 48.6 31.4447 -84.3566
    endloop
  endfacet
  facet normal -1 0 0
    outer loop
      vertex 48.6 32.1064 -84.3536
      vertex 48.6 31.4182 -83.4064
      vertex 48.6 33.4118 -83.4064
    endloop
  endfacet
  facet normal -1 0 0
    outer loop
      vertex 48.6 31.3417 -84.3657
      vertex 48.6 31.4182 -83.4064
      vertex 48.6 31.4447 -84.3566
    endloop
  endfacet
  facet normal -1 0 0
    outer loop
      vertex 48.6 31.1433 -83.4132
      vertex 48.6 31.3417 -84.3657
      vertex 48.6 31.2482 -84.3809
    endloop
  endfacet
  facet normal -1 0 0
    outer loop
      vertex 48.6 31.1433 -83.4132
      vertex 48.6 31.2482 -84.3809
      vertex 48.6 31.1641 -84.4022
    endloop
  endfacet
  facet normal -1 0 0
    outer loop
      vertex 48.6 31.3417 -84.3657
      vertex 48.6 31.1433 -83.4132
      vertex 48.6 31.4182 -83.4064
    endloop
  endfacet
  facet normal -1 0 0
    outer loop
      vertex 48.6 30.8902 -83.4337
      vertex 48.6 31.1641 -84.4022
      vertex 48.6 31.0896 -84.4295
    endloop
  endfacet
  facet normal -1 0 0
    outer loop
      vertex 48.6 30.6589 -83.468
      vertex 48.6 31.0896 -84.4295
      vertex 48.6 31.0245 -84.463
    endloop
  endfacet
  facet normal -1 0 0
    outer loop
      vertex 48.6 30.6589 -83.468
      vertex 48.6 31.0245 -84.463
      vertex 48.6 30.9689 -84.5025
    endloop
  endfacet
  facet normal -1 0 0
    outer loop
      vertex 48.6 30.6589 -83.468
      vertex 48.6 30.9689 -84.5025
      vertex 48.6 30.9217 -84.549
    endloop
  endfacet
  facet normal -1 0 0
    outer loop
      vertex 48.6 31.1641 -84.4022
      vertex 48.6 30.8902 -83.4337
      vertex 48.6 31.1433 -83.4132
    endloop
  endfacet
  facet normal -1 0 0
    outer loop
      vertex 48.6 30.6589 -83.468
      vertex 48.6 30.9217 -84.549
      vertex 48.6 30.8817 -84.6036
    endloop
  endfacet
  facet normal -1 0 0
    outer loop
      vertex 48.6 30.6589 -83.468
      vertex 48.6 30.8817 -84.6036
      vertex 48.6 30.849 -84.6661
    endloop
  endfacet
  facet normal -1 0 0
    outer loop
      vertex 48.6 30.6589 -83.468
      vertex 48.6 30.849 -84.6661
      vertex 48.6 30.8236 -84.7367
    endloop
  endfacet
  facet normal -1 0 0
    outer loop
      vertex 48.6 30.6589 -83.468
      vertex 48.6 30.8236 -84.7367
      vertex 48.6 30.8054 -84.8153
    endloop
  endfacet
  facet normal -1 0 0
    outer loop
      vertex 48.6 30.6589 -83.468
      vertex 48.6 30.8054 -84.8153
      vertex 48.6 30.7945 -84.9019
    endloop
  endfacet
  facet normal -1 0 0
    outer loop
      vertex 48.6 31.0896 -84.4295
      vertex 48.6 30.6589 -83.468
      vertex 48.6 30.8902 -83.4337
    endloop
  endfacet
  facet normal -1 0 0
    outer loop
      vertex 48.6 30.6589 -83.468
      vertex 48.6 30.7945 -84.9019
      vertex 48.6 30.7909 -84.9965
    endloop
  endfacet
  facet normal -1 0 0
    outer loop
      vertex 48.6 30.7909 -84.9965
      vertex 48.6 30.4494 -83.5159
      vertex 48.6 30.6589 -83.468
    endloop
  endfacet
  facet normal -1 0 0
    outer loop
      vertex 48.6 29.8866 -85.7964
      vertex 48.6 30.8236 -85.2592
      vertex 48.6 29.9809 -85.8711
    endloop
  endfacet
  facet normal -1 0 -0
    outer loop
      vertex 48.6 29.495 -84.6034
      vertex 48.6 30.7909 -84.9965
      vertex 48.6 29.4855 -84.8027
    endloop
  endfacet
  facet normal -1 -0 0
    outer loop
      vertex 48.6 30.8236 -85.2592
      vertex 48.6 29.8866 -85.7964
      vertex 48.6 30.8054 -85.1796
    endloop
  endfacet
  facet normal -1 0 -0
    outer loop
      vertex 48.6 29.5236 -84.4201
      vertex 48.6 30.7909 -84.9965
      vertex 48.6 29.495 -84.6034
    endloop
  endfacet
  facet normal -1 0 0
    outer loop
      vertex 48.6 29.8022 -85.7148
      vertex 48.6 30.8054 -85.1796
      vertex 48.6 29.8866 -85.7964
    endloop
  endfacet
  facet normal -1 0 0
    outer loop
      vertex 48.6 29.728 -85.6263
      vertex 48.6 30.8054 -85.1796
      vertex 48.6 29.8022 -85.7148
    endloop
  endfacet
  facet normal -1 0 0
    outer loop
      vertex 48.6 30.7909 -84.9965
      vertex 48.6 30.2617 -83.5776
      vertex 48.6 30.4494 -83.5159
    endloop
  endfacet
  facet normal -1 0 0
    outer loop
      vertex 48.6 29.6636 -85.5306
      vertex 48.6 30.8054 -85.1796
      vertex 48.6 29.728 -85.6263
    endloop
  endfacet
  facet normal -1 0 -0
    outer loop
      vertex 48.6 29.5711 -84.2526
      vertex 48.6 30.7909 -84.9965
      vertex 48.6 29.5236 -84.4201
    endloop
  endfacet
  facet normal -1 -0 0
    outer loop
      vertex 48.6 30.8054 -85.1796
      vertex 48.6 29.6636 -85.5306
      vertex 48.6 30.7945 -85.092
    endloop
  endfacet
  facet normal -1 0 0
    outer loop
      vertex 48.6 29.6092 -85.4276
      vertex 48.6 30.7945 -85.092
      vertex 48.6 29.6636 -85.5306
    endloop
  endfacet
  facet normal -1 0 0
    outer loop
      vertex 48.6 30.7909 -84.9965
      vertex 48.6 30.0958 -83.6529
      vertex 48.6 30.2617 -83.5776
    endloop
  endfacet
  facet normal -1 0 0
    outer loop
      vertex 48.6 29.5647 -85.3173
      vertex 48.6 30.7945 -85.092
      vertex 48.6 29.6092 -85.4276
    endloop
  endfacet
  facet normal -1 0 -0
    outer loop
      vertex 48.6 29.6377 -84.1011
      vertex 48.6 30.7909 -84.9965
      vertex 48.6 29.5711 -84.2526
    endloop
  endfacet
  facet normal -1 0 0
    outer loop
      vertex 48.6 29.53 -85.1997
      vertex 48.6 30.7945 -85.092
      vertex 48.6 29.5647 -85.3173
    endloop
  endfacet
  facet normal -1 0 0
    outer loop
      vertex 48.6 30.7909 -84.9965
      vertex 48.6 29.9517 -83.7419
      vertex 48.6 30.0958 -83.6529
    endloop
  endfacet
  facet normal -1 -0 0
    outer loop
      vertex 48.6 30.7945 -85.092
      vertex 48.6 29.53 -85.1997
      vertex 48.6 30.7909 -84.9965
    endloop
  endfacet
  facet normal -1 0 0
    outer loop
      vertex 48.6 30.7909 -84.9965
      vertex 48.6 29.53 -85.1997
      vertex 48.6 29.5053 -85.0747
    endloop
  endfacet
  facet normal -1 0 0
    outer loop
      vertex 48.6 30.7909 -84.9965
      vertex 48.6 29.828 -83.8457
      vertex 48.6 29.9517 -83.7419
    endloop
  endfacet
  facet normal -1 -0 0
    outer loop
      vertex 48.6 30.7909 -84.9965
      vertex 48.6 29.5053 -85.0747
      vertex 48.6 29.4904 -84.9424
    endloop
  endfacet
  facet normal -1 0 0
    outer loop
      vertex 48.6 30.7909 -84.9965
      vertex 48.6 29.6377 -84.1011
      vertex 48.6 29.7234 -83.9654
    endloop
  endfacet
  facet normal -1 0 0
    outer loop
      vertex 48.6 30.7909 -84.9965
      vertex 48.6 29.4904 -84.9424
      vertex 48.6 29.4855 -84.8027
    endloop
  endfacet
  facet normal -1 0 0
    outer loop
      vertex 48.6 30.7909 -84.9965
      vertex 48.6 29.7234 -83.9654
      vertex 48.6 29.828 -83.8457
    endloop
  endfacet
  facet normal -0 0.0486817 0.998814
    outer loop
      vertex 48 51.2811 -88.566
      vertex 48.6 51.1621 -88.5602
      vertex 48.6 51.2811 -88.566
    endloop
  endfacet
  facet normal 0 0.0486817 0.998814
    outer loop
      vertex 48.6 51.1621 -88.5602
      vertex 48 51.2811 -88.566
      vertex 48 51.1621 -88.5602
    endloop
  endfacet
  facet normal -0 0.0822038 0.996616
    outer loop
      vertex 48 51.1621 -88.5602
      vertex 48.6 51.0445 -88.5505
      vertex 48.6 51.1621 -88.5602
    endloop
  endfacet
  facet normal 0 0.0822038 0.996616
    outer loop
      vertex 48.6 51.0445 -88.5505
      vertex 48 51.1621 -88.5602
      vertex 48 51.0445 -88.5505
    endloop
  endfacet
  facet normal -0 0.116148 0.993232
    outer loop
      vertex 48 51.0445 -88.5505
      vertex 48.6 50.9282 -88.5369
      vertex 48.6 51.0445 -88.5505
    endloop
  endfacet
  facet normal 0 0.116148 0.993232
    outer loop
      vertex 48.6 50.9282 -88.5369
      vertex 48 51.0445 -88.5505
      vertex 48 50.9282 -88.5369
    endloop
  endfacet
  facet normal -0 0.149856 0.988708
    outer loop
      vertex 48 50.9282 -88.5369
      vertex 48.6 50.8134 -88.5195
      vertex 48.6 50.9282 -88.5369
    endloop
  endfacet
  facet normal 0 0.149856 0.988708
    outer loop
      vertex 48.6 50.8134 -88.5195
      vertex 48 50.9282 -88.5369
      vertex 48 50.8134 -88.5195
    endloop
  endfacet
  facet normal -0 0.185282 0.982685
    outer loop
      vertex 48 50.8134 -88.5195
      vertex 48.6 50.6999 -88.4981
      vertex 48.6 50.8134 -88.5195
    endloop
  endfacet
  facet normal 0 0.185282 0.982685
    outer loop
      vertex 48.6 50.6999 -88.4981
      vertex 48 50.8134 -88.5195
      vertex 48 50.6999 -88.4981
    endloop
  endfacet
  facet normal -0 0.219326 0.975652
    outer loop
      vertex 48 50.6999 -88.4981
      vertex 48.6 50.5878 -88.4729
      vertex 48.6 50.6999 -88.4981
    endloop
  endfacet
  facet normal 0 0.219326 0.975652
    outer loop
      vertex 48.6 50.5878 -88.4729
      vertex 48 50.6999 -88.4981
      vertex 48 50.5878 -88.4729
    endloop
  endfacet
  facet normal -0 0.253204 0.967413
    outer loop
      vertex 48 50.5878 -88.4729
      vertex 48.6 50.477 -88.4439
      vertex 48.6 50.5878 -88.4729
    endloop
  endfacet
  facet normal 0 0.253204 0.967413
    outer loop
      vertex 48.6 50.477 -88.4439
      vertex 48 50.5878 -88.4729
      vertex 48 50.477 -88.4439
    endloop
  endfacet
  facet normal -0 0.286947 0.957947
    outer loop
      vertex 48 50.477 -88.4439
      vertex 48.6 50.3675 -88.4111
      vertex 48.6 50.477 -88.4439
    endloop
  endfacet
  facet normal 0 0.286947 0.957947
    outer loop
      vertex 48.6 50.3675 -88.4111
      vertex 48 50.477 -88.4439
      vertex 48 50.3675 -88.4111
    endloop
  endfacet
  facet normal -0 0.319376 0.947628
    outer loop
      vertex 48 50.3675 -88.4111
      vertex 48.6 50.2592 -88.3746
      vertex 48.6 50.3675 -88.4111
    endloop
  endfacet
  facet normal 0 0.319376 0.947628
    outer loop
      vertex 48.6 50.2592 -88.3746
      vertex 48 50.3675 -88.4111
      vertex 48 50.2592 -88.3746
    endloop
  endfacet
  facet normal -0 0.352177 0.935934
    outer loop
      vertex 48 50.2592 -88.3746
      vertex 48.6 50.1521 -88.3343
      vertex 48.6 50.2592 -88.3746
    endloop
  endfacet
  facet normal 0 0.352177 0.935934
    outer loop
      vertex 48.6 50.1521 -88.3343
      vertex 48 50.2592 -88.3746
      vertex 48 50.1521 -88.3343
    endloop
  endfacet
  facet normal -0 0.383996 0.923335
    outer loop
      vertex 48 50.1521 -88.3343
      vertex 48.6 50.0463 -88.2903
      vertex 48.6 50.1521 -88.3343
    endloop
  endfacet
  facet normal 0 0.383996 0.923335
    outer loop
      vertex 48.6 50.0463 -88.2903
      vertex 48 50.1521 -88.3343
      vertex 48 50.0463 -88.2903
    endloop
  endfacet
  facet normal -0 0.415245 0.909709
    outer loop
      vertex 48 50.0463 -88.2903
      vertex 48.6 49.9418 -88.2426
      vertex 48.6 50.0463 -88.2903
    endloop
  endfacet
  facet normal 0 0.415245 0.909709
    outer loop
      vertex 48.6 49.9418 -88.2426
      vertex 48 50.0463 -88.2903
      vertex 48 49.9418 -88.2426
    endloop
  endfacet
  facet normal -0 0.446174 0.894946
    outer loop
      vertex 48 49.9418 -88.2426
      vertex 48.6 49.8385 -88.1911
      vertex 48.6 49.9418 -88.2426
    endloop
  endfacet
  facet normal 0 0.446174 0.894946
    outer loop
      vertex 48.6 49.8385 -88.1911
      vertex 48 49.9418 -88.2426
      vertex 48 49.8385 -88.1911
    endloop
  endfacet
  facet normal 0 1 -0
    outer loop
      vertex 48.6 49.8385 -88.1911
      vertex 48 49.8385 -87.1439
      vertex 48.6 49.8385 -87.1439
    endloop
  endfacet
  facet normal 0 1 0
    outer loop
      vertex 48 49.8385 -87.1439
      vertex 48.6 49.8385 -88.1911
      vertex 48 49.8385 -88.1911
    endloop
  endfacet
  facet normal 0 -0.548904 -0.835886
    outer loop
      vertex 48 49.8385 -87.1439
      vertex 48.6 49.9419 -87.2118
      vertex 48.6 49.8385 -87.1439
    endloop
  endfacet
  facet normal -0 -0.548904 -0.835886
    outer loop
      vertex 48.6 49.9419 -87.2118
      vertex 48 49.8385 -87.1439
      vertex 48 49.9419 -87.2118
    endloop
  endfacet
  facet normal 0 -0.518154 -0.855287
    outer loop
      vertex 48 49.9419 -87.2118
      vertex 48.6 50.0449 -87.2742
      vertex 48.6 49.9419 -87.2118
    endloop
  endfacet
  facet normal -0 -0.518154 -0.855287
    outer loop
      vertex 48.6 50.0449 -87.2742
      vertex 48 49.9419 -87.2118
      vertex 48 50.0449 -87.2742
    endloop
  endfacet
  facet normal 0 -0.485932 -0.873997
    outer loop
      vertex 48 50.0449 -87.2742
      vertex 48.6 50.1476 -87.3313
      vertex 48.6 50.0449 -87.2742
    endloop
  endfacet
  facet normal -0 -0.485932 -0.873997
    outer loop
      vertex 48.6 50.1476 -87.3313
      vertex 48 50.0449 -87.2742
      vertex 48 50.1476 -87.3313
    endloop
  endfacet
  facet normal 0 -0.4514 -0.892322
    outer loop
      vertex 48 50.1476 -87.3313
      vertex 48.6 50.2498 -87.383
      vertex 48.6 50.1476 -87.3313
    endloop
  endfacet
  facet normal -0 -0.4514 -0.892322
    outer loop
      vertex 48.6 50.2498 -87.383
      vertex 48 50.1476 -87.3313
      vertex 48 50.2498 -87.383
    endloop
  endfacet
  facet normal 0 -0.414342 -0.910121
    outer loop
      vertex 48 50.2498 -87.383
      vertex 48.6 50.3515 -87.4293
      vertex 48.6 50.2498 -87.383
    endloop
  endfacet
  facet normal -0 -0.414342 -0.910121
    outer loop
      vertex 48.6 50.3515 -87.4293
      vertex 48 50.2498 -87.383
      vertex 48 50.3515 -87.4293
    endloop
  endfacet
  facet normal 0 -0.37407 -0.927401
    outer loop
      vertex 48 50.3515 -87.4293
      vertex 48.6 50.4529 -87.4702
      vertex 48.6 50.3515 -87.4293
    endloop
  endfacet
  facet normal -0 -0.37407 -0.927401
    outer loop
      vertex 48.6 50.4529 -87.4702
      vertex 48 50.3515 -87.4293
      vertex 48 50.4529 -87.4702
    endloop
  endfacet
  facet normal 0 -0.332429 -0.943128
    outer loop
      vertex 48 50.4529 -87.4702
      vertex 48.6 50.5539 -87.5058
      vertex 48.6 50.4529 -87.4702
    endloop
  endfacet
  facet normal -0 -0.332429 -0.943128
    outer loop
      vertex 48.6 50.5539 -87.5058
      vertex 48 50.4529 -87.4702
      vertex 48 50.5539 -87.5058
    endloop
  endfacet
  facet normal 0 -0.287781 -0.957696
    outer loop
      vertex 48 50.5539 -87.5058
      vertex 48.6 50.6554 -87.5363
      vertex 48.6 50.5539 -87.5058
    endloop
  endfacet
  facet normal -0 -0.287781 -0.957696
    outer loop
      vertex 48.6 50.6554 -87.5363
      vertex 48 50.5539 -87.5058
      vertex 48 50.6554 -87.5363
    endloop
  endfacet
  facet normal 0 -0.242979 -0.970032
    outer loop
      vertex 48 50.6554 -87.5363
      vertex 48.6 50.7584 -87.5621
      vertex 48.6 50.6554 -87.5363
    endloop
  endfacet
  facet normal -0 -0.242979 -0.970032
    outer loop
      vertex 48.6 50.7584 -87.5621
      vertex 48 50.6554 -87.5363
      vertex 48 50.7584 -87.5621
    endloop
  endfacet
  facet normal 0 -0.197738 -0.980255
    outer loop
      vertex 48 50.7584 -87.5621
      vertex 48.6 50.863 -87.5832
      vertex 48.6 50.7584 -87.5621
    endloop
  endfacet
  facet normal -0 -0.197738 -0.980255
    outer loop
      vertex 48.6 50.863 -87.5832
      vertex 48 50.7584 -87.5621
      vertex 48 50.863 -87.5832
    endloop
  endfacet
  facet normal 0 -0.152757 -0.988264
    outer loop
      vertex 48 50.863 -87.5832
      vertex 48.6 50.9691 -87.5996
      vertex 48.6 50.863 -87.5832
    endloop
  endfacet
  facet normal -0 -0.152757 -0.988264
    outer loop
      vertex 48.6 50.9691 -87.5996
      vertex 48 50.863 -87.5832
      vertex 48 50.9691 -87.5996
    endloop
  endfacet
  facet normal 0 -0.109012 -0.99404
    outer loop
      vertex 48 50.9691 -87.5996
      vertex 48.6 51.0767 -87.6114
      vertex 48.6 50.9691 -87.5996
    endloop
  endfacet
  facet normal -0 -0.109012 -0.99404
    outer loop
      vertex 48.6 51.0767 -87.6114
      vertex 48 50.9691 -87.5996
      vertex 48 51.0767 -87.6114
    endloop
  endfacet
  facet normal 0 -0.0640297 -0.997948
    outer loop
      vertex 48 51.0767 -87.6114
      vertex 48.6 51.1858 -87.6184
      vertex 48.6 51.0767 -87.6114
    endloop
  endfacet
  facet normal -0 -0.0640297 -0.997948
    outer loop
      vertex 48.6 51.1858 -87.6184
      vertex 48 51.0767 -87.6114
      vertex 48 51.1858 -87.6184
    endloop
  endfacet
  facet normal 0 -0.0207912 -0.999784
    outer loop
      vertex 48 51.1858 -87.6184
      vertex 48.6 51.2964 -87.6207
      vertex 48.6 51.1858 -87.6184
    endloop
  endfacet
  facet normal -0 -0.0207912 -0.999784
    outer loop
      vertex 48.6 51.2964 -87.6207
      vertex 48 51.1858 -87.6184
      vertex 48 51.2964 -87.6207
    endloop
  endfacet
  facet normal 0 0.0469765 -0.998896
    outer loop
      vertex 48 51.2964 -87.6207
      vertex 48.6 51.4899 -87.6116
      vertex 48.6 51.2964 -87.6207
    endloop
  endfacet
  facet normal 0 0.0469765 -0.998896
    outer loop
      vertex 48.6 51.4899 -87.6116
      vertex 48 51.2964 -87.6207
      vertex 48 51.4899 -87.6116
    endloop
  endfacet
  facet normal 0 0.149434 -0.988772
    outer loop
      vertex 48 51.4899 -87.6116
      vertex 48.6 51.6712 -87.5842
      vertex 48.6 51.4899 -87.6116
    endloop
  endfacet
  facet normal 0 0.149434 -0.988772
    outer loop
      vertex 48.6 51.6712 -87.5842
      vertex 48 51.4899 -87.6116
      vertex 48 51.6712 -87.5842
    endloop
  endfacet
  facet normal 0 0.260895 -0.965367
    outer loop
      vertex 48 51.6712 -87.5842
      vertex 48.6 51.8403 -87.5385
      vertex 48.6 51.6712 -87.5842
    endloop
  endfacet
  facet normal 0 0.260895 -0.965367
    outer loop
      vertex 48.6 51.8403 -87.5385
      vertex 48 51.6712 -87.5842
      vertex 48 51.8403 -87.5385
    endloop
  endfacet
  facet normal 0 0.376978 -0.926222
    outer loop
      vertex 48 51.8403 -87.5385
      vertex 48.6 51.9973 -87.4746
      vertex 48.6 51.8403 -87.5385
    endloop
  endfacet
  facet normal 0 0.376978 -0.926222
    outer loop
      vertex 48.6 51.9973 -87.4746
      vertex 48 51.8403 -87.5385
      vertex 48 51.9973 -87.4746
    endloop
  endfacet
  facet normal 0 0.493937 -0.869498
    outer loop
      vertex 48 51.9973 -87.4746
      vertex 48.6 52.142 -87.3924
      vertex 48.6 51.9973 -87.4746
    endloop
  endfacet
  facet normal 0 0.493937 -0.869498
    outer loop
      vertex 48.6 52.142 -87.3924
      vertex 48 51.9973 -87.4746
      vertex 48 52.142 -87.3924
    endloop
  endfacet
  facet normal 0 0.604031 -0.796961
    outer loop
      vertex 48 52.142 -87.3924
      vertex 48.6 52.2746 -87.2919
      vertex 48.6 52.142 -87.3924
    endloop
  endfacet
  facet normal 0 0.604031 -0.796961
    outer loop
      vertex 48.6 52.2746 -87.2919
      vertex 48 52.142 -87.3924
      vertex 48 52.2746 -87.2919
    endloop
  endfacet
  facet normal 0 0.702062 -0.712116
    outer loop
      vertex 48 52.2746 -87.2919
      vertex 48.6 52.395 -87.1732
      vertex 48.6 52.2746 -87.2919
    endloop
  endfacet
  facet normal 0 0.702062 -0.712116
    outer loop
      vertex 48.6 52.395 -87.1732
      vertex 48 52.2746 -87.2919
      vertex 48 52.395 -87.1732
    endloop
  endfacet
  facet normal 0 0.785569 -0.618774
    outer loop
      vertex 48.6 52.395 -87.1732
      vertex 48 52.5011 -87.0385
      vertex 48.6 52.5011 -87.0385
    endloop
  endfacet
  facet normal 0 0.785569 -0.618774
    outer loop
      vertex 48 52.5011 -87.0385
      vertex 48.6 52.395 -87.1732
      vertex 48 52.395 -87.1732
    endloop
  endfacet
  facet normal 0 0.855453 -0.51788
    outer loop
      vertex 48.6 52.5011 -87.0385
      vertex 48 52.591 -86.89
      vertex 48.6 52.591 -86.89
    endloop
  endfacet
  facet normal 0 0.855453 -0.51788
    outer loop
      vertex 48 52.591 -86.89
      vertex 48.6 52.5011 -87.0385
      vertex 48 52.5011 -87.0385
    endloop
  endfacet
  facet normal 0 0.910751 -0.412956
    outer loop
      vertex 48.6 52.591 -86.89
      vertex 48 52.6645 -86.7279
      vertex 48.6 52.6645 -86.7279
    endloop
  endfacet
  facet normal 0 0.910751 -0.412956
    outer loop
      vertex 48 52.6645 -86.7279
      vertex 48.6 52.591 -86.89
      vertex 48 52.591 -86.89
    endloop
  endfacet
  facet normal 0 0.95109 -0.308915
    outer loop
      vertex 48.6 52.6645 -86.7279
      vertex 48 52.7216 -86.5521
      vertex 48.6 52.7216 -86.5521
    endloop
  endfacet
  facet normal 0 0.95109 -0.308915
    outer loop
      vertex 48 52.7216 -86.5521
      vertex 48.6 52.6645 -86.7279
      vertex 48 52.6645 -86.7279
    endloop
  endfacet
  facet normal 0 0.977598 -0.21048
    outer loop
      vertex 48.6 52.7216 -86.5521
      vertex 48 52.7624 -86.3626
      vertex 48.6 52.7624 -86.3626
    endloop
  endfacet
  facet normal 0 0.977598 -0.21048
    outer loop
      vertex 48 52.7624 -86.3626
      vertex 48.6 52.7216 -86.5521
      vertex 48 52.7216 -86.5521
    endloop
  endfacet
  facet normal 0 0.99281 -0.119704
    outer loop
      vertex 48.6 52.7624 -86.3626
      vertex 48 52.7869 -86.1594
      vertex 48.6 52.7869 -86.1594
    endloop
  endfacet
  facet normal 0 0.99281 -0.119704
    outer loop
      vertex 48 52.7869 -86.1594
      vertex 48.6 52.7624 -86.3626
      vertex 48 52.7624 -86.3626
    endloop
  endfacet
  facet normal 0 0.999286 -0.0377785
    outer loop
      vertex 48.6 52.7869 -86.1594
      vertex 48 52.7951 -85.9425
      vertex 48.6 52.7951 -85.9425
    endloop
  endfacet
  facet normal 0 0.999286 -0.0377785
    outer loop
      vertex 48 52.7951 -85.9425
      vertex 48.6 52.7869 -86.1594
      vertex 48 52.7869 -86.1594
    endloop
  endfacet
  facet normal 0 0.999293 0.0376053
    outer loop
      vertex 48.6 52.7951 -85.9425
      vertex 48 52.7869 -85.7246
      vertex 48.6 52.7869 -85.7246
    endloop
  endfacet
  facet normal 0 0.999293 0.0376053
    outer loop
      vertex 48 52.7869 -85.7246
      vertex 48.6 52.7951 -85.9425
      vertex 48 52.7951 -85.9425
    endloop
  endfacet
  facet normal 0 0.992865 0.119241
    outer loop
      vertex 48.6 52.7869 -85.7246
      vertex 48 52.7624 -85.5206
      vertex 48.6 52.7624 -85.5206
    endloop
  endfacet
  facet normal 0 0.992865 0.119241
    outer loop
      vertex 48 52.7624 -85.5206
      vertex 48.6 52.7869 -85.7246
      vertex 48 52.7869 -85.7246
    endloop
  endfacet
  facet normal 0 0.977735 0.209845
    outer loop
      vertex 48.6 52.7624 -85.5206
      vertex 48 52.7216 -85.3305
      vertex 48.6 52.7216 -85.3305
    endloop
  endfacet
  facet normal 0 0.977735 0.209845
    outer loop
      vertex 48 52.7216 -85.3305
      vertex 48.6 52.7624 -85.5206
      vertex 48 52.7624 -85.5206
    endloop
  endfacet
  facet normal 0 0.951347 0.308122
    outer loop
      vertex 48.6 52.7216 -85.3305
      vertex 48 52.6645 -85.1542
      vertex 48.6 52.6645 -85.1542
    endloop
  endfacet
  facet normal 0 0.951347 0.308122
    outer loop
      vertex 48 52.6645 -85.1542
      vertex 48.6 52.7216 -85.3305
      vertex 48 52.7216 -85.3305
    endloop
  endfacet
  facet normal 0 0.911133 0.412112
    outer loop
      vertex 48.6 52.6645 -85.1542
      vertex 48 52.591 -84.9917
      vertex 48.6 52.591 -84.9917
    endloop
  endfacet
  facet normal 0 0.911133 0.412112
    outer loop
      vertex 48 52.591 -84.9917
      vertex 48.6 52.6645 -85.1542
      vertex 48 52.6645 -85.1542
    endloop
  endfacet
  facet normal 0 0.855607 0.517625
    outer loop
      vertex 48.6 52.591 -84.9917
      vertex 48 52.5011 -84.8431
      vertex 48.6 52.5011 -84.8431
    endloop
  endfacet
  facet normal 0 0.855607 0.517625
    outer loop
      vertex 48 52.5011 -84.8431
      vertex 48.6 52.591 -84.9917
      vertex 48 52.591 -84.9917
    endloop
  endfacet
  facet normal 0 0.785792 0.618491
    outer loop
      vertex 48.6 52.5011 -84.8431
      vertex 48 52.395 -84.7083
      vertex 48.6 52.395 -84.7083
    endloop
  endfacet
  facet normal 0 0.785792 0.618491
    outer loop
      vertex 48 52.395 -84.7083
      vertex 48.6 52.5011 -84.8431
      vertex 48 52.5011 -84.8431
    endloop
  endfacet
  facet normal -0 0.702062 0.712116
    outer loop
      vertex 48 52.395 -84.7083
      vertex 48.6 52.2746 -84.5896
      vertex 48.6 52.395 -84.7083
    endloop
  endfacet
  facet normal 0 0.702062 0.712116
    outer loop
      vertex 48.6 52.2746 -84.5896
      vertex 48 52.395 -84.7083
      vertex 48 52.2746 -84.5896
    endloop
  endfacet
  facet normal -0 0.604031 0.796961
    outer loop
      vertex 48 52.2746 -84.5896
      vertex 48.6 52.142 -84.4891
      vertex 48.6 52.2746 -84.5896
    endloop
  endfacet
  facet normal 0 0.604031 0.796961
    outer loop
      vertex 48.6 52.142 -84.4891
      vertex 48 52.2746 -84.5896
      vertex 48 52.142 -84.4891
    endloop
  endfacet
  facet normal -0 0.493937 0.869498
    outer loop
      vertex 48 52.142 -84.4891
      vertex 48.6 51.9973 -84.4069
      vertex 48.6 52.142 -84.4891
    endloop
  endfacet
  facet normal 0 0.493937 0.869498
    outer loop
      vertex 48.6 51.9973 -84.4069
      vertex 48 52.142 -84.4891
      vertex 48 51.9973 -84.4069
    endloop
  endfacet
  facet normal -0 0.376978 0.926222
    outer loop
      vertex 48 51.9973 -84.4069
      vertex 48.6 51.8403 -84.343
      vertex 48.6 51.9973 -84.4069
    endloop
  endfacet
  facet normal 0 0.376978 0.926222
    outer loop
      vertex 48.6 51.8403 -84.343
      vertex 48 51.9973 -84.4069
      vertex 48 51.8403 -84.343
    endloop
  endfacet
  facet normal -0 0.260895 0.965367
    outer loop
      vertex 48 51.8403 -84.343
      vertex 48.6 51.6712 -84.2973
      vertex 48.6 51.8403 -84.343
    endloop
  endfacet
  facet normal 0 0.260895 0.965367
    outer loop
      vertex 48.6 51.6712 -84.2973
      vertex 48 51.8403 -84.343
      vertex 48 51.6712 -84.2973
    endloop
  endfacet
  facet normal -0 0.149434 0.988772
    outer loop
      vertex 48 51.6712 -84.2973
      vertex 48.6 51.4899 -84.2699
      vertex 48.6 51.6712 -84.2973
    endloop
  endfacet
  facet normal 0 0.149434 0.988772
    outer loop
      vertex 48.6 51.4899 -84.2699
      vertex 48 51.6712 -84.2973
      vertex 48 51.4899 -84.2699
    endloop
  endfacet
  facet normal -0 0.0469765 0.998896
    outer loop
      vertex 48 51.4899 -84.2699
      vertex 48.6 51.2964 -84.2608
      vertex 48.6 51.4899 -84.2699
    endloop
  endfacet
  facet normal 0 0.0469765 0.998896
    outer loop
      vertex 48.6 51.2964 -84.2608
      vertex 48 51.4899 -84.2699
      vertex 48 51.2964 -84.2608
    endloop
  endfacet
  facet normal 0 -0.0207912 0.999784
    outer loop
      vertex 48 51.2964 -84.2608
      vertex 48.6 51.1858 -84.2631
      vertex 48.6 51.2964 -84.2608
    endloop
  endfacet
  facet normal 0 -0.0207912 0.999784
    outer loop
      vertex 48.6 51.1858 -84.2631
      vertex 48 51.2964 -84.2608
      vertex 48 51.1858 -84.2631
    endloop
  endfacet
  facet normal 0 -0.0640297 0.997948
    outer loop
      vertex 48 51.1858 -84.2631
      vertex 48.6 51.0767 -84.2701
      vertex 48.6 51.1858 -84.2631
    endloop
  endfacet
  facet normal 0 -0.0640297 0.997948
    outer loop
      vertex 48.6 51.0767 -84.2701
      vertex 48 51.1858 -84.2631
      vertex 48 51.0767 -84.2701
    endloop
  endfacet
  facet normal 0 -0.109012 0.99404
    outer loop
      vertex 48 51.0767 -84.2701
      vertex 48.6 50.9691 -84.2819
      vertex 48.6 51.0767 -84.2701
    endloop
  endfacet
  facet normal 0 -0.109012 0.99404
    outer loop
      vertex 48.6 50.9691 -84.2819
      vertex 48 51.0767 -84.2701
      vertex 48 50.9691 -84.2819
    endloop
  endfacet
  facet normal 0 -0.152757 0.988264
    outer loop
      vertex 48 50.9691 -84.2819
      vertex 48.6 50.863 -84.2983
      vertex 48.6 50.9691 -84.2819
    endloop
  endfacet
  facet normal 0 -0.152757 0.988264
    outer loop
      vertex 48.6 50.863 -84.2983
      vertex 48 50.9691 -84.2819
      vertex 48 50.863 -84.2983
    endloop
  endfacet
  facet normal 0 -0.197738 0.980255
    outer loop
      vertex 48 50.863 -84.2983
      vertex 48.6 50.7584 -84.3194
      vertex 48.6 50.863 -84.2983
    endloop
  endfacet
  facet normal 0 -0.197738 0.980255
    outer loop
      vertex 48.6 50.7584 -84.3194
      vertex 48 50.863 -84.2983
      vertex 48 50.7584 -84.3194
    endloop
  endfacet
  facet normal 0 -0.242979 0.970032
    outer loop
      vertex 48 50.7584 -84.3194
      vertex 48.6 50.6554 -84.3452
      vertex 48.6 50.7584 -84.3194
    endloop
  endfacet
  facet normal 0 -0.242979 0.970032
    outer loop
      vertex 48.6 50.6554 -84.3452
      vertex 48 50.7584 -84.3194
      vertex 48 50.6554 -84.3452
    endloop
  endfacet
  facet normal 0 -0.288646 0.957436
    outer loop
      vertex 48 50.6554 -84.3452
      vertex 48.6 50.5539 -84.3758
      vertex 48.6 50.6554 -84.3452
    endloop
  endfacet
  facet normal 0 -0.288646 0.957436
    outer loop
      vertex 48.6 50.5539 -84.3758
      vertex 48 50.6554 -84.3452
      vertex 48 50.5539 -84.3758
    endloop
  endfacet
  facet normal 0 -0.331598 0.943421
    outer loop
      vertex 48 50.5539 -84.3758
      vertex 48.6 50.4529 -84.4113
      vertex 48.6 50.5539 -84.3758
    endloop
  endfacet
  facet normal 0 -0.331598 0.943421
    outer loop
      vertex 48.6 50.4529 -84.4113
      vertex 48 50.5539 -84.3758
      vertex 48 50.4529 -84.4113
    endloop
  endfacet
  facet normal 0 -0.37407 0.927401
    outer loop
      vertex 48 50.4529 -84.4113
      vertex 48.6 50.3515 -84.4522
      vertex 48.6 50.4529 -84.4113
    endloop
  endfacet
  facet normal 0 -0.37407 0.927401
    outer loop
      vertex 48.6 50.3515 -84.4522
      vertex 48 50.4529 -84.4113
      vertex 48 50.3515 -84.4522
    endloop
  endfacet
  facet normal 0 -0.414342 0.910121
    outer loop
      vertex 48 50.3515 -84.4522
      vertex 48.6 50.2498 -84.4985
      vertex 48.6 50.3515 -84.4522
    endloop
  endfacet
  facet normal 0 -0.414342 0.910121
    outer loop
      vertex 48.6 50.2498 -84.4985
      vertex 48 50.3515 -84.4522
      vertex 48 50.2498 -84.4985
    endloop
  endfacet
  facet normal 0 -0.4514 0.892322
    outer loop
      vertex 48 50.2498 -84.4985
      vertex 48.6 50.1476 -84.5502
      vertex 48.6 50.2498 -84.4985
    endloop
  endfacet
  facet normal 0 -0.4514 0.892322
    outer loop
      vertex 48.6 50.1476 -84.5502
      vertex 48 50.2498 -84.4985
      vertex 48 50.1476 -84.5502
    endloop
  endfacet
  facet normal 0 -0.485932 0.873997
    outer loop
      vertex 48 50.1476 -84.5502
      vertex 48.6 50.0449 -84.6073
      vertex 48.6 50.1476 -84.5502
    endloop
  endfacet
  facet normal 0 -0.485932 0.873997
    outer loop
      vertex 48.6 50.0449 -84.6073
      vertex 48 50.1476 -84.5502
      vertex 48 50.0449 -84.6073
    endloop
  endfacet
  facet normal 0 -0.518154 0.855287
    outer loop
      vertex 48 50.0449 -84.6073
      vertex 48.6 49.9419 -84.6697
      vertex 48.6 50.0449 -84.6073
    endloop
  endfacet
  facet normal 0 -0.518154 0.855287
    outer loop
      vertex 48.6 49.9419 -84.6697
      vertex 48 50.0449 -84.6073
      vertex 48 49.9419 -84.6697
    endloop
  endfacet
  facet normal 0 -0.548904 0.835886
    outer loop
      vertex 48 49.9419 -84.6697
      vertex 48.6 49.8385 -84.7376
      vertex 48.6 49.9419 -84.6697
    endloop
  endfacet
  facet normal 0 -0.548904 0.835886
    outer loop
      vertex 48.6 49.8385 -84.7376
      vertex 48 49.9419 -84.6697
      vertex 48 49.8385 -84.7376
    endloop
  endfacet
  facet normal 0 1 -0
    outer loop
      vertex 48.6 49.8385 -84.7376
      vertex 48 49.8385 -83.6904
      vertex 48.6 49.8385 -83.6904
    endloop
  endfacet
  facet normal 0 1 0
    outer loop
      vertex 48 49.8385 -83.6904
      vertex 48.6 49.8385 -84.7376
      vertex 48 49.8385 -84.7376
    endloop
  endfacet
  facet normal 0 0.446174 -0.894946
    outer loop
      vertex 48 49.8385 -83.6904
      vertex 48.6 49.9418 -83.6389
      vertex 48.6 49.8385 -83.6904
    endloop
  endfacet
  facet normal 0 0.446174 -0.894946
    outer loop
      vertex 48.6 49.9418 -83.6389
      vertex 48 49.8385 -83.6904
      vertex 48 49.9418 -83.6389
    endloop
  endfacet
  facet normal 0 0.415245 -0.909709
    outer loop
      vertex 48 49.9418 -83.6389
      vertex 48.6 50.0463 -83.5912
      vertex 48.6 49.9418 -83.6389
    endloop
  endfacet
  facet normal 0 0.415245 -0.909709
    outer loop
      vertex 48.6 50.0463 -83.5912
      vertex 48 49.9418 -83.6389
      vertex 48 50.0463 -83.5912
    endloop
  endfacet
  facet normal 0 0.383996 -0.923335
    outer loop
      vertex 48 50.0463 -83.5912
      vertex 48.6 50.1521 -83.5472
      vertex 48.6 50.0463 -83.5912
    endloop
  endfacet
  facet normal 0 0.383996 -0.923335
    outer loop
      vertex 48.6 50.1521 -83.5472
      vertex 48 50.0463 -83.5912
      vertex 48 50.1521 -83.5472
    endloop
  endfacet
  facet normal 0 0.352177 -0.935934
    outer loop
      vertex 48 50.1521 -83.5472
      vertex 48.6 50.2592 -83.5069
      vertex 48.6 50.1521 -83.5472
    endloop
  endfacet
  facet normal 0 0.352177 -0.935934
    outer loop
      vertex 48.6 50.2592 -83.5069
      vertex 48 50.1521 -83.5472
      vertex 48 50.2592 -83.5069
    endloop
  endfacet
  facet normal 0 0.319376 -0.947628
    outer loop
      vertex 48 50.2592 -83.5069
      vertex 48.6 50.3675 -83.4704
      vertex 48.6 50.2592 -83.5069
    endloop
  endfacet
  facet normal 0 0.319376 -0.947628
    outer loop
      vertex 48.6 50.3675 -83.4704
      vertex 48 50.2592 -83.5069
      vertex 48 50.3675 -83.4704
    endloop
  endfacet
  facet normal 0 0.286947 -0.957947
    outer loop
      vertex 48 50.3675 -83.4704
      vertex 48.6 50.477 -83.4376
      vertex 48.6 50.3675 -83.4704
    endloop
  endfacet
  facet normal 0 0.286947 -0.957947
    outer loop
      vertex 48.6 50.477 -83.4376
      vertex 48 50.3675 -83.4704
      vertex 48 50.477 -83.4376
    endloop
  endfacet
  facet normal 0 0.253204 -0.967413
    outer loop
      vertex 48 50.477 -83.4376
      vertex 48.6 50.5878 -83.4086
      vertex 48.6 50.477 -83.4376
    endloop
  endfacet
  facet normal 0 0.253204 -0.967413
    outer loop
      vertex 48.6 50.5878 -83.4086
      vertex 48 50.477 -83.4376
      vertex 48 50.5878 -83.4086
    endloop
  endfacet
  facet normal 0 0.219326 -0.975652
    outer loop
      vertex 48 50.5878 -83.4086
      vertex 48.6 50.6999 -83.3834
      vertex 48.6 50.5878 -83.4086
    endloop
  endfacet
  facet normal 0 0.219326 -0.975652
    outer loop
      vertex 48.6 50.6999 -83.3834
      vertex 48 50.5878 -83.4086
      vertex 48 50.6999 -83.3834
    endloop
  endfacet
  facet normal 0 0.185282 -0.982685
    outer loop
      vertex 48 50.6999 -83.3834
      vertex 48.6 50.8134 -83.362
      vertex 48.6 50.6999 -83.3834
    endloop
  endfacet
  facet normal 0 0.185282 -0.982685
    outer loop
      vertex 48.6 50.8134 -83.362
      vertex 48 50.6999 -83.3834
      vertex 48 50.8134 -83.362
    endloop
  endfacet
  facet normal 0 0.149856 -0.988708
    outer loop
      vertex 48 50.8134 -83.362
      vertex 48.6 50.9282 -83.3446
      vertex 48.6 50.8134 -83.362
    endloop
  endfacet
  facet normal 0 0.149856 -0.988708
    outer loop
      vertex 48.6 50.9282 -83.3446
      vertex 48 50.8134 -83.362
      vertex 48 50.9282 -83.3446
    endloop
  endfacet
  facet normal 0 0.116148 -0.993232
    outer loop
      vertex 48 50.9282 -83.3446
      vertex 48.6 51.0445 -83.331
      vertex 48.6 50.9282 -83.3446
    endloop
  endfacet
  facet normal 0 0.116148 -0.993232
    outer loop
      vertex 48.6 51.0445 -83.331
      vertex 48 50.9282 -83.3446
      vertex 48 51.0445 -83.331
    endloop
  endfacet
  facet normal 0 0.0822038 -0.996616
    outer loop
      vertex 48 51.0445 -83.331
      vertex 48.6 51.1621 -83.3213
      vertex 48.6 51.0445 -83.331
    endloop
  endfacet
  facet normal 0 0.0822038 -0.996616
    outer loop
      vertex 48.6 51.1621 -83.3213
      vertex 48 51.0445 -83.331
      vertex 48 51.1621 -83.3213
    endloop
  endfacet
  facet normal 0 0.0486817 -0.998814
    outer loop
      vertex 48 51.1621 -83.3213
      vertex 48.6 51.2811 -83.3155
      vertex 48.6 51.1621 -83.3213
    endloop
  endfacet
  facet normal 0 0.0486817 -0.998814
    outer loop
      vertex 48.6 51.2811 -83.3155
      vertex 48 51.1621 -83.3213
      vertex 48 51.2811 -83.3155
    endloop
  endfacet
  facet normal 0 0.0157657 -0.999876
    outer loop
      vertex 48 51.2811 -83.3155
      vertex 48.6 51.4016 -83.3136
      vertex 48.6 51.2811 -83.3155
    endloop
  endfacet
  facet normal 0 0.0157657 -0.999876
    outer loop
      vertex 48.6 51.4016 -83.3136
      vertex 48 51.2811 -83.3155
      vertex 48 51.4016 -83.3136
    endloop
  endfacet
  facet normal 0 -0.0410378 -0.999158
    outer loop
      vertex 48 51.4016 -83.3136
      vertex 48.6 51.7522 -83.328
      vertex 48.6 51.4016 -83.3136
    endloop
  endfacet
  facet normal -0 -0.0410378 -0.999158
    outer loop
      vertex 48.6 51.7522 -83.328
      vertex 48 51.4016 -83.3136
      vertex 48 51.7522 -83.328
    endloop
  endfacet
  facet normal 0 -0.130447 -0.991455
    outer loop
      vertex 48 51.7522 -83.328
      vertex 48.6 52.0813 -83.3713
      vertex 48.6 51.7522 -83.328
    endloop
  endfacet
  facet normal -0 -0.130447 -0.991455
    outer loop
      vertex 48.6 52.0813 -83.3713
      vertex 48 51.7522 -83.328
      vertex 48 52.0813 -83.3713
    endloop
  endfacet
  facet normal 0 -0.228369 -0.973575
    outer loop
      vertex 48 52.0813 -83.3713
      vertex 48.6 52.3891 -83.4435
      vertex 48.6 52.0813 -83.3713
    endloop
  endfacet
  facet normal -0 -0.228369 -0.973575
    outer loop
      vertex 48.6 52.3891 -83.4435
      vertex 48 52.0813 -83.3713
      vertex 48 52.3891 -83.4435
    endloop
  endfacet
  facet normal 0 -0.332786 -0.943002
    outer loop
      vertex 48 52.3891 -83.4435
      vertex 48.6 52.6753 -83.5445
      vertex 48.6 52.3891 -83.4435
    endloop
  endfacet
  facet normal -0 -0.332786 -0.943002
    outer loop
      vertex 48.6 52.6753 -83.5445
      vertex 48 52.3891 -83.4435
      vertex 48 52.6753 -83.5445
    endloop
  endfacet
  facet normal 0 -0.44042 -0.897792
    outer loop
      vertex 48 52.6753 -83.5445
      vertex 48.6 52.9401 -83.6744
      vertex 48.6 52.6753 -83.5445
    endloop
  endfacet
  facet normal -0 -0.44042 -0.897792
    outer loop
      vertex 48.6 52.9401 -83.6744
      vertex 48 52.6753 -83.5445
      vertex 48 52.9401 -83.6744
    endloop
  endfacet
  facet normal 0 -0.546415 -0.837515
    outer loop
      vertex 48 52.9401 -83.6744
      vertex 48.6 53.1835 -83.8332
      vertex 48.6 52.9401 -83.6744
    endloop
  endfacet
  facet normal -0 -0.546415 -0.837515
    outer loop
      vertex 48.6 53.1835 -83.8332
      vertex 48 52.9401 -83.6744
      vertex 48 53.1835 -83.8332
    endloop
  endfacet
  facet normal 0 -0.645618 -0.76366
    outer loop
      vertex 48 53.1835 -83.8332
      vertex 48.6 53.4054 -84.0208
      vertex 48.6 53.1835 -83.8332
    endloop
  endfacet
  facet normal -0 -0.645618 -0.76366
    outer loop
      vertex 48.6 53.4054 -84.0208
      vertex 48 53.1835 -83.8332
      vertex 48 53.4054 -84.0208
    endloop
  endfacet
  facet normal 0 -0.734737 -0.678352
    outer loop
      vertex 48 53.6015 -84.2332
      vertex 48.6 53.4054 -84.0208
      vertex 48 53.4054 -84.0208
    endloop
  endfacet
  facet normal 0 -0.734737 -0.678352
    outer loop
      vertex 48.6 53.4054 -84.0208
      vertex 48 53.6015 -84.2332
      vertex 48.6 53.6015 -84.2332
    endloop
  endfacet
  facet normal 0 -0.814842 -0.579684
    outer loop
      vertex 48 53.7674 -84.4664
      vertex 48.6 53.6015 -84.2332
      vertex 48 53.6015 -84.2332
    endloop
  endfacet
  facet normal 0 -0.814842 -0.579684
    outer loop
      vertex 48.6 53.6015 -84.2332
      vertex 48 53.7674 -84.4664
      vertex 48.6 53.7674 -84.4664
    endloop
  endfacet
  facet normal 0 -0.881717 -0.471778
    outer loop
      vertex 48 53.9032 -84.7202
      vertex 48.6 53.7674 -84.4664
      vertex 48 53.7674 -84.4664
    endloop
  endfacet
  facet normal 0 -0.881717 -0.471778
    outer loop
      vertex 48.6 53.7674 -84.4664
      vertex 48 53.9032 -84.7202
      vertex 48.6 53.9032 -84.7202
    endloop
  endfacet
  facet normal 0 -0.933319 -0.359047
    outer loop
      vertex 48 54.0088 -84.9947
      vertex 48.6 53.9032 -84.7202
      vertex 48 53.9032 -84.7202
    endloop
  endfacet
  facet normal 0 -0.933319 -0.359047
    outer loop
      vertex 48.6 53.9032 -84.7202
      vertex 48 54.0088 -84.9947
      vertex 48.6 54.0088 -84.9947
    endloop
  endfacet
  facet normal 0 -0.968894 -0.247475
    outer loop
      vertex 48 54.0842 -85.2899
      vertex 48.6 54.0088 -84.9947
      vertex 48 54.0088 -84.9947
    endloop
  endfacet
  facet normal 0 -0.968894 -0.247475
    outer loop
      vertex 48.6 54.0088 -84.9947
      vertex 48 54.0842 -85.2899
      vertex 48.6 54.0842 -85.2899
    endloop
  endfacet
  facet normal 0 -0.989874 -0.141948
    outer loop
      vertex 48 54.1295 -85.6058
      vertex 48.6 54.0842 -85.2899
      vertex 48 54.0842 -85.2899
    endloop
  endfacet
  facet normal 0 -0.989874 -0.141948
    outer loop
      vertex 48.6 54.0842 -85.2899
      vertex 48 54.1295 -85.6058
      vertex 48.6 54.1295 -85.6058
    endloop
  endfacet
  facet normal 0 -0.999009 -0.0445059
    outer loop
      vertex 48 54.1445 -85.9425
      vertex 48.6 54.1295 -85.6058
      vertex 48 54.1295 -85.6058
    endloop
  endfacet
  facet normal 0 -0.999009 -0.0445059
    outer loop
      vertex 48.6 54.1295 -85.6058
      vertex 48 54.1445 -85.9425
      vertex 48.6 54.1445 -85.9425
    endloop
  endfacet
  facet normal 0 -0.999003 0.0446382
    outer loop
      vertex 48 54.1295 -86.2782
      vertex 48.6 54.1445 -85.9425
      vertex 48 54.1445 -85.9425
    endloop
  endfacet
  facet normal 0 -0.999003 0.0446382
    outer loop
      vertex 48.6 54.1445 -85.9425
      vertex 48 54.1295 -86.2782
      vertex 48.6 54.1295 -86.2782
    endloop
  endfacet
  facet normal 0 -0.989823 0.142301
    outer loop
      vertex 48 54.0842 -86.5933
      vertex 48.6 54.1295 -86.2782
      vertex 48 54.1295 -86.2782
    endloop
  endfacet
  facet normal 0 -0.989823 0.142301
    outer loop
      vertex 48.6 54.1295 -86.2782
      vertex 48 54.0842 -86.5933
      vertex 48.6 54.0842 -86.5933
    endloop
  endfacet
  facet normal 0 -0.968773 0.247948
    outer loop
      vertex 48 54.0088 -86.8879
      vertex 48.6 54.0842 -86.5933
      vertex 48 54.0842 -86.5933
    endloop
  endfacet
  facet normal 0 -0.968773 0.247948
    outer loop
      vertex 48.6 54.0842 -86.5933
      vertex 48 54.0088 -86.8879
      vertex 48.6 54.0088 -86.8879
    endloop
  endfacet
  facet normal 0 -0.933144 0.359504
    outer loop
      vertex 48 53.9032 -87.162
      vertex 48.6 54.0088 -86.8879
      vertex 48 54.0088 -86.8879
    endloop
  endfacet
  facet normal 0 -0.933144 0.359504
    outer loop
      vertex 48.6 54.0088 -86.8879
      vertex 48 53.9032 -87.162
      vertex 48.6 53.9032 -87.162
    endloop
  endfacet
  facet normal 0 -0.881408 0.472357
    outer loop
      vertex 48 53.7674 -87.4154
      vertex 48.6 53.9032 -87.162
      vertex 48 53.9032 -87.162
    endloop
  endfacet
  facet normal 0 -0.881408 0.472357
    outer loop
      vertex 48.6 53.9032 -87.162
      vertex 48 53.7674 -87.4154
      vertex 48.6 53.7674 -87.4154
    endloop
  endfacet
  facet normal 0 -0.814489 0.580179
    outer loop
      vertex 48 53.6015 -87.6483
      vertex 48.6 53.7674 -87.4154
      vertex 48 53.7674 -87.4154
    endloop
  endfacet
  facet normal 0 -0.814489 0.580179
    outer loop
      vertex 48.6 53.7674 -87.4154
      vertex 48 53.6015 -87.6483
      vertex 48.6 53.6015 -87.6483
    endloop
  endfacet
  facet normal 0 -0.734737 0.678352
    outer loop
      vertex 48 53.4054 -87.8607
      vertex 48.6 53.6015 -87.6483
      vertex 48 53.6015 -87.6483
    endloop
  endfacet
  facet normal 0 -0.734737 0.678352
    outer loop
      vertex 48.6 53.6015 -87.6483
      vertex 48 53.4054 -87.8607
      vertex 48.6 53.4054 -87.8607
    endloop
  endfacet
  facet normal 0 -0.645618 0.76366
    outer loop
      vertex 48 53.4054 -87.8607
      vertex 48.6 53.1835 -88.0483
      vertex 48.6 53.4054 -87.8607
    endloop
  endfacet
  facet normal 0 -0.645618 0.76366
    outer loop
      vertex 48.6 53.1835 -88.0483
      vertex 48 53.4054 -87.8607
      vertex 48 53.1835 -88.0483
    endloop
  endfacet
  facet normal 0 -0.546415 0.837515
    outer loop
      vertex 48 53.1835 -88.0483
      vertex 48.6 52.9401 -88.2071
      vertex 48.6 53.1835 -88.0483
    endloop
  endfacet
  facet normal 0 -0.546415 0.837515
    outer loop
      vertex 48.6 52.9401 -88.2071
      vertex 48 53.1835 -88.0483
      vertex 48 52.9401 -88.2071
    endloop
  endfacet
  facet normal 0 -0.44042 0.897792
    outer loop
      vertex 48 52.9401 -88.2071
      vertex 48.6 52.6753 -88.337
      vertex 48.6 52.9401 -88.2071
    endloop
  endfacet
  facet normal 0 -0.44042 0.897792
    outer loop
      vertex 48.6 52.6753 -88.337
      vertex 48 52.9401 -88.2071
      vertex 48 52.6753 -88.337
    endloop
  endfacet
  facet normal 0 -0.332786 0.943002
    outer loop
      vertex 48 52.6753 -88.337
      vertex 48.6 52.3891 -88.438
      vertex 48.6 52.6753 -88.337
    endloop
  endfacet
  facet normal 0 -0.332786 0.943002
    outer loop
      vertex 48.6 52.3891 -88.438
      vertex 48 52.6753 -88.337
      vertex 48 52.3891 -88.438
    endloop
  endfacet
  facet normal 0 -0.228369 0.973575
    outer loop
      vertex 48 52.3891 -88.438
      vertex 48.6 52.0813 -88.5102
      vertex 48.6 52.3891 -88.438
    endloop
  endfacet
  facet normal 0 -0.228369 0.973575
    outer loop
      vertex 48.6 52.0813 -88.5102
      vertex 48 52.3891 -88.438
      vertex 48 52.0813 -88.5102
    endloop
  endfacet
  facet normal 0 -0.130447 0.991455
    outer loop
      vertex 48 52.0813 -88.5102
      vertex 48.6 51.7522 -88.5535
      vertex 48.6 52.0813 -88.5102
    endloop
  endfacet
  facet normal 0 -0.130447 0.991455
    outer loop
      vertex 48.6 51.7522 -88.5535
      vertex 48 52.0813 -88.5102
      vertex 48 51.7522 -88.5535
    endloop
  endfacet
  facet normal 0 -0.0410378 0.999158
    outer loop
      vertex 48 51.7522 -88.5535
      vertex 48.6 51.4016 -88.5679
      vertex 48.6 51.7522 -88.5535
    endloop
  endfacet
  facet normal 0 -0.0410378 0.999158
    outer loop
      vertex 48.6 51.4016 -88.5679
      vertex 48 51.7522 -88.5535
      vertex 48 51.4016 -88.5679
    endloop
  endfacet
  facet normal -0 0.0157657 0.999876
    outer loop
      vertex 48 51.4016 -88.5679
      vertex 48.6 51.2811 -88.566
      vertex 48.6 51.4016 -88.5679
    endloop
  endfacet
  facet normal 0 0.0157657 0.999876
    outer loop
      vertex 48.6 51.2811 -88.566
      vertex 48 51.4016 -88.5679
      vertex 48 51.2811 -88.566
    endloop
  endfacet
  facet normal -0 0.134051 0.990974
    outer loop
      vertex 48 46.2256 -88.5537
      vertex 48.6 45.9092 -88.5109
      vertex 48.6 46.2256 -88.5537
    endloop
  endfacet
  facet normal 0 0.134051 0.990974
    outer loop
      vertex 48.6 45.9092 -88.5109
      vertex 48 46.2256 -88.5537
      vertex 48 45.9092 -88.5109
    endloop
  endfacet
  facet normal -0 0.235081 0.971976
    outer loop
      vertex 48 45.9092 -88.5109
      vertex 48.6 45.6144 -88.4396
      vertex 48.6 45.9092 -88.5109
    endloop
  endfacet
  facet normal 0 0.235081 0.971976
    outer loop
      vertex 48.6 45.6144 -88.4396
      vertex 48 45.9092 -88.5109
      vertex 48 45.6144 -88.4396
    endloop
  endfacet
  facet normal -0 0.343123 0.93929
    outer loop
      vertex 48 45.6144 -88.4396
      vertex 48.6 45.3412 -88.3398
      vertex 48.6 45.6144 -88.4396
    endloop
  endfacet
  facet normal 0 0.343123 0.93929
    outer loop
      vertex 48.6 45.3412 -88.3398
      vertex 48 45.6144 -88.4396
      vertex 48 45.3412 -88.3398
    endloop
  endfacet
  facet normal -0 0.454705 0.890642
    outer loop
      vertex 48 45.3412 -88.3398
      vertex 48.6 45.0897 -88.2114
      vertex 48.6 45.3412 -88.3398
    endloop
  endfacet
  facet normal 0 0.454705 0.890642
    outer loop
      vertex 48.6 45.0897 -88.2114
      vertex 48 45.3412 -88.3398
      vertex 48 45.0897 -88.2114
    endloop
  endfacet
  facet normal -0 0.563292 0.826258
    outer loop
      vertex 48 45.0897 -88.2114
      vertex 48.6 44.8597 -88.0546
      vertex 48.6 45.0897 -88.2114
    endloop
  endfacet
  facet normal 0 0.563292 0.826258
    outer loop
      vertex 48.6 44.8597 -88.0546
      vertex 48 45.0897 -88.2114
      vertex 48 44.8597 -88.0546
    endloop
  endfacet
  facet normal -0 0.664675 0.747132
    outer loop
      vertex 48 44.8597 -88.0546
      vertex 48.6 44.6513 -87.8692
      vertex 48.6 44.8597 -88.0546
    endloop
  endfacet
  facet normal 0 0.664675 0.747132
    outer loop
      vertex 48.6 44.6513 -87.8692
      vertex 48 44.8597 -88.0546
      vertex 48 44.6513 -87.8692
    endloop
  endfacet
  facet normal 0 0.753618 0.657313
    outer loop
      vertex 48.6 44.6513 -87.8692
      vertex 48 44.4677 -87.6587
      vertex 48.6 44.4677 -87.6587
    endloop
  endfacet
  facet normal 0 0.753618 0.657313
    outer loop
      vertex 48 44.4677 -87.6587
      vertex 48.6 44.6513 -87.8692
      vertex 48 44.6513 -87.8692
    endloop
  endfacet
  facet normal 0 0.831167 0.556022
    outer loop
      vertex 48.6 44.4677 -87.6587
      vertex 48 44.3125 -87.4267
      vertex 48.6 44.3125 -87.4267
    endloop
  endfacet
  facet normal 0 0.831167 0.556022
    outer loop
      vertex 48 44.3125 -87.4267
      vertex 48.6 44.4677 -87.6587
      vertex 48 44.4677 -87.6587
    endloop
  endfacet
  facet normal 0 0.894074 0.447918
    outer loop
      vertex 48.6 44.3125 -87.4267
      vertex 48 44.1854 -87.173
      vertex 48.6 44.1854 -87.173
    endloop
  endfacet
  facet normal 0 0.894074 0.447918
    outer loop
      vertex 48 44.1854 -87.173
      vertex 48.6 44.3125 -87.4267
      vertex 48 44.3125 -87.4267
    endloop
  endfacet
  facet normal 0 0.941184 0.337896
    outer loop
      vertex 48.6 44.1854 -87.173
      vertex 48 44.0866 -86.8978
      vertex 48.6 44.0866 -86.8978
    endloop
  endfacet
  facet normal 0 0.941184 0.337896
    outer loop
      vertex 48 44.0866 -86.8978
      vertex 48.6 44.1854 -87.173
      vertex 48 44.1854 -87.173
    endloop
  endfacet
  facet normal 0 0.972873 0.23134
    outer loop
      vertex 48.6 44.0866 -86.8978
      vertex 48 44.016 -86.6009
      vertex 48.6 44.016 -86.6009
    endloop
  endfacet
  facet normal 0 0.972873 0.23134
    outer loop
      vertex 48 44.016 -86.6009
      vertex 48.6 44.0866 -86.8978
      vertex 48 44.0866 -86.8978
    endloop
  endfacet
  facet normal 0 0.99129 0.131695
    outer loop
      vertex 48.6 44.016 -86.6009
      vertex 48 43.9737 -86.2825
      vertex 48.6 43.9737 -86.2825
    endloop
  endfacet
  facet normal 0 0.99129 0.131695
    outer loop
      vertex 48 43.9737 -86.2825
      vertex 48.6 44.016 -86.6009
      vertex 48 44.016 -86.6009
    endloop
  endfacet
  facet normal 0 0.999141 0.041435
    outer loop
      vertex 48.6 43.9737 -86.2825
      vertex 48 43.9596 -85.9425
      vertex 48.6 43.9596 -85.9425
    endloop
  endfacet
  facet normal 0 0.999141 0.041435
    outer loop
      vertex 48 43.9596 -85.9425
      vertex 48.6 43.9737 -86.2825
      vertex 48 43.9737 -86.2825
    endloop
  endfacet
  facet normal 0 0.999146 -0.0413137
    outer loop
      vertex 48.6 43.9596 -85.9425
      vertex 48 43.9737 -85.6015
      vertex 48.6 43.9737 -85.6015
    endloop
  endfacet
  facet normal 0 0.999146 -0.0413137
    outer loop
      vertex 48 43.9737 -85.6015
      vertex 48.6 43.9596 -85.9425
      vertex 48 43.9596 -85.9425
    endloop
  endfacet
  facet normal 0 0.991333 -0.13137
    outer loop
      vertex 48.6 43.9737 -85.6015
      vertex 48 44.016 -85.2823
      vertex 48.6 44.016 -85.2823
    endloop
  endfacet
  facet normal 0 0.991333 -0.13137
    outer loop
      vertex 48 44.016 -85.2823
      vertex 48.6 43.9737 -85.6015
      vertex 48 43.9737 -85.6015
    endloop
  endfacet
  facet normal 0 0.972978 -0.230898
    outer loop
      vertex 48.6 44.016 -85.2823
      vertex 48 44.0866 -84.9848
      vertex 48.6 44.0866 -84.9848
    endloop
  endfacet
  facet normal 0 0.972978 -0.230898
    outer loop
      vertex 48 44.0866 -84.9848
      vertex 48.6 44.016 -85.2823
      vertex 48 44.016 -85.2823
    endloop
  endfacet
  facet normal 0 0.941378 -0.337353
    outer loop
      vertex 48.6 44.0866 -84.9848
      vertex 48 44.1854 -84.7091
      vertex 48.6 44.1854 -84.7091
    endloop
  endfacet
  facet normal 0 0.941378 -0.337353
    outer loop
      vertex 48 44.1854 -84.7091
      vertex 48.6 44.0866 -84.9848
      vertex 48 44.0866 -84.9848
    endloop
  endfacet
  facet normal 0 0.894286 -0.447495
    outer loop
      vertex 48.6 44.1854 -84.7091
      vertex 48 44.3125 -84.4551
      vertex 48.6 44.3125 -84.4551
    endloop
  endfacet
  facet normal 0 0.894286 -0.447495
    outer loop
      vertex 48 44.3125 -84.4551
      vertex 48.6 44.1854 -84.7091
      vertex 48 44.1854 -84.7091
    endloop
  endfacet
  facet normal 0 0.831389 -0.555691
    outer loop
      vertex 48.6 44.3125 -84.4551
      vertex 48 44.4677 -84.2229
      vertex 48.6 44.4677 -84.2229
    endloop
  endfacet
  facet normal 0 0.831389 -0.555691
    outer loop
      vertex 48 44.4677 -84.2229
      vertex 48.6 44.3125 -84.4551
      vertex 48 44.3125 -84.4551
    endloop
  endfacet
  facet normal 0 0.753618 -0.657313
    outer loop
      vertex 48.6 44.4677 -84.2229
      vertex 48 44.6513 -84.0124
      vertex 48.6 44.6513 -84.0124
    endloop
  endfacet
  facet normal 0 0.753618 -0.657313
    outer loop
      vertex 48 44.6513 -84.0124
      vertex 48.6 44.4677 -84.2229
      vertex 48 44.4677 -84.2229
    endloop
  endfacet
  facet normal 0 0.664675 -0.747132
    outer loop
      vertex 48 44.6513 -84.0124
      vertex 48.6 44.8597 -83.827
      vertex 48.6 44.6513 -84.0124
    endloop
  endfacet
  facet normal 0 0.664675 -0.747132
    outer loop
      vertex 48.6 44.8597 -83.827
      vertex 48 44.6513 -84.0124
      vertex 48 44.8597 -83.827
    endloop
  endfacet
  facet normal 0 0.563537 -0.826091
    outer loop
      vertex 48 44.8597 -83.827
      vertex 48.6 45.0897 -83.6701
      vertex 48.6 44.8597 -83.827
    endloop
  endfacet
  facet normal 0 0.563537 -0.826091
    outer loop
      vertex 48.6 45.0897 -83.6701
      vertex 48 44.8597 -83.827
      vertex 48 45.0897 -83.6701
    endloop
  endfacet
  facet normal 0 0.454705 -0.890642
    outer loop
      vertex 48 45.0897 -83.6701
      vertex 48.6 45.3412 -83.5417
      vertex 48.6 45.0897 -83.6701
    endloop
  endfacet
  facet normal 0 0.454705 -0.890642
    outer loop
      vertex 48.6 45.3412 -83.5417
      vertex 48 45.0897 -83.6701
      vertex 48 45.3412 -83.5417
    endloop
  endfacet
  facet normal 0 0.343123 -0.93929
    outer loop
      vertex 48 45.3412 -83.5417
      vertex 48.6 45.6144 -83.4419
      vertex 48.6 45.3412 -83.5417
    endloop
  endfacet
  facet normal 0 0.343123 -0.93929
    outer loop
      vertex 48.6 45.6144 -83.4419
      vertex 48 45.3412 -83.5417
      vertex 48 45.6144 -83.4419
    endloop
  endfacet
  facet normal 0 0.235081 -0.971976
    outer loop
      vertex 48 45.6144 -83.4419
      vertex 48.6 45.9092 -83.3706
      vertex 48.6 45.6144 -83.4419
    endloop
  endfacet
  facet normal 0 0.235081 -0.971976
    outer loop
      vertex 48.6 45.9092 -83.3706
      vertex 48 45.6144 -83.4419
      vertex 48 45.9092 -83.3706
    endloop
  endfacet
  facet normal 0 0.134051 -0.990974
    outer loop
      vertex 48 45.9092 -83.3706
      vertex 48.6 46.2256 -83.3278
      vertex 48.6 45.9092 -83.3706
    endloop
  endfacet
  facet normal 0 0.134051 -0.990974
    outer loop
      vertex 48.6 46.2256 -83.3278
      vertex 48 45.9092 -83.3706
      vertex 48 46.2256 -83.3278
    endloop
  endfacet
  facet normal 0 0.0419748 -0.999119
    outer loop
      vertex 48 46.2256 -83.3278
      vertex 48.6 46.5636 -83.3136
      vertex 48.6 46.2256 -83.3278
    endloop
  endfacet
  facet normal 0 0.0419748 -0.999119
    outer loop
      vertex 48.6 46.5636 -83.3136
      vertex 48 46.2256 -83.3278
      vertex 48 46.5636 -83.3136
    endloop
  endfacet
  facet normal 0 -0.0420991 -0.999113
    outer loop
      vertex 48 46.5636 -83.3136
      vertex 48.6 46.9006 -83.3278
      vertex 48.6 46.5636 -83.3136
    endloop
  endfacet
  facet normal -0 -0.0420991 -0.999113
    outer loop
      vertex 48.6 46.9006 -83.3278
      vertex 48 46.5636 -83.3136
      vertex 48 46.9006 -83.3278
    endloop
  endfacet
  facet normal 0 -0.134301 -0.990941
    outer loop
      vertex 48 46.9006 -83.3278
      vertex 48.6 47.2164 -83.3706
      vertex 48.6 46.9006 -83.3278
    endloop
  endfacet
  facet normal -0 -0.134301 -0.990941
    outer loop
      vertex 48.6 47.2164 -83.3706
      vertex 48 46.9006 -83.3278
      vertex 48 47.2164 -83.3706
    endloop
  endfacet
  facet normal 0 -0.235458 -0.971884
    outer loop
      vertex 48 47.2164 -83.3706
      vertex 48.6 47.5107 -83.4419
      vertex 48.6 47.2164 -83.3706
    endloop
  endfacet
  facet normal -0 -0.235458 -0.971884
    outer loop
      vertex 48.6 47.5107 -83.4419
      vertex 48 47.2164 -83.3706
      vertex 48 47.5107 -83.4419
    endloop
  endfacet
  facet normal 0 -0.343456 -0.939169
    outer loop
      vertex 48 47.5107 -83.4419
      vertex 48.6 47.7836 -83.5417
      vertex 48.6 47.5107 -83.4419
    endloop
  endfacet
  facet normal -0 -0.343456 -0.939169
    outer loop
      vertex 48.6 47.7836 -83.5417
      vertex 48 47.5107 -83.4419
      vertex 48 47.7836 -83.5417
    endloop
  endfacet
  facet normal 0 -0.454562 -0.890715
    outer loop
      vertex 48 47.7836 -83.5417
      vertex 48.6 48.0352 -83.6701
      vertex 48.6 47.7836 -83.5417
    endloop
  endfacet
  facet normal -0 -0.454562 -0.890715
    outer loop
      vertex 48.6 48.0352 -83.6701
      vertex 48 47.7836 -83.5417
      vertex 48 48.0352 -83.6701
    endloop
  endfacet
  facet normal 0 -0.563203 -0.826318
    outer loop
      vertex 48 48.0352 -83.6701
      vertex 48.6 48.2654 -83.827
      vertex 48.6 48.0352 -83.6701
    endloop
  endfacet
  facet normal -0 -0.563203 -0.826318
    outer loop
      vertex 48.6 48.2654 -83.827
      vertex 48 48.0352 -83.6701
      vertex 48 48.2654 -83.827
    endloop
  endfacet
  facet normal 0 -0.663964 -0.747765
    outer loop
      vertex 48 48.2654 -83.827
      vertex 48.6 48.4742 -84.0124
      vertex 48.6 48.2654 -83.827
    endloop
  endfacet
  facet normal -0 -0.663964 -0.747765
    outer loop
      vertex 48.6 48.4742 -84.0124
      vertex 48 48.2654 -83.827
      vertex 48 48.4742 -84.0124
    endloop
  endfacet
  facet normal 0 -0.753086 -0.657922
    outer loop
      vertex 48 48.6581 -84.2229
      vertex 48.6 48.4742 -84.0124
      vertex 48 48.4742 -84.0124
    endloop
  endfacet
  facet normal 0 -0.753086 -0.657922
    outer loop
      vertex 48.6 48.4742 -84.0124
      vertex 48 48.6581 -84.2229
      vertex 48.6 48.6581 -84.2229
    endloop
  endfacet
  facet normal 0 -0.830562 -0.556927
    outer loop
      vertex 48 48.8138 -84.4551
      vertex 48.6 48.6581 -84.2229
      vertex 48 48.6581 -84.2229
    endloop
  endfacet
  facet normal 0 -0.830562 -0.556927
    outer loop
      vertex 48.6 48.6581 -84.2229
      vertex 48 48.8138 -84.4551
      vertex 48.6 48.8138 -84.4551
    endloop
  endfacet
  facet normal 0 -0.894004 -0.448058
    outer loop
      vertex 48 48.9411 -84.7091
      vertex 48.6 48.8138 -84.4551
      vertex 48 48.8138 -84.4551
    endloop
  endfacet
  facet normal 0 -0.894004 -0.448058
    outer loop
      vertex 48.6 48.8138 -84.4551
      vertex 48 48.9411 -84.7091
      vertex 48.6 48.9411 -84.7091
    endloop
  endfacet
  facet normal 0 -0.941053 -0.33826
    outer loop
      vertex 48 49.0402 -84.9848
      vertex 48.6 48.9411 -84.7091
      vertex 48 48.9411 -84.7091
    endloop
  endfacet
  facet normal 0 -0.941053 -0.33826
    outer loop
      vertex 48.6 48.9411 -84.7091
      vertex 48 49.0402 -84.9848
      vertex 48.6 49.0402 -84.9848
    endloop
  endfacet
  facet normal 0 -0.972904 -0.231208
    outer loop
      vertex 48 49.1109 -85.2823
      vertex 48.6 49.0402 -84.9848
      vertex 48 49.0402 -84.9848
    endloop
  endfacet
  facet normal 0 -0.972904 -0.231208
    outer loop
      vertex 48.6 49.0402 -84.9848
      vertex 48 49.1109 -85.2823
      vertex 48.6 49.1109 -85.2823
    endloop
  endfacet
  facet normal 0 -0.991252 -0.131981
    outer loop
      vertex 48 49.1534 -85.6015
      vertex 48.6 49.1109 -85.2823
      vertex 48 49.1109 -85.2823
    endloop
  endfacet
  facet normal 0 -0.991252 -0.131981
    outer loop
      vertex 48.6 49.1109 -85.2823
      vertex 48 49.1534 -85.6015
      vertex 48.6 49.1534 -85.6015
    endloop
  endfacet
  facet normal 0 -0.999146 -0.0413137
    outer loop
      vertex 48 49.1675 -85.9425
      vertex 48.6 49.1534 -85.6015
      vertex 48 49.1534 -85.6015
    endloop
  endfacet
  facet normal 0 -0.999146 -0.0413137
    outer loop
      vertex 48.6 49.1534 -85.6015
      vertex 48 49.1675 -85.9425
      vertex 48.6 49.1675 -85.9425
    endloop
  endfacet
  facet normal 0 -0.999141 0.041435
    outer loop
      vertex 48 49.1534 -86.2825
      vertex 48.6 49.1675 -85.9425
      vertex 48 49.1675 -85.9425
    endloop
  endfacet
  facet normal 0 -0.999141 0.041435
    outer loop
      vertex 48.6 49.1675 -85.9425
      vertex 48 49.1534 -86.2825
      vertex 48.6 49.1534 -86.2825
    endloop
  endfacet
  facet normal 0 -0.991209 0.132306
    outer loop
      vertex 48 49.1109 -86.6009
      vertex 48.6 49.1534 -86.2825
      vertex 48 49.1534 -86.2825
    endloop
  endfacet
  facet normal 0 -0.991209 0.132306
    outer loop
      vertex 48.6 49.1534 -86.2825
      vertex 48 49.1109 -86.6009
      vertex 48.6 49.1109 -86.6009
    endloop
  endfacet
  facet normal 0 -0.972799 0.23165
    outer loop
      vertex 48 49.0402 -86.8978
      vertex 48.6 49.1109 -86.6009
      vertex 48 49.1109 -86.6009
    endloop
  endfacet
  facet normal 0 -0.972799 0.23165
    outer loop
      vertex 48.6 49.1109 -86.6009
      vertex 48 49.0402 -86.8978
      vertex 48.6 49.0402 -86.8978
    endloop
  endfacet
  facet normal 0 -0.940857 0.338804
    outer loop
      vertex 48 48.9411 -87.173
      vertex 48.6 49.0402 -86.8978
      vertex 48 49.0402 -86.8978
    endloop
  endfacet
  facet normal 0 -0.940857 0.338804
    outer loop
      vertex 48.6 49.0402 -86.8978
      vertex 48 48.9411 -87.173
      vertex 48.6 48.9411 -87.173
    endloop
  endfacet
  facet normal 0 -0.893792 0.448481
    outer loop
      vertex 48 48.8138 -87.4267
      vertex 48.6 48.9411 -87.173
      vertex 48 48.9411 -87.173
    endloop
  endfacet
  facet normal 0 -0.893792 0.448481
    outer loop
      vertex 48.6 48.9411 -87.173
      vertex 48 48.8138 -87.4267
      vertex 48.6 48.8138 -87.4267
    endloop
  endfacet
  facet normal 0 -0.830339 0.557258
    outer loop
      vertex 48 48.6581 -87.6587
      vertex 48.6 48.8138 -87.4267
      vertex 48 48.8138 -87.4267
    endloop
  endfacet
  facet normal 0 -0.830339 0.557258
    outer loop
      vertex 48.6 48.8138 -87.4267
      vertex 48 48.6581 -87.6587
      vertex 48.6 48.6581 -87.6587
    endloop
  endfacet
  facet normal 0 -0.753086 0.657922
    outer loop
      vertex 48 48.4742 -87.8692
      vertex 48.6 48.6581 -87.6587
      vertex 48 48.6581 -87.6587
    endloop
  endfacet
  facet normal 0 -0.753086 0.657922
    outer loop
      vertex 48.6 48.6581 -87.6587
      vertex 48 48.4742 -87.8692
      vertex 48.6 48.4742 -87.8692
    endloop
  endfacet
  facet normal 0 -0.663964 0.747765
    outer loop
      vertex 48 48.4742 -87.8692
      vertex 48.6 48.2654 -88.0546
      vertex 48.6 48.4742 -87.8692
    endloop
  endfacet
  facet normal 0 -0.663964 0.747765
    outer loop
      vertex 48.6 48.2654 -88.0546
      vertex 48 48.4742 -87.8692
      vertex 48 48.2654 -88.0546
    endloop
  endfacet
  facet normal 0 -0.562958 0.826486
    outer loop
      vertex 48 48.2654 -88.0546
      vertex 48.6 48.0352 -88.2114
      vertex 48.6 48.2654 -88.0546
    endloop
  endfacet
  facet normal 0 -0.562958 0.826486
    outer loop
      vertex 48.6 48.0352 -88.2114
      vertex 48 48.2654 -88.0546
      vertex 48 48.0352 -88.2114
    endloop
  endfacet
  facet normal 0 -0.454562 0.890715
    outer loop
      vertex 48 48.0352 -88.2114
      vertex 48.6 47.7836 -88.3398
      vertex 48.6 48.0352 -88.2114
    endloop
  endfacet
  facet normal 0 -0.454562 0.890715
    outer loop
      vertex 48.6 47.7836 -88.3398
      vertex 48 48.0352 -88.2114
      vertex 48 47.7836 -88.3398
    endloop
  endfacet
  facet normal 0 -0.343456 0.939169
    outer loop
      vertex 48 47.7836 -88.3398
      vertex 48.6 47.5107 -88.4396
      vertex 48.6 47.7836 -88.3398
    endloop
  endfacet
  facet normal 0 -0.343456 0.939169
    outer loop
      vertex 48.6 47.5107 -88.4396
      vertex 48 47.7836 -88.3398
      vertex 48 47.5107 -88.4396
    endloop
  endfacet
  facet normal 0 -0.235458 0.971884
    outer loop
      vertex 48 47.5107 -88.4396
      vertex 48.6 47.2164 -88.5109
      vertex 48.6 47.5107 -88.4396
    endloop
  endfacet
  facet normal 0 -0.235458 0.971884
    outer loop
      vertex 48.6 47.2164 -88.5109
      vertex 48 47.5107 -88.4396
      vertex 48 47.2164 -88.5109
    endloop
  endfacet
  facet normal 0 -0.134301 0.990941
    outer loop
      vertex 48 47.2164 -88.5109
      vertex 48.6 46.9006 -88.5537
      vertex 48.6 47.2164 -88.5109
    endloop
  endfacet
  facet normal 0 -0.134301 0.990941
    outer loop
      vertex 48.6 46.9006 -88.5537
      vertex 48 47.2164 -88.5109
      vertex 48 46.9006 -88.5537
    endloop
  endfacet
  facet normal 0 -0.0420991 0.999113
    outer loop
      vertex 48 46.9006 -88.5537
      vertex 48.6 46.5636 -88.5679
      vertex 48.6 46.9006 -88.5537
    endloop
  endfacet
  facet normal 0 -0.0420991 0.999113
    outer loop
      vertex 48.6 46.5636 -88.5679
      vertex 48 46.9006 -88.5537
      vertex 48 46.5636 -88.5679
    endloop
  endfacet
  facet normal -0 0.0419748 0.999119
    outer loop
      vertex 48 46.5636 -88.5679
      vertex 48.6 46.2256 -88.5537
      vertex 48.6 46.5636 -88.5679
    endloop
  endfacet
  facet normal 0 0.0419748 0.999119
    outer loop
      vertex 48.6 46.2256 -88.5537
      vertex 48 46.5636 -88.5679
      vertex 48 46.2256 -88.5537
    endloop
  endfacet
  facet normal 0 0.171962 -0.985104
    outer loop
      vertex 48 46.7286 -87.6117
      vertex 48.6 46.8827 -87.5848
      vertex 48.6 46.7286 -87.6117
    endloop
  endfacet
  facet normal 0 0.171962 -0.985104
    outer loop
      vertex 48.6 46.8827 -87.5848
      vertex 48 46.7286 -87.6117
      vertex 48 46.8827 -87.5848
    endloop
  endfacet
  facet normal 0 0.299983 -0.953945
    outer loop
      vertex 48 46.8827 -87.5848
      vertex 48.6 47.0258 -87.5398
      vertex 48.6 46.8827 -87.5848
    endloop
  endfacet
  facet normal 0 0.299983 -0.953945
    outer loop
      vertex 48.6 47.0258 -87.5398
      vertex 48 46.8827 -87.5848
      vertex 48 47.0258 -87.5398
    endloop
  endfacet
  facet normal 0 0.429934 -0.902861
    outer loop
      vertex 48 47.0258 -87.5398
      vertex 48.6 47.1581 -87.4768
      vertex 48.6 47.0258 -87.5398
    endloop
  endfacet
  facet normal 0 0.429934 -0.902861
    outer loop
      vertex 48.6 47.1581 -87.4768
      vertex 48 47.0258 -87.5398
      vertex 48 47.1581 -87.4768
    endloop
  endfacet
  facet normal 0 0.554858 -0.831945
    outer loop
      vertex 48 47.1581 -87.4768
      vertex 48.6 47.2794 -87.3959
      vertex 48.6 47.1581 -87.4768
    endloop
  endfacet
  facet normal 0 0.554858 -0.831945
    outer loop
      vertex 48.6 47.2794 -87.3959
      vertex 48 47.1581 -87.4768
      vertex 48 47.2794 -87.3959
    endloop
  endfacet
  facet normal 0 0.667622 -0.7445
    outer loop
      vertex 48 47.2794 -87.3959
      vertex 48.6 47.3898 -87.2969
      vertex 48.6 47.2794 -87.3959
    endloop
  endfacet
  facet normal 0 0.667622 -0.7445
    outer loop
      vertex 48.6 47.3898 -87.2969
      vertex 48 47.2794 -87.3959
      vertex 48 47.3898 -87.2969
    endloop
  endfacet
  facet normal 0 0.761827 -0.647781
    outer loop
      vertex 48.6 47.3898 -87.2969
      vertex 48 47.4892 -87.18
      vertex 48.6 47.4892 -87.18
    endloop
  endfacet
  facet normal 0 0.761827 -0.647781
    outer loop
      vertex 48 47.4892 -87.18
      vertex 48.6 47.3898 -87.2969
      vertex 48 47.3898 -87.2969
    endloop
  endfacet
  facet normal 0 0.836372 -0.548163
    outer loop
      vertex 48.6 47.4892 -87.18
      vertex 48 47.5765 -87.0468
      vertex 48.6 47.5765 -87.0468
    endloop
  endfacet
  facet normal 0 0.836372 -0.548163
    outer loop
      vertex 48 47.5765 -87.0468
      vertex 48.6 47.4892 -87.18
      vertex 48 47.4892 -87.18
    endloop
  endfacet
  facet normal 0 0.894669 -0.446729
    outer loop
      vertex 48.6 47.5765 -87.0468
      vertex 48 47.6503 -86.899
      vertex 48.6 47.6503 -86.899
    endloop
  endfacet
  facet normal 0 0.894669 -0.446729
    outer loop
      vertex 48 47.6503 -86.899
      vertex 48.6 47.5765 -87.0468
      vertex 48 47.5765 -87.0468
    endloop
  endfacet
  facet normal 0 0.937134 -0.34897
    outer loop
      vertex 48.6 47.6503 -86.899
      vertex 48 47.7107 -86.7368
      vertex 48.6 47.7107 -86.7368
    endloop
  endfacet
  facet normal 0 0.937134 -0.34897
    outer loop
      vertex 48 47.7107 -86.7368
      vertex 48.6 47.6503 -86.899
      vertex 48 47.6503 -86.899
    endloop
  endfacet
  facet normal 0 0.966434 -0.256914
    outer loop
      vertex 48.6 47.7107 -86.7368
      vertex 48 47.7577 -86.56
      vertex 48.6 47.7577 -86.56
    endloop
  endfacet
  facet normal 0 0.966434 -0.256914
    outer loop
      vertex 48 47.7577 -86.56
      vertex 48.6 47.7107 -86.7368
      vertex 48 47.7107 -86.7368
    endloop
  endfacet
  facet normal 0 0.985011 -0.172493
    outer loop
      vertex 48.6 47.7577 -86.56
      vertex 48 47.7912 -86.3687
      vertex 48.6 47.7912 -86.3687
    endloop
  endfacet
  facet normal 0 0.985011 -0.172493
    outer loop
      vertex 48 47.7912 -86.3687
      vertex 48.6 47.7577 -86.56
      vertex 48 47.7577 -86.56
    endloop
  endfacet
  facet normal 0 0.995222 -0.0976371
    outer loop
      vertex 48.6 47.7912 -86.3687
      vertex 48 47.8114 -86.1628
      vertex 48.6 47.8114 -86.1628
    endloop
  endfacet
  facet normal 0 0.995222 -0.0976371
    outer loop
      vertex 48 47.8114 -86.1628
      vertex 48.6 47.7912 -86.3687
      vertex 48 47.7912 -86.3687
    endloop
  endfacet
  facet normal 0 0.999538 -0.030399
    outer loop
      vertex 48.6 47.8114 -86.1628
      vertex 48 47.8181 -85.9425
      vertex 48.6 47.8181 -85.9425
    endloop
  endfacet
  facet normal 0 0.999538 -0.030399
    outer loop
      vertex 48 47.8181 -85.9425
      vertex 48.6 47.8114 -86.1628
      vertex 48 47.8114 -86.1628
    endloop
  endfacet
  facet normal 0 0.999542 0.0302618
    outer loop
      vertex 48.6 47.8181 -85.9425
      vertex 48 47.8114 -85.7212
      vertex 48.6 47.8114 -85.7212
    endloop
  endfacet
  facet normal 0 0.999542 0.0302618
    outer loop
      vertex 48 47.8114 -85.7212
      vertex 48.6 47.8181 -85.9425
      vertex 48 47.8181 -85.9425
    endloop
  endfacet
  facet normal 0 0.995254 0.0973095
    outer loop
      vertex 48.6 47.8114 -85.7212
      vertex 48 47.7912 -85.5146
      vertex 48.6 47.7912 -85.5146
    endloop
  endfacet
  facet normal 0 0.995254 0.0973095
    outer loop
      vertex 48 47.7912 -85.5146
      vertex 48.6 47.8114 -85.7212
      vertex 48 47.8114 -85.7212
    endloop
  endfacet
  facet normal 0 0.985117 0.171882
    outer loop
      vertex 48.6 47.7912 -85.5146
      vertex 48 47.7577 -85.3226
      vertex 48.6 47.7577 -85.3226
    endloop
  endfacet
  facet normal 0 0.985117 0.171882
    outer loop
      vertex 48 47.7577 -85.3226
      vertex 48.6 47.7912 -85.5146
      vertex 48 47.7912 -85.5146
    endloop
  endfacet
  facet normal 0 0.966578 0.256372
    outer loop
      vertex 48.6 47.7577 -85.3226
      vertex 48 47.7107 -85.1454
      vertex 48.6 47.7107 -85.1454
    endloop
  endfacet
  facet normal 0 0.966578 0.256372
    outer loop
      vertex 48 47.7107 -85.1454
      vertex 48.6 47.7577 -85.3226
      vertex 48 47.7577 -85.3226
    endloop
  endfacet
  facet normal 0 0.937415 0.348215
    outer loop
      vertex 48.6 47.7107 -85.1454
      vertex 48 47.6503 -84.9828
      vertex 48.6 47.6503 -84.9828
    endloop
  endfacet
  facet normal 0 0.937415 0.348215
    outer loop
      vertex 48 47.6503 -84.9828
      vertex 48.6 47.7107 -85.1454
      vertex 48 47.7107 -85.1454
    endloop
  endfacet
  facet normal 0 0.89491 0.446246
    outer loop
      vertex 48.6 47.6503 -84.9828
      vertex 48 47.5765 -84.8348
      vertex 48.6 47.5765 -84.8348
    endloop
  endfacet
  facet normal 0 0.89491 0.446246
    outer loop
      vertex 48 47.5765 -84.8348
      vertex 48.6 47.6503 -84.9828
      vertex 48 47.6503 -84.9828
    endloop
  endfacet
  facet normal 0 0.836372 0.548163
    outer loop
      vertex 48.6 47.5765 -84.8348
      vertex 48 47.4892 -84.7016
      vertex 48.6 47.4892 -84.7016
    endloop
  endfacet
  facet normal 0 0.836372 0.548163
    outer loop
      vertex 48 47.4892 -84.7016
      vertex 48.6 47.5765 -84.8348
      vertex 48 47.5765 -84.8348
    endloop
  endfacet
  facet normal 0 0.7621 0.647459
    outer loop
      vertex 48.6 47.4892 -84.7016
      vertex 48 47.3898 -84.5846
      vertex 48.6 47.3898 -84.5846
    endloop
  endfacet
  facet normal 0 0.7621 0.647459
    outer loop
      vertex 48 47.3898 -84.5846
      vertex 48.6 47.4892 -84.7016
      vertex 48 47.4892 -84.7016
    endloop
  endfacet
  facet normal -0 0.667248 0.744835
    outer loop
      vertex 48 47.3898 -84.5846
      vertex 48.6 47.2794 -84.4857
      vertex 48.6 47.3898 -84.5846
    endloop
  endfacet
  facet normal 0 0.667248 0.744835
    outer loop
      vertex 48.6 47.2794 -84.4857
      vertex 48 47.3898 -84.5846
      vertex 48 47.2794 -84.4857
    endloop
  endfacet
  facet normal -0 0.555333 0.831628
    outer loop
      vertex 48 47.2794 -84.4857
      vertex 48.6 47.1581 -84.4047
      vertex 48.6 47.2794 -84.4857
    endloop
  endfacet
  facet normal 0 0.555333 0.831628
    outer loop
      vertex 48.6 47.1581 -84.4047
      vertex 48 47.2794 -84.4857
      vertex 48 47.1581 -84.4047
    endloop
  endfacet
  facet normal -0 0.429934 0.902861
    outer loop
      vertex 48 47.1581 -84.4047
      vertex 48.6 47.0258 -84.3417
      vertex 48.6 47.1581 -84.4047
    endloop
  endfacet
  facet normal 0 0.429934 0.902861
    outer loop
      vertex 48.6 47.0258 -84.3417
      vertex 48 47.1581 -84.4047
      vertex 48 47.0258 -84.3417
    endloop
  endfacet
  facet normal -0 0.299983 0.953945
    outer loop
      vertex 48 47.0258 -84.3417
      vertex 48.6 46.8827 -84.2967
      vertex 48.6 47.0258 -84.3417
    endloop
  endfacet
  facet normal 0 0.299983 0.953945
    outer loop
      vertex 48.6 46.8827 -84.2967
      vertex 48 47.0258 -84.3417
      vertex 48 46.8827 -84.2967
    endloop
  endfacet
  facet normal -0 0.171962 0.985104
    outer loop
      vertex 48 46.8827 -84.2967
      vertex 48.6 46.7286 -84.2698
      vertex 48.6 46.8827 -84.2967
    endloop
  endfacet
  facet normal 0 0.171962 0.985104
    outer loop
      vertex 48.6 46.7286 -84.2698
      vertex 48 46.8827 -84.2967
      vertex 48 46.7286 -84.2698
    endloop
  endfacet
  facet normal -0 0.0544645 0.998516
    outer loop
      vertex 48 46.7286 -84.2698
      vertex 48.6 46.5636 -84.2608
      vertex 48.6 46.7286 -84.2698
    endloop
  endfacet
  facet normal 0 0.0544645 0.998516
    outer loop
      vertex 48.6 46.5636 -84.2608
      vertex 48 46.7286 -84.2698
      vertex 48 46.5636 -84.2608
    endloop
  endfacet
  facet normal 0 -0.0541374 0.998533
    outer loop
      vertex 48 46.5636 -84.2608
      vertex 48.6 46.3976 -84.2698
      vertex 48.6 46.5636 -84.2608
    endloop
  endfacet
  facet normal 0 -0.0541374 0.998533
    outer loop
      vertex 48.6 46.3976 -84.2698
      vertex 48 46.5636 -84.2608
      vertex 48 46.3976 -84.2698
    endloop
  endfacet
  facet normal 0 -0.171207 0.985235
    outer loop
      vertex 48 46.3976 -84.2698
      vertex 48.6 46.2428 -84.2967
      vertex 48.6 46.3976 -84.2698
    endloop
  endfacet
  facet normal 0 -0.171207 0.985235
    outer loop
      vertex 48.6 46.2428 -84.2967
      vertex 48 46.3976 -84.2698
      vertex 48 46.2428 -84.2967
    endloop
  endfacet
  facet normal 0 -0.298653 0.954362
    outer loop
      vertex 48 46.2428 -84.2967
      vertex 48.6 46.099 -84.3417
      vertex 48.6 46.2428 -84.2967
    endloop
  endfacet
  facet normal 0 -0.298653 0.954362
    outer loop
      vertex 48.6 46.099 -84.3417
      vertex 48 46.2428 -84.2967
      vertex 48 46.099 -84.3417
    endloop
  endfacet
  facet normal 0 -0.428876 0.903363
    outer loop
      vertex 48 46.099 -84.3417
      vertex 48.6 45.9663 -84.4047
      vertex 48.6 46.099 -84.3417
    endloop
  endfacet
  facet normal 0 -0.428876 0.903363
    outer loop
      vertex 48.6 45.9663 -84.4047
      vertex 48 46.099 -84.3417
      vertex 48 45.9663 -84.4047
    endloop
  endfacet
  facet normal 0 -0.554069 0.832471
    outer loop
      vertex 48 45.9663 -84.4047
      vertex 48.6 45.8446 -84.4857
      vertex 48.6 45.9663 -84.4047
    endloop
  endfacet
  facet normal 0 -0.554069 0.832471
    outer loop
      vertex 48.6 45.8446 -84.4857
      vertex 48 45.9663 -84.4047
      vertex 48 45.8446 -84.4857
    endloop
  endfacet
  facet normal 0 -0.666913 0.745135
    outer loop
      vertex 48 45.8446 -84.4857
      vertex 48.6 45.7341 -84.5846
      vertex 48.6 45.8446 -84.4857
    endloop
  endfacet
  facet normal 0 -0.666913 0.745135
    outer loop
      vertex 48.6 45.7341 -84.5846
      vertex 48 45.8446 -84.4857
      vertex 48 45.7341 -84.5846
    endloop
  endfacet
  facet normal 0 -0.761779 0.647837
    outer loop
      vertex 48 45.6346 -84.7016
      vertex 48.6 45.7341 -84.5846
      vertex 48 45.7341 -84.5846
    endloop
  endfacet
  facet normal 0 -0.761779 0.647837
    outer loop
      vertex 48.6 45.7341 -84.5846
      vertex 48 45.6346 -84.7016
      vertex 48.6 45.6346 -84.7016
    endloop
  endfacet
  facet normal 0 -0.836372 0.548163
    outer loop
      vertex 48 45.5473 -84.8348
      vertex 48.6 45.6346 -84.7016
      vertex 48 45.6346 -84.7016
    endloop
  endfacet
  facet normal 0 -0.836372 0.548163
    outer loop
      vertex 48.6 45.6346 -84.7016
      vertex 48 45.5473 -84.8348
      vertex 48.6 45.5473 -84.8348
    endloop
  endfacet
  facet normal 0 -0.894669 0.44673
    outer loop
      vertex 48 45.4734 -84.9828
      vertex 48.6 45.5473 -84.8348
      vertex 48 45.5473 -84.8348
    endloop
  endfacet
  facet normal 0 -0.894669 0.44673
    outer loop
      vertex 48.6 45.5473 -84.8348
      vertex 48 45.4734 -84.9828
      vertex 48.6 45.4734 -84.9828
    endloop
  endfacet
  facet normal 0 -0.937415 0.348215
    outer loop
      vertex 48 45.413 -85.1454
      vertex 48.6 45.4734 -84.9828
      vertex 48 45.4734 -84.9828
    endloop
  endfacet
  facet normal 0 -0.937415 0.348215
    outer loop
      vertex 48.6 45.4734 -84.9828
      vertex 48 45.413 -85.1454
      vertex 48.6 45.413 -85.1454
    endloop
  endfacet
  facet normal 0 -0.966713 0.255863
    outer loop
      vertex 48 45.3661 -85.3226
      vertex 48.6 45.413 -85.1454
      vertex 48 45.413 -85.1454
    endloop
  endfacet
  facet normal 0 -0.966713 0.255863
    outer loop
      vertex 48.6 45.413 -85.1454
      vertex 48 45.3661 -85.3226
      vertex 48.6 45.3661 -85.3226
    endloop
  endfacet
  facet normal 0 -0.98503 0.17238
    outer loop
      vertex 48 45.3325 -85.5146
      vertex 48.6 45.3661 -85.3226
      vertex 48 45.3661 -85.3226
    endloop
  endfacet
  facet normal 0 -0.98503 0.17238
    outer loop
      vertex 48.6 45.3661 -85.3226
      vertex 48 45.3325 -85.5146
      vertex 48.6 45.3325 -85.5146
    endloop
  endfacet
  facet normal 0 -0.995301 0.0968323
    outer loop
      vertex 48 45.3124 -85.7212
      vertex 48.6 45.3325 -85.5146
      vertex 48 45.3325 -85.5146
    endloop
  endfacet
  facet normal 0 -0.995301 0.0968323
    outer loop
      vertex 48.6 45.3325 -85.5146
      vertex 48 45.3124 -85.7212
      vertex 48.6 45.3124 -85.7212
    endloop
  endfacet
  facet normal 0 -0.999528 0.030713
    outer loop
      vertex 48 45.3056 -85.9425
      vertex 48.6 45.3124 -85.7212
      vertex 48 45.3124 -85.7212
    endloop
  endfacet
  facet normal 0 -0.999528 0.030713
    outer loop
      vertex 48.6 45.3124 -85.7212
      vertex 48 45.3056 -85.9425
      vertex 48.6 45.3056 -85.9425
    endloop
  endfacet
  facet normal 0 -0.999524 -0.0308523
    outer loop
      vertex 48 45.3124 -86.1628
      vertex 48.6 45.3056 -85.9425
      vertex 48 45.3056 -85.9425
    endloop
  endfacet
  facet normal 0 -0.999524 -0.0308523
    outer loop
      vertex 48.6 45.3056 -85.9425
      vertex 48 45.3124 -86.1628
      vertex 48.6 45.3124 -86.1628
    endloop
  endfacet
  facet normal 0 -0.995269 -0.0971584
    outer loop
      vertex 48 45.3325 -86.3687
      vertex 48.6 45.3124 -86.1628
      vertex 48 45.3124 -86.1628
    endloop
  endfacet
  facet normal 0 -0.995269 -0.0971584
    outer loop
      vertex 48.6 45.3124 -86.1628
      vertex 48 45.3325 -86.3687
      vertex 48.6 45.3325 -86.3687
    endloop
  endfacet
  facet normal 0 -0.984923 -0.172992
    outer loop
      vertex 48 45.3661 -86.56
      vertex 48.6 45.3325 -86.3687
      vertex 48 45.3325 -86.3687
    endloop
  endfacet
  facet normal 0 -0.984923 -0.172992
    outer loop
      vertex 48.6 45.3325 -86.3687
      vertex 48 45.3661 -86.56
      vertex 48.6 45.3661 -86.56
    endloop
  endfacet
  facet normal 0 -0.96657 -0.256403
    outer loop
      vertex 48 45.413 -86.7368
      vertex 48.6 45.3661 -86.56
      vertex 48 45.3661 -86.56
    endloop
  endfacet
  facet normal 0 -0.96657 -0.256403
    outer loop
      vertex 48.6 45.3661 -86.56
      vertex 48 45.413 -86.7368
      vertex 48.6 45.413 -86.7368
    endloop
  endfacet
  facet normal 0 -0.937134 -0.34897
    outer loop
      vertex 48 45.4734 -86.899
      vertex 48.6 45.413 -86.7368
      vertex 48 45.413 -86.7368
    endloop
  endfacet
  facet normal 0 -0.937134 -0.34897
    outer loop
      vertex 48.6 45.413 -86.7368
      vertex 48 45.4734 -86.899
      vertex 48.6 45.4734 -86.899
    endloop
  endfacet
  facet normal 0 -0.894427 -0.447214
    outer loop
      vertex 48 45.5473 -87.0468
      vertex 48.6 45.4734 -86.899
      vertex 48 45.4734 -86.899
    endloop
  endfacet
  facet normal 0 -0.894427 -0.447214
    outer loop
      vertex 48.6 45.4734 -86.899
      vertex 48 45.5473 -87.0468
      vertex 48.6 45.5473 -87.0468
    endloop
  endfacet
  facet normal 0 -0.836372 -0.548163
    outer loop
      vertex 48 45.6346 -87.18
      vertex 48.6 45.5473 -87.0468
      vertex 48 45.5473 -87.0468
    endloop
  endfacet
  facet normal 0 -0.836372 -0.548163
    outer loop
      vertex 48.6 45.5473 -87.0468
      vertex 48 45.6346 -87.18
      vertex 48.6 45.6346 -87.18
    endloop
  endfacet
  facet normal 0 -0.761505 -0.648159
    outer loop
      vertex 48 45.7341 -87.2969
      vertex 48.6 45.6346 -87.18
      vertex 48 45.6346 -87.18
    endloop
  endfacet
  facet normal 0 -0.761505 -0.648159
    outer loop
      vertex 48.6 45.6346 -87.18
      vertex 48 45.7341 -87.2969
      vertex 48.6 45.7341 -87.2969
    endloop
  endfacet
  facet normal 0 -0.667287 -0.7448
    outer loop
      vertex 48 45.7341 -87.2969
      vertex 48.6 45.8446 -87.3959
      vertex 48.6 45.7341 -87.2969
    endloop
  endfacet
  facet normal -0 -0.667287 -0.7448
    outer loop
      vertex 48.6 45.8446 -87.3959
      vertex 48 45.7341 -87.2969
      vertex 48 45.8446 -87.3959
    endloop
  endfacet
  facet normal 0 -0.553594 -0.832786
    outer loop
      vertex 48 45.8446 -87.3959
      vertex 48.6 45.9663 -87.4768
      vertex 48.6 45.8446 -87.3959
    endloop
  endfacet
  facet normal -0 -0.553594 -0.832786
    outer loop
      vertex 48.6 45.9663 -87.4768
      vertex 48 45.8446 -87.3959
      vertex 48 45.9663 -87.4768
    endloop
  endfacet
  facet normal 0 -0.428876 -0.903363
    outer loop
      vertex 48 45.9663 -87.4768
      vertex 48.6 46.099 -87.5398
      vertex 48.6 45.9663 -87.4768
    endloop
  endfacet
  facet normal -0 -0.428876 -0.903363
    outer loop
      vertex 48.6 46.099 -87.5398
      vertex 48 45.9663 -87.4768
      vertex 48 46.099 -87.5398
    endloop
  endfacet
  facet normal 0 -0.298653 -0.954362
    outer loop
      vertex 48 46.099 -87.5398
      vertex 48.6 46.2428 -87.5848
      vertex 48.6 46.099 -87.5398
    endloop
  endfacet
  facet normal -0 -0.298653 -0.954362
    outer loop
      vertex 48.6 46.2428 -87.5848
      vertex 48 46.099 -87.5398
      vertex 48 46.2428 -87.5848
    endloop
  endfacet
  facet normal 0 -0.171207 -0.985235
    outer loop
      vertex 48 46.2428 -87.5848
      vertex 48.6 46.3976 -87.6117
      vertex 48.6 46.2428 -87.5848
    endloop
  endfacet
  facet normal -0 -0.171207 -0.985235
    outer loop
      vertex 48.6 46.3976 -87.6117
      vertex 48 46.2428 -87.5848
      vertex 48 46.3976 -87.6117
    endloop
  endfacet
  facet normal 0 -0.0541374 -0.998533
    outer loop
      vertex 48 46.3976 -87.6117
      vertex 48.6 46.5636 -87.6207
      vertex 48.6 46.3976 -87.6117
    endloop
  endfacet
  facet normal -0 -0.0541374 -0.998533
    outer loop
      vertex 48.6 46.5636 -87.6207
      vertex 48 46.3976 -87.6117
      vertex 48 46.5636 -87.6207
    endloop
  endfacet
  facet normal 0 0.0544645 -0.998516
    outer loop
      vertex 48 46.5636 -87.6207
      vertex 48.6 46.7286 -87.6117
      vertex 48.6 46.5636 -87.6207
    endloop
  endfacet
  facet normal 0 0.0544645 -0.998516
    outer loop
      vertex 48.6 46.7286 -87.6117
      vertex 48 46.5636 -87.6207
      vertex 48 46.7286 -87.6117
    endloop
  endfacet
  facet normal 0 0 -1
    outer loop
      vertex 48 56.9378 -87.4831
      vertex 48.6 59.2299 -87.4831
      vertex 48.6 56.9378 -87.4831
    endloop
  endfacet
  facet normal -0 0 -1
    outer loop
      vertex 48.6 59.2299 -87.4831
      vertex 48 56.9378 -87.4831
      vertex 48 59.2299 -87.4831
    endloop
  endfacet
  facet normal 0 1 -0
    outer loop
      vertex 48.6 59.2299 -87.4831
      vertex 48 59.2299 -83.4064
      vertex 48.6 59.2299 -83.4064
    endloop
  endfacet
  facet normal 0 1 0
    outer loop
      vertex 48 59.2299 -83.4064
      vertex 48.6 59.2299 -87.4831
      vertex 48 59.2299 -87.4831
    endloop
  endfacet
  facet normal 0 0 -1
    outer loop
      vertex 48 59.2299 -83.4064
      vertex 48.6 60.5353 -83.4064
      vertex 48.6 59.2299 -83.4064
    endloop
  endfacet
  facet normal -0 0 -1
    outer loop
      vertex 48.6 60.5353 -83.4064
      vertex 48 59.2299 -83.4064
      vertex 48 60.5353 -83.4064
    endloop
  endfacet
  facet normal 0 -1 0
    outer loop
      vertex 48 60.5353 -88.4688
      vertex 48.6 60.5353 -83.4064
      vertex 48 60.5353 -83.4064
    endloop
  endfacet
  facet normal 0 -1 -0
    outer loop
      vertex 48.6 60.5353 -83.4064
      vertex 48 60.5353 -88.4688
      vertex 48.6 60.5353 -88.4688
    endloop
  endfacet
  facet normal -0 0 1
    outer loop
      vertex 48 60.5353 -88.4688
      vertex 48.6 56.9378 -88.4688
      vertex 48.6 60.5353 -88.4688
    endloop
  endfacet
  facet normal 0 0 1
    outer loop
      vertex 48.6 56.9378 -88.4688
      vertex 48 60.5353 -88.4688
      vertex 48 56.9378 -88.4688
    endloop
  endfacet
  facet normal 0 1 -0
    outer loop
      vertex 48.6 56.9378 -88.4688
      vertex 48 56.9378 -87.4831
      vertex 48.6 56.9378 -87.4831
    endloop
  endfacet
  facet normal 0 1 0
    outer loop
      vertex 48 56.9378 -87.4831
      vertex 48.6 56.9378 -88.4688
      vertex 48 56.9378 -88.4688
    endloop
  endfacet
  facet normal 0 0 -1
    outer loop
      vertex 48 38.5902 -83.4064
      vertex 48.6 39.9024 -83.4064
      vertex 48.6 38.5902 -83.4064
    endloop
  endfacet
  facet normal -0 0 -1
    outer loop
      vertex 48.6 39.9024 -83.4064
      vertex 48 38.5902 -83.4064
      vertex 48 39.9024 -83.4064
    endloop
  endfacet
  facet normal 0 -0.941355 -0.337417
    outer loop
      vertex 48 41.2417 -87.1429
      vertex 48.6 39.9024 -83.4064
      vertex 48 39.9024 -83.4064
    endloop
  endfacet
  facet normal 0 -0.941355 -0.337417
    outer loop
      vertex 48.6 39.9024 -83.4064
      vertex 48 41.2417 -87.1429
      vertex 48.6 41.2417 -87.1429
    endloop
  endfacet
  facet normal 0 0.941083 -0.338175
    outer loop
      vertex 48.6 41.2417 -87.1429
      vertex 48 42.5844 -83.4064
      vertex 48.6 42.5844 -83.4064
    endloop
  endfacet
  facet normal 0 0.941083 -0.338175
    outer loop
      vertex 48 42.5844 -83.4064
      vertex 48.6 41.2417 -87.1429
      vertex 48 41.2417 -87.1429
    endloop
  endfacet
  facet normal 0 0 -1
    outer loop
      vertex 48 42.5844 -83.4064
      vertex 48.6 43.8965 -83.4064
      vertex 48.6 42.5844 -83.4064
    endloop
  endfacet
  facet normal -0 0 -1
    outer loop
      vertex 48.6 43.8965 -83.4064
      vertex 48 42.5844 -83.4064
      vertex 48 43.8965 -83.4064
    endloop
  endfacet
  facet normal 0 -0.937747 0.34732
    outer loop
      vertex 48 42.0215 -88.4688
      vertex 48.6 43.8965 -83.4064
      vertex 48 43.8965 -83.4064
    endloop
  endfacet
  facet normal 0 -0.937747 0.34732
    outer loop
      vertex 48.6 43.8965 -83.4064
      vertex 48 42.0215 -88.4688
      vertex 48.6 42.0215 -88.4688
    endloop
  endfacet
  facet normal -0 0 1
    outer loop
      vertex 48 42.0215 -88.4688
      vertex 48.6 40.4653 -88.4688
      vertex 48.6 42.0215 -88.4688
    endloop
  endfacet
  facet normal 0 0 1
    outer loop
      vertex 48.6 40.4653 -88.4688
      vertex 48 42.0215 -88.4688
      vertex 48 40.4653 -88.4688
    endloop
  endfacet
  facet normal 0 0.93774 0.347337
    outer loop
      vertex 48.6 40.4653 -88.4688
      vertex 48 38.5902 -83.4064
      vertex 48.6 38.5902 -83.4064
    endloop
  endfacet
  facet normal 0 0.93774 0.347337
    outer loop
      vertex 48 38.5902 -83.4064
      vertex 48.6 40.4653 -88.4688
      vertex 48 40.4653 -88.4688
    endloop
  endfacet
  facet normal 0 0 -1
    outer loop
      vertex 48 34.447 -87.4831
      vertex 48.6 36.7391 -87.4831
      vertex 48.6 34.447 -87.4831
    endloop
  endfacet
  facet normal -0 0 -1
    outer loop
      vertex 48.6 36.7391 -87.4831
      vertex 48 34.447 -87.4831
      vertex 48 36.7391 -87.4831
    endloop
  endfacet
  facet normal 0 1 -0
    outer loop
      vertex 48.6 36.7391 -87.4831
      vertex 48 36.7391 -86.3215
      vertex 48.6 36.7391 -86.3215
    endloop
  endfacet
  facet normal 0 1 0
    outer loop
      vertex 48 36.7391 -86.3215
      vertex 48.6 36.7391 -87.4831
      vertex 48 36.7391 -87.4831
    endloop
  endfacet
  facet normal -0 0 1
    outer loop
      vertex 48 36.7391 -86.3215
      vertex 48.6 34.6539 -86.3215
      vertex 48.6 36.7391 -86.3215
    endloop
  endfacet
  facet normal 0 0 1
    outer loop
      vertex 48.6 34.6539 -86.3215
      vertex 48 36.7391 -86.3215
      vertex 48 34.6539 -86.3215
    endloop
  endfacet
  facet normal 0 1 -0
    outer loop
      vertex 48.6 34.6539 -86.3215
      vertex 48 34.6539 -85.336
      vertex 48.6 34.6539 -85.336
    endloop
  endfacet
  facet normal 0 1 0
    outer loop
      vertex 48 34.6539 -85.336
      vertex 48.6 34.6539 -86.3215
      vertex 48 34.6539 -86.3215
    endloop
  endfacet
  facet normal 0 0 -1
    outer loop
      vertex 48 34.6539 -85.336
      vertex 48.6 36.7391 -85.336
      vertex 48.6 34.6539 -85.336
    endloop
  endfacet
  facet normal -0 0 -1
    outer loop
      vertex 48.6 36.7391 -85.336
      vertex 48 34.6539 -85.336
      vertex 48 36.7391 -85.336
    endloop
  endfacet
  facet normal 0 1 -0
    outer loop
      vertex 48.6 36.7391 -85.336
      vertex 48 36.7391 -84.392
      vertex 48.6 36.7391 -84.392
    endloop
  endfacet
  facet normal 0 1 0
    outer loop
      vertex 48 36.7391 -84.392
      vertex 48.6 36.7391 -85.336
      vertex 48 36.7391 -85.336
    endloop
  endfacet
  facet normal -0 0 1
    outer loop
      vertex 48 36.7391 -84.392
      vertex 48.6 34.5216 -84.392
      vertex 48.6 36.7391 -84.392
    endloop
  endfacet
  facet normal 0 0 1
    outer loop
      vertex 48.6 34.5216 -84.392
      vertex 48 36.7391 -84.392
      vertex 48 34.5216 -84.392
    endloop
  endfacet
  facet normal 0 1 -0
    outer loop
      vertex 48.6 34.5216 -84.392
      vertex 48 34.5216 -83.4064
      vertex 48.6 34.5216 -83.4064
    endloop
  endfacet
  facet normal 0 1 0
    outer loop
      vertex 48 34.5216 -83.4064
      vertex 48.6 34.5216 -84.392
      vertex 48 34.5216 -84.392
    endloop
  endfacet
  facet normal 0 0 -1
    outer loop
      vertex 48 34.5216 -83.4064
      vertex 48.6 38.0445 -83.4064
      vertex 48.6 34.5216 -83.4064
    endloop
  endfacet
  facet normal -0 0 -1
    outer loop
      vertex 48.6 38.0445 -83.4064
      vertex 48 34.5216 -83.4064
      vertex 48 38.0445 -83.4064
    endloop
  endfacet
  facet normal 0 -1 0
    outer loop
      vertex 48 38.0445 -88.4688
      vertex 48.6 38.0445 -83.4064
      vertex 48 38.0445 -83.4064
    endloop
  endfacet
  facet normal 0 -1 -0
    outer loop
      vertex 48.6 38.0445 -83.4064
      vertex 48 38.0445 -88.4688
      vertex 48.6 38.0445 -88.4688
    endloop
  endfacet
  facet normal -0 0 1
    outer loop
      vertex 48 38.0445 -88.4688
      vertex 48.6 34.447 -88.4688
      vertex 48.6 38.0445 -88.4688
    endloop
  endfacet
  facet normal 0 0 1
    outer loop
      vertex 48.6 34.447 -88.4688
      vertex 48 38.0445 -88.4688
      vertex 48 34.447 -88.4688
    endloop
  endfacet
  facet normal 0 1 -0
    outer loop
      vertex 48.6 34.447 -88.4688
      vertex 48 34.447 -87.4831
      vertex 48.6 34.447 -87.4831
    endloop
  endfacet
  facet normal 0 1 0
    outer loop
      vertex 48 34.447 -87.4831
      vertex 48.6 34.447 -88.4688
      vertex 48 34.447 -88.4688
    endloop
  endfacet
  facet normal -0 0 1
    outer loop
      vertex 48 32.1064 -86.5519
      vertex 48.6 31.7369 -86.5519
      vertex 48.6 32.1064 -86.5519
    endloop
  endfacet
  facet normal 0 0 1
    outer loop
      vertex 48.6 31.7369 -86.5519
      vertex 48 32.1064 -86.5519
      vertex 48 31.7369 -86.5519
    endloop
  endfacet
  facet normal 0 -0.0327508 0.999464
    outer loop
      vertex 48 31.7369 -86.5519
      vertex 48.6 31.6484 -86.5548
      vertex 48.6 31.7369 -86.5519
    endloop
  endfacet
  facet normal 0 -0.0327508 0.999464
    outer loop
      vertex 48.6 31.6484 -86.5548
      vertex 48 31.7369 -86.5519
      vertex 48 31.6484 -86.5548
    endloop
  endfacet
  facet normal 0 -0.101634 0.994822
    outer loop
      vertex 48 31.6484 -86.5548
      vertex 48.6 31.5652 -86.5633
      vertex 48.6 31.6484 -86.5548
    endloop
  endfacet
  facet normal 0 -0.101634 0.994822
    outer loop
      vertex 48.6 31.5652 -86.5633
      vertex 48 31.6484 -86.5548
      vertex 48 31.5652 -86.5633
    endloop
  endfacet
  facet normal 0 -0.178885 0.98387
    outer loop
      vertex 48 31.5652 -86.5633
      vertex 48.6 31.4871 -86.5775
      vertex 48.6 31.5652 -86.5633
    endloop
  endfacet
  facet normal 0 -0.178885 0.98387
    outer loop
      vertex 48.6 31.4871 -86.5775
      vertex 48 31.5652 -86.5633
      vertex 48 31.4871 -86.5775
    endloop
  endfacet
  facet normal 0 -0.263341 0.964703
    outer loop
      vertex 48 31.4871 -86.5775
      vertex 48.6 31.4142 -86.5974
      vertex 48.6 31.4871 -86.5775
    endloop
  endfacet
  facet normal 0 -0.263341 0.964703
    outer loop
      vertex 48.6 31.4142 -86.5974
      vertex 48 31.4871 -86.5775
      vertex 48 31.4142 -86.5974
    endloop
  endfacet
  facet normal 0 -0.352486 0.935817
    outer loop
      vertex 48 31.4142 -86.5974
      vertex 48.6 31.3465 -86.6229
      vertex 48.6 31.4142 -86.5974
    endloop
  endfacet
  facet normal 0 -0.352486 0.935817
    outer loop
      vertex 48.6 31.3465 -86.6229
      vertex 48 31.4142 -86.5974
      vertex 48 31.3465 -86.6229
    endloop
  endfacet
  facet normal 0 -0.446641 0.894713
    outer loop
      vertex 48 31.3465 -86.6229
      vertex 48.6 31.284 -86.6541
      vertex 48.6 31.3465 -86.6229
    endloop
  endfacet
  facet normal 0 -0.446641 0.894713
    outer loop
      vertex 48.6 31.284 -86.6541
      vertex 48 31.3465 -86.6229
      vertex 48 31.284 -86.6541
    endloop
  endfacet
  facet normal 0 -0.541425 0.840749
    outer loop
      vertex 48 31.284 -86.6541
      vertex 48.6 31.2267 -86.691
      vertex 48.6 31.284 -86.6541
    endloop
  endfacet
  facet normal 0 -0.541425 0.840749
    outer loop
      vertex 48.6 31.2267 -86.691
      vertex 48 31.284 -86.6541
      vertex 48 31.2267 -86.691
    endloop
  endfacet
  facet normal 0 -0.632775 0.774336
    outer loop
      vertex 48 31.2267 -86.691
      vertex 48.6 31.172 -86.7357
      vertex 48.6 31.2267 -86.691
    endloop
  endfacet
  facet normal 0 -0.632775 0.774336
    outer loop
      vertex 48.6 31.172 -86.7357
      vertex 48 31.2267 -86.691
      vertex 48 31.172 -86.7357
    endloop
  endfacet
  facet normal 0 -0.707756 0.706457
    outer loop
      vertex 48 31.1176 -86.7902
      vertex 48.6 31.172 -86.7357
      vertex 48 31.172 -86.7357
    endloop
  endfacet
  facet normal 0 -0.707756 0.706457
    outer loop
      vertex 48.6 31.172 -86.7357
      vertex 48 31.1176 -86.7902
      vertex 48.6 31.1176 -86.7902
    endloop
  endfacet
  facet normal 0 -0.764603 0.644502
    outer loop
      vertex 48 31.0634 -86.8545
      vertex 48.6 31.1176 -86.7902
      vertex 48 31.1176 -86.7902
    endloop
  endfacet
  facet normal 0 -0.764603 0.644502
    outer loop
      vertex 48.6 31.1176 -86.7902
      vertex 48 31.0634 -86.8545
      vertex 48.6 31.0634 -86.8545
    endloop
  endfacet
  facet normal 0 -0.808029 0.589143
    outer loop
      vertex 48 31.0093 -86.9287
      vertex 48.6 31.0634 -86.8545
      vertex 48 31.0634 -86.8545
    endloop
  endfacet
  facet normal 0 -0.808029 0.589143
    outer loop
      vertex 48.6 31.0634 -86.8545
      vertex 48 31.0093 -86.9287
      vertex 48.6 31.0093 -86.9287
    endloop
  endfacet
  facet normal 0 -0.841797 0.539794
    outer loop
      vertex 48 30.9555 -87.0126
      vertex 48.6 31.0093 -86.9287
      vertex 48 31.0093 -86.9287
    endloop
  endfacet
  facet normal 0 -0.841797 0.539794
    outer loop
      vertex 48.6 31.0093 -86.9287
      vertex 48 30.9555 -87.0126
      vertex 48.6 30.9555 -87.0126
    endloop
  endfacet
  facet normal 0 -0.868243 0.496139
    outer loop
      vertex 48 30.9019 -87.1064
      vertex 48.6 30.9555 -87.0126
      vertex 48 30.9555 -87.0126
    endloop
  endfacet
  facet normal 0 -0.868243 0.496139
    outer loop
      vertex 48.6 30.9555 -87.0126
      vertex 48 30.9019 -87.1064
      vertex 48.6 30.9019 -87.1064
    endloop
  endfacet
  facet normal 0 -0.889397 0.457135
    outer loop
      vertex 48 30.8486 -87.2101
      vertex 48.6 30.9019 -87.1064
      vertex 48 30.9019 -87.1064
    endloop
  endfacet
  facet normal 0 -0.889397 0.457135
    outer loop
      vertex 48.6 30.9019 -87.1064
      vertex 48 30.8486 -87.2101
      vertex 48.6 30.8486 -87.2101
    endloop
  endfacet
  facet normal 0 -0.897867 0.440267
    outer loop
      vertex 48 30.2314 -88.4688
      vertex 48.6 30.8486 -87.2101
      vertex 48 30.8486 -87.2101
    endloop
  endfacet
  facet normal 0 -0.897867 0.440267
    outer loop
      vertex 48.6 30.8486 -87.2101
      vertex 48 30.2314 -88.4688
      vertex 48.6 30.2314 -88.4688
    endloop
  endfacet
  facet normal -0 0 1
    outer loop
      vertex 48 30.2314 -88.4688
      vertex 48.6 28.8413 -88.4688
      vertex 48.6 30.2314 -88.4688
    endloop
  endfacet
  facet normal 0 0 1
    outer loop
      vertex 48.6 28.8413 -88.4688
      vertex 48 30.2314 -88.4688
      vertex 48 28.8413 -88.4688
    endloop
  endfacet
  facet normal 0 0.897068 -0.441893
    outer loop
      vertex 48.6 28.8413 -88.4688
      vertex 48 29.5499 -87.0303
      vertex 48.6 29.5499 -87.0303
    endloop
  endfacet
  facet normal 0 0.897068 -0.441893
    outer loop
      vertex 48 29.5499 -87.0303
      vertex 48.6 28.8413 -88.4688
      vertex 48 28.8413 -88.4688
    endloop
  endfacet
  facet normal 0 0.889502 -0.456931
    outer loop
      vertex 48.6 29.5499 -87.0303
      vertex 48 29.6118 -86.9098
      vertex 48.6 29.6118 -86.9098
    endloop
  endfacet
  facet normal 0 0.889502 -0.456931
    outer loop
      vertex 48 29.6118 -86.9098
      vertex 48.6 29.5499 -87.0303
      vertex 48 29.5499 -87.0303
    endloop
  endfacet
  facet normal 0 0.874786 -0.484509
    outer loop
      vertex 48.6 29.6118 -86.9098
      vertex 48 29.6735 -86.7984
      vertex 48.6 29.6735 -86.7984
    endloop
  endfacet
  facet normal 0 0.874786 -0.484509
    outer loop
      vertex 48 29.6735 -86.7984
      vertex 48.6 29.6118 -86.9098
      vertex 48 29.6118 -86.9098
    endloop
  endfacet
  facet normal 0 0.857271 -0.514865
    outer loop
      vertex 48.6 29.6735 -86.7984
      vertex 48 29.735 -86.696
      vertex 48.6 29.735 -86.696
    endloop
  endfacet
  facet normal 0 0.857271 -0.514865
    outer loop
      vertex 48 29.735 -86.696
      vertex 48.6 29.6735 -86.7984
      vertex 48 29.6735 -86.7984
    endloop
  endfacet
  facet normal 0 0.835752 -0.549106
    outer loop
      vertex 48.6 29.735 -86.696
      vertex 48 29.7963 -86.6027
      vertex 48.6 29.7963 -86.6027
    endloop
  endfacet
  facet normal 0 0.835752 -0.549106
    outer loop
      vertex 48 29.7963 -86.6027
      vertex 48.6 29.735 -86.696
      vertex 48 29.735 -86.696
    endloop
  endfacet
  facet normal 0 0.809359 -0.587314
    outer loop
      vertex 48.6 29.7963 -86.6027
      vertex 48 29.8574 -86.5185
      vertex 48.6 29.8574 -86.5185
    endloop
  endfacet
  facet normal 0 0.809359 -0.587314
    outer loop
      vertex 48 29.8574 -86.5185
      vertex 48.6 29.7963 -86.6027
      vertex 48 29.7963 -86.6027
    endloop
  endfacet
  facet normal 0 0.77763 -0.628722
    outer loop
      vertex 48.6 29.8574 -86.5185
      vertex 48 29.9182 -86.4433
      vertex 48.6 29.9182 -86.4433
    endloop
  endfacet
  facet normal 0 0.77763 -0.628722
    outer loop
      vertex 48 29.9182 -86.4433
      vertex 48.6 29.8574 -86.5185
      vertex 48 29.8574 -86.5185
    endloop
  endfacet
  facet normal 0 0.736553 -0.67638
    outer loop
      vertex 48.6 29.9182 -86.4433
      vertex 48 29.9789 -86.3772
      vertex 48.6 29.9789 -86.3772
    endloop
  endfacet
  facet normal 0 0.736553 -0.67638
    outer loop
      vertex 48 29.9789 -86.3772
      vertex 48.6 29.9182 -86.4433
      vertex 48 29.9182 -86.4433
    endloop
  endfacet
  facet normal 0 0.687418 -0.726262
    outer loop
      vertex 48 29.9789 -86.3772
      vertex 48.6 30.0406 -86.3188
      vertex 48.6 29.9789 -86.3772
    endloop
  endfacet
  facet normal 0 0.687418 -0.726262
    outer loop
      vertex 48.6 30.0406 -86.3188
      vertex 48 29.9789 -86.3772
      vertex 48 30.0406 -86.3188
    endloop
  endfacet
  facet normal 0 0.631322 -0.775521
    outer loop
      vertex 48 30.0406 -86.3188
      vertex 48.6 30.1046 -86.2667
      vertex 48.6 30.0406 -86.3188
    endloop
  endfacet
  facet normal 0 0.631322 -0.775521
    outer loop
      vertex 48.6 30.1046 -86.2667
      vertex 48 30.0406 -86.3188
      vertex 48 30.1046 -86.2667
    endloop
  endfacet
  facet normal 0 0.568952 -0.822371
    outer loop
      vertex 48 30.1046 -86.2667
      vertex 48.6 30.1708 -86.2209
      vertex 48.6 30.1046 -86.2667
    endloop
  endfacet
  facet normal 0 0.568952 -0.822371
    outer loop
      vertex 48.6 30.1708 -86.2209
      vertex 48 30.1046 -86.2667
      vertex 48 30.1708 -86.2209
    endloop
  endfacet
  facet normal 0 0.49954 -0.866291
    outer loop
      vertex 48 30.1708 -86.2209
      vertex 48.6 30.2393 -86.1814
      vertex 48.6 30.1708 -86.2209
    endloop
  endfacet
  facet normal 0 0.49954 -0.866291
    outer loop
      vertex 48.6 30.2393 -86.1814
      vertex 48 30.1708 -86.2209
      vertex 48 30.2393 -86.1814
    endloop
  endfacet
  facet normal 0 0.424074 -0.905628
    outer loop
      vertex 48 30.2393 -86.1814
      vertex 48.6 30.3102 -86.1482
      vertex 48.6 30.2393 -86.1814
    endloop
  endfacet
  facet normal 0 0.424074 -0.905628
    outer loop
      vertex 48.6 30.3102 -86.1482
      vertex 48 30.2393 -86.1814
      vertex 48 30.3102 -86.1482
    endloop
  endfacet
  facet normal 0 0.345348 -0.938475
    outer loop
      vertex 48 30.3102 -86.1482
      vertex 48.6 30.3833 -86.1213
      vertex 48.6 30.3102 -86.1482
    endloop
  endfacet
  facet normal 0 0.345348 -0.938475
    outer loop
      vertex 48.6 30.3833 -86.1213
      vertex 48 30.3102 -86.1482
      vertex 48 30.3833 -86.1213
    endloop
  endfacet
  facet normal 0 0.263876 -0.964557
    outer loop
      vertex 48 30.3833 -86.1213
      vertex 48.6 30.4586 -86.1007
      vertex 48.6 30.3833 -86.1213
    endloop
  endfacet
  facet normal 0 0.263876 -0.964557
    outer loop
      vertex 48.6 30.4586 -86.1007
      vertex 48 30.3833 -86.1213
      vertex 48 30.4586 -86.1007
    endloop
  endfacet
  facet normal -0 0.3301 0.943946
    outer loop
      vertex 48 30.4586 -86.1007
      vertex 48.6 30.3242 -86.0537
      vertex 48.6 30.4586 -86.1007
    endloop
  endfacet
  facet normal 0 0.3301 0.943946
    outer loop
      vertex 48.6 30.3242 -86.0537
      vertex 48 30.4586 -86.1007
      vertex 48 30.3242 -86.0537
    endloop
  endfacet
  facet normal -0 0.397297 0.91769
    outer loop
      vertex 48 30.3242 -86.0537
      vertex 48.6 30.1997 -85.9998
      vertex 48.6 30.3242 -86.0537
    endloop
  endfacet
  facet normal 0 0.397297 0.91769
    outer loop
      vertex 48.6 30.1997 -85.9998
      vertex 48 30.3242 -86.0537
      vertex 48 30.1997 -85.9998
    endloop
  endfacet
  facet normal -0 0.469907 0.882716
    outer loop
      vertex 48 30.1997 -85.9998
      vertex 48.6 30.0853 -85.9389
      vertex 48.6 30.1997 -85.9998
    endloop
  endfacet
  facet normal 0 0.469907 0.882716
    outer loop
      vertex 48.6 30.0853 -85.9389
      vertex 48 30.1997 -85.9998
      vertex 48 30.0853 -85.9389
    endloop
  endfacet
  facet normal -0 0.544649 0.838664
    outer loop
      vertex 48 30.0853 -85.9389
      vertex 48.6 29.9809 -85.8711
      vertex 48.6 30.0853 -85.9389
    endloop
  endfacet
  facet normal 0 0.544649 0.838664
    outer loop
      vertex 48.6 29.9809 -85.8711
      vertex 48 30.0853 -85.9389
      vertex 48 29.9809 -85.8711
    endloop
  endfacet
  facet normal -0 0.620937 0.78386
    outer loop
      vertex 48 29.9809 -85.8711
      vertex 48.6 29.8866 -85.7964
      vertex 48.6 29.9809 -85.8711
    endloop
  endfacet
  facet normal 0 0.620937 0.78386
    outer loop
      vertex 48.6 29.8866 -85.7964
      vertex 48 29.9809 -85.8711
      vertex 48 29.8866 -85.7964
    endloop
  endfacet
  facet normal -0 0.695081 0.718932
    outer loop
      vertex 48 29.8866 -85.7964
      vertex 48.6 29.8022 -85.7148
      vertex 48.6 29.8866 -85.7964
    endloop
  endfacet
  facet normal 0 0.695081 0.718932
    outer loop
      vertex 48.6 29.8022 -85.7148
      vertex 48 29.8866 -85.7964
      vertex 48 29.8022 -85.7148
    endloop
  endfacet
  facet normal 0 0.766302 0.642481
    outer loop
      vertex 48.6 29.8022 -85.7148
      vertex 48 29.728 -85.6263
      vertex 48.6 29.728 -85.6263
    endloop
  endfacet
  facet normal 0 0.766302 0.642481
    outer loop
      vertex 48 29.728 -85.6263
      vertex 48.6 29.8022 -85.7148
      vertex 48 29.8022 -85.7148
    endloop
  endfacet
  facet normal 0 0.829642 0.558296
    outer loop
      vertex 48.6 29.728 -85.6263
      vertex 48 29.6636 -85.5306
      vertex 48.6 29.6636 -85.5306
    endloop
  endfacet
  facet normal 0 0.829642 0.558296
    outer loop
      vertex 48 29.6636 -85.5306
      vertex 48.6 29.728 -85.6263
      vertex 48 29.728 -85.6263
    endloop
  endfacet
  facet normal 0 0.884247 0.46702
    outer loop
      vertex 48.6 29.6636 -85.5306
      vertex 48 29.6092 -85.4276
      vertex 48.6 29.6092 -85.4276
    endloop
  endfacet
  facet normal 0 0.884247 0.46702
    outer loop
      vertex 48 29.6092 -85.4276
      vertex 48.6 29.6636 -85.5306
      vertex 48 29.6636 -85.5306
    endloop
  endfacet
  facet normal 0 0.927371 0.374143
    outer loop
      vertex 48.6 29.6092 -85.4276
      vertex 48 29.5647 -85.3173
      vertex 48.6 29.5647 -85.3173
    endloop
  endfacet
  facet normal 0 0.927371 0.374143
    outer loop
      vertex 48 29.5647 -85.3173
      vertex 48.6 29.6092 -85.4276
      vertex 48 29.6092 -85.4276
    endloop
  endfacet
  facet normal 0 0.959118 0.283005
    outer loop
      vertex 48.6 29.5647 -85.3173
      vertex 48 29.53 -85.1997
      vertex 48.6 29.53 -85.1997
    endloop
  endfacet
  facet normal 0 0.959118 0.283005
    outer loop
      vertex 48 29.53 -85.1997
      vertex 48.6 29.5647 -85.3173
      vertex 48 29.5647 -85.3173
    endloop
  endfacet
  facet normal 0 0.981031 0.193852
    outer loop
      vertex 48.6 29.53 -85.1997
      vertex 48 29.5053 -85.0747
      vertex 48.6 29.5053 -85.0747
    endloop
  endfacet
  facet normal 0 0.981031 0.193852
    outer loop
      vertex 48 29.5053 -85.0747
      vertex 48.6 29.53 -85.1997
      vertex 48 29.53 -85.1997
    endloop
  endfacet
  facet normal 0 0.993718 0.111915
    outer loop
      vertex 48.6 29.5053 -85.0747
      vertex 48 29.4904 -84.9424
      vertex 48.6 29.4904 -84.9424
    endloop
  endfacet
  facet normal 0 0.993718 0.111915
    outer loop
      vertex 48 29.4904 -84.9424
      vertex 48.6 29.5053 -85.0747
      vertex 48 29.5053 -85.0747
    endloop
  endfacet
  facet normal 0 0.999385 0.0350536
    outer loop
      vertex 48.6 29.4904 -84.9424
      vertex 48 29.4855 -84.8027
      vertex 48.6 29.4855 -84.8027
    endloop
  endfacet
  facet normal 0 0.999385 0.0350536
    outer loop
      vertex 48 29.4855 -84.8027
      vertex 48.6 29.4904 -84.9424
      vertex 48 29.4904 -84.9424
    endloop
  endfacet
  facet normal 0 0.998866 -0.0476128
    outer loop
      vertex 48.6 29.4855 -84.8027
      vertex 48 29.495 -84.6034
      vertex 48.6 29.495 -84.6034
    endloop
  endfacet
  facet normal 0 0.998866 -0.0476128
    outer loop
      vertex 48 29.495 -84.6034
      vertex 48.6 29.4855 -84.8027
      vertex 48 29.4855 -84.8027
    endloop
  endfacet
  facet normal 0 0.988045 -0.154163
    outer loop
      vertex 48.6 29.495 -84.6034
      vertex 48 29.5236 -84.4201
      vertex 48.6 29.5236 -84.4201
    endloop
  endfacet
  facet normal 0 0.988045 -0.154163
    outer loop
      vertex 48 29.5236 -84.4201
      vertex 48.6 29.495 -84.6034
      vertex 48 29.495 -84.6034
    endloop
  endfacet
  facet normal 0 0.962064 -0.272824
    outer loop
      vertex 48.6 29.5236 -84.4201
      vertex 48 29.5711 -84.2526
      vertex 48.6 29.5711 -84.2526
    endloop
  endfacet
  facet normal 0 0.962064 -0.272824
    outer loop
      vertex 48 29.5711 -84.2526
      vertex 48.6 29.5236 -84.4201
      vertex 48 29.5236 -84.4201
    endloop
  endfacet
  facet normal 0 0.915449 -0.402435
    outer loop
      vertex 48.6 29.5711 -84.2526
      vertex 48 29.6377 -84.1011
      vertex 48.6 29.6377 -84.1011
    endloop
  endfacet
  facet normal 0 0.915449 -0.402435
    outer loop
      vertex 48 29.6377 -84.1011
      vertex 48.6 29.5711 -84.2526
      vertex 48 29.5711 -84.2526
    endloop
  endfacet
  facet normal 0 0.845504 -0.53397
    outer loop
      vertex 48.6 29.6377 -84.1011
      vertex 48 29.7234 -83.9654
      vertex 48.6 29.7234 -83.9654
    endloop
  endfacet
  facet normal 0 0.845504 -0.53397
    outer loop
      vertex 48 29.7234 -83.9654
      vertex 48.6 29.6377 -84.1011
      vertex 48 29.6377 -84.1011
    endloop
  endfacet
  facet normal 0 0.753005 -0.658015
    outer loop
      vertex 48.6 29.7234 -83.9654
      vertex 48 29.828 -83.8457
      vertex 48.6 29.828 -83.8457
    endloop
  endfacet
  facet normal 0 0.753005 -0.658015
    outer loop
      vertex 48 29.828 -83.8457
      vertex 48.6 29.7234 -83.9654
      vertex 48 29.7234 -83.9654
    endloop
  endfacet
  facet normal 0 0.6428 -0.766034
    outer loop
      vertex 48 29.828 -83.8457
      vertex 48.6 29.9517 -83.7419
      vertex 48.6 29.828 -83.8457
    endloop
  endfacet
  facet normal 0 0.6428 -0.766034
    outer loop
      vertex 48.6 29.9517 -83.7419
      vertex 48 29.828 -83.8457
      vertex 48 29.9517 -83.7419
    endloop
  endfacet
  facet normal 0 0.52548 -0.850806
    outer loop
      vertex 48 29.9517 -83.7419
      vertex 48.6 30.0958 -83.6529
      vertex 48.6 29.9517 -83.7419
    endloop
  endfacet
  facet normal 0 0.52548 -0.850806
    outer loop
      vertex 48.6 30.0958 -83.6529
      vertex 48 29.9517 -83.7419
      vertex 48 30.0958 -83.6529
    endloop
  endfacet
  facet normal 0 0.413307 -0.910592
    outer loop
      vertex 48 30.0958 -83.6529
      vertex 48.6 30.2617 -83.5776
      vertex 48.6 30.0958 -83.6529
    endloop
  endfacet
  facet normal 0 0.413307 -0.910592
    outer loop
      vertex 48.6 30.2617 -83.5776
      vertex 48 30.0958 -83.6529
      vertex 48 30.2617 -83.5776
    endloop
  endfacet
  facet normal 0 0.312277 -0.949991
    outer loop
      vertex 48 30.2617 -83.5776
      vertex 48.6 30.4494 -83.5159
      vertex 48.6 30.2617 -83.5776
    endloop
  endfacet
  facet normal 0 0.312277 -0.949991
    outer loop
      vertex 48.6 30.4494 -83.5159
      vertex 48 30.2617 -83.5776
      vertex 48 30.4494 -83.5159
    endloop
  endfacet
  facet normal 0 0.222888 -0.974844
    outer loop
      vertex 48 30.4494 -83.5159
      vertex 48.6 30.6589 -83.468
      vertex 48.6 30.4494 -83.5159
    endloop
  endfacet
  facet normal 0 0.222888 -0.974844
    outer loop
      vertex 48.6 30.6589 -83.468
      vertex 48 30.4494 -83.5159
      vertex 48 30.6589 -83.468
    endloop
  endfacet
  facet normal 0 0.146688 -0.989183
    outer loop
      vertex 48 30.6589 -83.468
      vertex 48.6 30.8902 -83.4337
      vertex 48.6 30.6589 -83.468
    endloop
  endfacet
  facet normal 0 0.146688 -0.989183
    outer loop
      vertex 48.6 30.8902 -83.4337
      vertex 48 30.6589 -83.468
      vertex 48 30.8902 -83.4337
    endloop
  endfacet
  facet normal 0 0.0807313 -0.996736
    outer loop
      vertex 48 30.8902 -83.4337
      vertex 48.6 31.1433 -83.4132
      vertex 48.6 30.8902 -83.4337
    endloop
  endfacet
  facet normal 0 0.0807313 -0.996736
    outer loop
      vertex 48.6 31.1433 -83.4132
      vertex 48 30.8902 -83.4337
      vertex 48 31.1433 -83.4132
    endloop
  endfacet
  facet normal 0 0.0247287 -0.999694
    outer loop
      vertex 48 31.1433 -83.4132
      vertex 48.6 31.4182 -83.4064
      vertex 48.6 31.1433 -83.4132
    endloop
  endfacet
  facet normal 0 0.0247287 -0.999694
    outer loop
      vertex 48.6 31.4182 -83.4064
      vertex 48 31.1433 -83.4132
      vertex 48 31.4182 -83.4064
    endloop
  endfacet
  facet normal 0 0 -1
    outer loop
      vertex 48 31.4182 -83.4064
      vertex 48.6 33.4118 -83.4064
      vertex 48.6 31.4182 -83.4064
    endloop
  endfacet
  facet normal -0 0 -1
    outer loop
      vertex 48.6 33.4118 -83.4064
      vertex 48 31.4182 -83.4064
      vertex 48 33.4118 -83.4064
    endloop
  endfacet
  facet normal 0 -1 0
    outer loop
      vertex 48 33.4118 -88.4688
      vertex 48.6 33.4118 -83.4064
      vertex 48 33.4118 -83.4064
    endloop
  endfacet
  facet normal 0 -1 -0
    outer loop
      vertex 48.6 33.4118 -83.4064
      vertex 48 33.4118 -88.4688
      vertex 48.6 33.4118 -88.4688
    endloop
  endfacet
  facet normal -0 0 1
    outer loop
      vertex 48 33.4118 -88.4688
      vertex 48.6 32.1064 -88.4688
      vertex 48.6 33.4118 -88.4688
    endloop
  endfacet
  facet normal 0 0 1
    outer loop
      vertex 48.6 32.1064 -88.4688
      vertex 48 33.4118 -88.4688
      vertex 48 32.1064 -88.4688
    endloop
  endfacet
  facet normal 0 1 -0
    outer loop
      vertex 48.6 32.1064 -88.4688
      vertex 48 32.1064 -86.5519
      vertex 48.6 32.1064 -86.5519
    endloop
  endfacet
  facet normal 0 1 0
    outer loop
      vertex 48 32.1064 -86.5519
      vertex 48.6 32.1064 -88.4688
      vertex 48 32.1064 -88.4688
    endloop
  endfacet
  facet normal 0 1 -0
    outer loop
      vertex 48.6 32.1064 -85.6496
      vertex 48 32.1064 -84.3536
      vertex 48.6 32.1064 -84.3536
    endloop
  endfacet
  facet normal 0 1 0
    outer loop
      vertex 48 32.1064 -84.3536
      vertex 48.6 32.1064 -85.6496
      vertex 48 32.1064 -85.6496
    endloop
  endfacet
  facet normal -0 0 1
    outer loop
      vertex 48 32.1064 -84.3536
      vertex 48.6 31.5572 -84.3536
      vertex 48.6 32.1064 -84.3536
    endloop
  endfacet
  facet normal 0 0 1
    outer loop
      vertex 48.6 31.5572 -84.3536
      vertex 48 32.1064 -84.3536
      vertex 48 31.5572 -84.3536
    endloop
  endfacet
  facet normal 0 -0.0266572 0.999645
    outer loop
      vertex 48 31.5572 -84.3536
      vertex 48.6 31.4447 -84.3566
      vertex 48.6 31.5572 -84.3536
    endloop
  endfacet
  facet normal 0 -0.0266572 0.999645
    outer loop
      vertex 48.6 31.4447 -84.3566
      vertex 48 31.5572 -84.3536
      vertex 48 31.4447 -84.3566
    endloop
  endfacet
  facet normal 0 -0.0880067 0.99612
    outer loop
      vertex 48 31.4447 -84.3566
      vertex 48.6 31.3417 -84.3657
      vertex 48.6 31.4447 -84.3566
    endloop
  endfacet
  facet normal 0 -0.0880067 0.99612
    outer loop
      vertex 48.6 31.3417 -84.3657
      vertex 48 31.4447 -84.3566
      vertex 48 31.3417 -84.3657
    endloop
  endfacet
  facet normal 0 -0.16046 0.987042
    outer loop
      vertex 48 31.3417 -84.3657
      vertex 48.6 31.2482 -84.3809
      vertex 48.6 31.3417 -84.3657
    endloop
  endfacet
  facet normal 0 -0.16046 0.987042
    outer loop
      vertex 48.6 31.2482 -84.3809
      vertex 48 31.3417 -84.3657
      vertex 48 31.2482 -84.3809
    endloop
  endfacet
  facet normal 0 -0.245518 0.969392
    outer loop
      vertex 48 31.2482 -84.3809
      vertex 48.6 31.1641 -84.4022
      vertex 48.6 31.2482 -84.3809
    endloop
  endfacet
  facet normal 0 -0.245518 0.969392
    outer loop
      vertex 48.6 31.1641 -84.4022
      vertex 48 31.2482 -84.3809
      vertex 48 31.1641 -84.4022
    endloop
  endfacet
  facet normal 0 -0.344069 0.938944
    outer loop
      vertex 48 31.1641 -84.4022
      vertex 48.6 31.0896 -84.4295
      vertex 48.6 31.1641 -84.4022
    endloop
  endfacet
  facet normal 0 -0.344069 0.938944
    outer loop
      vertex 48.6 31.0896 -84.4295
      vertex 48 31.1641 -84.4022
      vertex 48 31.0896 -84.4295
    endloop
  endfacet
  facet normal 0 -0.457564 0.889177
    outer loop
      vertex 48 31.0896 -84.4295
      vertex 48.6 31.0245 -84.463
      vertex 48.6 31.0896 -84.4295
    endloop
  endfacet
  facet normal 0 -0.457564 0.889177
    outer loop
      vertex 48.6 31.0245 -84.463
      vertex 48 31.0896 -84.4295
      vertex 48 31.0245 -84.463
    endloop
  endfacet
  facet normal 0 -0.579156 0.815217
    outer loop
      vertex 48 31.0245 -84.463
      vertex 48.6 30.9689 -84.5025
      vertex 48.6 31.0245 -84.463
    endloop
  endfacet
  facet normal 0 -0.579156 0.815217
    outer loop
      vertex 48.6 30.9689 -84.5025
      vertex 48 31.0245 -84.463
      vertex 48 30.9689 -84.5025
    endloop
  endfacet
  facet normal 0 -0.701805 0.712369
    outer loop
      vertex 48 30.9689 -84.5025
      vertex 48.6 30.9217 -84.549
      vertex 48.6 30.9689 -84.5025
    endloop
  endfacet
  facet normal 0 -0.701805 0.712369
    outer loop
      vertex 48.6 30.9217 -84.549
      vertex 48 30.9689 -84.5025
      vertex 48 30.9217 -84.549
    endloop
  endfacet
  facet normal 0 -0.806687 0.590979
    outer loop
      vertex 48 30.8817 -84.6036
      vertex 48.6 30.9217 -84.549
      vertex 48 30.9217 -84.549
    endloop
  endfacet
  facet normal 0 -0.806687 0.590979
    outer loop
      vertex 48.6 30.9217 -84.549
      vertex 48 30.8817 -84.6036
      vertex 48.6 30.8817 -84.6036
    endloop
  endfacet
  facet normal 0 -0.886053 0.463583
    outer loop
      vertex 48 30.849 -84.6661
      vertex 48.6 30.8817 -84.6036
      vertex 48 30.8817 -84.6036
    endloop
  endfacet
  facet normal 0 -0.886053 0.463583
    outer loop
      vertex 48.6 30.8817 -84.6036
      vertex 48 30.849 -84.6661
      vertex 48.6 30.849 -84.6661
    endloop
  endfacet
  facet normal 0 -0.940955 0.338531
    outer loop
      vertex 48 30.8236 -84.7367
      vertex 48.6 30.849 -84.6661
      vertex 48 30.849 -84.6661
    endloop
  endfacet
  facet normal 0 -0.940955 0.338531
    outer loop
      vertex 48.6 30.849 -84.6661
      vertex 48 30.8236 -84.7367
      vertex 48.6 30.8236 -84.7367
    endloop
  endfacet
  facet normal 0 -0.974224 0.225584
    outer loop
      vertex 48 30.8054 -84.8153
      vertex 48.6 30.8236 -84.7367
      vertex 48 30.8236 -84.7367
    endloop
  endfacet
  facet normal 0 -0.974224 0.225584
    outer loop
      vertex 48.6 30.8236 -84.7367
      vertex 48 30.8054 -84.8153
      vertex 48.6 30.8054 -84.8153
    endloop
  endfacet
  facet normal 0 -0.992172 0.124881
    outer loop
      vertex 48 30.7945 -84.9019
      vertex 48.6 30.8054 -84.8153
      vertex 48 30.8054 -84.8153
    endloop
  endfacet
  facet normal 0 -0.992172 0.124881
    outer loop
      vertex 48.6 30.8054 -84.8153
      vertex 48 30.7945 -84.9019
      vertex 48.6 30.7945 -84.9019
    endloop
  endfacet
  facet normal 0 -0.999277 0.0380274
    outer loop
      vertex 48 30.7909 -84.9965
      vertex 48.6 30.7945 -84.9019
      vertex 48 30.7945 -84.9019
    endloop
  endfacet
  facet normal 0 -0.999277 0.0380274
    outer loop
      vertex 48.6 30.7945 -84.9019
      vertex 48 30.7909 -84.9965
      vertex 48.6 30.7909 -84.9965
    endloop
  endfacet
  facet normal 0 -0.99929 -0.0376696
    outer loop
      vertex 48 30.7945 -85.092
      vertex 48.6 30.7909 -84.9965
      vertex 48 30.7909 -84.9965
    endloop
  endfacet
  facet normal 0 -0.99929 -0.0376696
    outer loop
      vertex 48.6 30.7909 -84.9965
      vertex 48 30.7945 -85.092
      vertex 48.6 30.7945 -85.092
    endloop
  endfacet
  facet normal 0 -0.992347 -0.123477
    outer loop
      vertex 48 30.8054 -85.1796
      vertex 48.6 30.7945 -85.092
      vertex 48 30.7945 -85.092
    endloop
  endfacet
  facet normal 0 -0.992347 -0.123477
    outer loop
      vertex 48.6 30.7945 -85.092
      vertex 48 30.8054 -85.1796
      vertex 48.6 30.8054 -85.1796
    endloop
  endfacet
  facet normal 0 -0.974843 -0.222891
    outer loop
      vertex 48 30.8236 -85.2592
      vertex 48.6 30.8054 -85.1796
      vertex 48 30.8054 -85.1796
    endloop
  endfacet
  facet normal 0 -0.974843 -0.222891
    outer loop
      vertex 48.6 30.8054 -85.1796
      vertex 48 30.8236 -85.2592
      vertex 48.6 30.8236 -85.2592
    endloop
  endfacet
  facet normal 0 -0.942307 -0.33475
    outer loop
      vertex 48 30.849 -85.3307
      vertex 48.6 30.8236 -85.2592
      vertex 48 30.8236 -85.2592
    endloop
  endfacet
  facet normal 0 -0.942307 -0.33475
    outer loop
      vertex 48.6 30.8236 -85.2592
      vertex 48 30.849 -85.3307
      vertex 48.6 30.849 -85.3307
    endloop
  endfacet
  facet normal 0 -0.889337 -0.457253
    outer loop
      vertex 48 30.8817 -85.3943
      vertex 48.6 30.849 -85.3307
      vertex 48 30.849 -85.3307
    endloop
  endfacet
  facet normal 0 -0.889337 -0.457253
    outer loop
      vertex 48.6 30.849 -85.3307
      vertex 48 30.8817 -85.3943
      vertex 48.6 30.8817 -85.3943
    endloop
  endfacet
  facet normal 0 -0.811257 -0.58469
    outer loop
      vertex 48 30.9217 -85.4498
      vertex 48.6 30.8817 -85.3943
      vertex 48 30.8817 -85.3943
    endloop
  endfacet
  facet normal 0 -0.811257 -0.58469
    outer loop
      vertex 48.6 30.8817 -85.3943
      vertex 48 30.9217 -85.4498
      vertex 48.6 30.9217 -85.4498
    endloop
  endfacet
  facet normal 0 -0.709343 -0.704863
    outer loop
      vertex 48 30.9689 -85.4973
      vertex 48.6 30.9217 -85.4498
      vertex 48 30.9217 -85.4498
    endloop
  endfacet
  facet normal 0 -0.709343 -0.704863
    outer loop
      vertex 48.6 30.9217 -85.4498
      vertex 48 30.9689 -85.4973
      vertex 48.6 30.9689 -85.4973
    endloop
  endfacet
  facet normal 0 -0.587826 -0.808988
    outer loop
      vertex 48 30.9689 -85.4973
      vertex 48.6 31.0245 -85.5377
      vertex 48.6 30.9689 -85.4973
    endloop
  endfacet
  facet normal -0 -0.587826 -0.808988
    outer loop
      vertex 48.6 31.0245 -85.5377
      vertex 48 30.9689 -85.4973
      vertex 48 31.0245 -85.5377
    endloop
  endfacet
  facet normal 0 -0.465074 -0.885272
    outer loop
      vertex 48 31.0245 -85.5377
      vertex 48.6 31.0896 -85.5719
      vertex 48.6 31.0245 -85.5377
    endloop
  endfacet
  facet normal -0 -0.465074 -0.885272
    outer loop
      vertex 48.6 31.0896 -85.5719
      vertex 48 31.0245 -85.5377
      vertex 48 31.0896 -85.5719
    endloop
  endfacet
  facet normal 0 -0.35071 -0.936484
    outer loop
      vertex 48 31.0896 -85.5719
      vertex 48.6 31.1641 -85.5998
      vertex 48.6 31.0896 -85.5719
    endloop
  endfacet
  facet normal -0 -0.35071 -0.936484
    outer loop
      vertex 48.6 31.1641 -85.5998
      vertex 48 31.0896 -85.5719
      vertex 48 31.1641 -85.5998
    endloop
  endfacet
  facet normal 0 -0.250922 -0.968007
    outer loop
      vertex 48 31.1641 -85.5998
      vertex 48.6 31.2482 -85.6216
      vertex 48.6 31.1641 -85.5998
    endloop
  endfacet
  facet normal -0 -0.250922 -0.968007
    outer loop
      vertex 48.6 31.2482 -85.6216
      vertex 48 31.1641 -85.5998
      vertex 48 31.2482 -85.6216
    endloop
  endfacet
  facet normal 0 -0.163543 -0.986536
    outer loop
      vertex 48 31.2482 -85.6216
      vertex 48.6 31.3417 -85.6371
      vertex 48.6 31.2482 -85.6216
    endloop
  endfacet
  facet normal -0 -0.163543 -0.986536
    outer loop
      vertex 48.6 31.3417 -85.6371
      vertex 48 31.2482 -85.6216
      vertex 48 31.3417 -85.6371
    endloop
  endfacet
  facet normal 0 -0.0908844 -0.995861
    outer loop
      vertex 48 31.3417 -85.6371
      vertex 48.6 31.4447 -85.6465
      vertex 48.6 31.3417 -85.6371
    endloop
  endfacet
  facet normal -0 -0.0908844 -0.995861
    outer loop
      vertex 48.6 31.4447 -85.6465
      vertex 48 31.3417 -85.6371
      vertex 48 31.4447 -85.6465
    endloop
  endfacet
  facet normal 0 -0.0275451 -0.999621
    outer loop
      vertex 48 31.4447 -85.6465
      vertex 48.6 31.5572 -85.6496
      vertex 48.6 31.4447 -85.6465
    endloop
  endfacet
  facet normal -0 -0.0275451 -0.999621
    outer loop
      vertex 48.6 31.5572 -85.6496
      vertex 48 31.4447 -85.6465
      vertex 48 31.5572 -85.6496
    endloop
  endfacet
  facet normal 0 0 -1
    outer loop
      vertex 48 31.5572 -85.6496
      vertex 48.6 32.1064 -85.6496
      vertex 48.6 31.5572 -85.6496
    endloop
  endfacet
  facet normal -0 0 -1
    outer loop
      vertex 48.6 32.1064 -85.6496
      vertex 48 31.5572 -85.6496
      vertex 48 32.1064 -85.6496
    endloop
  endfacet
endsolid OpenSCAD_Model
