solid OpenSCAD_Model
  facet normal -0.442382 -0.896827 0
    outer loop
      vertex 91.75 29.1029 -12
      vertex 92.2779 28.8425 -9
      vertex 91.75 29.1029 -9
    endloop
  endfacet
  facet normal -0.442382 -0.896827 -0
    outer loop
      vertex 92.2779 28.8425 -9
      vertex 91.75 29.1029 -12
      vertex 92.2779 28.8425 -12
    endloop
  endfacet
  facet normal -0.0654027 -0.997859 0
    outer loop
      vertex 93.4126 28.5385 -12
      vertex 94 28.5 -9
      vertex 93.4126 28.5385 -9
    endloop
  endfacet
  facet normal -0.0654027 -0.997859 -0
    outer loop
      vertex 94 28.5 -9
      vertex 93.4126 28.5385 -12
      vertex 94 28.5 -12
    endloop
  endfacet
  facet normal -0.442382 0.896827 0
    outer loop
      vertex 92.2779 37.1575 -12
      vertex 91.75 36.8971 -9
      vertex 92.2779 37.1575 -9
    endloop
  endfacet
  facet normal -0.442382 0.896827 0
    outer loop
      vertex 91.75 36.8971 -9
      vertex 92.2779 37.1575 -12
      vertex 91.75 36.8971 -12
    endloop
  endfacet
  facet normal 0 -1 0
    outer loop
      vertex 94 28.5 -12
      vertex 105.3 28.5 -9
      vertex 94 28.5 -9
    endloop
  endfacet
  facet normal 0 -1 -0
    outer loop
      vertex 105.3 28.5 -9
      vertex 94 28.5 -12
      vertex 105.3 28.5 -12
    endloop
  endfacet
  facet normal -0.555562 -0.831475 0
    outer loop
      vertex 91.2606 29.4299 -12
      vertex 91.75 29.1029 -9
      vertex 91.2606 29.4299 -9
    endloop
  endfacet
  facet normal -0.555562 -0.831475 -0
    outer loop
      vertex 91.75 29.1029 -9
      vertex 91.2606 29.4299 -12
      vertex 91.75 29.1029 -12
    endloop
  endfacet
  facet normal -0.831475 0.555562 0
    outer loop
      vertex 90.1029 35.25 -12
      vertex 90.4299 35.7394 -9
      vertex 90.4299 35.7394 -12
    endloop
  endfacet
  facet normal -0.831475 0.555562 0
    outer loop
      vertex 90.4299 35.7394 -9
      vertex 90.1029 35.25 -12
      vertex 90.1029 35.25 -9
    endloop
  endfacet
  facet normal -0.195038 -0.980796 0
    outer loop
      vertex 92.8353 28.6533 -12
      vertex 93.4126 28.5385 -9
      vertex 92.8353 28.6533 -9
    endloop
  endfacet
  facet normal -0.195038 -0.980796 -0
    outer loop
      vertex 93.4126 28.5385 -9
      vertex 92.8353 28.6533 -12
      vertex 93.4126 28.5385 -12
    endloop
  endfacet
  facet normal 0 1 -0
    outer loop
      vertex 105.3 37.5 -12
      vertex 94 37.5 -9
      vertex 105.3 37.5 -9
    endloop
  endfacet
  facet normal 0 1 0
    outer loop
      vertex 94 37.5 -9
      vertex 105.3 37.5 -12
      vertex 94 37.5 -12
    endloop
  endfacet
  facet normal -0.896827 -0.442382 0
    outer loop
      vertex 90.1029 30.75 -12
      vertex 89.8425 31.2779 -9
      vertex 89.8425 31.2779 -12
    endloop
  endfacet
  facet normal -0.896827 -0.442382 0
    outer loop
      vertex 89.8425 31.2779 -9
      vertex 90.1029 30.75 -12
      vertex 90.1029 30.75 -9
    endloop
  endfacet
  facet normal -0.751882 0.659298 0
    outer loop
      vertex 90.4299 35.7394 -12
      vertex 90.818 36.182 -9
      vertex 90.818 36.182 -12
    endloop
  endfacet
  facet normal -0.751882 0.659298 0
    outer loop
      vertex 90.818 36.182 -9
      vertex 90.4299 35.7394 -12
      vertex 90.4299 35.7394 -9
    endloop
  endfacet
  facet normal -0.659298 -0.751882 0
    outer loop
      vertex 90.818 29.818 -12
      vertex 91.2606 29.4299 -9
      vertex 90.818 29.818 -9
    endloop
  endfacet
  facet normal -0.659298 -0.751882 -0
    outer loop
      vertex 91.2606 29.4299 -9
      vertex 90.818 29.818 -12
      vertex 91.2606 29.4299 -12
    endloop
  endfacet
  facet normal -0.195038 0.980796 0
    outer loop
      vertex 93.4126 37.4615 -12
      vertex 92.8353 37.3467 -9
      vertex 93.4126 37.4615 -9
    endloop
  endfacet
  facet normal -0.195038 0.980796 0
    outer loop
      vertex 92.8353 37.3467 -9
      vertex 93.4126 37.4615 -12
      vertex 92.8353 37.3467 -12
    endloop
  endfacet
  facet normal -0.946936 -0.321421 0
    outer loop
      vertex 89.8425 31.2779 -12
      vertex 89.6533 31.8353 -9
      vertex 89.6533 31.8353 -12
    endloop
  endfacet
  facet normal -0.946936 -0.321421 0
    outer loop
      vertex 89.6533 31.8353 -9
      vertex 89.8425 31.2779 -12
      vertex 89.8425 31.2779 -9
    endloop
  endfacet
  facet normal -0.946936 0.321421 0
    outer loop
      vertex 89.6533 34.1647 -12
      vertex 89.8425 34.7221 -9
      vertex 89.8425 34.7221 -12
    endloop
  endfacet
  facet normal -0.946936 0.321421 0
    outer loop
      vertex 89.8425 34.7221 -9
      vertex 89.6533 34.1647 -12
      vertex 89.6533 34.1647 -9
    endloop
  endfacet
  facet normal -0.751882 -0.659298 0
    outer loop
      vertex 90.818 29.818 -12
      vertex 90.4299 30.2606 -9
      vertex 90.4299 30.2606 -12
    endloop
  endfacet
  facet normal -0.751882 -0.659298 0
    outer loop
      vertex 90.4299 30.2606 -9
      vertex 90.818 29.818 -12
      vertex 90.818 29.818 -9
    endloop
  endfacet
  facet normal -0.555562 0.831475 0
    outer loop
      vertex 91.75 36.8971 -12
      vertex 91.2606 36.5701 -9
      vertex 91.75 36.8971 -9
    endloop
  endfacet
  facet normal -0.555562 0.831475 0
    outer loop
      vertex 91.2606 36.5701 -9
      vertex 91.75 36.8971 -12
      vertex 91.2606 36.5701 -12
    endloop
  endfacet
  facet normal 0 0 1
    outer loop
      vertex 105.3 37.5 -9
      vertex 95.7 33 -9
      vertex 105.3 28.5 -9
    endloop
  endfacet
  facet normal 0 0 1
    outer loop
      vertex 105.3 37.5 -9
      vertex 95.6855 33.2219 -9
      vertex 95.7 33 -9
    endloop
  endfacet
  facet normal 0 0 1
    outer loop
      vertex 105.3 37.5 -9
      vertex 95.6421 33.44 -9
      vertex 95.6855 33.2219 -9
    endloop
  endfacet
  facet normal 0 0 1
    outer loop
      vertex 105.3 37.5 -9
      vertex 95.5706 33.6506 -9
      vertex 95.6421 33.44 -9
    endloop
  endfacet
  facet normal 0 0 1
    outer loop
      vertex 105.3 37.5 -9
      vertex 95.4722 33.85 -9
      vertex 95.5706 33.6506 -9
    endloop
  endfacet
  facet normal 0 0 1
    outer loop
      vertex 105.3 37.5 -9
      vertex 95.3487 34.0349 -9
      vertex 95.4722 33.85 -9
    endloop
  endfacet
  facet normal -0 0 1
    outer loop
      vertex 94 37.5 -9
      vertex 95.3487 34.0349 -9
      vertex 105.3 37.5 -9
    endloop
  endfacet
  facet normal 0 0 1
    outer loop
      vertex 95.3487 34.0349 -9
      vertex 94 37.5 -9
      vertex 95.2021 34.2021 -9
    endloop
  endfacet
  facet normal 0 0 1
    outer loop
      vertex 95.2021 34.2021 -9
      vertex 94 37.5 -9
      vertex 95.0349 34.3487 -9
    endloop
  endfacet
  facet normal 0 0 1
    outer loop
      vertex 95.0349 34.3487 -9
      vertex 94 37.5 -9
      vertex 94.85 34.4722 -9
    endloop
  endfacet
  facet normal 0 0 1
    outer loop
      vertex 94.85 34.4722 -9
      vertex 94 37.5 -9
      vertex 94.6506 34.5706 -9
    endloop
  endfacet
  facet normal 0 0 1
    outer loop
      vertex 94.6506 34.5706 -9
      vertex 94 37.5 -9
      vertex 94.44 34.6421 -9
    endloop
  endfacet
  facet normal 0 0 1
    outer loop
      vertex 94.44 34.6421 -9
      vertex 94 37.5 -9
      vertex 94.2219 34.6855 -9
    endloop
  endfacet
  facet normal 0 0 1
    outer loop
      vertex 94 37.5 -9
      vertex 94 34.7 -9
      vertex 94.2219 34.6855 -9
    endloop
  endfacet
  facet normal 0 0 1
    outer loop
      vertex 94 37.5 -9
      vertex 93.7781 34.6855 -9
      vertex 94 34.7 -9
    endloop
  endfacet
  facet normal -0 0 1
    outer loop
      vertex 93.4126 37.4615 -9
      vertex 93.7781 34.6855 -9
      vertex 94 37.5 -9
    endloop
  endfacet
  facet normal 0 0 1
    outer loop
      vertex 93.7781 34.6855 -9
      vertex 93.4126 37.4615 -9
      vertex 93.56 34.6421 -9
    endloop
  endfacet
  facet normal -0 0 1
    outer loop
      vertex 92.8353 37.3467 -9
      vertex 93.56 34.6421 -9
      vertex 93.4126 37.4615 -9
    endloop
  endfacet
  facet normal 0 0 1
    outer loop
      vertex 93.56 34.6421 -9
      vertex 92.8353 37.3467 -9
      vertex 93.3494 34.5706 -9
    endloop
  endfacet
  facet normal -0 0 1
    outer loop
      vertex 92.2779 37.1575 -9
      vertex 93.3494 34.5706 -9
      vertex 92.8353 37.3467 -9
    endloop
  endfacet
  facet normal 0 0 1
    outer loop
      vertex 93.3494 34.5706 -9
      vertex 92.2779 37.1575 -9
      vertex 93.15 34.4722 -9
    endloop
  endfacet
  facet normal -0 0 1
    outer loop
      vertex 91.75 36.8971 -9
      vertex 93.15 34.4722 -9
      vertex 92.2779 37.1575 -9
    endloop
  endfacet
  facet normal 0 0 1
    outer loop
      vertex 93.15 34.4722 -9
      vertex 91.75 36.8971 -9
      vertex 92.9651 34.3487 -9
    endloop
  endfacet
  facet normal -0 0 1
    outer loop
      vertex 91.2606 36.5701 -9
      vertex 92.9651 34.3487 -9
      vertex 91.75 36.8971 -9
    endloop
  endfacet
  facet normal 0 0 1
    outer loop
      vertex 92.9651 34.3487 -9
      vertex 91.2606 36.5701 -9
      vertex 92.7979 34.2021 -9
    endloop
  endfacet
  facet normal -0 0 1
    outer loop
      vertex 90.818 36.182 -9
      vertex 92.7979 34.2021 -9
      vertex 91.2606 36.5701 -9
    endloop
  endfacet
  facet normal 0 0 1
    outer loop
      vertex 92.7979 34.2021 -9
      vertex 90.818 36.182 -9
      vertex 92.6513 34.0349 -9
    endloop
  endfacet
  facet normal 0 0 1
    outer loop
      vertex 92.6513 34.0349 -9
      vertex 90.4299 35.7394 -9
      vertex 92.5278 33.85 -9
    endloop
  endfacet
  facet normal -0 0 1
    outer loop
      vertex 90.4299 35.7394 -9
      vertex 92.6513 34.0349 -9
      vertex 90.818 36.182 -9
    endloop
  endfacet
  facet normal -0 0 1
    outer loop
      vertex 95.6855 32.7781 -9
      vertex 105.3 28.5 -9
      vertex 95.7 33 -9
    endloop
  endfacet
  facet normal -0 0 1
    outer loop
      vertex 95.6421 32.56 -9
      vertex 105.3 28.5 -9
      vertex 95.6855 32.7781 -9
    endloop
  endfacet
  facet normal -0 0 1
    outer loop
      vertex 95.5706 32.3494 -9
      vertex 105.3 28.5 -9
      vertex 95.6421 32.56 -9
    endloop
  endfacet
  facet normal -0 0 1
    outer loop
      vertex 95.4722 32.15 -9
      vertex 105.3 28.5 -9
      vertex 95.5706 32.3494 -9
    endloop
  endfacet
  facet normal -0 0 1
    outer loop
      vertex 95.3487 31.9651 -9
      vertex 105.3 28.5 -9
      vertex 95.4722 32.15 -9
    endloop
  endfacet
  facet normal 0 0 1
    outer loop
      vertex 94 28.5 -9
      vertex 95.3487 31.9651 -9
      vertex 95.2021 31.7979 -9
    endloop
  endfacet
  facet normal 0 0 1
    outer loop
      vertex 94 28.5 -9
      vertex 95.2021 31.7979 -9
      vertex 95.0349 31.6513 -9
    endloop
  endfacet
  facet normal 0 0 1
    outer loop
      vertex 94 28.5 -9
      vertex 95.0349 31.6513 -9
      vertex 94.85 31.5278 -9
    endloop
  endfacet
  facet normal 0 0 1
    outer loop
      vertex 94 28.5 -9
      vertex 94.85 31.5278 -9
      vertex 94.6506 31.4294 -9
    endloop
  endfacet
  facet normal 0 0 1
    outer loop
      vertex 94 28.5 -9
      vertex 94.6506 31.4294 -9
      vertex 94.44 31.3579 -9
    endloop
  endfacet
  facet normal 0 0 1
    outer loop
      vertex 94 28.5 -9
      vertex 94.44 31.3579 -9
      vertex 94.2219 31.3145 -9
    endloop
  endfacet
  facet normal 0 0 1
    outer loop
      vertex 94 28.5 -9
      vertex 94.2219 31.3145 -9
      vertex 94 31.3 -9
    endloop
  endfacet
  facet normal 0 0 1
    outer loop
      vertex 95.3487 31.9651 -9
      vertex 94 28.5 -9
      vertex 105.3 28.5 -9
    endloop
  endfacet
  facet normal 0 0 1
    outer loop
      vertex 93.7781 31.3145 -9
      vertex 94 28.5 -9
      vertex 94 31.3 -9
    endloop
  endfacet
  facet normal 0 0 1
    outer loop
      vertex 93.4126 28.5385 -9
      vertex 93.7781 31.3145 -9
      vertex 93.56 31.3579 -9
    endloop
  endfacet
  facet normal 0 0 1
    outer loop
      vertex 93.7781 31.3145 -9
      vertex 93.4126 28.5385 -9
      vertex 94 28.5 -9
    endloop
  endfacet
  facet normal 0 0 1
    outer loop
      vertex 92.8353 28.6533 -9
      vertex 93.56 31.3579 -9
      vertex 93.3494 31.4294 -9
    endloop
  endfacet
  facet normal 0 0 1
    outer loop
      vertex 92.2779 28.8425 -9
      vertex 93.3494 31.4294 -9
      vertex 93.15 31.5278 -9
    endloop
  endfacet
  facet normal 0 0 1
    outer loop
      vertex 91.75 29.1029 -9
      vertex 93.15 31.5278 -9
      vertex 92.9651 31.6513 -9
    endloop
  endfacet
  facet normal 0 0 1
    outer loop
      vertex 93.56 31.3579 -9
      vertex 92.8353 28.6533 -9
      vertex 93.4126 28.5385 -9
    endloop
  endfacet
  facet normal 0 0 1
    outer loop
      vertex 91.2606 29.4299 -9
      vertex 92.9651 31.6513 -9
      vertex 92.7979 31.7979 -9
    endloop
  endfacet
  facet normal 0 0 1
    outer loop
      vertex 90.818 29.818 -9
      vertex 92.7979 31.7979 -9
      vertex 92.6513 31.9651 -9
    endloop
  endfacet
  facet normal 0 0 1
    outer loop
      vertex 90.4299 30.2606 -9
      vertex 92.6513 31.9651 -9
      vertex 92.5278 32.15 -9
    endloop
  endfacet
  facet normal 0 0 1
    outer loop
      vertex 90.1029 30.75 -9
      vertex 92.5278 32.15 -9
      vertex 92.4294 32.3494 -9
    endloop
  endfacet
  facet normal 0 0 1
    outer loop
      vertex 89.8425 31.2779 -9
      vertex 92.4294 32.3494 -9
      vertex 92.3579 32.56 -9
    endloop
  endfacet
  facet normal 0 0 1
    outer loop
      vertex 89.6533 31.8353 -9
      vertex 92.3579 32.56 -9
      vertex 92.3145 32.7781 -9
    endloop
  endfacet
  facet normal 0 0 1
    outer loop
      vertex 93.3494 31.4294 -9
      vertex 92.2779 28.8425 -9
      vertex 92.8353 28.6533 -9
    endloop
  endfacet
  facet normal 0 0 1
    outer loop
      vertex 89.5385 32.4126 -9
      vertex 92.3145 32.7781 -9
      vertex 92.3 33 -9
    endloop
  endfacet
  facet normal -0 0 1
    outer loop
      vertex 90.1029 35.25 -9
      vertex 92.5278 33.85 -9
      vertex 90.4299 35.7394 -9
    endloop
  endfacet
  facet normal 0 0 1
    outer loop
      vertex 92.5278 33.85 -9
      vertex 90.1029 35.25 -9
      vertex 92.4294 33.6506 -9
    endloop
  endfacet
  facet normal 0 0 1
    outer loop
      vertex 93.15 31.5278 -9
      vertex 91.75 29.1029 -9
      vertex 92.2779 28.8425 -9
    endloop
  endfacet
  facet normal -0 0 1
    outer loop
      vertex 89.8425 34.7221 -9
      vertex 92.4294 33.6506 -9
      vertex 90.1029 35.25 -9
    endloop
  endfacet
  facet normal 0 0 1
    outer loop
      vertex 92.9651 31.6513 -9
      vertex 91.2606 29.4299 -9
      vertex 91.75 29.1029 -9
    endloop
  endfacet
  facet normal 0 0 1
    outer loop
      vertex 92.4294 33.6506 -9
      vertex 89.8425 34.7221 -9
      vertex 92.3579 33.44 -9
    endloop
  endfacet
  facet normal 0 0 1
    outer loop
      vertex 92.7979 31.7979 -9
      vertex 90.818 29.818 -9
      vertex 91.2606 29.4299 -9
    endloop
  endfacet
  facet normal -0 0 1
    outer loop
      vertex 89.6533 34.1647 -9
      vertex 92.3579 33.44 -9
      vertex 89.8425 34.7221 -9
    endloop
  endfacet
  facet normal 0 0 1
    outer loop
      vertex 92.6513 31.9651 -9
      vertex 90.4299 30.2606 -9
      vertex 90.818 29.818 -9
    endloop
  endfacet
  facet normal 0 0 1
    outer loop
      vertex 92.3579 33.44 -9
      vertex 89.6533 34.1647 -9
      vertex 92.3145 33.2219 -9
    endloop
  endfacet
  facet normal 0 0 1
    outer loop
      vertex 92.5278 32.15 -9
      vertex 90.1029 30.75 -9
      vertex 90.4299 30.2606 -9
    endloop
  endfacet
  facet normal -0 0 1
    outer loop
      vertex 89.5385 33.5874 -9
      vertex 92.3145 33.2219 -9
      vertex 89.6533 34.1647 -9
    endloop
  endfacet
  facet normal 0 0 1
    outer loop
      vertex 92.4294 32.3494 -9
      vertex 89.8425 31.2779 -9
      vertex 90.1029 30.75 -9
    endloop
  endfacet
  facet normal 0 0 1
    outer loop
      vertex 92.3145 33.2219 -9
      vertex 89.5385 33.5874 -9
      vertex 92.3 33 -9
    endloop
  endfacet
  facet normal 0 0 1
    outer loop
      vertex 92.3579 32.56 -9
      vertex 89.6533 31.8353 -9
      vertex 89.8425 31.2779 -9
    endloop
  endfacet
  facet normal 0 0 1
    outer loop
      vertex 89.5 33 -9
      vertex 92.3 33 -9
      vertex 89.5385 33.5874 -9
    endloop
  endfacet
  facet normal 0 0 1
    outer loop
      vertex 92.3145 32.7781 -9
      vertex 89.5385 32.4126 -9
      vertex 89.6533 31.8353 -9
    endloop
  endfacet
  facet normal 0 0 1
    outer loop
      vertex 92.3 33 -9
      vertex 89.5 33 -9
      vertex 89.5385 32.4126 -9
    endloop
  endfacet
  facet normal -0.997859 0.0654027 0
    outer loop
      vertex 89.5 33 -12
      vertex 89.5385 33.5874 -9
      vertex 89.5385 33.5874 -12
    endloop
  endfacet
  facet normal -0.997859 0.0654027 0
    outer loop
      vertex 89.5385 33.5874 -9
      vertex 89.5 33 -12
      vertex 89.5 33 -9
    endloop
  endfacet
  facet normal -0.997859 -0.0654027 0
    outer loop
      vertex 89.5385 32.4126 -12
      vertex 89.5 33 -9
      vertex 89.5 33 -12
    endloop
  endfacet
  facet normal -0.997859 -0.0654027 0
    outer loop
      vertex 89.5 33 -9
      vertex 89.5385 32.4126 -12
      vertex 89.5385 32.4126 -9
    endloop
  endfacet
  facet normal -0.980796 0.195038 0
    outer loop
      vertex 89.5385 33.5874 -12
      vertex 89.6533 34.1647 -9
      vertex 89.6533 34.1647 -12
    endloop
  endfacet
  facet normal -0.980796 0.195038 0
    outer loop
      vertex 89.6533 34.1647 -9
      vertex 89.5385 33.5874 -12
      vertex 89.5385 33.5874 -9
    endloop
  endfacet
  facet normal -0.321421 0.946936 0
    outer loop
      vertex 92.8353 37.3467 -12
      vertex 92.2779 37.1575 -9
      vertex 92.8353 37.3467 -9
    endloop
  endfacet
  facet normal -0.321421 0.946936 0
    outer loop
      vertex 92.2779 37.1575 -9
      vertex 92.8353 37.3467 -12
      vertex 92.2779 37.1575 -12
    endloop
  endfacet
  facet normal -0.321421 -0.946936 0
    outer loop
      vertex 92.2779 28.8425 -12
      vertex 92.8353 28.6533 -9
      vertex 92.2779 28.8425 -9
    endloop
  endfacet
  facet normal -0.321421 -0.946936 -0
    outer loop
      vertex 92.8353 28.6533 -9
      vertex 92.2779 28.8425 -12
      vertex 92.8353 28.6533 -12
    endloop
  endfacet
  facet normal -0.831475 -0.555562 0
    outer loop
      vertex 90.4299 30.2606 -12
      vertex 90.1029 30.75 -9
      vertex 90.1029 30.75 -12
    endloop
  endfacet
  facet normal -0.831475 -0.555562 0
    outer loop
      vertex 90.1029 30.75 -9
      vertex 90.4299 30.2606 -12
      vertex 90.4299 30.2606 -9
    endloop
  endfacet
  facet normal -0.659298 0.751882 0
    outer loop
      vertex 91.2606 36.5701 -12
      vertex 90.818 36.182 -9
      vertex 91.2606 36.5701 -9
    endloop
  endfacet
  facet normal -0.659298 0.751882 0
    outer loop
      vertex 90.818 36.182 -9
      vertex 91.2606 36.5701 -12
      vertex 90.818 36.182 -12
    endloop
  endfacet
  facet normal -0.980796 -0.195038 0
    outer loop
      vertex 89.6533 31.8353 -12
      vertex 89.5385 32.4126 -9
      vertex 89.5385 32.4126 -12
    endloop
  endfacet
  facet normal -0.980796 -0.195038 0
    outer loop
      vertex 89.5385 32.4126 -9
      vertex 89.6533 31.8353 -12
      vertex 89.6533 31.8353 -9
    endloop
  endfacet
  facet normal -0.896827 0.442382 0
    outer loop
      vertex 89.8425 34.7221 -12
      vertex 90.1029 35.25 -9
      vertex 90.1029 35.25 -12
    endloop
  endfacet
  facet normal -0.896827 0.442382 0
    outer loop
      vertex 90.1029 35.25 -9
      vertex 89.8425 34.7221 -12
      vertex 89.8425 34.7221 -9
    endloop
  endfacet
  facet normal -0.0654027 0.997859 0
    outer loop
      vertex 94 37.5 -12
      vertex 93.4126 37.4615 -9
      vertex 94 37.5 -9
    endloop
  endfacet
  facet normal -0.0654027 0.997859 0
    outer loop
      vertex 93.4126 37.4615 -9
      vertex 94 37.5 -12
      vertex 93.4126 37.4615 -12
    endloop
  endfacet
  facet normal 0 0 -1
    outer loop
      vertex 105.3 28.5 -12
      vertex 95.7 33 -12
      vertex 105.3 37.5 -12
    endloop
  endfacet
  facet normal 0 0 -1
    outer loop
      vertex 105.3 28.5 -12
      vertex 95.6855 32.7781 -12
      vertex 95.7 33 -12
    endloop
  endfacet
  facet normal 0 0 -1
    outer loop
      vertex 105.3 28.5 -12
      vertex 95.6421 32.56 -12
      vertex 95.6855 32.7781 -12
    endloop
  endfacet
  facet normal 0 0 -1
    outer loop
      vertex 105.3 28.5 -12
      vertex 95.5706 32.3494 -12
      vertex 95.6421 32.56 -12
    endloop
  endfacet
  facet normal 0 0 -1
    outer loop
      vertex 105.3 28.5 -12
      vertex 95.4722 32.15 -12
      vertex 95.5706 32.3494 -12
    endloop
  endfacet
  facet normal 0 0 -1
    outer loop
      vertex 105.3 28.5 -12
      vertex 95.3487 31.9651 -12
      vertex 95.4722 32.15 -12
    endloop
  endfacet
  facet normal 0 0 -1
    outer loop
      vertex 94 28.5 -12
      vertex 95.3487 31.9651 -12
      vertex 105.3 28.5 -12
    endloop
  endfacet
  facet normal 0 0 -1
    outer loop
      vertex 95.3487 31.9651 -12
      vertex 94 28.5 -12
      vertex 95.2021 31.7979 -12
    endloop
  endfacet
  facet normal 0 0 -1
    outer loop
      vertex 95.2021 31.7979 -12
      vertex 94 28.5 -12
      vertex 95.0349 31.6513 -12
    endloop
  endfacet
  facet normal 0 0 -1
    outer loop
      vertex 95.0349 31.6513 -12
      vertex 94 28.5 -12
      vertex 94.85 31.5278 -12
    endloop
  endfacet
  facet normal 0 0 -1
    outer loop
      vertex 94.85 31.5278 -12
      vertex 94 28.5 -12
      vertex 94.6506 31.4294 -12
    endloop
  endfacet
  facet normal 0 0 -1
    outer loop
      vertex 94.6506 31.4294 -12
      vertex 94 28.5 -12
      vertex 94.44 31.3579 -12
    endloop
  endfacet
  facet normal 0 0 -1
    outer loop
      vertex 94.44 31.3579 -12
      vertex 94 28.5 -12
      vertex 94.2219 31.3145 -12
    endloop
  endfacet
  facet normal 0 0 -1
    outer loop
      vertex 94 28.5 -12
      vertex 94 31.3 -12
      vertex 94.2219 31.3145 -12
    endloop
  endfacet
  facet normal 0 0 -1
    outer loop
      vertex 94 28.5 -12
      vertex 93.7781 31.3145 -12
      vertex 94 31.3 -12
    endloop
  endfacet
  facet normal 0 0 -1
    outer loop
      vertex 93.4126 28.5385 -12
      vertex 93.7781 31.3145 -12
      vertex 94 28.5 -12
    endloop
  endfacet
  facet normal -0 0 -1
    outer loop
      vertex 93.7781 31.3145 -12
      vertex 93.4126 28.5385 -12
      vertex 93.56 31.3579 -12
    endloop
  endfacet
  facet normal 0 0 -1
    outer loop
      vertex 92.8353 28.6533 -12
      vertex 93.56 31.3579 -12
      vertex 93.4126 28.5385 -12
    endloop
  endfacet
  facet normal -0 0 -1
    outer loop
      vertex 93.56 31.3579 -12
      vertex 92.8353 28.6533 -12
      vertex 93.3494 31.4294 -12
    endloop
  endfacet
  facet normal 0 0 -1
    outer loop
      vertex 92.2779 28.8425 -12
      vertex 93.3494 31.4294 -12
      vertex 92.8353 28.6533 -12
    endloop
  endfacet
  facet normal -0 0 -1
    outer loop
      vertex 93.3494 31.4294 -12
      vertex 92.2779 28.8425 -12
      vertex 93.15 31.5278 -12
    endloop
  endfacet
  facet normal 0 0 -1
    outer loop
      vertex 91.75 29.1029 -12
      vertex 93.15 31.5278 -12
      vertex 92.2779 28.8425 -12
    endloop
  endfacet
  facet normal -0 0 -1
    outer loop
      vertex 93.15 31.5278 -12
      vertex 91.75 29.1029 -12
      vertex 92.9651 31.6513 -12
    endloop
  endfacet
  facet normal 0 0 -1
    outer loop
      vertex 91.2606 29.4299 -12
      vertex 92.9651 31.6513 -12
      vertex 91.75 29.1029 -12
    endloop
  endfacet
  facet normal -0 0 -1
    outer loop
      vertex 92.9651 31.6513 -12
      vertex 91.2606 29.4299 -12
      vertex 92.7979 31.7979 -12
    endloop
  endfacet
  facet normal 0 0 -1
    outer loop
      vertex 90.818 29.818 -12
      vertex 92.7979 31.7979 -12
      vertex 91.2606 29.4299 -12
    endloop
  endfacet
  facet normal -0 0 -1
    outer loop
      vertex 92.7979 31.7979 -12
      vertex 90.818 29.818 -12
      vertex 92.6513 31.9651 -12
    endloop
  endfacet
  facet normal -0 0 -1
    outer loop
      vertex 92.6513 31.9651 -12
      vertex 90.4299 30.2606 -12
      vertex 92.5278 32.15 -12
    endloop
  endfacet
  facet normal 0 0 -1
    outer loop
      vertex 90.4299 30.2606 -12
      vertex 92.6513 31.9651 -12
      vertex 90.818 29.818 -12
    endloop
  endfacet
  facet normal 0 0 -1
    outer loop
      vertex 95.6855 33.2219 -12
      vertex 105.3 37.5 -12
      vertex 95.7 33 -12
    endloop
  endfacet
  facet normal 0 0 -1
    outer loop
      vertex 95.6421 33.44 -12
      vertex 105.3 37.5 -12
      vertex 95.6855 33.2219 -12
    endloop
  endfacet
  facet normal 0 0 -1
    outer loop
      vertex 95.5706 33.6506 -12
      vertex 105.3 37.5 -12
      vertex 95.6421 33.44 -12
    endloop
  endfacet
  facet normal 0 0 -1
    outer loop
      vertex 95.4722 33.85 -12
      vertex 105.3 37.5 -12
      vertex 95.5706 33.6506 -12
    endloop
  endfacet
  facet normal 0 0 -1
    outer loop
      vertex 95.3487 34.0349 -12
      vertex 105.3 37.5 -12
      vertex 95.4722 33.85 -12
    endloop
  endfacet
  facet normal 0 0 -1
    outer loop
      vertex 94 37.5 -12
      vertex 95.3487 34.0349 -12
      vertex 95.2021 34.2021 -12
    endloop
  endfacet
  facet normal 0 0 -1
    outer loop
      vertex 94 37.5 -12
      vertex 95.2021 34.2021 -12
      vertex 95.0349 34.3487 -12
    endloop
  endfacet
  facet normal 0 0 -1
    outer loop
      vertex 94 37.5 -12
      vertex 95.0349 34.3487 -12
      vertex 94.85 34.4722 -12
    endloop
  endfacet
  facet normal 0 0 -1
    outer loop
      vertex 94 37.5 -12
      vertex 94.85 34.4722 -12
      vertex 94.6506 34.5706 -12
    endloop
  endfacet
  facet normal 0 0 -1
    outer loop
      vertex 94 37.5 -12
      vertex 94.6506 34.5706 -12
      vertex 94.44 34.6421 -12
    endloop
  endfacet
  facet normal 0 0 -1
    outer loop
      vertex 94 37.5 -12
      vertex 94.44 34.6421 -12
      vertex 94.2219 34.6855 -12
    endloop
  endfacet
  facet normal 0 0 -1
    outer loop
      vertex 94 37.5 -12
      vertex 94.2219 34.6855 -12
      vertex 94 34.7 -12
    endloop
  endfacet
  facet normal 0 0 -1
    outer loop
      vertex 95.3487 34.0349 -12
      vertex 94 37.5 -12
      vertex 105.3 37.5 -12
    endloop
  endfacet
  facet normal 0 0 -1
    outer loop
      vertex 93.7781 34.6855 -12
      vertex 94 37.5 -12
      vertex 94 34.7 -12
    endloop
  endfacet
  facet normal 0 0 -1
    outer loop
      vertex 93.4126 37.4615 -12
      vertex 93.7781 34.6855 -12
      vertex 93.56 34.6421 -12
    endloop
  endfacet
  facet normal 0 0 -1
    outer loop
      vertex 93.7781 34.6855 -12
      vertex 93.4126 37.4615 -12
      vertex 94 37.5 -12
    endloop
  endfacet
  facet normal 0 0 -1
    outer loop
      vertex 92.8353 37.3467 -12
      vertex 93.56 34.6421 -12
      vertex 93.3494 34.5706 -12
    endloop
  endfacet
  facet normal 0 0 -1
    outer loop
      vertex 92.2779 37.1575 -12
      vertex 93.3494 34.5706 -12
      vertex 93.15 34.4722 -12
    endloop
  endfacet
  facet normal 0 0 -1
    outer loop
      vertex 91.75 36.8971 -12
      vertex 93.15 34.4722 -12
      vertex 92.9651 34.3487 -12
    endloop
  endfacet
  facet normal 0 0 -1
    outer loop
      vertex 93.56 34.6421 -12
      vertex 92.8353 37.3467 -12
      vertex 93.4126 37.4615 -12
    endloop
  endfacet
  facet normal 0 0 -1
    outer loop
      vertex 91.2606 36.5701 -12
      vertex 92.9651 34.3487 -12
      vertex 92.7979 34.2021 -12
    endloop
  endfacet
  facet normal 0 0 -1
    outer loop
      vertex 90.818 36.182 -12
      vertex 92.7979 34.2021 -12
      vertex 92.6513 34.0349 -12
    endloop
  endfacet
  facet normal 0 0 -1
    outer loop
      vertex 90.4299 35.7394 -12
      vertex 92.6513 34.0349 -12
      vertex 92.5278 33.85 -12
    endloop
  endfacet
  facet normal 0 0 -1
    outer loop
      vertex 90.1029 35.25 -12
      vertex 92.5278 33.85 -12
      vertex 92.4294 33.6506 -12
    endloop
  endfacet
  facet normal 0 0 -1
    outer loop
      vertex 89.8425 34.7221 -12
      vertex 92.4294 33.6506 -12
      vertex 92.3579 33.44 -12
    endloop
  endfacet
  facet normal 0 0 -1
    outer loop
      vertex 89.6533 34.1647 -12
      vertex 92.3579 33.44 -12
      vertex 92.3145 33.2219 -12
    endloop
  endfacet
  facet normal 0 0 -1
    outer loop
      vertex 93.3494 34.5706 -12
      vertex 92.2779 37.1575 -12
      vertex 92.8353 37.3467 -12
    endloop
  endfacet
  facet normal 0 0 -1
    outer loop
      vertex 89.5385 33.5874 -12
      vertex 92.3145 33.2219 -12
      vertex 92.3 33 -12
    endloop
  endfacet
  facet normal 0 0 -1
    outer loop
      vertex 90.1029 30.75 -12
      vertex 92.5278 32.15 -12
      vertex 90.4299 30.2606 -12
    endloop
  endfacet
  facet normal -0 0 -1
    outer loop
      vertex 92.5278 32.15 -12
      vertex 90.1029 30.75 -12
      vertex 92.4294 32.3494 -12
    endloop
  endfacet
  facet normal 0 0 -1
    outer loop
      vertex 93.15 34.4722 -12
      vertex 91.75 36.8971 -12
      vertex 92.2779 37.1575 -12
    endloop
  endfacet
  facet normal 0 0 -1
    outer loop
      vertex 89.8425 31.2779 -12
      vertex 92.4294 32.3494 -12
      vertex 90.1029 30.75 -12
    endloop
  endfacet
  facet normal 0 0 -1
    outer loop
      vertex 92.9651 34.3487 -12
      vertex 91.2606 36.5701 -12
      vertex 91.75 36.8971 -12
    endloop
  endfacet
  facet normal -0 0 -1
    outer loop
      vertex 92.4294 32.3494 -12
      vertex 89.8425 31.2779 -12
      vertex 92.3579 32.56 -12
    endloop
  endfacet
  facet normal 0 0 -1
    outer loop
      vertex 92.7979 34.2021 -12
      vertex 90.818 36.182 -12
      vertex 91.2606 36.5701 -12
    endloop
  endfacet
  facet normal 0 0 -1
    outer loop
      vertex 89.6533 31.8353 -12
      vertex 92.3579 32.56 -12
      vertex 89.8425 31.2779 -12
    endloop
  endfacet
  facet normal 0 0 -1
    outer loop
      vertex 92.6513 34.0349 -12
      vertex 90.4299 35.7394 -12
      vertex 90.818 36.182 -12
    endloop
  endfacet
  facet normal -0 0 -1
    outer loop
      vertex 92.3579 32.56 -12
      vertex 89.6533 31.8353 -12
      vertex 92.3145 32.7781 -12
    endloop
  endfacet
  facet normal 0 0 -1
    outer loop
      vertex 92.5278 33.85 -12
      vertex 90.1029 35.25 -12
      vertex 90.4299 35.7394 -12
    endloop
  endfacet
  facet normal 0 0 -1
    outer loop
      vertex 89.5385 32.4126 -12
      vertex 92.3145 32.7781 -12
      vertex 89.6533 31.8353 -12
    endloop
  endfacet
  facet normal 0 0 -1
    outer loop
      vertex 92.4294 33.6506 -12
      vertex 89.8425 34.7221 -12
      vertex 90.1029 35.25 -12
    endloop
  endfacet
  facet normal -0 0 -1
    outer loop
      vertex 92.3145 32.7781 -12
      vertex 89.5385 32.4126 -12
      vertex 92.3 33 -12
    endloop
  endfacet
  facet normal 0 0 -1
    outer loop
      vertex 92.3579 33.44 -12
      vertex 89.6533 34.1647 -12
      vertex 89.8425 34.7221 -12
    endloop
  endfacet
  facet normal 0 0 -1
    outer loop
      vertex 89.5 33 -12
      vertex 92.3 33 -12
      vertex 89.5385 32.4126 -12
    endloop
  endfacet
  facet normal 0 0 -1
    outer loop
      vertex 92.3145 33.2219 -12
      vertex 89.5385 33.5874 -12
      vertex 89.6533 34.1647 -12
    endloop
  endfacet
  facet normal 0 0 -1
    outer loop
      vertex 92.3 33 -12
      vertex 89.5 33 -12
      vertex 89.5385 33.5874 -12
    endloop
  endfacet
  facet normal -0.442382 0.896827 0
    outer loop
      vertex 92.2779 61.1575 -12
      vertex 91.75 60.8971 -9
      vertex 92.2779 61.1575 -9
    endloop
  endfacet
  facet normal -0.442382 0.896827 0
    outer loop
      vertex 91.75 60.8971 -9
      vertex 92.2779 61.1575 -12
      vertex 91.75 60.8971 -12
    endloop
  endfacet
  facet normal -0.321421 -0.946936 0
    outer loop
      vertex 92.2779 52.8425 -12
      vertex 92.8353 52.6533 -9
      vertex 92.2779 52.8425 -9
    endloop
  endfacet
  facet normal -0.321421 -0.946936 -0
    outer loop
      vertex 92.8353 52.6533 -9
      vertex 92.2779 52.8425 -12
      vertex 92.8353 52.6533 -12
    endloop
  endfacet
  facet normal -0.659298 0.751882 0
    outer loop
      vertex 91.2606 60.5701 -12
      vertex 90.818 60.182 -9
      vertex 91.2606 60.5701 -9
    endloop
  endfacet
  facet normal -0.659298 0.751882 0
    outer loop
      vertex 90.818 60.182 -9
      vertex 91.2606 60.5701 -12
      vertex 90.818 60.182 -12
    endloop
  endfacet
  facet normal 0 0 -1
    outer loop
      vertex 105.3 52.5 -12
      vertex 95.7 57 -12
      vertex 105.3 61.5 -12
    endloop
  endfacet
  facet normal 0 0 -1
    outer loop
      vertex 105.3 52.5 -12
      vertex 95.6855 56.7781 -12
      vertex 95.7 57 -12
    endloop
  endfacet
  facet normal 0 0 -1
    outer loop
      vertex 105.3 52.5 -12
      vertex 95.6421 56.56 -12
      vertex 95.6855 56.7781 -12
    endloop
  endfacet
  facet normal 0 0 -1
    outer loop
      vertex 105.3 52.5 -12
      vertex 95.5706 56.3494 -12
      vertex 95.6421 56.56 -12
    endloop
  endfacet
  facet normal 0 0 -1
    outer loop
      vertex 105.3 52.5 -12
      vertex 95.4722 56.15 -12
      vertex 95.5706 56.3494 -12
    endloop
  endfacet
  facet normal 0 0 -1
    outer loop
      vertex 105.3 52.5 -12
      vertex 95.3487 55.9651 -12
      vertex 95.4722 56.15 -12
    endloop
  endfacet
  facet normal 0 0 -1
    outer loop
      vertex 94 52.5 -12
      vertex 95.3487 55.9651 -12
      vertex 105.3 52.5 -12
    endloop
  endfacet
  facet normal 0 0 -1
    outer loop
      vertex 95.3487 55.9651 -12
      vertex 94 52.5 -12
      vertex 95.2021 55.7979 -12
    endloop
  endfacet
  facet normal 0 0 -1
    outer loop
      vertex 95.2021 55.7979 -12
      vertex 94 52.5 -12
      vertex 95.0349 55.6513 -12
    endloop
  endfacet
  facet normal 0 0 -1
    outer loop
      vertex 95.0349 55.6513 -12
      vertex 94 52.5 -12
      vertex 94.85 55.5278 -12
    endloop
  endfacet
  facet normal 0 0 -1
    outer loop
      vertex 94.85 55.5278 -12
      vertex 94 52.5 -12
      vertex 94.6506 55.4294 -12
    endloop
  endfacet
  facet normal 0 0 -1
    outer loop
      vertex 94.6506 55.4294 -12
      vertex 94 52.5 -12
      vertex 94.44 55.3579 -12
    endloop
  endfacet
  facet normal 0 0 -1
    outer loop
      vertex 94.44 55.3579 -12
      vertex 94 52.5 -12
      vertex 94.2219 55.3145 -12
    endloop
  endfacet
  facet normal 0 0 -1
    outer loop
      vertex 94 52.5 -12
      vertex 94 55.3 -12
      vertex 94.2219 55.3145 -12
    endloop
  endfacet
  facet normal 0 0 -1
    outer loop
      vertex 94 52.5 -12
      vertex 93.7781 55.3145 -12
      vertex 94 55.3 -12
    endloop
  endfacet
  facet normal 0 0 -1
    outer loop
      vertex 93.4126 52.5385 -12
      vertex 93.7781 55.3145 -12
      vertex 94 52.5 -12
    endloop
  endfacet
  facet normal -0 0 -1
    outer loop
      vertex 93.7781 55.3145 -12
      vertex 93.4126 52.5385 -12
      vertex 93.56 55.3579 -12
    endloop
  endfacet
  facet normal 0 0 -1
    outer loop
      vertex 92.8353 52.6533 -12
      vertex 93.56 55.3579 -12
      vertex 93.4126 52.5385 -12
    endloop
  endfacet
  facet normal -0 0 -1
    outer loop
      vertex 93.56 55.3579 -12
      vertex 92.8353 52.6533 -12
      vertex 93.3494 55.4294 -12
    endloop
  endfacet
  facet normal 0 0 -1
    outer loop
      vertex 92.2779 52.8425 -12
      vertex 93.3494 55.4294 -12
      vertex 92.8353 52.6533 -12
    endloop
  endfacet
  facet normal -0 0 -1
    outer loop
      vertex 93.3494 55.4294 -12
      vertex 92.2779 52.8425 -12
      vertex 93.15 55.5278 -12
    endloop
  endfacet
  facet normal 0 0 -1
    outer loop
      vertex 91.75 53.1029 -12
      vertex 93.15 55.5278 -12
      vertex 92.2779 52.8425 -12
    endloop
  endfacet
  facet normal -0 0 -1
    outer loop
      vertex 93.15 55.5278 -12
      vertex 91.75 53.1029 -12
      vertex 92.9651 55.6513 -12
    endloop
  endfacet
  facet normal 0 0 -1
    outer loop
      vertex 91.2606 53.4299 -12
      vertex 92.9651 55.6513 -12
      vertex 91.75 53.1029 -12
    endloop
  endfacet
  facet normal -0 0 -1
    outer loop
      vertex 92.9651 55.6513 -12
      vertex 91.2606 53.4299 -12
      vertex 92.7979 55.7979 -12
    endloop
  endfacet
  facet normal 0 0 -1
    outer loop
      vertex 90.818 53.818 -12
      vertex 92.7979 55.7979 -12
      vertex 91.2606 53.4299 -12
    endloop
  endfacet
  facet normal -0 0 -1
    outer loop
      vertex 92.7979 55.7979 -12
      vertex 90.818 53.818 -12
      vertex 92.6513 55.9651 -12
    endloop
  endfacet
  facet normal -0 0 -1
    outer loop
      vertex 92.6513 55.9651 -12
      vertex 90.4299 54.2606 -12
      vertex 92.5278 56.15 -12
    endloop
  endfacet
  facet normal 0 0 -1
    outer loop
      vertex 90.4299 54.2606 -12
      vertex 92.6513 55.9651 -12
      vertex 90.818 53.818 -12
    endloop
  endfacet
  facet normal 0 0 -1
    outer loop
      vertex 95.6855 57.2219 -12
      vertex 105.3 61.5 -12
      vertex 95.7 57 -12
    endloop
  endfacet
  facet normal 0 0 -1
    outer loop
      vertex 95.6421 57.44 -12
      vertex 105.3 61.5 -12
      vertex 95.6855 57.2219 -12
    endloop
  endfacet
  facet normal 0 0 -1
    outer loop
      vertex 95.5706 57.6506 -12
      vertex 105.3 61.5 -12
      vertex 95.6421 57.44 -12
    endloop
  endfacet
  facet normal 0 0 -1
    outer loop
      vertex 95.4722 57.85 -12
      vertex 105.3 61.5 -12
      vertex 95.5706 57.6506 -12
    endloop
  endfacet
  facet normal 0 0 -1
    outer loop
      vertex 95.3487 58.0349 -12
      vertex 105.3 61.5 -12
      vertex 95.4722 57.85 -12
    endloop
  endfacet
  facet normal 0 0 -1
    outer loop
      vertex 94 61.5 -12
      vertex 95.3487 58.0349 -12
      vertex 95.2021 58.2021 -12
    endloop
  endfacet
  facet normal 0 0 -1
    outer loop
      vertex 94 61.5 -12
      vertex 95.2021 58.2021 -12
      vertex 95.0349 58.3487 -12
    endloop
  endfacet
  facet normal 0 0 -1
    outer loop
      vertex 94 61.5 -12
      vertex 95.0349 58.3487 -12
      vertex 94.85 58.4722 -12
    endloop
  endfacet
  facet normal 0 0 -1
    outer loop
      vertex 94 61.5 -12
      vertex 94.85 58.4722 -12
      vertex 94.6506 58.5706 -12
    endloop
  endfacet
  facet normal 0 0 -1
    outer loop
      vertex 94 61.5 -12
      vertex 94.6506 58.5706 -12
      vertex 94.44 58.6421 -12
    endloop
  endfacet
  facet normal 0 0 -1
    outer loop
      vertex 94 61.5 -12
      vertex 94.44 58.6421 -12
      vertex 94.2219 58.6855 -12
    endloop
  endfacet
  facet normal 0 0 -1
    outer loop
      vertex 94 61.5 -12
      vertex 94.2219 58.6855 -12
      vertex 94 58.7 -12
    endloop
  endfacet
  facet normal 0 0 -1
    outer loop
      vertex 95.3487 58.0349 -12
      vertex 94 61.5 -12
      vertex 105.3 61.5 -12
    endloop
  endfacet
  facet normal 0 0 -1
    outer loop
      vertex 93.7781 58.6855 -12
      vertex 94 61.5 -12
      vertex 94 58.7 -12
    endloop
  endfacet
  facet normal 0 0 -1
    outer loop
      vertex 93.4126 61.4615 -12
      vertex 93.7781 58.6855 -12
      vertex 93.56 58.6421 -12
    endloop
  endfacet
  facet normal 0 0 -1
    outer loop
      vertex 93.7781 58.6855 -12
      vertex 93.4126 61.4615 -12
      vertex 94 61.5 -12
    endloop
  endfacet
  facet normal 0 0 -1
    outer loop
      vertex 92.8353 61.3467 -12
      vertex 93.56 58.6421 -12
      vertex 93.3494 58.5706 -12
    endloop
  endfacet
  facet normal 0 0 -1
    outer loop
      vertex 92.2779 61.1575 -12
      vertex 93.3494 58.5706 -12
      vertex 93.15 58.4722 -12
    endloop
  endfacet
  facet normal 0 0 -1
    outer loop
      vertex 91.75 60.8971 -12
      vertex 93.15 58.4722 -12
      vertex 92.9651 58.3487 -12
    endloop
  endfacet
  facet normal 0 0 -1
    outer loop
      vertex 93.56 58.6421 -12
      vertex 92.8353 61.3467 -12
      vertex 93.4126 61.4615 -12
    endloop
  endfacet
  facet normal 0 0 -1
    outer loop
      vertex 91.2606 60.5701 -12
      vertex 92.9651 58.3487 -12
      vertex 92.7979 58.2021 -12
    endloop
  endfacet
  facet normal 0 0 -1
    outer loop
      vertex 90.818 60.182 -12
      vertex 92.7979 58.2021 -12
      vertex 92.6513 58.0349 -12
    endloop
  endfacet
  facet normal 0 0 -1
    outer loop
      vertex 90.4299 59.7394 -12
      vertex 92.6513 58.0349 -12
      vertex 92.5278 57.85 -12
    endloop
  endfacet
  facet normal 0 0 -1
    outer loop
      vertex 90.1029 59.25 -12
      vertex 92.5278 57.85 -12
      vertex 92.4294 57.6506 -12
    endloop
  endfacet
  facet normal 0 0 -1
    outer loop
      vertex 89.8425 58.7221 -12
      vertex 92.4294 57.6506 -12
      vertex 92.3579 57.44 -12
    endloop
  endfacet
  facet normal 0 0 -1
    outer loop
      vertex 89.6533 58.1647 -12
      vertex 92.3579 57.44 -12
      vertex 92.3145 57.2219 -12
    endloop
  endfacet
  facet normal 0 0 -1
    outer loop
      vertex 93.3494 58.5706 -12
      vertex 92.2779 61.1575 -12
      vertex 92.8353 61.3467 -12
    endloop
  endfacet
  facet normal 0 0 -1
    outer loop
      vertex 89.5385 57.5874 -12
      vertex 92.3145 57.2219 -12
      vertex 92.3 57 -12
    endloop
  endfacet
  facet normal 0 0 -1
    outer loop
      vertex 90.1029 54.75 -12
      vertex 92.5278 56.15 -12
      vertex 90.4299 54.2606 -12
    endloop
  endfacet
  facet normal -0 0 -1
    outer loop
      vertex 92.5278 56.15 -12
      vertex 90.1029 54.75 -12
      vertex 92.4294 56.3494 -12
    endloop
  endfacet
  facet normal 0 0 -1
    outer loop
      vertex 93.15 58.4722 -12
      vertex 91.75 60.8971 -12
      vertex 92.2779 61.1575 -12
    endloop
  endfacet
  facet normal 0 0 -1
    outer loop
      vertex 89.8425 55.2779 -12
      vertex 92.4294 56.3494 -12
      vertex 90.1029 54.75 -12
    endloop
  endfacet
  facet normal 0 0 -1
    outer loop
      vertex 92.9651 58.3487 -12
      vertex 91.2606 60.5701 -12
      vertex 91.75 60.8971 -12
    endloop
  endfacet
  facet normal -0 0 -1
    outer loop
      vertex 92.4294 56.3494 -12
      vertex 89.8425 55.2779 -12
      vertex 92.3579 56.56 -12
    endloop
  endfacet
  facet normal 0 0 -1
    outer loop
      vertex 92.7979 58.2021 -12
      vertex 90.818 60.182 -12
      vertex 91.2606 60.5701 -12
    endloop
  endfacet
  facet normal 0 0 -1
    outer loop
      vertex 89.6533 55.8353 -12
      vertex 92.3579 56.56 -12
      vertex 89.8425 55.2779 -12
    endloop
  endfacet
  facet normal 0 0 -1
    outer loop
      vertex 92.6513 58.0349 -12
      vertex 90.4299 59.7394 -12
      vertex 90.818 60.182 -12
    endloop
  endfacet
  facet normal -0 0 -1
    outer loop
      vertex 92.3579 56.56 -12
      vertex 89.6533 55.8353 -12
      vertex 92.3145 56.7781 -12
    endloop
  endfacet
  facet normal 0 0 -1
    outer loop
      vertex 92.5278 57.85 -12
      vertex 90.1029 59.25 -12
      vertex 90.4299 59.7394 -12
    endloop
  endfacet
  facet normal 0 0 -1
    outer loop
      vertex 89.5385 56.4126 -12
      vertex 92.3145 56.7781 -12
      vertex 89.6533 55.8353 -12
    endloop
  endfacet
  facet normal 0 0 -1
    outer loop
      vertex 92.4294 57.6506 -12
      vertex 89.8425 58.7221 -12
      vertex 90.1029 59.25 -12
    endloop
  endfacet
  facet normal -0 0 -1
    outer loop
      vertex 92.3145 56.7781 -12
      vertex 89.5385 56.4126 -12
      vertex 92.3 57 -12
    endloop
  endfacet
  facet normal 0 0 -1
    outer loop
      vertex 92.3579 57.44 -12
      vertex 89.6533 58.1647 -12
      vertex 89.8425 58.7221 -12
    endloop
  endfacet
  facet normal 0 0 -1
    outer loop
      vertex 89.5 57 -12
      vertex 92.3 57 -12
      vertex 89.5385 56.4126 -12
    endloop
  endfacet
  facet normal 0 0 -1
    outer loop
      vertex 92.3145 57.2219 -12
      vertex 89.5385 57.5874 -12
      vertex 89.6533 58.1647 -12
    endloop
  endfacet
  facet normal 0 0 -1
    outer loop
      vertex 92.3 57 -12
      vertex 89.5 57 -12
      vertex 89.5385 57.5874 -12
    endloop
  endfacet
  facet normal 0 1 -0
    outer loop
      vertex 105.3 61.5 -12
      vertex 94 61.5 -9
      vertex 105.3 61.5 -9
    endloop
  endfacet
  facet normal 0 1 0
    outer loop
      vertex 94 61.5 -9
      vertex 105.3 61.5 -12
      vertex 94 61.5 -12
    endloop
  endfacet
  facet normal 0 0 1
    outer loop
      vertex 105.3 61.5 -9
      vertex 95.7 57 -9
      vertex 105.3 52.5 -9
    endloop
  endfacet
  facet normal 0 0 1
    outer loop
      vertex 105.3 61.5 -9
      vertex 95.6855 57.2219 -9
      vertex 95.7 57 -9
    endloop
  endfacet
  facet normal 0 0 1
    outer loop
      vertex 105.3 61.5 -9
      vertex 95.6421 57.44 -9
      vertex 95.6855 57.2219 -9
    endloop
  endfacet
  facet normal 0 0 1
    outer loop
      vertex 105.3 61.5 -9
      vertex 95.5706 57.6506 -9
      vertex 95.6421 57.44 -9
    endloop
  endfacet
  facet normal 0 0 1
    outer loop
      vertex 105.3 61.5 -9
      vertex 95.4722 57.85 -9
      vertex 95.5706 57.6506 -9
    endloop
  endfacet
  facet normal 0 0 1
    outer loop
      vertex 105.3 61.5 -9
      vertex 95.3487 58.0349 -9
      vertex 95.4722 57.85 -9
    endloop
  endfacet
  facet normal -0 0 1
    outer loop
      vertex 94 61.5 -9
      vertex 95.3487 58.0349 -9
      vertex 105.3 61.5 -9
    endloop
  endfacet
  facet normal 0 0 1
    outer loop
      vertex 95.3487 58.0349 -9
      vertex 94 61.5 -9
      vertex 95.2021 58.2021 -9
    endloop
  endfacet
  facet normal 0 0 1
    outer loop
      vertex 95.2021 58.2021 -9
      vertex 94 61.5 -9
      vertex 95.0349 58.3487 -9
    endloop
  endfacet
  facet normal 0 0 1
    outer loop
      vertex 95.0349 58.3487 -9
      vertex 94 61.5 -9
      vertex 94.85 58.4722 -9
    endloop
  endfacet
  facet normal 0 0 1
    outer loop
      vertex 94.85 58.4722 -9
      vertex 94 61.5 -9
      vertex 94.6506 58.5706 -9
    endloop
  endfacet
  facet normal 0 0 1
    outer loop
      vertex 94.6506 58.5706 -9
      vertex 94 61.5 -9
      vertex 94.44 58.6421 -9
    endloop
  endfacet
  facet normal 0 0 1
    outer loop
      vertex 94.44 58.6421 -9
      vertex 94 61.5 -9
      vertex 94.2219 58.6855 -9
    endloop
  endfacet
  facet normal 0 0 1
    outer loop
      vertex 94 61.5 -9
      vertex 94 58.7 -9
      vertex 94.2219 58.6855 -9
    endloop
  endfacet
  facet normal 0 0 1
    outer loop
      vertex 94 61.5 -9
      vertex 93.7781 58.6855 -9
      vertex 94 58.7 -9
    endloop
  endfacet
  facet normal -0 0 1
    outer loop
      vertex 93.4126 61.4615 -9
      vertex 93.7781 58.6855 -9
      vertex 94 61.5 -9
    endloop
  endfacet
  facet normal 0 0 1
    outer loop
      vertex 93.7781 58.6855 -9
      vertex 93.4126 61.4615 -9
      vertex 93.56 58.6421 -9
    endloop
  endfacet
  facet normal -0 0 1
    outer loop
      vertex 92.8353 61.3467 -9
      vertex 93.56 58.6421 -9
      vertex 93.4126 61.4615 -9
    endloop
  endfacet
  facet normal 0 0 1
    outer loop
      vertex 93.56 58.6421 -9
      vertex 92.8353 61.3467 -9
      vertex 93.3494 58.5706 -9
    endloop
  endfacet
  facet normal -0 0 1
    outer loop
      vertex 92.2779 61.1575 -9
      vertex 93.3494 58.5706 -9
      vertex 92.8353 61.3467 -9
    endloop
  endfacet
  facet normal 0 0 1
    outer loop
      vertex 93.3494 58.5706 -9
      vertex 92.2779 61.1575 -9
      vertex 93.15 58.4722 -9
    endloop
  endfacet
  facet normal -0 0 1
    outer loop
      vertex 91.75 60.8971 -9
      vertex 93.15 58.4722 -9
      vertex 92.2779 61.1575 -9
    endloop
  endfacet
  facet normal 0 0 1
    outer loop
      vertex 93.15 58.4722 -9
      vertex 91.75 60.8971 -9
      vertex 92.9651 58.3487 -9
    endloop
  endfacet
  facet normal -0 0 1
    outer loop
      vertex 91.2606 60.5701 -9
      vertex 92.9651 58.3487 -9
      vertex 91.75 60.8971 -9
    endloop
  endfacet
  facet normal 0 0 1
    outer loop
      vertex 92.9651 58.3487 -9
      vertex 91.2606 60.5701 -9
      vertex 92.7979 58.2021 -9
    endloop
  endfacet
  facet normal -0 0 1
    outer loop
      vertex 90.818 60.182 -9
      vertex 92.7979 58.2021 -9
      vertex 91.2606 60.5701 -9
    endloop
  endfacet
  facet normal 0 0 1
    outer loop
      vertex 92.7979 58.2021 -9
      vertex 90.818 60.182 -9
      vertex 92.6513 58.0349 -9
    endloop
  endfacet
  facet normal 0 0 1
    outer loop
      vertex 92.6513 58.0349 -9
      vertex 90.4299 59.7394 -9
      vertex 92.5278 57.85 -9
    endloop
  endfacet
  facet normal -0 0 1
    outer loop
      vertex 90.4299 59.7394 -9
      vertex 92.6513 58.0349 -9
      vertex 90.818 60.182 -9
    endloop
  endfacet
  facet normal -0 0 1
    outer loop
      vertex 95.6855 56.7781 -9
      vertex 105.3 52.5 -9
      vertex 95.7 57 -9
    endloop
  endfacet
  facet normal -0 0 1
    outer loop
      vertex 95.6421 56.56 -9
      vertex 105.3 52.5 -9
      vertex 95.6855 56.7781 -9
    endloop
  endfacet
  facet normal -0 0 1
    outer loop
      vertex 95.5706 56.3494 -9
      vertex 105.3 52.5 -9
      vertex 95.6421 56.56 -9
    endloop
  endfacet
  facet normal -0 0 1
    outer loop
      vertex 95.4722 56.15 -9
      vertex 105.3 52.5 -9
      vertex 95.5706 56.3494 -9
    endloop
  endfacet
  facet normal -0 0 1
    outer loop
      vertex 95.3487 55.9651 -9
      vertex 105.3 52.5 -9
      vertex 95.4722 56.15 -9
    endloop
  endfacet
  facet normal 0 0 1
    outer loop
      vertex 94 52.5 -9
      vertex 95.3487 55.9651 -9
      vertex 95.2021 55.7979 -9
    endloop
  endfacet
  facet normal 0 0 1
    outer loop
      vertex 94 52.5 -9
      vertex 95.2021 55.7979 -9
      vertex 95.0349 55.6513 -9
    endloop
  endfacet
  facet normal 0 0 1
    outer loop
      vertex 94 52.5 -9
      vertex 95.0349 55.6513 -9
      vertex 94.85 55.5278 -9
    endloop
  endfacet
  facet normal 0 0 1
    outer loop
      vertex 94 52.5 -9
      vertex 94.85 55.5278 -9
      vertex 94.6506 55.4294 -9
    endloop
  endfacet
  facet normal 0 0 1
    outer loop
      vertex 94 52.5 -9
      vertex 94.6506 55.4294 -9
      vertex 94.44 55.3579 -9
    endloop
  endfacet
  facet normal 0 0 1
    outer loop
      vertex 94 52.5 -9
      vertex 94.44 55.3579 -9
      vertex 94.2219 55.3145 -9
    endloop
  endfacet
  facet normal 0 0 1
    outer loop
      vertex 94 52.5 -9
      vertex 94.2219 55.3145 -9
      vertex 94 55.3 -9
    endloop
  endfacet
  facet normal 0 0 1
    outer loop
      vertex 95.3487 55.9651 -9
      vertex 94 52.5 -9
      vertex 105.3 52.5 -9
    endloop
  endfacet
  facet normal 0 0 1
    outer loop
      vertex 93.7781 55.3145 -9
      vertex 94 52.5 -9
      vertex 94 55.3 -9
    endloop
  endfacet
  facet normal 0 0 1
    outer loop
      vertex 93.4126 52.5385 -9
      vertex 93.7781 55.3145 -9
      vertex 93.56 55.3579 -9
    endloop
  endfacet
  facet normal 0 0 1
    outer loop
      vertex 93.7781 55.3145 -9
      vertex 93.4126 52.5385 -9
      vertex 94 52.5 -9
    endloop
  endfacet
  facet normal 0 0 1
    outer loop
      vertex 92.8353 52.6533 -9
      vertex 93.56 55.3579 -9
      vertex 93.3494 55.4294 -9
    endloop
  endfacet
  facet normal 0 0 1
    outer loop
      vertex 92.2779 52.8425 -9
      vertex 93.3494 55.4294 -9
      vertex 93.15 55.5278 -9
    endloop
  endfacet
  facet normal 0 0 1
    outer loop
      vertex 91.75 53.1029 -9
      vertex 93.15 55.5278 -9
      vertex 92.9651 55.6513 -9
    endloop
  endfacet
  facet normal 0 0 1
    outer loop
      vertex 93.56 55.3579 -9
      vertex 92.8353 52.6533 -9
      vertex 93.4126 52.5385 -9
    endloop
  endfacet
  facet normal 0 0 1
    outer loop
      vertex 91.2606 53.4299 -9
      vertex 92.9651 55.6513 -9
      vertex 92.7979 55.7979 -9
    endloop
  endfacet
  facet normal 0 0 1
    outer loop
      vertex 90.818 53.818 -9
      vertex 92.7979 55.7979 -9
      vertex 92.6513 55.9651 -9
    endloop
  endfacet
  facet normal 0 0 1
    outer loop
      vertex 90.4299 54.2606 -9
      vertex 92.6513 55.9651 -9
      vertex 92.5278 56.15 -9
    endloop
  endfacet
  facet normal 0 0 1
    outer loop
      vertex 90.1029 54.75 -9
      vertex 92.5278 56.15 -9
      vertex 92.4294 56.3494 -9
    endloop
  endfacet
  facet normal 0 0 1
    outer loop
      vertex 89.8425 55.2779 -9
      vertex 92.4294 56.3494 -9
      vertex 92.3579 56.56 -9
    endloop
  endfacet
  facet normal 0 0 1
    outer loop
      vertex 89.6533 55.8353 -9
      vertex 92.3579 56.56 -9
      vertex 92.3145 56.7781 -9
    endloop
  endfacet
  facet normal 0 0 1
    outer loop
      vertex 93.3494 55.4294 -9
      vertex 92.2779 52.8425 -9
      vertex 92.8353 52.6533 -9
    endloop
  endfacet
  facet normal 0 0 1
    outer loop
      vertex 89.5385 56.4126 -9
      vertex 92.3145 56.7781 -9
      vertex 92.3 57 -9
    endloop
  endfacet
  facet normal -0 0 1
    outer loop
      vertex 90.1029 59.25 -9
      vertex 92.5278 57.85 -9
      vertex 90.4299 59.7394 -9
    endloop
  endfacet
  facet normal 0 0 1
    outer loop
      vertex 92.5278 57.85 -9
      vertex 90.1029 59.25 -9
      vertex 92.4294 57.6506 -9
    endloop
  endfacet
  facet normal 0 0 1
    outer loop
      vertex 93.15 55.5278 -9
      vertex 91.75 53.1029 -9
      vertex 92.2779 52.8425 -9
    endloop
  endfacet
  facet normal -0 0 1
    outer loop
      vertex 89.8425 58.7221 -9
      vertex 92.4294 57.6506 -9
      vertex 90.1029 59.25 -9
    endloop
  endfacet
  facet normal 0 0 1
    outer loop
      vertex 92.9651 55.6513 -9
      vertex 91.2606 53.4299 -9
      vertex 91.75 53.1029 -9
    endloop
  endfacet
  facet normal 0 0 1
    outer loop
      vertex 92.4294 57.6506 -9
      vertex 89.8425 58.7221 -9
      vertex 92.3579 57.44 -9
    endloop
  endfacet
  facet normal 0 0 1
    outer loop
      vertex 92.7979 55.7979 -9
      vertex 90.818 53.818 -9
      vertex 91.2606 53.4299 -9
    endloop
  endfacet
  facet normal -0 0 1
    outer loop
      vertex 89.6533 58.1647 -9
      vertex 92.3579 57.44 -9
      vertex 89.8425 58.7221 -9
    endloop
  endfacet
  facet normal 0 0 1
    outer loop
      vertex 92.6513 55.9651 -9
      vertex 90.4299 54.2606 -9
      vertex 90.818 53.818 -9
    endloop
  endfacet
  facet normal 0 0 1
    outer loop
      vertex 92.3579 57.44 -9
      vertex 89.6533 58.1647 -9
      vertex 92.3145 57.2219 -9
    endloop
  endfacet
  facet normal 0 0 1
    outer loop
      vertex 92.5278 56.15 -9
      vertex 90.1029 54.75 -9
      vertex 90.4299 54.2606 -9
    endloop
  endfacet
  facet normal -0 0 1
    outer loop
      vertex 89.5385 57.5874 -9
      vertex 92.3145 57.2219 -9
      vertex 89.6533 58.1647 -9
    endloop
  endfacet
  facet normal 0 0 1
    outer loop
      vertex 92.4294 56.3494 -9
      vertex 89.8425 55.2779 -9
      vertex 90.1029 54.75 -9
    endloop
  endfacet
  facet normal 0 0 1
    outer loop
      vertex 92.3145 57.2219 -9
      vertex 89.5385 57.5874 -9
      vertex 92.3 57 -9
    endloop
  endfacet
  facet normal 0 0 1
    outer loop
      vertex 92.3579 56.56 -9
      vertex 89.6533 55.8353 -9
      vertex 89.8425 55.2779 -9
    endloop
  endfacet
  facet normal 0 0 1
    outer loop
      vertex 89.5 57 -9
      vertex 92.3 57 -9
      vertex 89.5385 57.5874 -9
    endloop
  endfacet
  facet normal 0 0 1
    outer loop
      vertex 92.3145 56.7781 -9
      vertex 89.5385 56.4126 -9
      vertex 89.6533 55.8353 -9
    endloop
  endfacet
  facet normal 0 0 1
    outer loop
      vertex 92.3 57 -9
      vertex 89.5 57 -9
      vertex 89.5385 56.4126 -9
    endloop
  endfacet
  facet normal -0.195038 0.980796 0
    outer loop
      vertex 93.4126 61.4615 -12
      vertex 92.8353 61.3467 -9
      vertex 93.4126 61.4615 -9
    endloop
  endfacet
  facet normal -0.195038 0.980796 0
    outer loop
      vertex 92.8353 61.3467 -9
      vertex 93.4126 61.4615 -12
      vertex 92.8353 61.3467 -12
    endloop
  endfacet
  facet normal -0.831475 0.555562 0
    outer loop
      vertex 90.1029 59.25 -12
      vertex 90.4299 59.7394 -9
      vertex 90.4299 59.7394 -12
    endloop
  endfacet
  facet normal -0.831475 0.555562 0
    outer loop
      vertex 90.4299 59.7394 -9
      vertex 90.1029 59.25 -12
      vertex 90.1029 59.25 -9
    endloop
  endfacet
  facet normal 0 -1 0
    outer loop
      vertex 94 52.5 -12
      vertex 105.3 52.5 -9
      vertex 94 52.5 -9
    endloop
  endfacet
  facet normal 0 -1 -0
    outer loop
      vertex 105.3 52.5 -9
      vertex 94 52.5 -12
      vertex 105.3 52.5 -12
    endloop
  endfacet
  facet normal -0.0654027 0.997859 0
    outer loop
      vertex 94 61.5 -12
      vertex 93.4126 61.4615 -9
      vertex 94 61.5 -9
    endloop
  endfacet
  facet normal -0.0654027 0.997859 0
    outer loop
      vertex 93.4126 61.4615 -9
      vertex 94 61.5 -12
      vertex 93.4126 61.4615 -12
    endloop
  endfacet
  facet normal -0.442382 -0.896827 0
    outer loop
      vertex 91.75 53.1029 -12
      vertex 92.2779 52.8425 -9
      vertex 91.75 53.1029 -9
    endloop
  endfacet
  facet normal -0.442382 -0.896827 -0
    outer loop
      vertex 92.2779 52.8425 -9
      vertex 91.75 53.1029 -12
      vertex 92.2779 52.8425 -12
    endloop
  endfacet
  facet normal -0.751882 -0.659298 0
    outer loop
      vertex 90.818 53.818 -12
      vertex 90.4299 54.2606 -9
      vertex 90.4299 54.2606 -12
    endloop
  endfacet
  facet normal -0.751882 -0.659298 0
    outer loop
      vertex 90.4299 54.2606 -9
      vertex 90.818 53.818 -12
      vertex 90.818 53.818 -9
    endloop
  endfacet
  facet normal -0.555562 -0.831475 0
    outer loop
      vertex 91.2606 53.4299 -12
      vertex 91.75 53.1029 -9
      vertex 91.2606 53.4299 -9
    endloop
  endfacet
  facet normal -0.555562 -0.831475 -0
    outer loop
      vertex 91.75 53.1029 -9
      vertex 91.2606 53.4299 -12
      vertex 91.75 53.1029 -12
    endloop
  endfacet
  facet normal -0.321421 0.946936 0
    outer loop
      vertex 92.8353 61.3467 -12
      vertex 92.2779 61.1575 -9
      vertex 92.8353 61.3467 -9
    endloop
  endfacet
  facet normal -0.321421 0.946936 0
    outer loop
      vertex 92.2779 61.1575 -9
      vertex 92.8353 61.3467 -12
      vertex 92.2779 61.1575 -12
    endloop
  endfacet
  facet normal -0.896827 0.442382 0
    outer loop
      vertex 89.8425 58.7221 -12
      vertex 90.1029 59.25 -9
      vertex 90.1029 59.25 -12
    endloop
  endfacet
  facet normal -0.896827 0.442382 0
    outer loop
      vertex 90.1029 59.25 -9
      vertex 89.8425 58.7221 -12
      vertex 89.8425 58.7221 -9
    endloop
  endfacet
  facet normal -0.896827 -0.442382 0
    outer loop
      vertex 90.1029 54.75 -12
      vertex 89.8425 55.2779 -9
      vertex 89.8425 55.2779 -12
    endloop
  endfacet
  facet normal -0.896827 -0.442382 0
    outer loop
      vertex 89.8425 55.2779 -9
      vertex 90.1029 54.75 -12
      vertex 90.1029 54.75 -9
    endloop
  endfacet
  facet normal -0.997859 0.0654027 0
    outer loop
      vertex 89.5 57 -12
      vertex 89.5385 57.5874 -9
      vertex 89.5385 57.5874 -12
    endloop
  endfacet
  facet normal -0.997859 0.0654027 0
    outer loop
      vertex 89.5385 57.5874 -9
      vertex 89.5 57 -12
      vertex 89.5 57 -9
    endloop
  endfacet
  facet normal -0.659298 -0.751882 0
    outer loop
      vertex 90.818 53.818 -12
      vertex 91.2606 53.4299 -9
      vertex 90.818 53.818 -9
    endloop
  endfacet
  facet normal -0.659298 -0.751882 -0
    outer loop
      vertex 91.2606 53.4299 -9
      vertex 90.818 53.818 -12
      vertex 91.2606 53.4299 -12
    endloop
  endfacet
  facet normal -0.0654027 -0.997859 0
    outer loop
      vertex 93.4126 52.5385 -12
      vertex 94 52.5 -9
      vertex 93.4126 52.5385 -9
    endloop
  endfacet
  facet normal -0.0654027 -0.997859 -0
    outer loop
      vertex 94 52.5 -9
      vertex 93.4126 52.5385 -12
      vertex 94 52.5 -12
    endloop
  endfacet
  facet normal -0.946936 0.321421 0
    outer loop
      vertex 89.6533 58.1647 -12
      vertex 89.8425 58.7221 -9
      vertex 89.8425 58.7221 -12
    endloop
  endfacet
  facet normal -0.946936 0.321421 0
    outer loop
      vertex 89.8425 58.7221 -9
      vertex 89.6533 58.1647 -12
      vertex 89.6533 58.1647 -9
    endloop
  endfacet
  facet normal -0.751882 0.659298 0
    outer loop
      vertex 90.4299 59.7394 -12
      vertex 90.818 60.182 -9
      vertex 90.818 60.182 -12
    endloop
  endfacet
  facet normal -0.751882 0.659298 0
    outer loop
      vertex 90.818 60.182 -9
      vertex 90.4299 59.7394 -12
      vertex 90.4299 59.7394 -9
    endloop
  endfacet
  facet normal -0.946936 -0.321421 0
    outer loop
      vertex 89.8425 55.2779 -12
      vertex 89.6533 55.8353 -9
      vertex 89.6533 55.8353 -12
    endloop
  endfacet
  facet normal -0.946936 -0.321421 0
    outer loop
      vertex 89.6533 55.8353 -9
      vertex 89.8425 55.2779 -12
      vertex 89.8425 55.2779 -9
    endloop
  endfacet
  facet normal -0.980796 -0.195038 0
    outer loop
      vertex 89.6533 55.8353 -12
      vertex 89.5385 56.4126 -9
      vertex 89.5385 56.4126 -12
    endloop
  endfacet
  facet normal -0.980796 -0.195038 0
    outer loop
      vertex 89.5385 56.4126 -9
      vertex 89.6533 55.8353 -12
      vertex 89.6533 55.8353 -9
    endloop
  endfacet
  facet normal -0.831475 -0.555562 0
    outer loop
      vertex 90.4299 54.2606 -12
      vertex 90.1029 54.75 -9
      vertex 90.1029 54.75 -12
    endloop
  endfacet
  facet normal -0.831475 -0.555562 0
    outer loop
      vertex 90.1029 54.75 -9
      vertex 90.4299 54.2606 -12
      vertex 90.4299 54.2606 -9
    endloop
  endfacet
  facet normal -0.195038 -0.980796 0
    outer loop
      vertex 92.8353 52.6533 -12
      vertex 93.4126 52.5385 -9
      vertex 92.8353 52.6533 -9
    endloop
  endfacet
  facet normal -0.195038 -0.980796 -0
    outer loop
      vertex 93.4126 52.5385 -9
      vertex 92.8353 52.6533 -12
      vertex 93.4126 52.5385 -12
    endloop
  endfacet
  facet normal -0.997859 -0.0654027 0
    outer loop
      vertex 89.5385 56.4126 -12
      vertex 89.5 57 -9
      vertex 89.5 57 -12
    endloop
  endfacet
  facet normal -0.997859 -0.0654027 0
    outer loop
      vertex 89.5 57 -9
      vertex 89.5385 56.4126 -12
      vertex 89.5385 56.4126 -9
    endloop
  endfacet
  facet normal -0.980796 0.195038 0
    outer loop
      vertex 89.5385 57.5874 -12
      vertex 89.6533 58.1647 -9
      vertex 89.6533 58.1647 -12
    endloop
  endfacet
  facet normal -0.980796 0.195038 0
    outer loop
      vertex 89.6533 58.1647 -9
      vertex 89.5385 57.5874 -12
      vertex 89.5385 57.5874 -9
    endloop
  endfacet
  facet normal -0.555562 0.831475 0
    outer loop
      vertex 91.75 60.8971 -12
      vertex 91.2606 60.5701 -9
      vertex 91.75 60.8971 -9
    endloop
  endfacet
  facet normal -0.555562 0.831475 0
    outer loop
      vertex 91.2606 60.5701 -9
      vertex 91.75 60.8971 -12
      vertex 91.2606 60.5701 -12
    endloop
  endfacet
  facet normal -1 0 0
    outer loop
      vertex 99.6 76.4 -93.4
      vertex 99.6 60 -81
      vertex 99.6 76.4 -34.1
    endloop
  endfacet
  facet normal -1 0 0
    outer loop
      vertex 99.6 76.4 -93.4
      vertex 99.6 56 -81
      vertex 99.6 60 -81
    endloop
  endfacet
  facet normal -1 0 0
    outer loop
      vertex 99.6 56 -81
      vertex 99.6 50 -81
      vertex 99.6 56 -46.5
    endloop
  endfacet
  facet normal -1 0 0
    outer loop
      vertex 99.6 76.4 -93.4
      vertex 99.6 50 -81
      vertex 99.6 56 -81
    endloop
  endfacet
  facet normal -1 0 0
    outer loop
      vertex 99.6 76.4 -93.4
      vertex 99.6 46 -81
      vertex 99.6 50 -81
    endloop
  endfacet
  facet normal -1 0 0
    outer loop
      vertex 99.6 46 -81
      vertex 99.6 40 -81
      vertex 99.6 46 -46.5
    endloop
  endfacet
  facet normal -1 0 0
    outer loop
      vertex 99.6 13.6 -93.4
      vertex 99.6 46 -81
      vertex 99.6 76.4 -93.4
    endloop
  endfacet
  facet normal -1 -0 0
    outer loop
      vertex 99.6 46 -81
      vertex 99.6 13.6 -93.4
      vertex 99.6 40 -81
    endloop
  endfacet
  facet normal -1 0 0
    outer loop
      vertex 99.6 36 -81
      vertex 99.6 30 -81
      vertex 99.6 36 -46.5
    endloop
  endfacet
  facet normal -1 -0 0
    outer loop
      vertex 99.6 40 -81
      vertex 99.6 13.6 -93.4
      vertex 99.6 36 -81
    endloop
  endfacet
  facet normal -1 -0 0
    outer loop
      vertex 99.6 36 -81
      vertex 99.6 13.6 -93.4
      vertex 99.6 30 -81
    endloop
  endfacet
  facet normal -1 -0 0
    outer loop
      vertex 99.6 26 -81
      vertex 99.6 13.6 -93.4
      vertex 99.6 26 -46.5
    endloop
  endfacet
  facet normal -1 -0 0
    outer loop
      vertex 99.6 30 -81
      vertex 99.6 13.6 -93.4
      vertex 99.6 26 -81
    endloop
  endfacet
  facet normal -1 0 0
    outer loop
      vertex 99.6 60 -46.5
      vertex 99.6 76.4 -34.1
      vertex 99.6 60 -81
    endloop
  endfacet
  facet normal -1 0 0
    outer loop
      vertex 99.6 56 -46.5
      vertex 99.6 76.4 -34.1
      vertex 99.6 60 -46.5
    endloop
  endfacet
  facet normal -1 0 0
    outer loop
      vertex 99.6 50 -46.5
      vertex 99.6 56 -46.5
      vertex 99.6 50 -81
    endloop
  endfacet
  facet normal -1 0 0
    outer loop
      vertex 99.6 50 -46.5
      vertex 99.6 76.4 -34.1
      vertex 99.6 56 -46.5
    endloop
  endfacet
  facet normal -1 0 0
    outer loop
      vertex 99.6 46 -46.5
      vertex 99.6 76.4 -34.1
      vertex 99.6 50 -46.5
    endloop
  endfacet
  facet normal -1 0 0
    outer loop
      vertex 99.6 40 -46.5
      vertex 99.6 46 -46.5
      vertex 99.6 40 -81
    endloop
  endfacet
  facet normal -1 0 0
    outer loop
      vertex 99.6 13.6 -34.1
      vertex 99.6 46 -46.5
      vertex 99.6 40 -46.5
    endloop
  endfacet
  facet normal -1 0 0
    outer loop
      vertex 99.6 13.6 -34.1
      vertex 99.6 40 -46.5
      vertex 99.6 36 -46.5
    endloop
  endfacet
  facet normal -1 0 0
    outer loop
      vertex 99.6 30 -46.5
      vertex 99.6 36 -46.5
      vertex 99.6 30 -81
    endloop
  endfacet
  facet normal -1 0 0
    outer loop
      vertex 99.6 13.6 -34.1
      vertex 99.6 36 -46.5
      vertex 99.6 30 -46.5
    endloop
  endfacet
  facet normal -1 0 0
    outer loop
      vertex 99.6 13.6 -34.1
      vertex 99.6 30 -46.5
      vertex 99.6 26 -46.5
    endloop
  endfacet
  facet normal -1 0 0
    outer loop
      vertex 99.6 46 -46.5
      vertex 99.6 13.6 -34.1
      vertex 99.6 76.4 -34.1
    endloop
  endfacet
  facet normal -1 0 0
    outer loop
      vertex 99.6 13.6 -34.1
      vertex 99.6 26 -46.5
      vertex 99.6 13.6 -93.4
    endloop
  endfacet
  facet normal 0 0 1
    outer loop
      vertex 153 76.4 -34.1
      vertex 148.7 66.7 -34.1
      vertex 153 64.3 -34.1
    endloop
  endfacet
  facet normal 0 0 1
    outer loop
      vertex 153 76.4 -34.1
      vertex 105.3 66.7 -34.1
      vertex 148.7 66.7 -34.1
    endloop
  endfacet
  facet normal 0 0 1
    outer loop
      vertex 105.3 66.7 -34.1
      vertex 99.6 76.4 -34.1
      vertex 105.3 23.3 -34.1
    endloop
  endfacet
  facet normal -0 0 1
    outer loop
      vertex 99.6 76.4 -34.1
      vertex 105.3 66.7 -34.1
      vertex 153 76.4 -34.1
    endloop
  endfacet
  facet normal 0 0 1
    outer loop
      vertex 153 64.3 -34.1
      vertex 148.7 66.7 -34.1
      vertex 148.7 64.3 -34.1
    endloop
  endfacet
  facet normal 0 0 1
    outer loop
      vertex 148.7 23.3 -34.1
      vertex 153 25.7 -34.1
      vertex 148.7 25.7 -34.1
    endloop
  endfacet
  facet normal 0 0 1
    outer loop
      vertex 153 25.7 -34.1
      vertex 148.7 23.3 -34.1
      vertex 153 13.6 -34.1
    endloop
  endfacet
  facet normal -0 0 1
    outer loop
      vertex 105.3 23.3 -34.1
      vertex 153 13.6 -34.1
      vertex 148.7 23.3 -34.1
    endloop
  endfacet
  facet normal 0 0 1
    outer loop
      vertex 105.3 23.3 -34.1
      vertex 99.6 13.6 -34.1
      vertex 153 13.6 -34.1
    endloop
  endfacet
  facet normal 0 0 1
    outer loop
      vertex 99.6 13.6 -34.1
      vertex 105.3 23.3 -34.1
      vertex 99.6 76.4 -34.1
    endloop
  endfacet
  facet normal 0 0 -1
    outer loop
      vertex 99.6 13.6 -93.4
      vertex 153 76.4 -93.4
      vertex 153 13.6 -93.4
    endloop
  endfacet
  facet normal -0 0 -1
    outer loop
      vertex 153 76.4 -93.4
      vertex 99.6 13.6 -93.4
      vertex 99.6 76.4 -93.4
    endloop
  endfacet
  facet normal 1 0 0
    outer loop
      vertex 153 25.7 -34.1
      vertex 153 16 -36.5
      vertex 153 25.7 -36.5
    endloop
  endfacet
  facet normal 1 0 0
    outer loop
      vertex 153 16 -36.5
      vertex 153 13.6 -34.1
      vertex 153 16 -91
    endloop
  endfacet
  facet normal 1 -0 0
    outer loop
      vertex 153 13.6 -34.1
      vertex 153 16 -36.5
      vertex 153 25.7 -34.1
    endloop
  endfacet
  facet normal 1 0 0
    outer loop
      vertex 153 76.4 -34.1
      vertex 153 74 -36.5
      vertex 153 76.4 -93.4
    endloop
  endfacet
  facet normal 1 -0 0
    outer loop
      vertex 153 64.3 -34.1
      vertex 153 74 -36.5
      vertex 153 76.4 -34.1
    endloop
  endfacet
  facet normal 1 0 0
    outer loop
      vertex 153 74 -36.5
      vertex 153 64.3 -34.1
      vertex 153 64.3 -36.5
    endloop
  endfacet
  facet normal 1 -0 0
    outer loop
      vertex 153 74 -91
      vertex 153 76.4 -93.4
      vertex 153 74 -36.5
    endloop
  endfacet
  facet normal 1 -0 0
    outer loop
      vertex 153 16 -91
      vertex 153 76.4 -93.4
      vertex 153 74 -91
    endloop
  endfacet
  facet normal 1 0 0
    outer loop
      vertex 153 16 -91
      vertex 153 13.6 -93.4
      vertex 153 76.4 -93.4
    endloop
  endfacet
  facet normal 1 0 0
    outer loop
      vertex 153 13.6 -93.4
      vertex 153 16 -91
      vertex 153 13.6 -34.1
    endloop
  endfacet
  facet normal 0 1 -0
    outer loop
      vertex 153 76.4 -93.4
      vertex 99.6 76.4 -34.1
      vertex 153 76.4 -34.1
    endloop
  endfacet
  facet normal 0 1 0
    outer loop
      vertex 99.6 76.4 -34.1
      vertex 153 76.4 -93.4
      vertex 99.6 76.4 -93.4
    endloop
  endfacet
  facet normal 0 -1 0
    outer loop
      vertex 99.6 13.6 -93.4
      vertex 153 13.6 -34.1
      vertex 99.6 13.6 -34.1
    endloop
  endfacet
  facet normal 0 -1 -0
    outer loop
      vertex 153 13.6 -34.1
      vertex 99.6 13.6 -93.4
      vertex 153 13.6 -93.4
    endloop
  endfacet
  facet normal -1 0 0
    outer loop
      vertex 105.3 66.7 -34.1
      vertex 105.3 61.5 -12
      vertex 105.3 66.7 -7
    endloop
  endfacet
  facet normal -1 0 0
    outer loop
      vertex 105.3 66.7 -34.1
      vertex 105.3 52.5 -12
      vertex 105.3 61.5 -12
    endloop
  endfacet
  facet normal -1 0 0
    outer loop
      vertex 105.3 52.5 -12
      vertex 105.3 37.5 -12
      vertex 105.3 52.5 -9
    endloop
  endfacet
  facet normal -1 0 0
    outer loop
      vertex 105.3 66.7 -34.1
      vertex 105.3 37.5 -12
      vertex 105.3 52.5 -12
    endloop
  endfacet
  facet normal -1 0 0
    outer loop
      vertex 105.3 23.3 -34.1
      vertex 105.3 37.5 -12
      vertex 105.3 66.7 -34.1
    endloop
  endfacet
  facet normal -1 0 0
    outer loop
      vertex 105.3 23.3 -7
      vertex 105.3 28.5 -12
      vertex 105.3 23.3 -34.1
    endloop
  endfacet
  facet normal -1 -0 0
    outer loop
      vertex 105.3 37.5 -12
      vertex 105.3 23.3 -34.1
      vertex 105.3 28.5 -12
    endloop
  endfacet
  facet normal -1 0 0
    outer loop
      vertex 105.3 61.5 -9
      vertex 105.3 66.7 -7
      vertex 105.3 61.5 -12
    endloop
  endfacet
  facet normal -1 0 0
    outer loop
      vertex 105.3 52.5 -9
      vertex 105.3 66.7 -7
      vertex 105.3 61.5 -9
    endloop
  endfacet
  facet normal -1 0 0
    outer loop
      vertex 105.3 37.5 -9
      vertex 105.3 52.5 -9
      vertex 105.3 37.5 -12
    endloop
  endfacet
  facet normal -1 0 0
    outer loop
      vertex 105.3 37.5 -9
      vertex 105.3 66.7 -7
      vertex 105.3 52.5 -9
    endloop
  endfacet
  facet normal -1 0 0
    outer loop
      vertex 105.3 23.3 -7
      vertex 105.3 37.5 -9
      vertex 105.3 28.5 -9
    endloop
  endfacet
  facet normal -1 0 0
    outer loop
      vertex 105.3 37.5 -9
      vertex 105.3 23.3 -7
      vertex 105.3 66.7 -7
    endloop
  endfacet
  facet normal -1 0 0
    outer loop
      vertex 105.3 28.5 -12
      vertex 105.3 23.3 -7
      vertex 105.3 28.5 -9
    endloop
  endfacet
  facet normal 0 0 1
    outer loop
      vertex 148.7 66.7 -7
      vertex 107.7 64.3 -7
      vertex 148.7 64.3 -7
    endloop
  endfacet
  facet normal 0 0 1
    outer loop
      vertex 107.7 64.3 -7
      vertex 105.3 66.7 -7
      vertex 107.7 25.7 -7
    endloop
  endfacet
  facet normal -0 0 1
    outer loop
      vertex 105.3 66.7 -7
      vertex 107.7 64.3 -7
      vertex 148.7 66.7 -7
    endloop
  endfacet
  facet normal -0 0 1
    outer loop
      vertex 107.7 25.7 -7
      vertex 148.7 23.3 -7
      vertex 148.7 25.7 -7
    endloop
  endfacet
  facet normal 0 0 1
    outer loop
      vertex 107.7 25.7 -7
      vertex 105.3 23.3 -7
      vertex 148.7 23.3 -7
    endloop
  endfacet
  facet normal 0 0 1
    outer loop
      vertex 105.3 23.3 -7
      vertex 107.7 25.7 -7
      vertex 105.3 66.7 -7
    endloop
  endfacet
  facet normal 1 -0 0
    outer loop
      vertex 148.7 64.3 -7
      vertex 148.7 66.7 -34.1
      vertex 148.7 66.7 -7
    endloop
  endfacet
  facet normal 1 0 0
    outer loop
      vertex 148.7 66.7 -34.1
      vertex 148.7 64.3 -7
      vertex 148.7 64.3 -34.1
    endloop
  endfacet
  facet normal 1 -0 0
    outer loop
      vertex 148.7 23.3 -7
      vertex 148.7 25.7 -34.1
      vertex 148.7 25.7 -7
    endloop
  endfacet
  facet normal 1 0 0
    outer loop
      vertex 148.7 25.7 -34.1
      vertex 148.7 23.3 -7
      vertex 148.7 23.3 -34.1
    endloop
  endfacet
  facet normal 0 1 -0
    outer loop
      vertex 148.7 66.7 -34.1
      vertex 105.3 66.7 -7
      vertex 148.7 66.7 -7
    endloop
  endfacet
  facet normal 0 1 0
    outer loop
      vertex 105.3 66.7 -7
      vertex 148.7 66.7 -34.1
      vertex 105.3 66.7 -34.1
    endloop
  endfacet
  facet normal 0 -1 0
    outer loop
      vertex 105.3 23.3 -34.1
      vertex 148.7 23.3 -7
      vertex 105.3 23.3 -7
    endloop
  endfacet
  facet normal 0 -1 -0
    outer loop
      vertex 148.7 23.3 -7
      vertex 105.3 23.3 -34.1
      vertex 148.7 23.3 -34.1
    endloop
  endfacet
  facet normal 0.98077 -0.195165 0
    outer loop
      vertex 92.3145 33.2219 -9
      vertex 92.3579 33.44 -12
      vertex 92.3579 33.44 -9
    endloop
  endfacet
  facet normal 0.98077 -0.195165 0
    outer loop
      vertex 92.3579 33.44 -12
      vertex 92.3145 33.2219 -9
      vertex 92.3145 33.2219 -12
    endloop
  endfacet
  facet normal 0.997872 -0.0652057 0
    outer loop
      vertex 92.3 33 -9
      vertex 92.3145 33.2219 -12
      vertex 92.3145 33.2219 -9
    endloop
  endfacet
  facet normal 0.997872 -0.0652057 0
    outer loop
      vertex 92.3145 33.2219 -12
      vertex 92.3 33 -9
      vertex 92.3 33 -12
    endloop
  endfacet
  facet normal -0.44253 -0.896754 0
    outer loop
      vertex 94.6506 34.5706 -12
      vertex 94.85 34.4722 -9
      vertex 94.6506 34.5706 -9
    endloop
  endfacet
  facet normal -0.44253 -0.896754 -0
    outer loop
      vertex 94.85 34.4722 -9
      vertex 94.6506 34.5706 -12
      vertex 94.85 34.4722 -12
    endloop
  endfacet
  facet normal 0.555426 -0.831566 0
    outer loop
      vertex 92.9651 34.3487 -12
      vertex 93.15 34.4722 -9
      vertex 92.9651 34.3487 -9
    endloop
  endfacet
  facet normal 0.555426 -0.831566 0
    outer loop
      vertex 93.15 34.4722 -9
      vertex 92.9651 34.3487 -12
      vertex 93.15 34.4722 -12
    endloop
  endfacet
  facet normal -0.659268 -0.751908 0
    outer loop
      vertex 95.0349 34.3487 -12
      vertex 95.2021 34.2021 -9
      vertex 95.0349 34.3487 -9
    endloop
  endfacet
  facet normal -0.659268 -0.751908 -0
    outer loop
      vertex 95.2021 34.2021 -9
      vertex 95.0349 34.3487 -12
      vertex 95.2021 34.2021 -12
    endloop
  endfacet
  facet normal 0.321484 0.946915 -0
    outer loop
      vertex 93.56 31.3579 -12
      vertex 93.3494 31.4294 -9
      vertex 93.56 31.3579 -9
    endloop
  endfacet
  facet normal 0.321484 0.946915 0
    outer loop
      vertex 93.3494 31.4294 -9
      vertex 93.56 31.3579 -12
      vertex 93.3494 31.4294 -12
    endloop
  endfacet
  facet normal 0.831566 0.555426 0
    outer loop
      vertex 92.6513 31.9651 -9
      vertex 92.5278 32.15 -12
      vertex 92.5278 32.15 -9
    endloop
  endfacet
  facet normal 0.831566 0.555426 0
    outer loop
      vertex 92.5278 32.15 -12
      vertex 92.6513 31.9651 -9
      vertex 92.6513 31.9651 -12
    endloop
  endfacet
  facet normal 0.946915 0.321484 0
    outer loop
      vertex 92.4294 32.3494 -9
      vertex 92.3579 32.56 -12
      vertex 92.3579 32.56 -9
    endloop
  endfacet
  facet normal 0.946915 0.321484 0
    outer loop
      vertex 92.3579 32.56 -12
      vertex 92.4294 32.3494 -9
      vertex 92.4294 32.3494 -12
    endloop
  endfacet
  facet normal 0.321484 -0.946915 0
    outer loop
      vertex 93.3494 34.5706 -12
      vertex 93.56 34.6421 -9
      vertex 93.3494 34.5706 -9
    endloop
  endfacet
  facet normal 0.321484 -0.946915 0
    outer loop
      vertex 93.56 34.6421 -9
      vertex 93.3494 34.5706 -12
      vertex 93.56 34.6421 -12
    endloop
  endfacet
  facet normal 0.195165 -0.98077 0
    outer loop
      vertex 93.56 34.6421 -12
      vertex 93.7781 34.6855 -9
      vertex 93.56 34.6421 -9
    endloop
  endfacet
  facet normal 0.195165 -0.98077 0
    outer loop
      vertex 93.7781 34.6855 -9
      vertex 93.56 34.6421 -12
      vertex 93.7781 34.6855 -12
    endloop
  endfacet
  facet normal -0.555426 -0.831566 0
    outer loop
      vertex 94.85 34.4722 -12
      vertex 95.0349 34.3487 -9
      vertex 94.85 34.4722 -9
    endloop
  endfacet
  facet normal -0.555426 -0.831566 -0
    outer loop
      vertex 95.0349 34.3487 -9
      vertex 94.85 34.4722 -12
      vertex 95.0349 34.3487 -12
    endloop
  endfacet
  facet normal 0.896754 0.44253 0
    outer loop
      vertex 92.5278 32.15 -9
      vertex 92.4294 32.3494 -12
      vertex 92.4294 32.3494 -9
    endloop
  endfacet
  facet normal 0.896754 0.44253 0
    outer loop
      vertex 92.4294 32.3494 -12
      vertex 92.5278 32.15 -9
      vertex 92.5278 32.15 -12
    endloop
  endfacet
  facet normal 0.659268 -0.751908 0
    outer loop
      vertex 92.7979 34.2021 -12
      vertex 92.9651 34.3487 -9
      vertex 92.7979 34.2021 -9
    endloop
  endfacet
  facet normal 0.659268 -0.751908 0
    outer loop
      vertex 92.9651 34.3487 -9
      vertex 92.7979 34.2021 -12
      vertex 92.9651 34.3487 -12
    endloop
  endfacet
  facet normal 0.555426 0.831566 -0
    outer loop
      vertex 93.15 31.5278 -12
      vertex 92.9651 31.6513 -9
      vertex 93.15 31.5278 -9
    endloop
  endfacet
  facet normal 0.555426 0.831566 0
    outer loop
      vertex 92.9651 31.6513 -9
      vertex 93.15 31.5278 -12
      vertex 92.9651 31.6513 -12
    endloop
  endfacet
  facet normal 0.44253 -0.896754 0
    outer loop
      vertex 93.15 34.4722 -12
      vertex 93.3494 34.5706 -9
      vertex 93.15 34.4722 -9
    endloop
  endfacet
  facet normal 0.44253 -0.896754 0
    outer loop
      vertex 93.3494 34.5706 -9
      vertex 93.15 34.4722 -12
      vertex 93.3494 34.5706 -12
    endloop
  endfacet
  facet normal -0.659268 0.751908 0
    outer loop
      vertex 95.2021 31.7979 -12
      vertex 95.0349 31.6513 -9
      vertex 95.2021 31.7979 -9
    endloop
  endfacet
  facet normal -0.659268 0.751908 0
    outer loop
      vertex 95.0349 31.6513 -9
      vertex 95.2021 31.7979 -12
      vertex 95.0349 31.6513 -12
    endloop
  endfacet
  facet normal -0.751908 0.659268 0
    outer loop
      vertex 95.2021 31.7979 -12
      vertex 95.3487 31.9651 -9
      vertex 95.3487 31.9651 -12
    endloop
  endfacet
  facet normal -0.751908 0.659268 0
    outer loop
      vertex 95.3487 31.9651 -9
      vertex 95.2021 31.7979 -12
      vertex 95.2021 31.7979 -9
    endloop
  endfacet
  facet normal -0.831566 0.555426 0
    outer loop
      vertex 95.3487 31.9651 -12
      vertex 95.4722 32.15 -9
      vertex 95.4722 32.15 -12
    endloop
  endfacet
  facet normal -0.831566 0.555426 0
    outer loop
      vertex 95.4722 32.15 -9
      vertex 95.3487 31.9651 -12
      vertex 95.3487 31.9651 -9
    endloop
  endfacet
  facet normal 0.831566 -0.555426 0
    outer loop
      vertex 92.5278 33.85 -9
      vertex 92.6513 34.0349 -12
      vertex 92.6513 34.0349 -9
    endloop
  endfacet
  facet normal 0.831566 -0.555426 0
    outer loop
      vertex 92.6513 34.0349 -12
      vertex 92.5278 33.85 -9
      vertex 92.5278 33.85 -12
    endloop
  endfacet
  facet normal 0.195165 0.98077 -0
    outer loop
      vertex 93.7781 31.3145 -12
      vertex 93.56 31.3579 -9
      vertex 93.7781 31.3145 -9
    endloop
  endfacet
  facet normal 0.195165 0.98077 0
    outer loop
      vertex 93.56 31.3579 -9
      vertex 93.7781 31.3145 -12
      vertex 93.56 31.3579 -12
    endloop
  endfacet
  facet normal 0.98077 0.195165 0
    outer loop
      vertex 92.3579 32.56 -9
      vertex 92.3145 32.7781 -12
      vertex 92.3145 32.7781 -9
    endloop
  endfacet
  facet normal 0.98077 0.195165 0
    outer loop
      vertex 92.3145 32.7781 -12
      vertex 92.3579 32.56 -9
      vertex 92.3579 32.56 -12
    endloop
  endfacet
  facet normal -0.946915 0.321484 0
    outer loop
      vertex 95.5706 32.3494 -12
      vertex 95.6421 32.56 -9
      vertex 95.6421 32.56 -12
    endloop
  endfacet
  facet normal -0.946915 0.321484 0
    outer loop
      vertex 95.6421 32.56 -9
      vertex 95.5706 32.3494 -12
      vertex 95.5706 32.3494 -9
    endloop
  endfacet
  facet normal 0.44253 0.896754 -0
    outer loop
      vertex 93.3494 31.4294 -12
      vertex 93.15 31.5278 -9
      vertex 93.3494 31.4294 -9
    endloop
  endfacet
  facet normal 0.44253 0.896754 0
    outer loop
      vertex 93.15 31.5278 -9
      vertex 93.3494 31.4294 -12
      vertex 93.15 31.5278 -12
    endloop
  endfacet
  facet normal 0.0652057 -0.997872 0
    outer loop
      vertex 93.7781 34.6855 -12
      vertex 94 34.7 -9
      vertex 93.7781 34.6855 -9
    endloop
  endfacet
  facet normal 0.0652057 -0.997872 0
    outer loop
      vertex 94 34.7 -9
      vertex 93.7781 34.6855 -12
      vertex 94 34.7 -12
    endloop
  endfacet
  facet normal -0.321484 -0.946915 0
    outer loop
      vertex 94.44 34.6421 -12
      vertex 94.6506 34.5706 -9
      vertex 94.44 34.6421 -9
    endloop
  endfacet
  facet normal -0.321484 -0.946915 -0
    outer loop
      vertex 94.6506 34.5706 -9
      vertex 94.44 34.6421 -12
      vertex 94.6506 34.5706 -12
    endloop
  endfacet
  facet normal -0.195165 -0.98077 0
    outer loop
      vertex 94.2219 34.6855 -12
      vertex 94.44 34.6421 -9
      vertex 94.2219 34.6855 -9
    endloop
  endfacet
  facet normal -0.195165 -0.98077 -0
    outer loop
      vertex 94.44 34.6421 -9
      vertex 94.2219 34.6855 -12
      vertex 94.44 34.6421 -12
    endloop
  endfacet
  facet normal 0.896754 -0.44253 0
    outer loop
      vertex 92.4294 33.6506 -9
      vertex 92.5278 33.85 -12
      vertex 92.5278 33.85 -9
    endloop
  endfacet
  facet normal 0.896754 -0.44253 0
    outer loop
      vertex 92.5278 33.85 -12
      vertex 92.4294 33.6506 -9
      vertex 92.4294 33.6506 -12
    endloop
  endfacet
  facet normal 0.997872 0.0652057 0
    outer loop
      vertex 92.3145 32.7781 -9
      vertex 92.3 33 -12
      vertex 92.3 33 -9
    endloop
  endfacet
  facet normal 0.997872 0.0652057 0
    outer loop
      vertex 92.3 33 -12
      vertex 92.3145 32.7781 -9
      vertex 92.3145 32.7781 -12
    endloop
  endfacet
  facet normal 0.0652057 0.997872 -0
    outer loop
      vertex 94 31.3 -12
      vertex 93.7781 31.3145 -9
      vertex 94 31.3 -9
    endloop
  endfacet
  facet normal 0.0652057 0.997872 0
    outer loop
      vertex 93.7781 31.3145 -9
      vertex 94 31.3 -12
      vertex 93.7781 31.3145 -12
    endloop
  endfacet
  facet normal 0.751908 -0.659268 0
    outer loop
      vertex 92.6513 34.0349 -9
      vertex 92.7979 34.2021 -12
      vertex 92.7979 34.2021 -9
    endloop
  endfacet
  facet normal 0.751908 -0.659268 0
    outer loop
      vertex 92.7979 34.2021 -12
      vertex 92.6513 34.0349 -9
      vertex 92.6513 34.0349 -12
    endloop
  endfacet
  facet normal -0.997872 0.0652057 0
    outer loop
      vertex 95.6855 32.7781 -12
      vertex 95.7 33 -9
      vertex 95.7 33 -12
    endloop
  endfacet
  facet normal -0.997872 0.0652057 0
    outer loop
      vertex 95.7 33 -9
      vertex 95.6855 32.7781 -12
      vertex 95.6855 32.7781 -9
    endloop
  endfacet
  facet normal 0.751908 0.659268 0
    outer loop
      vertex 92.7979 31.7979 -9
      vertex 92.6513 31.9651 -12
      vertex 92.6513 31.9651 -9
    endloop
  endfacet
  facet normal 0.751908 0.659268 0
    outer loop
      vertex 92.6513 31.9651 -12
      vertex 92.7979 31.7979 -9
      vertex 92.7979 31.7979 -12
    endloop
  endfacet
  facet normal -0.751908 -0.659268 0
    outer loop
      vertex 95.3487 34.0349 -12
      vertex 95.2021 34.2021 -9
      vertex 95.2021 34.2021 -12
    endloop
  endfacet
  facet normal -0.751908 -0.659268 0
    outer loop
      vertex 95.2021 34.2021 -9
      vertex 95.3487 34.0349 -12
      vertex 95.3487 34.0349 -9
    endloop
  endfacet
  facet normal -0.831566 -0.555426 0
    outer loop
      vertex 95.4722 33.85 -12
      vertex 95.3487 34.0349 -9
      vertex 95.3487 34.0349 -12
    endloop
  endfacet
  facet normal -0.831566 -0.555426 0
    outer loop
      vertex 95.3487 34.0349 -9
      vertex 95.4722 33.85 -12
      vertex 95.4722 33.85 -9
    endloop
  endfacet
  facet normal -0.0652057 -0.997872 0
    outer loop
      vertex 94 34.7 -12
      vertex 94.2219 34.6855 -9
      vertex 94 34.7 -9
    endloop
  endfacet
  facet normal -0.0652057 -0.997872 -0
    outer loop
      vertex 94.2219 34.6855 -9
      vertex 94 34.7 -12
      vertex 94.2219 34.6855 -12
    endloop
  endfacet
  facet normal -0.98077 0.195165 0
    outer loop
      vertex 95.6421 32.56 -12
      vertex 95.6855 32.7781 -9
      vertex 95.6855 32.7781 -12
    endloop
  endfacet
  facet normal -0.98077 0.195165 0
    outer loop
      vertex 95.6855 32.7781 -9
      vertex 95.6421 32.56 -12
      vertex 95.6421 32.56 -9
    endloop
  endfacet
  facet normal -0.321484 0.946915 0
    outer loop
      vertex 94.6506 31.4294 -12
      vertex 94.44 31.3579 -9
      vertex 94.6506 31.4294 -9
    endloop
  endfacet
  facet normal -0.321484 0.946915 0
    outer loop
      vertex 94.44 31.3579 -9
      vertex 94.6506 31.4294 -12
      vertex 94.44 31.3579 -12
    endloop
  endfacet
  facet normal 0.946915 -0.321484 0
    outer loop
      vertex 92.3579 33.44 -9
      vertex 92.4294 33.6506 -12
      vertex 92.4294 33.6506 -9
    endloop
  endfacet
  facet normal 0.946915 -0.321484 0
    outer loop
      vertex 92.4294 33.6506 -12
      vertex 92.3579 33.44 -9
      vertex 92.3579 33.44 -12
    endloop
  endfacet
  facet normal -0.44253 0.896754 0
    outer loop
      vertex 94.85 31.5278 -12
      vertex 94.6506 31.4294 -9
      vertex 94.85 31.5278 -9
    endloop
  endfacet
  facet normal -0.44253 0.896754 0
    outer loop
      vertex 94.6506 31.4294 -9
      vertex 94.85 31.5278 -12
      vertex 94.6506 31.4294 -12
    endloop
  endfacet
  facet normal -0.555426 0.831566 0
    outer loop
      vertex 95.0349 31.6513 -12
      vertex 94.85 31.5278 -9
      vertex 95.0349 31.6513 -9
    endloop
  endfacet
  facet normal -0.555426 0.831566 0
    outer loop
      vertex 94.85 31.5278 -9
      vertex 95.0349 31.6513 -12
      vertex 94.85 31.5278 -12
    endloop
  endfacet
  facet normal -0.195165 0.98077 0
    outer loop
      vertex 94.44 31.3579 -12
      vertex 94.2219 31.3145 -9
      vertex 94.44 31.3579 -9
    endloop
  endfacet
  facet normal -0.195165 0.98077 0
    outer loop
      vertex 94.2219 31.3145 -9
      vertex 94.44 31.3579 -12
      vertex 94.2219 31.3145 -12
    endloop
  endfacet
  facet normal -0.896754 -0.44253 0
    outer loop
      vertex 95.5706 33.6506 -12
      vertex 95.4722 33.85 -9
      vertex 95.4722 33.85 -12
    endloop
  endfacet
  facet normal -0.896754 -0.44253 0
    outer loop
      vertex 95.4722 33.85 -9
      vertex 95.5706 33.6506 -12
      vertex 95.5706 33.6506 -9
    endloop
  endfacet
  facet normal -0.0652057 0.997872 0
    outer loop
      vertex 94.2219 31.3145 -12
      vertex 94 31.3 -9
      vertex 94.2219 31.3145 -9
    endloop
  endfacet
  facet normal -0.0652057 0.997872 0
    outer loop
      vertex 94 31.3 -9
      vertex 94.2219 31.3145 -12
      vertex 94 31.3 -12
    endloop
  endfacet
  facet normal -0.896754 0.44253 0
    outer loop
      vertex 95.4722 32.15 -12
      vertex 95.5706 32.3494 -9
      vertex 95.5706 32.3494 -12
    endloop
  endfacet
  facet normal -0.896754 0.44253 0
    outer loop
      vertex 95.5706 32.3494 -9
      vertex 95.4722 32.15 -12
      vertex 95.4722 32.15 -9
    endloop
  endfacet
  facet normal -0.997872 -0.0652057 0
    outer loop
      vertex 95.7 33 -12
      vertex 95.6855 33.2219 -9
      vertex 95.6855 33.2219 -12
    endloop
  endfacet
  facet normal -0.997872 -0.0652057 0
    outer loop
      vertex 95.6855 33.2219 -9
      vertex 95.7 33 -12
      vertex 95.7 33 -9
    endloop
  endfacet
  facet normal -0.98077 -0.195165 0
    outer loop
      vertex 95.6855 33.2219 -12
      vertex 95.6421 33.44 -9
      vertex 95.6421 33.44 -12
    endloop
  endfacet
  facet normal -0.98077 -0.195165 0
    outer loop
      vertex 95.6421 33.44 -9
      vertex 95.6855 33.2219 -12
      vertex 95.6855 33.2219 -9
    endloop
  endfacet
  facet normal -0.946915 -0.321484 0
    outer loop
      vertex 95.6421 33.44 -12
      vertex 95.5706 33.6506 -9
      vertex 95.5706 33.6506 -12
    endloop
  endfacet
  facet normal -0.946915 -0.321484 0
    outer loop
      vertex 95.5706 33.6506 -9
      vertex 95.6421 33.44 -12
      vertex 95.6421 33.44 -9
    endloop
  endfacet
  facet normal 0.659268 0.751908 -0
    outer loop
      vertex 92.9651 31.6513 -12
      vertex 92.7979 31.7979 -9
      vertex 92.9651 31.6513 -9
    endloop
  endfacet
  facet normal 0.659268 0.751908 0
    outer loop
      vertex 92.7979 31.7979 -9
      vertex 92.9651 31.6513 -12
      vertex 92.7979 31.7979 -12
    endloop
  endfacet
  facet normal 0.98077 -0.195165 0
    outer loop
      vertex 92.3145 57.2219 -9
      vertex 92.3579 57.44 -12
      vertex 92.3579 57.44 -9
    endloop
  endfacet
  facet normal 0.98077 -0.195165 0
    outer loop
      vertex 92.3579 57.44 -12
      vertex 92.3145 57.2219 -9
      vertex 92.3145 57.2219 -12
    endloop
  endfacet
  facet normal 0.997872 -0.0652057 0
    outer loop
      vertex 92.3 57 -9
      vertex 92.3145 57.2219 -12
      vertex 92.3145 57.2219 -9
    endloop
  endfacet
  facet normal 0.997872 -0.0652057 0
    outer loop
      vertex 92.3145 57.2219 -12
      vertex 92.3 57 -9
      vertex 92.3 57 -12
    endloop
  endfacet
  facet normal -0.44253 -0.896754 0
    outer loop
      vertex 94.6506 58.5706 -12
      vertex 94.85 58.4722 -9
      vertex 94.6506 58.5706 -9
    endloop
  endfacet
  facet normal -0.44253 -0.896754 -0
    outer loop
      vertex 94.85 58.4722 -9
      vertex 94.6506 58.5706 -12
      vertex 94.85 58.4722 -12
    endloop
  endfacet
  facet normal 0.555426 -0.831566 0
    outer loop
      vertex 92.9651 58.3487 -12
      vertex 93.15 58.4722 -9
      vertex 92.9651 58.3487 -9
    endloop
  endfacet
  facet normal 0.555426 -0.831566 0
    outer loop
      vertex 93.15 58.4722 -9
      vertex 92.9651 58.3487 -12
      vertex 93.15 58.4722 -12
    endloop
  endfacet
  facet normal -0.659268 -0.751908 0
    outer loop
      vertex 95.0349 58.3487 -12
      vertex 95.2021 58.2021 -9
      vertex 95.0349 58.3487 -9
    endloop
  endfacet
  facet normal -0.659268 -0.751908 -0
    outer loop
      vertex 95.2021 58.2021 -9
      vertex 95.0349 58.3487 -12
      vertex 95.2021 58.2021 -12
    endloop
  endfacet
  facet normal 0.321484 0.946915 -0
    outer loop
      vertex 93.56 55.3579 -12
      vertex 93.3494 55.4294 -9
      vertex 93.56 55.3579 -9
    endloop
  endfacet
  facet normal 0.321484 0.946915 0
    outer loop
      vertex 93.3494 55.4294 -9
      vertex 93.56 55.3579 -12
      vertex 93.3494 55.4294 -12
    endloop
  endfacet
  facet normal 0.831566 0.555426 0
    outer loop
      vertex 92.6513 55.9651 -9
      vertex 92.5278 56.15 -12
      vertex 92.5278 56.15 -9
    endloop
  endfacet
  facet normal 0.831566 0.555426 0
    outer loop
      vertex 92.5278 56.15 -12
      vertex 92.6513 55.9651 -9
      vertex 92.6513 55.9651 -12
    endloop
  endfacet
  facet normal 0.946915 0.321484 0
    outer loop
      vertex 92.4294 56.3494 -9
      vertex 92.3579 56.56 -12
      vertex 92.3579 56.56 -9
    endloop
  endfacet
  facet normal 0.946915 0.321484 0
    outer loop
      vertex 92.3579 56.56 -12
      vertex 92.4294 56.3494 -9
      vertex 92.4294 56.3494 -12
    endloop
  endfacet
  facet normal 0.321484 -0.946915 0
    outer loop
      vertex 93.3494 58.5706 -12
      vertex 93.56 58.6421 -9
      vertex 93.3494 58.5706 -9
    endloop
  endfacet
  facet normal 0.321484 -0.946915 0
    outer loop
      vertex 93.56 58.6421 -9
      vertex 93.3494 58.5706 -12
      vertex 93.56 58.6421 -12
    endloop
  endfacet
  facet normal 0.195165 -0.98077 0
    outer loop
      vertex 93.56 58.6421 -12
      vertex 93.7781 58.6855 -9
      vertex 93.56 58.6421 -9
    endloop
  endfacet
  facet normal 0.195165 -0.98077 0
    outer loop
      vertex 93.7781 58.6855 -9
      vertex 93.56 58.6421 -12
      vertex 93.7781 58.6855 -12
    endloop
  endfacet
  facet normal -0.555426 -0.831566 0
    outer loop
      vertex 94.85 58.4722 -12
      vertex 95.0349 58.3487 -9
      vertex 94.85 58.4722 -9
    endloop
  endfacet
  facet normal -0.555426 -0.831566 -0
    outer loop
      vertex 95.0349 58.3487 -9
      vertex 94.85 58.4722 -12
      vertex 95.0349 58.3487 -12
    endloop
  endfacet
  facet normal 0.896754 0.44253 0
    outer loop
      vertex 92.5278 56.15 -9
      vertex 92.4294 56.3494 -12
      vertex 92.4294 56.3494 -9
    endloop
  endfacet
  facet normal 0.896754 0.44253 0
    outer loop
      vertex 92.4294 56.3494 -12
      vertex 92.5278 56.15 -9
      vertex 92.5278 56.15 -12
    endloop
  endfacet
  facet normal 0.659268 -0.751908 0
    outer loop
      vertex 92.7979 58.2021 -12
      vertex 92.9651 58.3487 -9
      vertex 92.7979 58.2021 -9
    endloop
  endfacet
  facet normal 0.659268 -0.751908 0
    outer loop
      vertex 92.9651 58.3487 -9
      vertex 92.7979 58.2021 -12
      vertex 92.9651 58.3487 -12
    endloop
  endfacet
  facet normal 0.555426 0.831566 -0
    outer loop
      vertex 93.15 55.5278 -12
      vertex 92.9651 55.6513 -9
      vertex 93.15 55.5278 -9
    endloop
  endfacet
  facet normal 0.555426 0.831566 0
    outer loop
      vertex 92.9651 55.6513 -9
      vertex 93.15 55.5278 -12
      vertex 92.9651 55.6513 -12
    endloop
  endfacet
  facet normal 0.44253 -0.896754 0
    outer loop
      vertex 93.15 58.4722 -12
      vertex 93.3494 58.5706 -9
      vertex 93.15 58.4722 -9
    endloop
  endfacet
  facet normal 0.44253 -0.896754 0
    outer loop
      vertex 93.3494 58.5706 -9
      vertex 93.15 58.4722 -12
      vertex 93.3494 58.5706 -12
    endloop
  endfacet
  facet normal -0.659268 0.751908 0
    outer loop
      vertex 95.2021 55.7979 -12
      vertex 95.0349 55.6513 -9
      vertex 95.2021 55.7979 -9
    endloop
  endfacet
  facet normal -0.659268 0.751908 0
    outer loop
      vertex 95.0349 55.6513 -9
      vertex 95.2021 55.7979 -12
      vertex 95.0349 55.6513 -12
    endloop
  endfacet
  facet normal -0.751908 0.659268 0
    outer loop
      vertex 95.2021 55.7979 -12
      vertex 95.3487 55.9651 -9
      vertex 95.3487 55.9651 -12
    endloop
  endfacet
  facet normal -0.751908 0.659268 0
    outer loop
      vertex 95.3487 55.9651 -9
      vertex 95.2021 55.7979 -12
      vertex 95.2021 55.7979 -9
    endloop
  endfacet
  facet normal -0.831566 0.555426 0
    outer loop
      vertex 95.3487 55.9651 -12
      vertex 95.4722 56.15 -9
      vertex 95.4722 56.15 -12
    endloop
  endfacet
  facet normal -0.831566 0.555426 0
    outer loop
      vertex 95.4722 56.15 -9
      vertex 95.3487 55.9651 -12
      vertex 95.3487 55.9651 -9
    endloop
  endfacet
  facet normal 0.831566 -0.555426 0
    outer loop
      vertex 92.5278 57.85 -9
      vertex 92.6513 58.0349 -12
      vertex 92.6513 58.0349 -9
    endloop
  endfacet
  facet normal 0.831566 -0.555426 0
    outer loop
      vertex 92.6513 58.0349 -12
      vertex 92.5278 57.85 -9
      vertex 92.5278 57.85 -12
    endloop
  endfacet
  facet normal 0.195165 0.98077 -0
    outer loop
      vertex 93.7781 55.3145 -12
      vertex 93.56 55.3579 -9
      vertex 93.7781 55.3145 -9
    endloop
  endfacet
  facet normal 0.195165 0.98077 0
    outer loop
      vertex 93.56 55.3579 -9
      vertex 93.7781 55.3145 -12
      vertex 93.56 55.3579 -12
    endloop
  endfacet
  facet normal 0.98077 0.195165 0
    outer loop
      vertex 92.3579 56.56 -9
      vertex 92.3145 56.7781 -12
      vertex 92.3145 56.7781 -9
    endloop
  endfacet
  facet normal 0.98077 0.195165 0
    outer loop
      vertex 92.3145 56.7781 -12
      vertex 92.3579 56.56 -9
      vertex 92.3579 56.56 -12
    endloop
  endfacet
  facet normal -0.946915 0.321484 0
    outer loop
      vertex 95.5706 56.3494 -12
      vertex 95.6421 56.56 -9
      vertex 95.6421 56.56 -12
    endloop
  endfacet
  facet normal -0.946915 0.321484 0
    outer loop
      vertex 95.6421 56.56 -9
      vertex 95.5706 56.3494 -12
      vertex 95.5706 56.3494 -9
    endloop
  endfacet
  facet normal 0.44253 0.896754 -0
    outer loop
      vertex 93.3494 55.4294 -12
      vertex 93.15 55.5278 -9
      vertex 93.3494 55.4294 -9
    endloop
  endfacet
  facet normal 0.44253 0.896754 0
    outer loop
      vertex 93.15 55.5278 -9
      vertex 93.3494 55.4294 -12
      vertex 93.15 55.5278 -12
    endloop
  endfacet
  facet normal 0.0652057 -0.997872 0
    outer loop
      vertex 93.7781 58.6855 -12
      vertex 94 58.7 -9
      vertex 93.7781 58.6855 -9
    endloop
  endfacet
  facet normal 0.0652057 -0.997872 0
    outer loop
      vertex 94 58.7 -9
      vertex 93.7781 58.6855 -12
      vertex 94 58.7 -12
    endloop
  endfacet
  facet normal -0.321484 -0.946915 0
    outer loop
      vertex 94.44 58.6421 -12
      vertex 94.6506 58.5706 -9
      vertex 94.44 58.6421 -9
    endloop
  endfacet
  facet normal -0.321484 -0.946915 -0
    outer loop
      vertex 94.6506 58.5706 -9
      vertex 94.44 58.6421 -12
      vertex 94.6506 58.5706 -12
    endloop
  endfacet
  facet normal -0.195165 -0.98077 0
    outer loop
      vertex 94.2219 58.6855 -12
      vertex 94.44 58.6421 -9
      vertex 94.2219 58.6855 -9
    endloop
  endfacet
  facet normal -0.195165 -0.98077 -0
    outer loop
      vertex 94.44 58.6421 -9
      vertex 94.2219 58.6855 -12
      vertex 94.44 58.6421 -12
    endloop
  endfacet
  facet normal 0.896754 -0.44253 0
    outer loop
      vertex 92.4294 57.6506 -9
      vertex 92.5278 57.85 -12
      vertex 92.5278 57.85 -9
    endloop
  endfacet
  facet normal 0.896754 -0.44253 0
    outer loop
      vertex 92.5278 57.85 -12
      vertex 92.4294 57.6506 -9
      vertex 92.4294 57.6506 -12
    endloop
  endfacet
  facet normal 0.997872 0.0652057 0
    outer loop
      vertex 92.3145 56.7781 -9
      vertex 92.3 57 -12
      vertex 92.3 57 -9
    endloop
  endfacet
  facet normal 0.997872 0.0652057 0
    outer loop
      vertex 92.3 57 -12
      vertex 92.3145 56.7781 -9
      vertex 92.3145 56.7781 -12
    endloop
  endfacet
  facet normal 0.0652057 0.997872 -0
    outer loop
      vertex 94 55.3 -12
      vertex 93.7781 55.3145 -9
      vertex 94 55.3 -9
    endloop
  endfacet
  facet normal 0.0652057 0.997872 0
    outer loop
      vertex 93.7781 55.3145 -9
      vertex 94 55.3 -12
      vertex 93.7781 55.3145 -12
    endloop
  endfacet
  facet normal 0.751908 -0.659268 0
    outer loop
      vertex 92.6513 58.0349 -9
      vertex 92.7979 58.2021 -12
      vertex 92.7979 58.2021 -9
    endloop
  endfacet
  facet normal 0.751908 -0.659268 0
    outer loop
      vertex 92.7979 58.2021 -12
      vertex 92.6513 58.0349 -9
      vertex 92.6513 58.0349 -12
    endloop
  endfacet
  facet normal -0.997872 0.0652057 0
    outer loop
      vertex 95.6855 56.7781 -12
      vertex 95.7 57 -9
      vertex 95.7 57 -12
    endloop
  endfacet
  facet normal -0.997872 0.0652057 0
    outer loop
      vertex 95.7 57 -9
      vertex 95.6855 56.7781 -12
      vertex 95.6855 56.7781 -9
    endloop
  endfacet
  facet normal 0.751908 0.659268 0
    outer loop
      vertex 92.7979 55.7979 -9
      vertex 92.6513 55.9651 -12
      vertex 92.6513 55.9651 -9
    endloop
  endfacet
  facet normal 0.751908 0.659268 0
    outer loop
      vertex 92.6513 55.9651 -12
      vertex 92.7979 55.7979 -9
      vertex 92.7979 55.7979 -12
    endloop
  endfacet
  facet normal -0.751908 -0.659268 0
    outer loop
      vertex 95.3487 58.0349 -12
      vertex 95.2021 58.2021 -9
      vertex 95.2021 58.2021 -12
    endloop
  endfacet
  facet normal -0.751908 -0.659268 0
    outer loop
      vertex 95.2021 58.2021 -9
      vertex 95.3487 58.0349 -12
      vertex 95.3487 58.0349 -9
    endloop
  endfacet
  facet normal -0.831566 -0.555426 0
    outer loop
      vertex 95.4722 57.85 -12
      vertex 95.3487 58.0349 -9
      vertex 95.3487 58.0349 -12
    endloop
  endfacet
  facet normal -0.831566 -0.555426 0
    outer loop
      vertex 95.3487 58.0349 -9
      vertex 95.4722 57.85 -12
      vertex 95.4722 57.85 -9
    endloop
  endfacet
  facet normal -0.0652057 -0.997872 0
    outer loop
      vertex 94 58.7 -12
      vertex 94.2219 58.6855 -9
      vertex 94 58.7 -9
    endloop
  endfacet
  facet normal -0.0652057 -0.997872 -0
    outer loop
      vertex 94.2219 58.6855 -9
      vertex 94 58.7 -12
      vertex 94.2219 58.6855 -12
    endloop
  endfacet
  facet normal -0.98077 0.195165 0
    outer loop
      vertex 95.6421 56.56 -12
      vertex 95.6855 56.7781 -9
      vertex 95.6855 56.7781 -12
    endloop
  endfacet
  facet normal -0.98077 0.195165 0
    outer loop
      vertex 95.6855 56.7781 -9
      vertex 95.6421 56.56 -12
      vertex 95.6421 56.56 -9
    endloop
  endfacet
  facet normal -0.321484 0.946915 0
    outer loop
      vertex 94.6506 55.4294 -12
      vertex 94.44 55.3579 -9
      vertex 94.6506 55.4294 -9
    endloop
  endfacet
  facet normal -0.321484 0.946915 0
    outer loop
      vertex 94.44 55.3579 -9
      vertex 94.6506 55.4294 -12
      vertex 94.44 55.3579 -12
    endloop
  endfacet
  facet normal 0.946915 -0.321484 0
    outer loop
      vertex 92.3579 57.44 -9
      vertex 92.4294 57.6506 -12
      vertex 92.4294 57.6506 -9
    endloop
  endfacet
  facet normal 0.946915 -0.321484 0
    outer loop
      vertex 92.4294 57.6506 -12
      vertex 92.3579 57.44 -9
      vertex 92.3579 57.44 -12
    endloop
  endfacet
  facet normal -0.44253 0.896754 0
    outer loop
      vertex 94.85 55.5278 -12
      vertex 94.6506 55.4294 -9
      vertex 94.85 55.5278 -9
    endloop
  endfacet
  facet normal -0.44253 0.896754 0
    outer loop
      vertex 94.6506 55.4294 -9
      vertex 94.85 55.5278 -12
      vertex 94.6506 55.4294 -12
    endloop
  endfacet
  facet normal -0.555426 0.831566 0
    outer loop
      vertex 95.0349 55.6513 -12
      vertex 94.85 55.5278 -9
      vertex 95.0349 55.6513 -9
    endloop
  endfacet
  facet normal -0.555426 0.831566 0
    outer loop
      vertex 94.85 55.5278 -9
      vertex 95.0349 55.6513 -12
      vertex 94.85 55.5278 -12
    endloop
  endfacet
  facet normal -0.0652057 0.997872 0
    outer loop
      vertex 94.2219 55.3145 -12
      vertex 94 55.3 -9
      vertex 94.2219 55.3145 -9
    endloop
  endfacet
  facet normal -0.0652057 0.997872 0
    outer loop
      vertex 94 55.3 -9
      vertex 94.2219 55.3145 -12
      vertex 94 55.3 -12
    endloop
  endfacet
  facet normal -0.195165 0.98077 0
    outer loop
      vertex 94.44 55.3579 -12
      vertex 94.2219 55.3145 -9
      vertex 94.44 55.3579 -9
    endloop
  endfacet
  facet normal -0.195165 0.98077 0
    outer loop
      vertex 94.2219 55.3145 -9
      vertex 94.44 55.3579 -12
      vertex 94.2219 55.3145 -12
    endloop
  endfacet
  facet normal -0.896754 -0.44253 0
    outer loop
      vertex 95.5706 57.6506 -12
      vertex 95.4722 57.85 -9
      vertex 95.4722 57.85 -12
    endloop
  endfacet
  facet normal -0.896754 -0.44253 0
    outer loop
      vertex 95.4722 57.85 -9
      vertex 95.5706 57.6506 -12
      vertex 95.5706 57.6506 -9
    endloop
  endfacet
  facet normal -0.896754 0.44253 0
    outer loop
      vertex 95.4722 56.15 -12
      vertex 95.5706 56.3494 -9
      vertex 95.5706 56.3494 -12
    endloop
  endfacet
  facet normal -0.896754 0.44253 0
    outer loop
      vertex 95.5706 56.3494 -9
      vertex 95.4722 56.15 -12
      vertex 95.4722 56.15 -9
    endloop
  endfacet
  facet normal -0.997872 -0.0652057 0
    outer loop
      vertex 95.7 57 -12
      vertex 95.6855 57.2219 -9
      vertex 95.6855 57.2219 -12
    endloop
  endfacet
  facet normal -0.997872 -0.0652057 0
    outer loop
      vertex 95.6855 57.2219 -9
      vertex 95.7 57 -12
      vertex 95.7 57 -9
    endloop
  endfacet
  facet normal -0.98077 -0.195165 0
    outer loop
      vertex 95.6855 57.2219 -12
      vertex 95.6421 57.44 -9
      vertex 95.6421 57.44 -12
    endloop
  endfacet
  facet normal -0.98077 -0.195165 0
    outer loop
      vertex 95.6421 57.44 -9
      vertex 95.6855 57.2219 -12
      vertex 95.6855 57.2219 -9
    endloop
  endfacet
  facet normal -0.946915 -0.321484 0
    outer loop
      vertex 95.6421 57.44 -12
      vertex 95.5706 57.6506 -9
      vertex 95.5706 57.6506 -12
    endloop
  endfacet
  facet normal -0.946915 -0.321484 0
    outer loop
      vertex 95.5706 57.6506 -9
      vertex 95.6421 57.44 -12
      vertex 95.6421 57.44 -9
    endloop
  endfacet
  facet normal 0.659268 0.751908 -0
    outer loop
      vertex 92.9651 55.6513 -12
      vertex 92.7979 55.7979 -9
      vertex 92.9651 55.6513 -9
    endloop
  endfacet
  facet normal 0.659268 0.751908 0
    outer loop
      vertex 92.7979 55.7979 -9
      vertex 92.9651 55.6513 -12
      vertex 92.7979 55.7979 -12
    endloop
  endfacet
  facet normal 0 0 -1
    outer loop
      vertex 99.6 26 -46.5
      vertex 102 30 -46.5
      vertex 102 26 -46.5
    endloop
  endfacet
  facet normal -0 0 -1
    outer loop
      vertex 102 30 -46.5
      vertex 99.6 26 -46.5
      vertex 99.6 30 -46.5
    endloop
  endfacet
  facet normal -0 0 1
    outer loop
      vertex 99.6 30 -81
      vertex 102 26 -81
      vertex 102 30 -81
    endloop
  endfacet
  facet normal 0 0 1
    outer loop
      vertex 102 26 -81
      vertex 99.6 30 -81
      vertex 99.6 26 -81
    endloop
  endfacet
  facet normal 0 -1 0
    outer loop
      vertex 99.6 30 -81
      vertex 102 30 -46.5
      vertex 99.6 30 -46.5
    endloop
  endfacet
  facet normal 0 -1 -0
    outer loop
      vertex 102 30 -46.5
      vertex 99.6 30 -81
      vertex 102 30 -81
    endloop
  endfacet
  facet normal 0 1 -0
    outer loop
      vertex 102 26 -81
      vertex 99.6 26 -46.5
      vertex 102 26 -46.5
    endloop
  endfacet
  facet normal 0 1 0
    outer loop
      vertex 99.6 26 -46.5
      vertex 102 26 -81
      vertex 99.6 26 -81
    endloop
  endfacet
  facet normal 0 0 -1
    outer loop
      vertex 99.6 36 -46.5
      vertex 102 40 -46.5
      vertex 102 36 -46.5
    endloop
  endfacet
  facet normal -0 0 -1
    outer loop
      vertex 102 40 -46.5
      vertex 99.6 36 -46.5
      vertex 99.6 40 -46.5
    endloop
  endfacet
  facet normal -0 0 1
    outer loop
      vertex 99.6 40 -81
      vertex 102 36 -81
      vertex 102 40 -81
    endloop
  endfacet
  facet normal 0 0 1
    outer loop
      vertex 102 36 -81
      vertex 99.6 40 -81
      vertex 99.6 36 -81
    endloop
  endfacet
  facet normal 0 -1 0
    outer loop
      vertex 99.6 40 -81
      vertex 102 40 -46.5
      vertex 99.6 40 -46.5
    endloop
  endfacet
  facet normal 0 -1 -0
    outer loop
      vertex 102 40 -46.5
      vertex 99.6 40 -81
      vertex 102 40 -81
    endloop
  endfacet
  facet normal 0 1 -0
    outer loop
      vertex 102 36 -81
      vertex 99.6 36 -46.5
      vertex 102 36 -46.5
    endloop
  endfacet
  facet normal 0 1 0
    outer loop
      vertex 99.6 36 -46.5
      vertex 102 36 -81
      vertex 99.6 36 -81
    endloop
  endfacet
  facet normal 0 0 -1
    outer loop
      vertex 99.6 46 -46.5
      vertex 102 50 -46.5
      vertex 102 46 -46.5
    endloop
  endfacet
  facet normal -0 0 -1
    outer loop
      vertex 102 50 -46.5
      vertex 99.6 46 -46.5
      vertex 99.6 50 -46.5
    endloop
  endfacet
  facet normal -0 0 1
    outer loop
      vertex 99.6 50 -81
      vertex 102 46 -81
      vertex 102 50 -81
    endloop
  endfacet
  facet normal 0 0 1
    outer loop
      vertex 102 46 -81
      vertex 99.6 50 -81
      vertex 99.6 46 -81
    endloop
  endfacet
  facet normal 0 -1 0
    outer loop
      vertex 99.6 50 -81
      vertex 102 50 -46.5
      vertex 99.6 50 -46.5
    endloop
  endfacet
  facet normal 0 -1 -0
    outer loop
      vertex 102 50 -46.5
      vertex 99.6 50 -81
      vertex 102 50 -81
    endloop
  endfacet
  facet normal 0 1 -0
    outer loop
      vertex 102 46 -81
      vertex 99.6 46 -46.5
      vertex 102 46 -46.5
    endloop
  endfacet
  facet normal 0 1 0
    outer loop
      vertex 99.6 46 -46.5
      vertex 102 46 -81
      vertex 99.6 46 -81
    endloop
  endfacet
  facet normal 0 0 -1
    outer loop
      vertex 99.6 56 -46.5
      vertex 102 60 -46.5
      vertex 102 56 -46.5
    endloop
  endfacet
  facet normal -0 0 -1
    outer loop
      vertex 102 60 -46.5
      vertex 99.6 56 -46.5
      vertex 99.6 60 -46.5
    endloop
  endfacet
  facet normal -0 0 1
    outer loop
      vertex 99.6 60 -81
      vertex 102 56 -81
      vertex 102 60 -81
    endloop
  endfacet
  facet normal 0 0 1
    outer loop
      vertex 102 56 -81
      vertex 99.6 60 -81
      vertex 99.6 56 -81
    endloop
  endfacet
  facet normal 0 -1 0
    outer loop
      vertex 99.6 60 -81
      vertex 102 60 -46.5
      vertex 99.6 60 -46.5
    endloop
  endfacet
  facet normal 0 -1 -0
    outer loop
      vertex 102 60 -46.5
      vertex 99.6 60 -81
      vertex 102 60 -81
    endloop
  endfacet
  facet normal 0 1 -0
    outer loop
      vertex 102 56 -81
      vertex 99.6 56 -46.5
      vertex 102 56 -46.5
    endloop
  endfacet
  facet normal 0 1 0
    outer loop
      vertex 99.6 56 -46.5
      vertex 102 56 -81
      vertex 99.6 56 -81
    endloop
  endfacet
  facet normal 1 0 0
    outer loop
      vertex 102 36.3209 -85.6058
      vertex 102 32.8962 -85.1997
      vertex 102 36.3058 -85.9425
    endloop
  endfacet
  facet normal 1 -0 0
    outer loop
      vertex 102 32.8616 -85.3173
      vertex 102 36.3058 -85.9425
      vertex 102 32.8962 -85.1997
    endloop
  endfacet
  facet normal 1 -0 0
    outer loop
      vertex 102 32.817 -85.4276
      vertex 102 36.3058 -85.9425
      vertex 102 32.8616 -85.3173
    endloop
  endfacet
  facet normal 1 0 0
    outer loop
      vertex 102 36.3209 -86.2782
      vertex 102 32.8763 -87.0303
      vertex 102 33.5849 -88.4688
    endloop
  endfacet
  facet normal 1 0 -0
    outer loop
      vertex 102 32.8763 -87.0303
      vertex 102 36.3058 -85.9425
      vertex 102 32.817 -85.4276
    endloop
  endfacet
  facet normal 1 0 0
    outer loop
      vertex 102 36.3058 -85.9425
      vertex 102 32.8763 -87.0303
      vertex 102 36.3209 -86.2782
    endloop
  endfacet
  facet normal 1 0 0
    outer loop
      vertex 102 32.817 -85.4276
      vertex 102 32.8144 -86.9098
      vertex 102 32.8763 -87.0303
    endloop
  endfacet
  facet normal 1 -0 0
    outer loop
      vertex 102 32.7626 -85.5306
      vertex 102 32.8144 -86.9098
      vertex 102 32.817 -85.4276
    endloop
  endfacet
  facet normal 1 0 0
    outer loop
      vertex 102 32.7626 -85.5306
      vertex 102 32.7527 -86.7984
      vertex 102 32.8144 -86.9098
    endloop
  endfacet
  facet normal 1 0 0
    outer loop
      vertex 102 32.6912 -86.696
      vertex 102 32.7626 -85.5306
      vertex 102 32.6983 -85.6263
    endloop
  endfacet
  facet normal 1 0 0
    outer loop
      vertex 102 32.7626 -85.5306
      vertex 102 32.6912 -86.696
      vertex 102 32.7527 -86.7984
    endloop
  endfacet
  facet normal 1 0 0
    outer loop
      vertex 102 32.6983 -85.6263
      vertex 102 32.6299 -86.6027
      vertex 102 32.6912 -86.696
    endloop
  endfacet
  facet normal 1 -0 0
    outer loop
      vertex 102 32.624 -85.7148
      vertex 102 32.6299 -86.6027
      vertex 102 32.6983 -85.6263
    endloop
  endfacet
  facet normal 1 0 0
    outer loop
      vertex 102 32.624 -85.7148
      vertex 102 32.5689 -86.5185
      vertex 102 32.6299 -86.6027
    endloop
  endfacet
  facet normal 1 -0 0
    outer loop
      vertex 102 32.5397 -85.7964
      vertex 102 32.5689 -86.5185
      vertex 102 32.624 -85.7148
    endloop
  endfacet
  facet normal 1 0 0
    outer loop
      vertex 102 32.5397 -85.7964
      vertex 102 32.508 -86.4433
      vertex 102 32.5689 -86.5185
    endloop
  endfacet
  facet normal 1 0 0
    outer loop
      vertex 102 32.5397 -85.7964
      vertex 102 32.4473 -86.3772
      vertex 102 32.508 -86.4433
    endloop
  endfacet
  facet normal 1 -0 0
    outer loop
      vertex 102 32.4453 -85.8711
      vertex 102 32.4473 -86.3772
      vertex 102 32.5397 -85.7964
    endloop
  endfacet
  facet normal 1 0 0
    outer loop
      vertex 102 32.4453 -85.8711
      vertex 102 32.3857 -86.3188
      vertex 102 32.4473 -86.3772
    endloop
  endfacet
  facet normal 1 -0 0
    outer loop
      vertex 102 32.3409 -85.9389
      vertex 102 32.3857 -86.3188
      vertex 102 32.4453 -85.8711
    endloop
  endfacet
  facet normal 1 0 0
    outer loop
      vertex 102 32.3409 -85.9389
      vertex 102 32.3217 -86.2667
      vertex 102 32.3857 -86.3188
    endloop
  endfacet
  facet normal 1 0 0
    outer loop
      vertex 102 32.3409 -85.9389
      vertex 102 32.2554 -86.2209
      vertex 102 32.3217 -86.2667
    endloop
  endfacet
  facet normal 1 -0 0
    outer loop
      vertex 102 32.2265 -85.9998
      vertex 102 32.2554 -86.2209
      vertex 102 32.3409 -85.9389
    endloop
  endfacet
  facet normal 1 0 0
    outer loop
      vertex 102 32.2265 -85.9998
      vertex 102 32.1869 -86.1814
      vertex 102 32.2554 -86.2209
    endloop
  endfacet
  facet normal 1 -0 0
    outer loop
      vertex 102 32.1021 -86.0537
      vertex 102 32.1869 -86.1814
      vertex 102 32.2265 -85.9998
    endloop
  endfacet
  facet normal 1 0 0
    outer loop
      vertex 102 32.1869 -86.1814
      vertex 102 32.1021 -86.0537
      vertex 102 32.1161 -86.1482
    endloop
  endfacet
  facet normal 1 0 0
    outer loop
      vertex 102 32.1021 -86.0537
      vertex 102 32.043 -86.1213
      vertex 102 32.1161 -86.1482
    endloop
  endfacet
  facet normal 1 0 -0
    outer loop
      vertex 102 32.043 -86.1213
      vertex 102 32.1021 -86.0537
      vertex 102 31.9676 -86.1007
    endloop
  endfacet
  facet normal 1 0 0
    outer loop
      vertex 102 31.283 -83.4132
      vertex 102 30 -81
      vertex 102 31.0081 -83.4064
    endloop
  endfacet
  facet normal 1 0 0
    outer loop
      vertex 102 30 -81
      vertex 102 29.0144 -83.4064
      vertex 102 31.0081 -83.4064
    endloop
  endfacet
  facet normal 1 0 0
    outer loop
      vertex 102 29.0144 -83.4064
      vertex 102 26 -81
      vertex 102 29.0144 -88.4688
    endloop
  endfacet
  facet normal 1 -0 0
    outer loop
      vertex 102 26 -81
      vertex 102 29.0144 -83.4064
      vertex 102 30 -81
    endloop
  endfacet
  facet normal 1 0 0
    outer loop
      vertex 102 40.5084 -84.6697
      vertex 102 40.6119 -87.1439
      vertex 102 40.6119 -84.7376
    endloop
  endfacet
  facet normal 1 0 0
    outer loop
      vertex 102 40.5084 -84.6697
      vertex 102 40.5084 -87.2118
      vertex 102 40.6119 -87.1439
    endloop
  endfacet
  facet normal 1 0 0
    outer loop
      vertex 102 40.4054 -84.6073
      vertex 102 40.5084 -87.2118
      vertex 102 40.5084 -84.6697
    endloop
  endfacet
  facet normal 1 0 0
    outer loop
      vertex 102 40.4054 -84.6073
      vertex 102 40.4054 -87.2742
      vertex 102 40.5084 -87.2118
    endloop
  endfacet
  facet normal 1 0 0
    outer loop
      vertex 102 40.3028 -84.5502
      vertex 102 40.4054 -87.2742
      vertex 102 40.4054 -84.6073
    endloop
  endfacet
  facet normal 1 0 0
    outer loop
      vertex 102 40.3028 -84.5502
      vertex 102 40.3028 -87.3313
      vertex 102 40.4054 -87.2742
    endloop
  endfacet
  facet normal 1 0 0
    outer loop
      vertex 102 40.2006 -84.4985
      vertex 102 40.3028 -87.3313
      vertex 102 40.3028 -84.5502
    endloop
  endfacet
  facet normal 1 0 0
    outer loop
      vertex 102 40.2006 -84.4985
      vertex 102 40.2006 -87.383
      vertex 102 40.3028 -87.3313
    endloop
  endfacet
  facet normal 1 0 0
    outer loop
      vertex 102 40.0988 -84.4522
      vertex 102 40.2006 -87.383
      vertex 102 40.2006 -84.4985
    endloop
  endfacet
  facet normal 1 0 0
    outer loop
      vertex 102 40.0988 -84.4522
      vertex 102 40.0988 -87.4293
      vertex 102 40.2006 -87.383
    endloop
  endfacet
  facet normal 1 0 0
    outer loop
      vertex 102 39.9974 -84.4113
      vertex 102 40.0988 -87.4293
      vertex 102 40.0988 -84.4522
    endloop
  endfacet
  facet normal 1 0 0
    outer loop
      vertex 102 39.9974 -84.4113
      vertex 102 39.9974 -87.4702
      vertex 102 40.0988 -87.4293
    endloop
  endfacet
  facet normal 1 0 0
    outer loop
      vertex 102 39.8964 -84.3758
      vertex 102 39.9974 -87.4702
      vertex 102 39.9974 -84.4113
    endloop
  endfacet
  facet normal 1 0 0
    outer loop
      vertex 102 39.8964 -84.3758
      vertex 102 39.8964 -87.5058
      vertex 102 39.9974 -87.4702
    endloop
  endfacet
  facet normal 1 0 0
    outer loop
      vertex 102 39.7949 -84.3452
      vertex 102 39.8964 -87.5058
      vertex 102 39.8964 -84.3758
    endloop
  endfacet
  facet normal 1 0 0
    outer loop
      vertex 102 39.7949 -84.3452
      vertex 102 39.7949 -87.5363
      vertex 102 39.8964 -87.5058
    endloop
  endfacet
  facet normal 1 0 0
    outer loop
      vertex 102 39.6919 -84.3194
      vertex 102 39.7949 -87.5363
      vertex 102 39.7949 -84.3452
    endloop
  endfacet
  facet normal 1 0 0
    outer loop
      vertex 102 39.6919 -84.3194
      vertex 102 39.6919 -87.5621
      vertex 102 39.7949 -87.5363
    endloop
  endfacet
  facet normal 1 0 0
    outer loop
      vertex 102 39.5874 -84.2983
      vertex 102 39.6919 -87.5621
      vertex 102 39.6919 -84.3194
    endloop
  endfacet
  facet normal 1 0 0
    outer loop
      vertex 102 39.5874 -84.2983
      vertex 102 39.5874 -87.5832
      vertex 102 39.6919 -87.5621
    endloop
  endfacet
  facet normal 1 0 0
    outer loop
      vertex 102 37.6552 -85.9425
      vertex 102 39.5874 -84.2983
      vertex 102 39.4813 -84.2819
    endloop
  endfacet
  facet normal 1 0 0
    outer loop
      vertex 102 39.5874 -84.2983
      vertex 102 37.6552 -85.9425
      vertex 102 39.5874 -87.5832
    endloop
  endfacet
  facet normal 1 0 0
    outer loop
      vertex 102 37.6634 -85.7246
      vertex 102 39.4813 -84.2819
      vertex 102 39.3737 -84.2701
    endloop
  endfacet
  facet normal 1 0 0
    outer loop
      vertex 102 39.5874 -87.5832
      vertex 102 37.6552 -85.9425
      vertex 102 39.4813 -87.5996
    endloop
  endfacet
  facet normal 1 0 0
    outer loop
      vertex 102 37.6634 -85.7246
      vertex 102 39.3737 -84.2701
      vertex 102 39.2645 -84.2631
    endloop
  endfacet
  facet normal 1 -0 -0
    outer loop
      vertex 102 37.6634 -86.1594
      vertex 102 39.4813 -87.5996
      vertex 102 37.6552 -85.9425
    endloop
  endfacet
  facet normal 1 0 0
    outer loop
      vertex 102 37.6879 -85.5206
      vertex 102 39.2645 -84.2631
      vertex 102 39.1539 -84.2608
    endloop
  endfacet
  facet normal 1 0 0
    outer loop
      vertex 102 39.4813 -87.5996
      vertex 102 37.6634 -86.1594
      vertex 102 39.3737 -87.6114
    endloop
  endfacet
  facet normal 1 0 0
    outer loop
      vertex 102 37.7287 -85.3305
      vertex 102 39.1539 -84.2608
      vertex 102 38.9604 -84.2699
    endloop
  endfacet
  facet normal 1 0 0
    outer loop
      vertex 102 39.3737 -87.6114
      vertex 102 37.6634 -86.1594
      vertex 102 39.2645 -87.6184
    endloop
  endfacet
  facet normal 1 0 0
    outer loop
      vertex 102 37.7859 -85.1542
      vertex 102 38.9604 -84.2699
      vertex 102 38.7791 -84.2973
    endloop
  endfacet
  facet normal 1 -0 -0
    outer loop
      vertex 102 37.6879 -86.3626
      vertex 102 39.2645 -87.6184
      vertex 102 37.6634 -86.1594
    endloop
  endfacet
  facet normal 1 0 0
    outer loop
      vertex 102 37.7859 -85.1542
      vertex 102 38.7791 -84.2973
      vertex 102 38.61 -84.343
    endloop
  endfacet
  facet normal 1 0 0
    outer loop
      vertex 102 39.2645 -87.6184
      vertex 102 37.6879 -86.3626
      vertex 102 39.1539 -87.6207
    endloop
  endfacet
  facet normal 1 0 0
    outer loop
      vertex 102 37.7859 -85.1542
      vertex 102 38.61 -84.343
      vertex 102 38.4531 -84.4069
    endloop
  endfacet
  facet normal 1 -0 -0
    outer loop
      vertex 102 37.7287 -86.5521
      vertex 102 39.1539 -87.6207
      vertex 102 37.6879 -86.3626
    endloop
  endfacet
  facet normal 1 0 0
    outer loop
      vertex 102 37.7859 -85.1542
      vertex 102 38.4531 -84.4069
      vertex 102 38.3083 -84.4891
    endloop
  endfacet
  facet normal 1 0 0
    outer loop
      vertex 102 39.1539 -87.6207
      vertex 102 37.7287 -86.5521
      vertex 102 38.9604 -87.6116
    endloop
  endfacet
  facet normal 1 0 0
    outer loop
      vertex 102 37.7859 -85.1542
      vertex 102 38.3083 -84.4891
      vertex 102 38.1758 -84.5896
    endloop
  endfacet
  facet normal 1 -0 -0
    outer loop
      vertex 102 37.7859 -86.7279
      vertex 102 38.9604 -87.6116
      vertex 102 37.7287 -86.5521
    endloop
  endfacet
  facet normal 1 0 0
    outer loop
      vertex 102 37.7859 -85.1542
      vertex 102 38.1758 -84.5896
      vertex 102 38.0553 -84.7083
    endloop
  endfacet
  facet normal 1 0 0
    outer loop
      vertex 102 38.9604 -87.6116
      vertex 102 37.7859 -86.7279
      vertex 102 38.7791 -87.5842
    endloop
  endfacet
  facet normal 1 0 0
    outer loop
      vertex 102 37.7859 -85.1542
      vertex 102 38.0553 -84.7083
      vertex 102 37.9492 -84.8431
    endloop
  endfacet
  facet normal 1 0 0
    outer loop
      vertex 102 38.7791 -87.5842
      vertex 102 37.7859 -86.7279
      vertex 102 38.61 -87.5385
    endloop
  endfacet
  facet normal 1 0 0
    outer loop
      vertex 102 37.7859 -85.1542
      vertex 102 37.9492 -84.8431
      vertex 102 37.8594 -84.9917
    endloop
  endfacet
  facet normal 1 0 0
    outer loop
      vertex 102 38.61 -87.5385
      vertex 102 37.7859 -86.7279
      vertex 102 38.4531 -87.4746
    endloop
  endfacet
  facet normal 1 0 0
    outer loop
      vertex 102 38.9604 -84.2699
      vertex 102 37.7859 -85.1542
      vertex 102 37.7287 -85.3305
    endloop
  endfacet
  facet normal 1 0 0
    outer loop
      vertex 102 39.4813 -84.2819
      vertex 102 37.6634 -85.7246
      vertex 102 37.6552 -85.9425
    endloop
  endfacet
  facet normal 1 0 0
    outer loop
      vertex 102 39.1539 -84.2608
      vertex 102 37.7287 -85.3305
      vertex 102 37.6879 -85.5206
    endloop
  endfacet
  facet normal 1 0 0
    outer loop
      vertex 102 38.4531 -87.4746
      vertex 102 37.7859 -86.7279
      vertex 102 38.3083 -87.3924
    endloop
  endfacet
  facet normal 1 0 0
    outer loop
      vertex 102 39.2645 -84.2631
      vertex 102 37.6879 -85.5206
      vertex 102 37.6634 -85.7246
    endloop
  endfacet
  facet normal 1 0 0
    outer loop
      vertex 102 38.3083 -87.3924
      vertex 102 37.7859 -86.7279
      vertex 102 38.1758 -87.2919
    endloop
  endfacet
  facet normal 1 0 0
    outer loop
      vertex 102 38.1758 -87.2919
      vertex 102 37.7859 -86.7279
      vertex 102 38.0553 -87.1732
    endloop
  endfacet
  facet normal 1 0 0
    outer loop
      vertex 102 38.0553 -87.1732
      vertex 102 37.7859 -86.7279
      vertex 102 37.9492 -87.0385
    endloop
  endfacet
  facet normal 1 0 0
    outer loop
      vertex 102 37.9492 -87.0385
      vertex 102 37.7859 -86.7279
      vertex 102 37.8594 -86.89
    endloop
  endfacet
  facet normal 1 -0 0
    outer loop
      vertex 102 53.7113 -84.392
      vertex 102 55.7965 -85.336
      vertex 102 55.9287 -84.392
    endloop
  endfacet
  facet normal 1 0 0
    outer loop
      vertex 102 55.7965 -85.336
      vertex 102 53.7113 -84.392
      vertex 102 53.7113 -85.336
    endloop
  endfacet
  facet normal 1 -0 0
    outer loop
      vertex 102 60 -81
      vertex 102 74 -91
      vertex 102 74 -36.5
    endloop
  endfacet
  facet normal 1 -0 -0
    outer loop
      vertex 102 60.9648 -84.8027
      vertex 102 74 -91
      vertex 102 60.9553 -84.6034
    endloop
  endfacet
  facet normal 1 -0 0
    outer loop
      vertex 102 60.9599 -84.9424
      vertex 102 74 -91
      vertex 102 60.9648 -84.8027
    endloop
  endfacet
  facet normal 1 0 0
    outer loop
      vertex 102 74 -91
      vertex 102 60.9268 -84.4201
      vertex 102 60.9553 -84.6034
    endloop
  endfacet
  facet normal 1 0 0
    outer loop
      vertex 102 74 -91
      vertex 102 60.8792 -84.2526
      vertex 102 60.9268 -84.4201
    endloop
  endfacet
  facet normal 1 0 0
    outer loop
      vertex 102 74 -91
      vertex 102 60 -81
      vertex 102 60.8792 -84.2526
    endloop
  endfacet
  facet normal 1 0 0
    outer loop
      vertex 102 60.8792 -84.2526
      vertex 102 60 -81
      vertex 102 60.8126 -84.1011
    endloop
  endfacet
  facet normal 1 0 0
    outer loop
      vertex 102 60.8126 -84.1011
      vertex 102 60 -81
      vertex 102 60.727 -83.9654
    endloop
  endfacet
  facet normal 1 0 0
    outer loop
      vertex 102 60.727 -83.9654
      vertex 102 60 -81
      vertex 102 60.6223 -83.8457
    endloop
  endfacet
  facet normal 1 0 0
    outer loop
      vertex 102 60.6223 -83.8457
      vertex 102 60 -81
      vertex 102 60.4986 -83.7419
    endloop
  endfacet
  facet normal 1 0 0
    outer loop
      vertex 102 60.4986 -83.7419
      vertex 102 60 -81
      vertex 102 60.3545 -83.6529
    endloop
  endfacet
  facet normal 1 0 0
    outer loop
      vertex 102 60.3545 -83.6529
      vertex 102 60 -81
      vertex 102 60.1886 -83.5776
    endloop
  endfacet
  facet normal 1 0 0
    outer loop
      vertex 102 60 -81
      vertex 102 74 -36.5
      vertex 102 60 -46.5
    endloop
  endfacet
  facet normal 1 0 0
    outer loop
      vertex 102 74 -36.5
      vertex 102 56 -46.5
      vertex 102 60 -46.5
    endloop
  endfacet
  facet normal 1 0 0
    outer loop
      vertex 102 50 -81
      vertex 102 56 -81
      vertex 102 56 -46.5
    endloop
  endfacet
  facet normal 1 0 -0
    outer loop
      vertex 102 52.4059 -83.4064
      vertex 102 56 -81
      vertex 102 50 -81
    endloop
  endfacet
  facet normal 1 0 0
    outer loop
      vertex 102 52.4059 -83.4064
      vertex 102 51.8601 -83.4064
      vertex 102 52.4059 -88.4688
    endloop
  endfacet
  facet normal 1 0 0
    outer loop
      vertex 102 56 -81
      vertex 102 52.4059 -83.4064
      vertex 102 55.9287 -83.4064
    endloop
  endfacet
  facet normal 1 0 0
    outer loop
      vertex 102 52.4059 -83.4064
      vertex 102 50 -81
      vertex 102 51.8601 -83.4064
    endloop
  endfacet
  facet normal 1 0 0
    outer loop
      vertex 102 50 -81
      vertex 102 56 -46.5
      vertex 102 50 -46.5
    endloop
  endfacet
  facet normal 1 0 0
    outer loop
      vertex 102 74 -36.5
      vertex 102 50 -46.5
      vertex 102 56 -46.5
    endloop
  endfacet
  facet normal 1 0 0
    outer loop
      vertex 102 74 -36.5
      vertex 102 46 -46.5
      vertex 102 50 -46.5
    endloop
  endfacet
  facet normal 1 0 0
    outer loop
      vertex 102 40 -81
      vertex 102 46 -81
      vertex 102 46 -46.5
    endloop
  endfacet
  facet normal 1 0 0
    outer loop
      vertex 102 46 -81
      vertex 102 45.7991 -84.0124
      vertex 102 45.9826 -84.2229
    endloop
  endfacet
  facet normal 1 0 0
    outer loop
      vertex 102 46 -81
      vertex 102 45.5907 -83.827
      vertex 102 45.7991 -84.0124
    endloop
  endfacet
  facet normal 1 0 0
    outer loop
      vertex 102 46 -81
      vertex 102 45.3607 -83.6701
      vertex 102 45.5907 -83.827
    endloop
  endfacet
  facet normal 1 0 0
    outer loop
      vertex 102 46 -81
      vertex 102 45.1091 -83.5417
      vertex 102 45.3607 -83.6701
    endloop
  endfacet
  facet normal 1 0 0
    outer loop
      vertex 102 46 -81
      vertex 102 44.8359 -83.4419
      vertex 102 45.1091 -83.5417
    endloop
  endfacet
  facet normal 1 0 -0
    outer loop
      vertex 102 43.5497 -83.3278
      vertex 102 46 -81
      vertex 102 40 -81
    endloop
  endfacet
  facet normal 1 0 0
    outer loop
      vertex 102 46 -81
      vertex 102 44.5411 -83.3706
      vertex 102 44.8359 -83.4419
    endloop
  endfacet
  facet normal 1 0 0
    outer loop
      vertex 102 46 -81
      vertex 102 44.2248 -83.3278
      vertex 102 44.5411 -83.3706
    endloop
  endfacet
  facet normal 1 0 0
    outer loop
      vertex 102 46 -81
      vertex 102 43.8868 -83.3136
      vertex 102 44.2248 -83.3278
    endloop
  endfacet
  facet normal 1 0 0
    outer loop
      vertex 102 46 -81
      vertex 102 43.5497 -83.3278
      vertex 102 43.8868 -83.3136
    endloop
  endfacet
  facet normal 1 0 0
    outer loop
      vertex 102 43.5497 -83.3278
      vertex 102 40 -81
      vertex 102 43.234 -83.3706
    endloop
  endfacet
  facet normal 1 0 0
    outer loop
      vertex 102 43.234 -83.3706
      vertex 102 40 -81
      vertex 102 42.9397 -83.4419
    endloop
  endfacet
  facet normal 1 0 0
    outer loop
      vertex 102 42.9397 -83.4419
      vertex 102 40 -81
      vertex 102 42.6667 -83.5417
    endloop
  endfacet
  facet normal 1 0 0
    outer loop
      vertex 102 42.6667 -83.5417
      vertex 102 40 -81
      vertex 102 42.4151 -83.6701
    endloop
  endfacet
  facet normal 1 0 -0
    outer loop
      vertex 102 40.6119 -83.6904
      vertex 102 42.4151 -83.6701
      vertex 102 40 -81
    endloop
  endfacet
  facet normal 1 0 0
    outer loop
      vertex 102 42.4151 -83.6701
      vertex 102 40.6119 -83.6904
      vertex 102 42.185 -83.827
    endloop
  endfacet
  facet normal 1 0 0
    outer loop
      vertex 102 42.185 -83.827
      vertex 102 40.6119 -83.6904
      vertex 102 41.9762 -84.0124
    endloop
  endfacet
  facet normal 1 0 0
    outer loop
      vertex 102 41.9762 -84.0124
      vertex 102 40.6119 -83.6904
      vertex 102 41.7922 -84.2229
    endloop
  endfacet
  facet normal 1 0 0
    outer loop
      vertex 102 41.7922 -84.2229
      vertex 102 40.6119 -83.6904
      vertex 102 41.6366 -84.4551
    endloop
  endfacet
  facet normal 1 0 0
    outer loop
      vertex 102 40.6119 -84.7376
      vertex 102 41.6366 -84.4551
      vertex 102 40.6119 -83.6904
    endloop
  endfacet
  facet normal 1 0 0
    outer loop
      vertex 102 41.6366 -84.4551
      vertex 102 40.6119 -84.7376
      vertex 102 41.5092 -84.7091
    endloop
  endfacet
  facet normal 1 0 0
    outer loop
      vertex 102 41.3394 -85.2823
      vertex 102 40.6119 -84.7376
      vertex 102 41.297 -85.6015
    endloop
  endfacet
  facet normal 1 0 0
    outer loop
      vertex 102 41.5092 -84.7091
      vertex 102 40.6119 -84.7376
      vertex 102 41.4101 -84.9848
    endloop
  endfacet
  facet normal 1 0 0
    outer loop
      vertex 102 41.4101 -84.9848
      vertex 102 40.6119 -84.7376
      vertex 102 41.3394 -85.2823
    endloop
  endfacet
  facet normal 1 0 0
    outer loop
      vertex 102 40.6119 -83.6904
      vertex 102 40 -81
      vertex 102 40.5086 -83.6389
    endloop
  endfacet
  facet normal 1 0 0
    outer loop
      vertex 102 40.5086 -83.6389
      vertex 102 40 -81
      vertex 102 40.404 -83.5912
    endloop
  endfacet
  facet normal 1 0 0
    outer loop
      vertex 102 40.404 -83.5912
      vertex 102 40 -81
      vertex 102 40.2982 -83.5472
    endloop
  endfacet
  facet normal 1 0 0
    outer loop
      vertex 102 40.2982 -83.5472
      vertex 102 40 -81
      vertex 102 40.1912 -83.5069
    endloop
  endfacet
  facet normal 1 0 0
    outer loop
      vertex 102 40 -81
      vertex 102 46 -46.5
      vertex 102 40 -46.5
    endloop
  endfacet
  facet normal 1 -0 0
    outer loop
      vertex 102 16 -36.5
      vertex 102 46 -46.5
      vertex 102 74 -36.5
    endloop
  endfacet
  facet normal 1 0 0
    outer loop
      vertex 102 46 -46.5
      vertex 102 16 -36.5
      vertex 102 40 -46.5
    endloop
  endfacet
  facet normal 1 -0 0
    outer loop
      vertex 102 30 -46.5
      vertex 102 36 -81
      vertex 102 36 -46.5
    endloop
  endfacet
  facet normal 1 0 -0
    outer loop
      vertex 102 32.9407 -84.8027
      vertex 102 36 -81
      vertex 102 32.9312 -84.6034
    endloop
  endfacet
  facet normal 1 0 0
    outer loop
      vertex 102 32.9358 -84.9424
      vertex 102 36 -81
      vertex 102 32.9407 -84.8027
    endloop
  endfacet
  facet normal 1 0 0
    outer loop
      vertex 102 36 -81
      vertex 102 32.9027 -84.4201
      vertex 102 32.9312 -84.6034
    endloop
  endfacet
  facet normal 1 0 0
    outer loop
      vertex 102 36 -81
      vertex 102 32.8551 -84.2526
      vertex 102 32.9027 -84.4201
    endloop
  endfacet
  facet normal 1 0 0
    outer loop
      vertex 102 36 -81
      vertex 102 32.7885 -84.1011
      vertex 102 32.8551 -84.2526
    endloop
  endfacet
  facet normal 1 0 0
    outer loop
      vertex 102 36 -81
      vertex 102 32.7029 -83.9654
      vertex 102 32.7885 -84.1011
    endloop
  endfacet
  facet normal 1 0 0
    outer loop
      vertex 102 36 -81
      vertex 102 32.5982 -83.8457
      vertex 102 32.7029 -83.9654
    endloop
  endfacet
  facet normal 1 0 0
    outer loop
      vertex 102 36 -81
      vertex 102 32.4745 -83.7419
      vertex 102 32.5982 -83.8457
    endloop
  endfacet
  facet normal 1 0 0
    outer loop
      vertex 102 36 -81
      vertex 102 32.3304 -83.6529
      vertex 102 32.4745 -83.7419
    endloop
  endfacet
  facet normal 1 0 0
    outer loop
      vertex 102 36 -81
      vertex 102 32.1645 -83.5776
      vertex 102 32.3304 -83.6529
    endloop
  endfacet
  facet normal 1 0 0
    outer loop
      vertex 102 36 -81
      vertex 102 31.9769 -83.5159
      vertex 102 32.1645 -83.5776
    endloop
  endfacet
  facet normal 1 -0 0
    outer loop
      vertex 102 30 -81
      vertex 102 31.9769 -83.5159
      vertex 102 36 -81
    endloop
  endfacet
  facet normal 1 0 0
    outer loop
      vertex 102 31.9769 -83.5159
      vertex 102 30 -81
      vertex 102 31.7673 -83.468
    endloop
  endfacet
  facet normal 1 0 0
    outer loop
      vertex 102 31.7673 -83.468
      vertex 102 30 -81
      vertex 102 31.5361 -83.4337
    endloop
  endfacet
  facet normal 1 0 0
    outer loop
      vertex 102 30 -81
      vertex 102 36 -81
      vertex 102 30 -46.5
    endloop
  endfacet
  facet normal 1 0 0
    outer loop
      vertex 102 31.5361 -83.4337
      vertex 102 30 -81
      vertex 102 31.283 -83.4132
    endloop
  endfacet
  facet normal 1 0 0
    outer loop
      vertex 102 40 -46.5
      vertex 102 16 -36.5
      vertex 102 36 -46.5
    endloop
  endfacet
  facet normal 1 0 0
    outer loop
      vertex 102 36 -46.5
      vertex 102 16 -36.5
      vertex 102 30 -46.5
    endloop
  endfacet
  facet normal 1 0 0
    outer loop
      vertex 102 26 -46.5
      vertex 102 16 -36.5
      vertex 102 26 -81
    endloop
  endfacet
  facet normal 1 0 0
    outer loop
      vertex 102 30 -46.5
      vertex 102 16 -36.5
      vertex 102 26 -46.5
    endloop
  endfacet
  facet normal 1 -0 0
    outer loop
      vertex 102 60.2189 -88.4688
      vertex 102 74 -91
      vertex 102 61.609 -88.4688
    endloop
  endfacet
  facet normal 1 0 0
    outer loop
      vertex 102 58.3439 -88.4688
      vertex 102 59.6018 -87.2101
      vertex 102 59.5484 -87.1064
    endloop
  endfacet
  facet normal 1 0 0
    outer loop
      vertex 102 58.3439 -88.4688
      vertex 102 59.5484 -87.1064
      vertex 102 59.4948 -87.0126
    endloop
  endfacet
  facet normal 1 0 0
    outer loop
      vertex 102 58.7134 -86.5519
      vertex 102 59.4948 -87.0126
      vertex 102 59.441 -86.9287
    endloop
  endfacet
  facet normal 1 0 0
    outer loop
      vertex 102 58.8019 -86.5548
      vertex 102 59.441 -86.9287
      vertex 102 59.387 -86.8545
    endloop
  endfacet
  facet normal 1 0 0
    outer loop
      vertex 102 58.8852 -86.5633
      vertex 102 59.387 -86.8545
      vertex 102 59.3328 -86.7902
    endloop
  endfacet
  facet normal 1 0 0
    outer loop
      vertex 102 58.9633 -86.5775
      vertex 102 59.3328 -86.7902
      vertex 102 59.2783 -86.7357
    endloop
  endfacet
  facet normal 1 0 0
    outer loop
      vertex 102 58.9633 -86.5775
      vertex 102 59.2783 -86.7357
      vertex 102 59.2237 -86.691
    endloop
  endfacet
  facet normal 1 0 0
    outer loop
      vertex 102 58.9633 -86.5775
      vertex 102 59.2237 -86.691
      vertex 102 59.1664 -86.6541
    endloop
  endfacet
  facet normal 1 0 0
    outer loop
      vertex 102 58.9633 -86.5775
      vertex 102 59.1664 -86.6541
      vertex 102 59.1039 -86.6229
    endloop
  endfacet
  facet normal 1 0 0
    outer loop
      vertex 102 58.9633 -86.5775
      vertex 102 59.1039 -86.6229
      vertex 102 59.0361 -86.5974
    endloop
  endfacet
  facet normal 1 0 0
    outer loop
      vertex 102 59.3328 -86.7902
      vertex 102 58.9633 -86.5775
      vertex 102 58.8852 -86.5633
    endloop
  endfacet
  facet normal 1 0 0
    outer loop
      vertex 102 59.387 -86.8545
      vertex 102 58.8852 -86.5633
      vertex 102 58.8019 -86.5548
    endloop
  endfacet
  facet normal 1 0 0
    outer loop
      vertex 102 59.441 -86.9287
      vertex 102 58.8019 -86.5548
      vertex 102 58.7134 -86.5519
    endloop
  endfacet
  facet normal 1 0 0
    outer loop
      vertex 102 59.4948 -87.0126
      vertex 102 58.7134 -86.5519
      vertex 102 58.3439 -88.4688
    endloop
  endfacet
  facet normal 1 0 0
    outer loop
      vertex 102 58.3439 -88.4688
      vertex 102 58.7134 -86.5519
      vertex 102 58.3439 -86.5519
    endloop
  endfacet
  facet normal 1 0 0
    outer loop
      vertex 102 59.6018 -87.2101
      vertex 102 58.3439 -88.4688
      vertex 102 60.2189 -88.4688
    endloop
  endfacet
  facet normal 1 -0 0
    outer loop
      vertex 102 58.3439 -88.4688
      vertex 102 74 -91
      vertex 102 60.2189 -88.4688
    endloop
  endfacet
  facet normal 1 -0 0
    outer loop
      vertex 102 57.0385 -88.4688
      vertex 102 74 -91
      vertex 102 58.3439 -88.4688
    endloop
  endfacet
  facet normal 1 0 0
    outer loop
      vertex 102 56.0033 -88.4688
      vertex 102 57.0385 -88.4688
      vertex 102 56.0033 -87.4831
    endloop
  endfacet
  facet normal 1 -0 0
    outer loop
      vertex 102 56.0033 -88.4688
      vertex 102 74 -91
      vertex 102 57.0385 -88.4688
    endloop
  endfacet
  facet normal 1 -0 0
    outer loop
      vertex 102 52.4059 -88.4688
      vertex 102 74 -91
      vertex 102 56.0033 -88.4688
    endloop
  endfacet
  facet normal 1 0 0
    outer loop
      vertex 102 49.9851 -88.4688
      vertex 102 52.4059 -88.4688
      vertex 102 51.8601 -83.4064
    endloop
  endfacet
  facet normal 1 -0 0
    outer loop
      vertex 102 49.9851 -88.4688
      vertex 102 74 -91
      vertex 102 52.4059 -88.4688
    endloop
  endfacet
  facet normal 1 -0 0
    outer loop
      vertex 102 48.4288 -88.4688
      vertex 102 74 -91
      vertex 102 49.9851 -88.4688
    endloop
  endfacet
  facet normal 1 -0 0
    outer loop
      vertex 102 46.4343 -85.2823
      vertex 102 48.4288 -88.4688
      vertex 102 46.5538 -83.4064
    endloop
  endfacet
  facet normal 1 -0 0
    outer loop
      vertex 102 46.4767 -86.2825
      vertex 102 48.4288 -88.4688
      vertex 102 46.4908 -85.9425
    endloop
  endfacet
  facet normal 1 -0 0
    outer loop
      vertex 102 46.4343 -86.6009
      vertex 102 48.4288 -88.4688
      vertex 102 46.4767 -86.2825
    endloop
  endfacet
  facet normal 1 -0 0
    outer loop
      vertex 102 46.3637 -86.8978
      vertex 102 48.4288 -88.4688
      vertex 102 46.4343 -86.6009
    endloop
  endfacet
  facet normal 1 -0 0
    outer loop
      vertex 102 46.2649 -87.173
      vertex 102 48.4288 -88.4688
      vertex 102 46.3637 -86.8978
    endloop
  endfacet
  facet normal 1 -0 0
    outer loop
      vertex 102 46.1379 -87.4267
      vertex 102 48.4288 -88.4688
      vertex 102 46.2649 -87.173
    endloop
  endfacet
  facet normal 1 -0 0
    outer loop
      vertex 102 45.9826 -87.6587
      vertex 102 48.4288 -88.4688
      vertex 102 46.1379 -87.4267
    endloop
  endfacet
  facet normal 1 -0 0
    outer loop
      vertex 102 45.7991 -87.8692
      vertex 102 48.4288 -88.4688
      vertex 102 45.9826 -87.6587
    endloop
  endfacet
  facet normal 1 -0 0
    outer loop
      vertex 102 45.5907 -88.0546
      vertex 102 48.4288 -88.4688
      vertex 102 45.7991 -87.8692
    endloop
  endfacet
  facet normal 1 -0 0
    outer loop
      vertex 102 45.3607 -88.2114
      vertex 102 48.4288 -88.4688
      vertex 102 45.5907 -88.0546
    endloop
  endfacet
  facet normal 1 -0 0
    outer loop
      vertex 102 45.1091 -88.3398
      vertex 102 48.4288 -88.4688
      vertex 102 45.3607 -88.2114
    endloop
  endfacet
  facet normal 1 -0 0
    outer loop
      vertex 102 44.8359 -88.4396
      vertex 102 48.4288 -88.4688
      vertex 102 45.1091 -88.3398
    endloop
  endfacet
  facet normal 1 0 0
    outer loop
      vertex 102 44.5411 -88.5109
      vertex 102 48.4288 -88.4688
      vertex 102 44.8359 -88.4396
    endloop
  endfacet
  facet normal 1 0 0
    outer loop
      vertex 102 44.2248 -88.5537
      vertex 102 48.4288 -88.4688
      vertex 102 44.5411 -88.5109
    endloop
  endfacet
  facet normal 1 0 0
    outer loop
      vertex 102 48.4288 -88.4688
      vertex 102 44.2248 -88.5537
      vertex 102 74 -91
    endloop
  endfacet
  facet normal 1 -0 0
    outer loop
      vertex 102 43.8868 -88.5679
      vertex 102 74 -91
      vertex 102 44.2248 -88.5537
    endloop
  endfacet
  facet normal 1 -0 0
    outer loop
      vertex 102 39.1692 -88.566
      vertex 102 43.8868 -88.5679
      vertex 102 43.5497 -88.5537
    endloop
  endfacet
  facet normal 1 0 0
    outer loop
      vertex 102 41.297 -85.6015
      vertex 102 40.6119 -84.7376
      vertex 102 41.2828 -85.9425
    endloop
  endfacet
  facet normal 1 0 0
    outer loop
      vertex 102 40.6119 -87.1439
      vertex 102 41.2828 -85.9425
      vertex 102 40.6119 -84.7376
    endloop
  endfacet
  facet normal 1 0 0
    outer loop
      vertex 102 41.2828 -85.9425
      vertex 102 40.6119 -87.1439
      vertex 102 41.297 -86.2825
    endloop
  endfacet
  facet normal 1 0 0
    outer loop
      vertex 102 41.297 -86.2825
      vertex 102 40.6119 -87.1439
      vertex 102 41.3394 -86.6009
    endloop
  endfacet
  facet normal 1 0 0
    outer loop
      vertex 102 41.3394 -86.6009
      vertex 102 40.6119 -87.1439
      vertex 102 41.4101 -86.8978
    endloop
  endfacet
  facet normal 1 0 0
    outer loop
      vertex 102 41.4101 -86.8978
      vertex 102 40.6119 -87.1439
      vertex 102 41.5092 -87.173
    endloop
  endfacet
  facet normal 1 0 0
    outer loop
      vertex 102 40.6119 -87.1439
      vertex 102 41.6366 -87.4267
      vertex 102 41.5092 -87.173
    endloop
  endfacet
  facet normal 1 0 0
    outer loop
      vertex 102 40.6119 -88.1911
      vertex 102 41.6366 -87.4267
      vertex 102 40.6119 -87.1439
    endloop
  endfacet
  facet normal 1 0 0
    outer loop
      vertex 102 41.6366 -87.4267
      vertex 102 40.6119 -88.1911
      vertex 102 41.7922 -87.6587
    endloop
  endfacet
  facet normal 1 0 0
    outer loop
      vertex 102 41.7922 -87.6587
      vertex 102 40.6119 -88.1911
      vertex 102 41.9762 -87.8692
    endloop
  endfacet
  facet normal 1 0 0
    outer loop
      vertex 102 41.9762 -87.8692
      vertex 102 40.6119 -88.1911
      vertex 102 42.185 -88.0546
    endloop
  endfacet
  facet normal 1 0 0
    outer loop
      vertex 102 42.185 -88.0546
      vertex 102 40.6119 -88.1911
      vertex 102 42.4151 -88.2114
    endloop
  endfacet
  facet normal 1 0 0
    outer loop
      vertex 102 40.5086 -88.2426
      vertex 102 42.4151 -88.2114
      vertex 102 40.6119 -88.1911
    endloop
  endfacet
  facet normal 1 0 0
    outer loop
      vertex 102 42.4151 -88.2114
      vertex 102 40.5086 -88.2426
      vertex 102 42.6667 -88.3398
    endloop
  endfacet
  facet normal 1 -0 0
    outer loop
      vertex 102 40.404 -88.2903
      vertex 102 42.6667 -88.3398
      vertex 102 40.5086 -88.2426
    endloop
  endfacet
  facet normal 1 -0 0
    outer loop
      vertex 102 40.2982 -88.3343
      vertex 102 42.6667 -88.3398
      vertex 102 40.404 -88.2903
    endloop
  endfacet
  facet normal 1 0 0
    outer loop
      vertex 102 40.1912 -88.3746
      vertex 102 42.6667 -88.3398
      vertex 102 40.2982 -88.3343
    endloop
  endfacet
  facet normal 1 0 0
    outer loop
      vertex 102 42.6667 -88.3398
      vertex 102 40.1912 -88.3746
      vertex 102 42.9397 -88.4396
    endloop
  endfacet
  facet normal 1 -0 0
    outer loop
      vertex 102 40.0829 -88.4111
      vertex 102 42.9397 -88.4396
      vertex 102 40.1912 -88.3746
    endloop
  endfacet
  facet normal 1 0 0
    outer loop
      vertex 102 39.9733 -88.4439
      vertex 102 42.9397 -88.4396
      vertex 102 40.0829 -88.4111
    endloop
  endfacet
  facet normal 1 0 0
    outer loop
      vertex 102 39.8625 -88.4729
      vertex 102 42.9397 -88.4396
      vertex 102 39.9733 -88.4439
    endloop
  endfacet
  facet normal 1 0 0
    outer loop
      vertex 102 42.9397 -88.4396
      vertex 102 39.8625 -88.4729
      vertex 102 43.234 -88.5109
    endloop
  endfacet
  facet normal 1 -0 0
    outer loop
      vertex 102 39.7505 -88.4981
      vertex 102 43.234 -88.5109
      vertex 102 39.8625 -88.4729
    endloop
  endfacet
  facet normal 1 0 0
    outer loop
      vertex 102 39.637 -88.5195
      vertex 102 43.234 -88.5109
      vertex 102 39.7505 -88.4981
    endloop
  endfacet
  facet normal 1 0 0
    outer loop
      vertex 102 39.5221 -88.5369
      vertex 102 43.234 -88.5109
      vertex 102 39.637 -88.5195
    endloop
  endfacet
  facet normal 1 0 0
    outer loop
      vertex 102 43.234 -88.5109
      vertex 102 39.5221 -88.5369
      vertex 102 43.5497 -88.5537
    endloop
  endfacet
  facet normal 1 -0 0
    outer loop
      vertex 102 39.4059 -88.5505
      vertex 102 43.5497 -88.5537
      vertex 102 39.5221 -88.5369
    endloop
  endfacet
  facet normal 1 0 0
    outer loop
      vertex 102 39.2882 -88.5602
      vertex 102 43.5497 -88.5537
      vertex 102 39.4059 -88.5505
    endloop
  endfacet
  facet normal 1 0 0
    outer loop
      vertex 102 39.1692 -88.566
      vertex 102 43.5497 -88.5537
      vertex 102 39.2882 -88.5602
    endloop
  endfacet
  facet normal 1 0 0
    outer loop
      vertex 102 43.8868 -88.5679
      vertex 102 39.1692 -88.566
      vertex 102 16 -91
    endloop
  endfacet
  facet normal 1 0 0
    outer loop
      vertex 102 16 -91
      vertex 102 39.1692 -88.566
      vertex 102 39.0488 -88.5679
    endloop
  endfacet
  facet normal 1 0 0
    outer loop
      vertex 102 16 -91
      vertex 102 39.0488 -88.5679
      vertex 102 38.6982 -88.5535
    endloop
  endfacet
  facet normal 1 -0 0
    outer loop
      vertex 102 32.9209 -85.0747
      vertex 102 36.3209 -85.6058
      vertex 102 32.9358 -84.9424
    endloop
  endfacet
  facet normal 1 -0 0
    outer loop
      vertex 102 32.8962 -85.1997
      vertex 102 36.3209 -85.6058
      vertex 102 32.9209 -85.0747
    endloop
  endfacet
  facet normal 1 0 0
    outer loop
      vertex 102 33.5849 -88.4688
      vertex 102 36.3661 -86.5933
      vertex 102 36.3209 -86.2782
    endloop
  endfacet
  facet normal 1 0 0
    outer loop
      vertex 102 33.5849 -88.4688
      vertex 102 36.4416 -86.8879
      vertex 102 36.3661 -86.5933
    endloop
  endfacet
  facet normal 1 0 0
    outer loop
      vertex 102 33.5849 -88.4688
      vertex 102 36.5471 -87.162
      vertex 102 36.4416 -86.8879
    endloop
  endfacet
  facet normal 1 0 0
    outer loop
      vertex 102 33.5849 -88.4688
      vertex 102 36.6829 -87.4154
      vertex 102 36.5471 -87.162
    endloop
  endfacet
  facet normal 1 0 0
    outer loop
      vertex 102 33.5849 -88.4688
      vertex 102 36.8488 -87.6483
      vertex 102 36.6829 -87.4154
    endloop
  endfacet
  facet normal 1 0 0
    outer loop
      vertex 102 33.5849 -88.4688
      vertex 102 37.0449 -87.8607
      vertex 102 36.8488 -87.6483
    endloop
  endfacet
  facet normal 1 0 0
    outer loop
      vertex 102 33.5849 -88.4688
      vertex 102 37.2669 -88.0483
      vertex 102 37.0449 -87.8607
    endloop
  endfacet
  facet normal 1 0 0
    outer loop
      vertex 102 33.5849 -88.4688
      vertex 102 37.5102 -88.2071
      vertex 102 37.2669 -88.0483
    endloop
  endfacet
  facet normal 1 0 0
    outer loop
      vertex 102 33.5849 -88.4688
      vertex 102 37.775 -88.337
      vertex 102 37.5102 -88.2071
    endloop
  endfacet
  facet normal 1 0 0
    outer loop
      vertex 102 33.5849 -88.4688
      vertex 102 38.0613 -88.438
      vertex 102 37.775 -88.337
    endloop
  endfacet
  facet normal 1 -0 0
    outer loop
      vertex 102 33.5849 -88.4688
      vertex 102 38.369 -88.5102
      vertex 102 38.0613 -88.438
    endloop
  endfacet
  facet normal 1 0 0
    outer loop
      vertex 102 33.5849 -88.4688
      vertex 102 38.6982 -88.5535
      vertex 102 38.369 -88.5102
    endloop
  endfacet
  facet normal 1 0 0
    outer loop
      vertex 102 16 -91
      vertex 102 38.6982 -88.5535
      vertex 102 33.5849 -88.4688
    endloop
  endfacet
  facet normal 1 0 0
    outer loop
      vertex 102 16 -91
      vertex 102 33.5849 -88.4688
      vertex 102 32.1948 -88.4688
    endloop
  endfacet
  facet normal 1 0 0
    outer loop
      vertex 102 30.3198 -88.4688
      vertex 102 31.5777 -87.2101
      vertex 102 31.5243 -87.1064
    endloop
  endfacet
  facet normal 1 0 0
    outer loop
      vertex 102 30.3198 -88.4688
      vertex 102 31.5243 -87.1064
      vertex 102 31.4707 -87.0126
    endloop
  endfacet
  facet normal 1 0 0
    outer loop
      vertex 102 30.6893 -86.5519
      vertex 102 31.4707 -87.0126
      vertex 102 31.4169 -86.9287
    endloop
  endfacet
  facet normal 1 0 0
    outer loop
      vertex 102 30.7778 -86.5548
      vertex 102 31.4169 -86.9287
      vertex 102 31.3629 -86.8545
    endloop
  endfacet
  facet normal 1 0 0
    outer loop
      vertex 102 30.8611 -86.5633
      vertex 102 31.3629 -86.8545
      vertex 102 31.3087 -86.7902
    endloop
  endfacet
  facet normal 1 0 0
    outer loop
      vertex 102 30.9391 -86.5775
      vertex 102 31.3087 -86.7902
      vertex 102 31.2542 -86.7357
    endloop
  endfacet
  facet normal 1 0 0
    outer loop
      vertex 102 30.9391 -86.5775
      vertex 102 31.2542 -86.7357
      vertex 102 31.1996 -86.691
    endloop
  endfacet
  facet normal 1 0 0
    outer loop
      vertex 102 30.9391 -86.5775
      vertex 102 31.1996 -86.691
      vertex 102 31.1423 -86.6541
    endloop
  endfacet
  facet normal 1 0 0
    outer loop
      vertex 102 30.9391 -86.5775
      vertex 102 31.1423 -86.6541
      vertex 102 31.0797 -86.6229
    endloop
  endfacet
  facet normal 1 0 0
    outer loop
      vertex 102 30.9391 -86.5775
      vertex 102 31.0797 -86.6229
      vertex 102 31.012 -86.5974
    endloop
  endfacet
  facet normal 1 0 0
    outer loop
      vertex 102 31.3087 -86.7902
      vertex 102 30.9391 -86.5775
      vertex 102 30.8611 -86.5633
    endloop
  endfacet
  facet normal 1 0 0
    outer loop
      vertex 102 31.3629 -86.8545
      vertex 102 30.8611 -86.5633
      vertex 102 30.7778 -86.5548
    endloop
  endfacet
  facet normal 1 0 0
    outer loop
      vertex 102 31.4169 -86.9287
      vertex 102 30.7778 -86.5548
      vertex 102 30.6893 -86.5519
    endloop
  endfacet
  facet normal 1 0 0
    outer loop
      vertex 102 31.4707 -87.0126
      vertex 102 30.6893 -86.5519
      vertex 102 30.3198 -88.4688
    endloop
  endfacet
  facet normal 1 0 0
    outer loop
      vertex 102 30.3198 -88.4688
      vertex 102 30.6893 -86.5519
      vertex 102 30.3198 -86.5519
    endloop
  endfacet
  facet normal 1 0 0
    outer loop
      vertex 102 31.5777 -87.2101
      vertex 102 30.3198 -88.4688
      vertex 102 32.1948 -88.4688
    endloop
  endfacet
  facet normal 1 0 0
    outer loop
      vertex 102 16 -91
      vertex 102 32.1948 -88.4688
      vertex 102 30.3198 -88.4688
    endloop
  endfacet
  facet normal 1 0 0
    outer loop
      vertex 102 16 -91
      vertex 102 30.3198 -88.4688
      vertex 102 29.0144 -88.4688
    endloop
  endfacet
  facet normal 1 0 0
    outer loop
      vertex 102 43.8868 -88.5679
      vertex 102 16 -91
      vertex 102 74 -91
    endloop
  endfacet
  facet normal 1 0 0
    outer loop
      vertex 102 26 -81
      vertex 102 16 -91
      vertex 102 29.0144 -88.4688
    endloop
  endfacet
  facet normal 1 0 0
    outer loop
      vertex 102 16 -91
      vertex 102 26 -81
      vertex 102 16 -36.5
    endloop
  endfacet
  facet normal 1 0 0
    outer loop
      vertex 102 74 -91
      vertex 102 60.9599 -84.9424
      vertex 102 61.609 -88.4688
    endloop
  endfacet
  facet normal 1 -0 0
    outer loop
      vertex 102 60.9451 -85.0747
      vertex 102 61.609 -88.4688
      vertex 102 60.9599 -84.9424
    endloop
  endfacet
  facet normal 1 -0 0
    outer loop
      vertex 102 60.9203 -85.1997
      vertex 102 61.609 -88.4688
      vertex 102 60.9451 -85.0747
    endloop
  endfacet
  facet normal 1 0 0
    outer loop
      vertex 102 60.9203 -85.1997
      vertex 102 60.9004 -87.0303
      vertex 102 61.609 -88.4688
    endloop
  endfacet
  facet normal 1 -0 0
    outer loop
      vertex 102 60.8857 -85.3173
      vertex 102 60.9004 -87.0303
      vertex 102 60.9203 -85.1997
    endloop
  endfacet
  facet normal 1 -0 0
    outer loop
      vertex 102 60.8411 -85.4276
      vertex 102 60.9004 -87.0303
      vertex 102 60.8857 -85.3173
    endloop
  endfacet
  facet normal 1 0 0
    outer loop
      vertex 102 60.8411 -85.4276
      vertex 102 60.8385 -86.9098
      vertex 102 60.9004 -87.0303
    endloop
  endfacet
  facet normal 1 -0 0
    outer loop
      vertex 102 60.7867 -85.5306
      vertex 102 60.8385 -86.9098
      vertex 102 60.8411 -85.4276
    endloop
  endfacet
  facet normal 1 0 0
    outer loop
      vertex 102 60.7867 -85.5306
      vertex 102 60.7768 -86.7984
      vertex 102 60.8385 -86.9098
    endloop
  endfacet
  facet normal 1 0 0
    outer loop
      vertex 102 60.7153 -86.696
      vertex 102 60.7867 -85.5306
      vertex 102 60.7224 -85.6263
    endloop
  endfacet
  facet normal 1 0 0
    outer loop
      vertex 102 60.7867 -85.5306
      vertex 102 60.7153 -86.696
      vertex 102 60.7768 -86.7984
    endloop
  endfacet
  facet normal 1 0 0
    outer loop
      vertex 102 60.7224 -85.6263
      vertex 102 60.654 -86.6027
      vertex 102 60.7153 -86.696
    endloop
  endfacet
  facet normal 1 -0 0
    outer loop
      vertex 102 60.6481 -85.7148
      vertex 102 60.654 -86.6027
      vertex 102 60.7224 -85.6263
    endloop
  endfacet
  facet normal 1 0 0
    outer loop
      vertex 102 60.6481 -85.7148
      vertex 102 60.593 -86.5185
      vertex 102 60.654 -86.6027
    endloop
  endfacet
  facet normal 1 -0 0
    outer loop
      vertex 102 60.5638 -85.7964
      vertex 102 60.593 -86.5185
      vertex 102 60.6481 -85.7148
    endloop
  endfacet
  facet normal 1 0 0
    outer loop
      vertex 102 60.5638 -85.7964
      vertex 102 60.5321 -86.4433
      vertex 102 60.593 -86.5185
    endloop
  endfacet
  facet normal 1 0 0
    outer loop
      vertex 102 60.5638 -85.7964
      vertex 102 60.4714 -86.3772
      vertex 102 60.5321 -86.4433
    endloop
  endfacet
  facet normal 1 -0 0
    outer loop
      vertex 102 60.4694 -85.8711
      vertex 102 60.4714 -86.3772
      vertex 102 60.5638 -85.7964
    endloop
  endfacet
  facet normal 1 0 0
    outer loop
      vertex 102 60.4694 -85.8711
      vertex 102 60.4098 -86.3188
      vertex 102 60.4714 -86.3772
    endloop
  endfacet
  facet normal 1 -0 0
    outer loop
      vertex 102 60.3651 -85.9389
      vertex 102 60.4098 -86.3188
      vertex 102 60.4694 -85.8711
    endloop
  endfacet
  facet normal 1 0 0
    outer loop
      vertex 102 60.3651 -85.9389
      vertex 102 60.3458 -86.2667
      vertex 102 60.4098 -86.3188
    endloop
  endfacet
  facet normal 1 0 0
    outer loop
      vertex 102 60.3651 -85.9389
      vertex 102 60.2795 -86.2209
      vertex 102 60.3458 -86.2667
    endloop
  endfacet
  facet normal 1 -0 0
    outer loop
      vertex 102 60.2506 -85.9998
      vertex 102 60.2795 -86.2209
      vertex 102 60.3651 -85.9389
    endloop
  endfacet
  facet normal 1 0 0
    outer loop
      vertex 102 60.2506 -85.9998
      vertex 102 60.211 -86.1814
      vertex 102 60.2795 -86.2209
    endloop
  endfacet
  facet normal 1 -0 0
    outer loop
      vertex 102 60.1262 -86.0537
      vertex 102 60.211 -86.1814
      vertex 102 60.2506 -85.9998
    endloop
  endfacet
  facet normal 1 0 0
    outer loop
      vertex 102 60.211 -86.1814
      vertex 102 60.1262 -86.0537
      vertex 102 60.1402 -86.1482
    endloop
  endfacet
  facet normal 1 0 0
    outer loop
      vertex 102 60.1262 -86.0537
      vertex 102 60.0671 -86.1213
      vertex 102 60.1402 -86.1482
    endloop
  endfacet
  facet normal 1 0 -0
    outer loop
      vertex 102 60.0671 -86.1213
      vertex 102 60.1262 -86.0537
      vertex 102 59.9917 -86.1007
    endloop
  endfacet
  facet normal 1 0 0
    outer loop
      vertex 102 60.1886 -83.5776
      vertex 102 60 -81
      vertex 102 60.0009 -83.5159
    endloop
  endfacet
  facet normal 1 0 0
    outer loop
      vertex 102 60 -81
      vertex 102 59.7915 -83.468
      vertex 102 60.0009 -83.5159
    endloop
  endfacet
  facet normal 1 0 0
    outer loop
      vertex 102 60 -81
      vertex 102 59.5602 -83.4337
      vertex 102 59.7915 -83.468
    endloop
  endfacet
  facet normal 1 0 0
    outer loop
      vertex 102 60 -81
      vertex 102 59.3071 -83.4132
      vertex 102 59.5602 -83.4337
    endloop
  endfacet
  facet normal 1 0 0
    outer loop
      vertex 102 60 -81
      vertex 102 59.0322 -83.4064
      vertex 102 59.3071 -83.4132
    endloop
  endfacet
  facet normal 1 0 0
    outer loop
      vertex 102 60 -81
      vertex 102 57.0385 -83.4064
      vertex 102 59.0322 -83.4064
    endloop
  endfacet
  facet normal 1 -0 0
    outer loop
      vertex 102 55.7965 -86.3215
      vertex 102 57.0385 -88.4688
      vertex 102 57.0385 -83.4064
    endloop
  endfacet
  facet normal 1 -0 0
    outer loop
      vertex 102 56 -81
      vertex 102 57.0385 -83.4064
      vertex 102 60 -81
    endloop
  endfacet
  facet normal 1 0 0
    outer loop
      vertex 102 55.9287 -83.4064
      vertex 102 57.0385 -83.4064
      vertex 102 56 -81
    endloop
  endfacet
  facet normal 1 0 0
    outer loop
      vertex 102 55.9287 -84.392
      vertex 102 57.0385 -83.4064
      vertex 102 55.9287 -83.4064
    endloop
  endfacet
  facet normal 1 0 0
    outer loop
      vertex 102 55.7965 -85.336
      vertex 102 57.0385 -83.4064
      vertex 102 55.9287 -84.392
    endloop
  endfacet
  facet normal 1 0 0
    outer loop
      vertex 102 55.7965 -86.3215
      vertex 102 57.0385 -83.4064
      vertex 102 55.7965 -85.336
    endloop
  endfacet
  facet normal 1 0 0
    outer loop
      vertex 102 57.0385 -88.4688
      vertex 102 55.7965 -86.3215
      vertex 102 56.0033 -87.4831
    endloop
  endfacet
  facet normal 1 0 0
    outer loop
      vertex 102 53.7113 -87.4831
      vertex 102 55.7965 -86.3215
      vertex 102 53.7113 -86.3215
    endloop
  endfacet
  facet normal 1 0 0
    outer loop
      vertex 102 55.7965 -86.3215
      vertex 102 53.7113 -87.4831
      vertex 102 56.0033 -87.4831
    endloop
  endfacet
  facet normal 1 0 0
    outer loop
      vertex 102 51.8601 -83.4064
      vertex 102 50 -81
      vertex 102 50.5479 -83.4064
    endloop
  endfacet
  facet normal 1 0 0
    outer loop
      vertex 102 47.866 -83.4064
      vertex 102 50.5479 -83.4064
      vertex 102 50 -81
    endloop
  endfacet
  facet normal 1 0 0
    outer loop
      vertex 102 50.5479 -83.4064
      vertex 102 47.866 -83.4064
      vertex 102 49.2086 -87.1429
    endloop
  endfacet
  facet normal 1 -0 0
    outer loop
      vertex 102 46 -81
      vertex 102 47.866 -83.4064
      vertex 102 50 -81
    endloop
  endfacet
  facet normal 1 0 0
    outer loop
      vertex 102 48.4288 -88.4688
      vertex 102 46.4767 -85.6015
      vertex 102 46.4908 -85.9425
    endloop
  endfacet
  facet normal 1 0 0
    outer loop
      vertex 102 48.4288 -88.4688
      vertex 102 46.4343 -85.2823
      vertex 102 46.4767 -85.6015
    endloop
  endfacet
  facet normal 1 0 0
    outer loop
      vertex 102 46.5538 -83.4064
      vertex 102 46.3637 -84.9848
      vertex 102 46.4343 -85.2823
    endloop
  endfacet
  facet normal 1 0 0
    outer loop
      vertex 102 46.5538 -83.4064
      vertex 102 46.2649 -84.7091
      vertex 102 46.3637 -84.9848
    endloop
  endfacet
  facet normal 1 0 0
    outer loop
      vertex 102 46.5538 -83.4064
      vertex 102 46.1379 -84.4551
      vertex 102 46.2649 -84.7091
    endloop
  endfacet
  facet normal 1 0 0
    outer loop
      vertex 102 47.866 -83.4064
      vertex 102 46 -81
      vertex 102 46.5538 -83.4064
    endloop
  endfacet
  facet normal 1 0 0
    outer loop
      vertex 102 45.9826 -84.2229
      vertex 102 46.5538 -83.4064
      vertex 102 46 -81
    endloop
  endfacet
  facet normal 1 0 0
    outer loop
      vertex 102 46.5538 -83.4064
      vertex 102 45.9826 -84.2229
      vertex 102 46.1379 -84.4551
    endloop
  endfacet
  facet normal 1 0 0
    outer loop
      vertex 102 40.1912 -83.5069
      vertex 102 40 -81
      vertex 102 40.0829 -83.4704
    endloop
  endfacet
  facet normal 1 0 0
    outer loop
      vertex 102 40 -81
      vertex 102 39.9733 -83.4376
      vertex 102 40.0829 -83.4704
    endloop
  endfacet
  facet normal 1 0 0
    outer loop
      vertex 102 40 -81
      vertex 102 39.8625 -83.4086
      vertex 102 39.9733 -83.4376
    endloop
  endfacet
  facet normal 1 0 0
    outer loop
      vertex 102 40 -81
      vertex 102 39.7505 -83.3834
      vertex 102 39.8625 -83.4086
    endloop
  endfacet
  facet normal 1 0 0
    outer loop
      vertex 102 40 -81
      vertex 102 39.637 -83.362
      vertex 102 39.7505 -83.3834
    endloop
  endfacet
  facet normal 1 0 0
    outer loop
      vertex 102 40 -81
      vertex 102 39.5221 -83.3446
      vertex 102 39.637 -83.362
    endloop
  endfacet
  facet normal 1 0 0
    outer loop
      vertex 102 40 -81
      vertex 102 39.4059 -83.331
      vertex 102 39.5221 -83.3446
    endloop
  endfacet
  facet normal 1 0 0
    outer loop
      vertex 102 40 -81
      vertex 102 39.2882 -83.3213
      vertex 102 39.4059 -83.331
    endloop
  endfacet
  facet normal 1 0 0
    outer loop
      vertex 102 40 -81
      vertex 102 39.1692 -83.3155
      vertex 102 39.2882 -83.3213
    endloop
  endfacet
  facet normal 1 0 0
    outer loop
      vertex 102 40 -81
      vertex 102 39.0488 -83.3136
      vertex 102 39.1692 -83.3155
    endloop
  endfacet
  facet normal 1 0 0
    outer loop
      vertex 102 40 -81
      vertex 102 38.6982 -83.328
      vertex 102 39.0488 -83.3136
    endloop
  endfacet
  facet normal 1 0 0
    outer loop
      vertex 102 40 -81
      vertex 102 38.369 -83.3713
      vertex 102 38.6982 -83.328
    endloop
  endfacet
  facet normal 1 -0 0
    outer loop
      vertex 102 36 -81
      vertex 102 38.369 -83.3713
      vertex 102 40 -81
    endloop
  endfacet
  facet normal 1 0 0
    outer loop
      vertex 102 38.369 -83.3713
      vertex 102 36 -81
      vertex 102 38.0613 -83.4435
    endloop
  endfacet
  facet normal 1 0 0
    outer loop
      vertex 102 38.0613 -83.4435
      vertex 102 36 -81
      vertex 102 37.775 -83.5445
    endloop
  endfacet
  facet normal 1 0 0
    outer loop
      vertex 102 37.775 -83.5445
      vertex 102 36 -81
      vertex 102 37.5102 -83.6744
    endloop
  endfacet
  facet normal 1 0 0
    outer loop
      vertex 102 37.5102 -83.6744
      vertex 102 36 -81
      vertex 102 37.2669 -83.8332
    endloop
  endfacet
  facet normal 1 0 0
    outer loop
      vertex 102 32.9358 -84.9424
      vertex 102 36.3209 -85.6058
      vertex 102 36.3661 -85.2899
    endloop
  endfacet
  facet normal 1 0 0
    outer loop
      vertex 102 32.9358 -84.9424
      vertex 102 36.3661 -85.2899
      vertex 102 36.4416 -84.9947
    endloop
  endfacet
  facet normal 1 0 0
    outer loop
      vertex 102 36.5471 -84.7202
      vertex 102 32.9358 -84.9424
      vertex 102 36.4416 -84.9947
    endloop
  endfacet
  facet normal 1 0 0
    outer loop
      vertex 102 36.6829 -84.4664
      vertex 102 32.9358 -84.9424
      vertex 102 36.5471 -84.7202
    endloop
  endfacet
  facet normal 1 0 0
    outer loop
      vertex 102 32.9358 -84.9424
      vertex 102 36.6829 -84.4664
      vertex 102 36 -81
    endloop
  endfacet
  facet normal 1 0 0
    outer loop
      vertex 102 36.8488 -84.2332
      vertex 102 36 -81
      vertex 102 36.6829 -84.4664
    endloop
  endfacet
  facet normal 1 0 0
    outer loop
      vertex 102 37.0449 -84.0208
      vertex 102 36 -81
      vertex 102 36.8488 -84.2332
    endloop
  endfacet
  facet normal 1 0 0
    outer loop
      vertex 102 37.2669 -83.8332
      vertex 102 36 -81
      vertex 102 37.0449 -84.0208
    endloop
  endfacet
  facet normal 1 0 0
    outer loop
      vertex 102 42.6322 -85.9425
      vertex 102 45.1447 -85.9425
      vertex 102 45.138 -85.7212
    endloop
  endfacet
  facet normal 1 0 0
    outer loop
      vertex 102 42.639 -85.7212
      vertex 102 45.138 -85.7212
      vertex 102 45.1178 -85.5146
    endloop
  endfacet
  facet normal 1 0 0
    outer loop
      vertex 102 45.1447 -85.9425
      vertex 102 42.6322 -85.9425
      vertex 102 45.138 -86.1628
    endloop
  endfacet
  facet normal 1 0 0
    outer loop
      vertex 102 42.6591 -85.5146
      vertex 102 45.1178 -85.5146
      vertex 102 45.0843 -85.3226
    endloop
  endfacet
  facet normal 1 0 -0
    outer loop
      vertex 102 42.639 -86.1628
      vertex 102 45.138 -86.1628
      vertex 102 42.6322 -85.9425
    endloop
  endfacet
  facet normal 1 0 0
    outer loop
      vertex 102 42.6927 -85.3226
      vertex 102 45.0843 -85.3226
      vertex 102 45.0373 -85.1454
    endloop
  endfacet
  facet normal 1 0 0
    outer loop
      vertex 102 45.138 -86.1628
      vertex 102 42.639 -86.1628
      vertex 102 45.1178 -86.3687
    endloop
  endfacet
  facet normal 1 0 0
    outer loop
      vertex 102 42.7396 -85.1454
      vertex 102 45.0373 -85.1454
      vertex 102 44.9769 -84.9828
    endloop
  endfacet
  facet normal 1 0 -0
    outer loop
      vertex 102 42.6591 -86.3687
      vertex 102 45.1178 -86.3687
      vertex 102 42.639 -86.1628
    endloop
  endfacet
  facet normal 1 0 0
    outer loop
      vertex 102 42.8 -84.9828
      vertex 102 44.9769 -84.9828
      vertex 102 44.9031 -84.8348
    endloop
  endfacet
  facet normal 1 0 0
    outer loop
      vertex 102 45.1178 -86.3687
      vertex 102 42.6591 -86.3687
      vertex 102 45.0843 -86.56
    endloop
  endfacet
  facet normal 1 0 0
    outer loop
      vertex 102 44.0527 -84.2698
      vertex 102 44.9031 -84.8348
      vertex 102 44.8158 -84.7016
    endloop
  endfacet
  facet normal 1 0 -0
    outer loop
      vertex 102 42.6927 -86.56
      vertex 102 45.0843 -86.56
      vertex 102 42.6591 -86.3687
    endloop
  endfacet
  facet normal 1 0 0
    outer loop
      vertex 102 44.0527 -84.2698
      vertex 102 44.8158 -84.7016
      vertex 102 44.7163 -84.5846
    endloop
  endfacet
  facet normal 1 0 0
    outer loop
      vertex 102 45.0843 -86.56
      vertex 102 42.6927 -86.56
      vertex 102 45.0373 -86.7368
    endloop
  endfacet
  facet normal 1 0 0
    outer loop
      vertex 102 44.2076 -84.2967
      vertex 102 44.7163 -84.5846
      vertex 102 44.6057 -84.4857
    endloop
  endfacet
  facet normal 1 0 -0
    outer loop
      vertex 102 42.7396 -86.7368
      vertex 102 45.0373 -86.7368
      vertex 102 42.6927 -86.56
    endloop
  endfacet
  facet normal 1 0 0
    outer loop
      vertex 102 44.2076 -84.2967
      vertex 102 44.6057 -84.4857
      vertex 102 44.4841 -84.4047
    endloop
  endfacet
  facet normal 1 0 0
    outer loop
      vertex 102 45.0373 -86.7368
      vertex 102 42.7396 -86.7368
      vertex 102 44.9769 -86.899
    endloop
  endfacet
  facet normal 1 0 0
    outer loop
      vertex 102 44.2076 -84.2967
      vertex 102 44.4841 -84.4047
      vertex 102 44.3513 -84.3417
    endloop
  endfacet
  facet normal 1 0 -0
    outer loop
      vertex 102 42.8 -86.899
      vertex 102 44.9769 -86.899
      vertex 102 42.7396 -86.7368
    endloop
  endfacet
  facet normal 1 0 0
    outer loop
      vertex 102 44.7163 -84.5846
      vertex 102 44.2076 -84.2967
      vertex 102 44.0527 -84.2698
    endloop
  endfacet
  facet normal 1 0 0
    outer loop
      vertex 102 44.9769 -86.899
      vertex 102 42.8 -86.899
      vertex 102 44.9031 -87.0468
    endloop
  endfacet
  facet normal 1 0 0
    outer loop
      vertex 102 44.9031 -84.8348
      vertex 102 44.0527 -84.2698
      vertex 102 43.8868 -84.2608
    endloop
  endfacet
  facet normal 1 0 -0
    outer loop
      vertex 102 43.8868 -87.6207
      vertex 102 44.9031 -87.0468
      vertex 102 42.8 -86.899
    endloop
  endfacet
  facet normal 1 0 0
    outer loop
      vertex 102 44.9031 -84.8348
      vertex 102 43.8868 -84.2608
      vertex 102 42.8 -84.9828
    endloop
  endfacet
  facet normal 1 0 -0
    outer loop
      vertex 102 44.0527 -87.6117
      vertex 102 44.9031 -87.0468
      vertex 102 43.8868 -87.6207
    endloop
  endfacet
  facet normal 1 0 0
    outer loop
      vertex 102 42.8739 -84.8348
      vertex 102 43.8868 -84.2608
      vertex 102 43.7218 -84.2698
    endloop
  endfacet
  facet normal 1 0 0
    outer loop
      vertex 102 44.8158 -87.18
      vertex 102 44.0527 -87.6117
      vertex 102 44.7163 -87.2969
    endloop
  endfacet
  facet normal 1 0 0
    outer loop
      vertex 102 42.9612 -84.7016
      vertex 102 43.7218 -84.2698
      vertex 102 43.5677 -84.2967
    endloop
  endfacet
  facet normal 1 0 0
    outer loop
      vertex 102 44.7163 -87.2969
      vertex 102 44.2076 -87.5848
      vertex 102 44.6057 -87.3959
    endloop
  endfacet
  facet normal 1 0 0
    outer loop
      vertex 102 42.9612 -84.7016
      vertex 102 43.5677 -84.2967
      vertex 102 43.4245 -84.3417
    endloop
  endfacet
  facet normal 1 0 0
    outer loop
      vertex 102 44.4841 -87.4768
      vertex 102 44.2076 -87.5848
      vertex 102 44.3513 -87.5398
    endloop
  endfacet
  facet normal 1 0 0
    outer loop
      vertex 102 42.9612 -84.7016
      vertex 102 43.4245 -84.3417
      vertex 102 43.2923 -84.4047
    endloop
  endfacet
  facet normal 1 0 0
    outer loop
      vertex 102 44.6057 -87.3959
      vertex 102 44.2076 -87.5848
      vertex 102 44.4841 -87.4768
    endloop
  endfacet
  facet normal 1 0 0
    outer loop
      vertex 102 42.9612 -84.7016
      vertex 102 43.2923 -84.4047
      vertex 102 43.171 -84.4857
    endloop
  endfacet
  facet normal 1 0 -0
    outer loop
      vertex 102 44.2076 -87.5848
      vertex 102 44.7163 -87.2969
      vertex 102 44.0527 -87.6117
    endloop
  endfacet
  facet normal 1 0 0
    outer loop
      vertex 102 42.9612 -84.7016
      vertex 102 43.171 -84.4857
      vertex 102 43.0606 -84.5846
    endloop
  endfacet
  facet normal 1 0 0
    outer loop
      vertex 102 44.9031 -87.0468
      vertex 102 44.0527 -87.6117
      vertex 102 44.8158 -87.18
    endloop
  endfacet
  facet normal 1 0 0
    outer loop
      vertex 102 43.7218 -84.2698
      vertex 102 42.9612 -84.7016
      vertex 102 42.8739 -84.8348
    endloop
  endfacet
  facet normal 1 -0 -0
    outer loop
      vertex 102 42.8739 -87.0468
      vertex 102 43.8868 -87.6207
      vertex 102 42.8 -86.899
    endloop
  endfacet
  facet normal 1 0 0
    outer loop
      vertex 102 43.8868 -84.2608
      vertex 102 42.8739 -84.8348
      vertex 102 42.8 -84.9828
    endloop
  endfacet
  facet normal 1 0 0
    outer loop
      vertex 102 43.8868 -87.6207
      vertex 102 42.8739 -87.0468
      vertex 102 43.7218 -87.6117
    endloop
  endfacet
  facet normal 1 0 0
    outer loop
      vertex 102 44.9769 -84.9828
      vertex 102 42.8 -84.9828
      vertex 102 42.7396 -85.1454
    endloop
  endfacet
  facet normal 1 -0 -0
    outer loop
      vertex 102 42.9612 -87.18
      vertex 102 43.7218 -87.6117
      vertex 102 42.8739 -87.0468
    endloop
  endfacet
  facet normal 1 0 0
    outer loop
      vertex 102 45.0373 -85.1454
      vertex 102 42.7396 -85.1454
      vertex 102 42.6927 -85.3226
    endloop
  endfacet
  facet normal 1 0 0
    outer loop
      vertex 102 45.138 -85.7212
      vertex 102 42.639 -85.7212
      vertex 102 42.6322 -85.9425
    endloop
  endfacet
  facet normal 1 0 0
    outer loop
      vertex 102 45.0843 -85.3226
      vertex 102 42.6927 -85.3226
      vertex 102 42.6591 -85.5146
    endloop
  endfacet
  facet normal 1 0 0
    outer loop
      vertex 102 43.7218 -87.6117
      vertex 102 42.9612 -87.18
      vertex 102 43.5677 -87.5848
    endloop
  endfacet
  facet normal 1 0 0
    outer loop
      vertex 102 45.1178 -85.5146
      vertex 102 42.6591 -85.5146
      vertex 102 42.639 -85.7212
    endloop
  endfacet
  facet normal 1 0 0
    outer loop
      vertex 102 43.5677 -87.5848
      vertex 102 42.9612 -87.18
      vertex 102 43.4245 -87.5398
    endloop
  endfacet
  facet normal 1 0 0
    outer loop
      vertex 102 43.2923 -87.4768
      vertex 102 42.9612 -87.18
      vertex 102 43.171 -87.3959
    endloop
  endfacet
  facet normal 1 0 0
    outer loop
      vertex 102 43.171 -87.3959
      vertex 102 42.9612 -87.18
      vertex 102 43.0606 -87.2969
    endloop
  endfacet
  facet normal 1 0 0
    outer loop
      vertex 102 43.4245 -87.5398
      vertex 102 42.9612 -87.18
      vertex 102 43.2923 -87.4768
    endloop
  endfacet
  facet normal 1 0 0
    outer loop
      vertex 102 59.1086 -84.3657
      vertex 102 59.6594 -84.9965
      vertex 102 59.6558 -84.9019
    endloop
  endfacet
  facet normal 1 0 0
    outer loop
      vertex 102 59.2022 -84.3809
      vertex 102 59.6558 -84.9019
      vertex 102 59.6449 -84.8153
    endloop
  endfacet
  facet normal 1 0 0
    outer loop
      vertex 102 59.1086 -85.6371
      vertex 102 59.6594 -84.9965
      vertex 102 59.1086 -84.3657
    endloop
  endfacet
  facet normal 1 0 0
    outer loop
      vertex 102 59.2862 -84.4022
      vertex 102 59.6449 -84.8153
      vertex 102 59.6268 -84.7367
    endloop
  endfacet
  facet normal 1 0 0
    outer loop
      vertex 102 59.6594 -84.9965
      vertex 102 59.1086 -85.6371
      vertex 102 59.6558 -85.092
    endloop
  endfacet
  facet normal 1 0 0
    outer loop
      vertex 102 59.3608 -84.4295
      vertex 102 59.6268 -84.7367
      vertex 102 59.6013 -84.6661
    endloop
  endfacet
  facet normal 1 0 0
    outer loop
      vertex 102 59.6558 -84.9019
      vertex 102 59.2022 -84.3809
      vertex 102 59.1086 -84.3657
    endloop
  endfacet
  facet normal 1 0 0
    outer loop
      vertex 102 59.3608 -84.4295
      vertex 102 59.6013 -84.6661
      vertex 102 59.5686 -84.6036
    endloop
  endfacet
  facet normal 1 0 -0
    outer loop
      vertex 102 59.2022 -85.6216
      vertex 102 59.6558 -85.092
      vertex 102 59.1086 -85.6371
    endloop
  endfacet
  facet normal 1 0 0
    outer loop
      vertex 102 59.4258 -84.463
      vertex 102 59.5686 -84.6036
      vertex 102 59.5287 -84.549
    endloop
  endfacet
  facet normal 1 0 0
    outer loop
      vertex 102 59.6449 -84.8153
      vertex 102 59.2862 -84.4022
      vertex 102 59.2022 -84.3809
    endloop
  endfacet
  facet normal 1 0 0
    outer loop
      vertex 102 59.4258 -84.463
      vertex 102 59.5287 -84.549
      vertex 102 59.4814 -84.5025
    endloop
  endfacet
  facet normal 1 0 0
    outer loop
      vertex 102 59.6449 -85.1796
      vertex 102 59.2862 -85.5998
      vertex 102 59.6268 -85.2592
    endloop
  endfacet
  facet normal 1 0 0
    outer loop
      vertex 102 59.5686 -84.6036
      vertex 102 59.4258 -84.463
      vertex 102 59.3608 -84.4295
    endloop
  endfacet
  facet normal 1 0 0
    outer loop
      vertex 102 59.6268 -84.7367
      vertex 102 59.3608 -84.4295
      vertex 102 59.2862 -84.4022
    endloop
  endfacet
  facet normal 1 0 -0
    outer loop
      vertex 102 59.3608 -85.5719
      vertex 102 59.6268 -85.2592
      vertex 102 59.2862 -85.5998
    endloop
  endfacet
  facet normal 1 0 0
    outer loop
      vertex 102 59.5287 -85.4498
      vertex 102 59.4258 -85.5377
      vertex 102 59.4814 -85.4973
    endloop
  endfacet
  facet normal 1 0 -0
    outer loop
      vertex 102 59.4258 -85.5377
      vertex 102 59.5686 -85.3943
      vertex 102 59.3608 -85.5719
    endloop
  endfacet
  facet normal 1 0 0
    outer loop
      vertex 102 59.5686 -85.3943
      vertex 102 59.4258 -85.5377
      vertex 102 59.5287 -85.4498
    endloop
  endfacet
  facet normal 1 0 0
    outer loop
      vertex 102 59.6013 -85.3307
      vertex 102 59.3608 -85.5719
      vertex 102 59.5686 -85.3943
    endloop
  endfacet
  facet normal 1 0 0
    outer loop
      vertex 102 59.6268 -85.2592
      vertex 102 59.3608 -85.5719
      vertex 102 59.6013 -85.3307
    endloop
  endfacet
  facet normal 1 0 0
    outer loop
      vertex 102 59.6558 -85.092
      vertex 102 59.2022 -85.6216
      vertex 102 59.6449 -85.1796
    endloop
  endfacet
  facet normal 1 0 -0
    outer loop
      vertex 102 59.2862 -85.5998
      vertex 102 59.6449 -85.1796
      vertex 102 59.2022 -85.6216
    endloop
  endfacet
  facet normal 1 0 0
    outer loop
      vertex 102 59.0056 -84.3566
      vertex 102 59.1086 -85.6371
      vertex 102 59.1086 -84.3657
    endloop
  endfacet
  facet normal 1 0 0
    outer loop
      vertex 102 59.0056 -84.3566
      vertex 102 59.0056 -85.6465
      vertex 102 59.1086 -85.6371
    endloop
  endfacet
  facet normal 1 0 0
    outer loop
      vertex 102 58.8931 -84.3536
      vertex 102 59.0056 -85.6465
      vertex 102 59.0056 -84.3566
    endloop
  endfacet
  facet normal 1 0 0
    outer loop
      vertex 102 58.8931 -84.3536
      vertex 102 58.8931 -85.6496
      vertex 102 59.0056 -85.6465
    endloop
  endfacet
  facet normal 1 -0 0
    outer loop
      vertex 102 58.3439 -84.3536
      vertex 102 58.8931 -85.6496
      vertex 102 58.8931 -84.3536
    endloop
  endfacet
  facet normal 1 0 0
    outer loop
      vertex 102 58.8931 -85.6496
      vertex 102 58.3439 -84.3536
      vertex 102 58.3439 -85.6496
    endloop
  endfacet
  facet normal 1 0 0
    outer loop
      vertex 102 31.0845 -84.3657
      vertex 102 31.6353 -84.9965
      vertex 102 31.6317 -84.9019
    endloop
  endfacet
  facet normal 1 0 0
    outer loop
      vertex 102 31.1781 -84.3809
      vertex 102 31.6317 -84.9019
      vertex 102 31.6208 -84.8153
    endloop
  endfacet
  facet normal 1 0 0
    outer loop
      vertex 102 31.0845 -85.6371
      vertex 102 31.6353 -84.9965
      vertex 102 31.0845 -84.3657
    endloop
  endfacet
  facet normal 1 0 0
    outer loop
      vertex 102 31.2621 -84.4022
      vertex 102 31.6208 -84.8153
      vertex 102 31.6026 -84.7367
    endloop
  endfacet
  facet normal 1 0 0
    outer loop
      vertex 102 31.6353 -84.9965
      vertex 102 31.0845 -85.6371
      vertex 102 31.6317 -85.092
    endloop
  endfacet
  facet normal 1 0 0
    outer loop
      vertex 102 31.3367 -84.4295
      vertex 102 31.6026 -84.7367
      vertex 102 31.5772 -84.6661
    endloop
  endfacet
  facet normal 1 0 0
    outer loop
      vertex 102 31.6317 -84.9019
      vertex 102 31.1781 -84.3809
      vertex 102 31.0845 -84.3657
    endloop
  endfacet
  facet normal 1 0 0
    outer loop
      vertex 102 31.3367 -84.4295
      vertex 102 31.5772 -84.6661
      vertex 102 31.5445 -84.6036
    endloop
  endfacet
  facet normal 1 0 -0
    outer loop
      vertex 102 31.1781 -85.6216
      vertex 102 31.6317 -85.092
      vertex 102 31.0845 -85.6371
    endloop
  endfacet
  facet normal 1 0 0
    outer loop
      vertex 102 31.4017 -84.463
      vertex 102 31.5445 -84.6036
      vertex 102 31.5046 -84.549
    endloop
  endfacet
  facet normal 1 0 0
    outer loop
      vertex 102 31.6208 -84.8153
      vertex 102 31.2621 -84.4022
      vertex 102 31.1781 -84.3809
    endloop
  endfacet
  facet normal 1 0 0
    outer loop
      vertex 102 31.4017 -84.463
      vertex 102 31.5046 -84.549
      vertex 102 31.4573 -84.5025
    endloop
  endfacet
  facet normal 1 0 0
    outer loop
      vertex 102 31.6208 -85.1796
      vertex 102 31.2621 -85.5998
      vertex 102 31.6026 -85.2592
    endloop
  endfacet
  facet normal 1 0 0
    outer loop
      vertex 102 31.5445 -84.6036
      vertex 102 31.4017 -84.463
      vertex 102 31.3367 -84.4295
    endloop
  endfacet
  facet normal 1 0 0
    outer loop
      vertex 102 31.6026 -84.7367
      vertex 102 31.3367 -84.4295
      vertex 102 31.2621 -84.4022
    endloop
  endfacet
  facet normal 1 0 -0
    outer loop
      vertex 102 31.3367 -85.5719
      vertex 102 31.6026 -85.2592
      vertex 102 31.2621 -85.5998
    endloop
  endfacet
  facet normal 1 0 0
    outer loop
      vertex 102 31.5046 -85.4498
      vertex 102 31.4017 -85.5377
      vertex 102 31.4573 -85.4973
    endloop
  endfacet
  facet normal 1 0 -0
    outer loop
      vertex 102 31.4017 -85.5377
      vertex 102 31.5445 -85.3943
      vertex 102 31.3367 -85.5719
    endloop
  endfacet
  facet normal 1 0 0
    outer loop
      vertex 102 31.5445 -85.3943
      vertex 102 31.4017 -85.5377
      vertex 102 31.5046 -85.4498
    endloop
  endfacet
  facet normal 1 0 0
    outer loop
      vertex 102 31.5772 -85.3307
      vertex 102 31.3367 -85.5719
      vertex 102 31.5445 -85.3943
    endloop
  endfacet
  facet normal 1 0 0
    outer loop
      vertex 102 31.6026 -85.2592
      vertex 102 31.3367 -85.5719
      vertex 102 31.5772 -85.3307
    endloop
  endfacet
  facet normal 1 0 0
    outer loop
      vertex 102 31.6317 -85.092
      vertex 102 31.1781 -85.6216
      vertex 102 31.6208 -85.1796
    endloop
  endfacet
  facet normal 1 0 -0
    outer loop
      vertex 102 31.2621 -85.5998
      vertex 102 31.6208 -85.1796
      vertex 102 31.1781 -85.6216
    endloop
  endfacet
  facet normal 1 0 0
    outer loop
      vertex 102 30.9815 -84.3566
      vertex 102 31.0845 -85.6371
      vertex 102 31.0845 -84.3657
    endloop
  endfacet
  facet normal 1 0 0
    outer loop
      vertex 102 30.9815 -84.3566
      vertex 102 30.9815 -85.6465
      vertex 102 31.0845 -85.6371
    endloop
  endfacet
  facet normal 1 0 0
    outer loop
      vertex 102 30.869 -84.3536
      vertex 102 30.9815 -85.6465
      vertex 102 30.9815 -84.3566
    endloop
  endfacet
  facet normal 1 0 0
    outer loop
      vertex 102 30.869 -84.3536
      vertex 102 30.869 -85.6496
      vertex 102 30.9815 -85.6465
    endloop
  endfacet
  facet normal 1 -0 0
    outer loop
      vertex 102 30.3198 -84.3536
      vertex 102 30.869 -85.6496
      vertex 102 30.869 -84.3536
    endloop
  endfacet
  facet normal 1 0 0
    outer loop
      vertex 102 30.869 -85.6496
      vertex 102 30.3198 -84.3536
      vertex 102 30.3198 -85.6496
    endloop
  endfacet
  facet normal 0 0 -1
    outer loop
      vertex 153 16 -36.5
      vertex 107.7 25.7 -36.5
      vertex 153 25.7 -36.5
    endloop
  endfacet
  facet normal -0 0 -1
    outer loop
      vertex 107.7 25.7 -36.5
      vertex 102 16 -36.5
      vertex 107.7 64.3 -36.5
    endloop
  endfacet
  facet normal 0 0 -1
    outer loop
      vertex 102 16 -36.5
      vertex 107.7 25.7 -36.5
      vertex 153 16 -36.5
    endloop
  endfacet
  facet normal 0 0 -1
    outer loop
      vertex 107.7 64.3 -36.5
      vertex 153 74 -36.5
      vertex 153 64.3 -36.5
    endloop
  endfacet
  facet normal 0 0 -1
    outer loop
      vertex 107.7 64.3 -36.5
      vertex 102 74 -36.5
      vertex 153 74 -36.5
    endloop
  endfacet
  facet normal 0 0 -1
    outer loop
      vertex 102 74 -36.5
      vertex 107.7 64.3 -36.5
      vertex 102 16 -36.5
    endloop
  endfacet
  facet normal -0 0 1
    outer loop
      vertex 102 74 -91
      vertex 153 16 -91
      vertex 153 74 -91
    endloop
  endfacet
  facet normal 0 0 1
    outer loop
      vertex 153 16 -91
      vertex 102 74 -91
      vertex 102 16 -91
    endloop
  endfacet
  facet normal 0 -1 0
    outer loop
      vertex 102 74 -91
      vertex 153 74 -36.5
      vertex 102 74 -36.5
    endloop
  endfacet
  facet normal 0 -1 -0
    outer loop
      vertex 153 74 -36.5
      vertex 102 74 -91
      vertex 153 74 -91
    endloop
  endfacet
  facet normal 0 1 -0
    outer loop
      vertex 153 16 -91
      vertex 102 16 -36.5
      vertex 153 16 -36.5
    endloop
  endfacet
  facet normal 0 1 0
    outer loop
      vertex 102 16 -36.5
      vertex 153 16 -91
      vertex 102 16 -91
    endloop
  endfacet
  facet normal 1 -0 0
    outer loop
      vertex 107.7 25.7 -7
      vertex 107.7 64.3 -36.5
      vertex 107.7 64.3 -7
    endloop
  endfacet
  facet normal 1 0 0
    outer loop
      vertex 107.7 64.3 -36.5
      vertex 107.7 25.7 -7
      vertex 107.7 25.7 -36.5
    endloop
  endfacet
  facet normal 0 -1 0
    outer loop
      vertex 107.7 64.3 -7
      vertex 148.7 64.3 -34.1
      vertex 148.7 64.3 -7
    endloop
  endfacet
  facet normal 0 -1 0
    outer loop
      vertex 107.7 64.3 -36.5
      vertex 148.7 64.3 -34.1
      vertex 107.7 64.3 -7
    endloop
  endfacet
  facet normal 0 -1 0
    outer loop
      vertex 153 64.3 -36.5
      vertex 148.7 64.3 -34.1
      vertex 107.7 64.3 -36.5
    endloop
  endfacet
  facet normal 0 -1 0
    outer loop
      vertex 148.7 64.3 -34.1
      vertex 153 64.3 -36.5
      vertex 153 64.3 -34.1
    endloop
  endfacet
  facet normal 0 1 0
    outer loop
      vertex 153 25.7 -34.1
      vertex 153 25.7 -36.5
      vertex 148.7 25.7 -34.1
    endloop
  endfacet
  facet normal 0 1 -0
    outer loop
      vertex 148.7 25.7 -34.1
      vertex 107.7 25.7 -7
      vertex 148.7 25.7 -7
    endloop
  endfacet
  facet normal 0 1 0
    outer loop
      vertex 148.7 25.7 -34.1
      vertex 107.7 25.7 -36.5
      vertex 107.7 25.7 -7
    endloop
  endfacet
  facet normal 0 1 0
    outer loop
      vertex 107.7 25.7 -36.5
      vertex 148.7 25.7 -34.1
      vertex 153 25.7 -36.5
    endloop
  endfacet
  facet normal 1 0 0
    outer loop
      vertex 101.4 40.2006 -84.4985
      vertex 101.4 40.6119 -83.6904
      vertex 101.4 40.5086 -83.6389
    endloop
  endfacet
  facet normal 1 0 0
    outer loop
      vertex 101.4 40.6119 -83.6904
      vertex 101.4 40.5084 -84.6697
      vertex 101.4 40.6119 -84.7376
    endloop
  endfacet
  facet normal 1 0 0
    outer loop
      vertex 101.4 40.6119 -83.6904
      vertex 101.4 40.4054 -84.6073
      vertex 101.4 40.5084 -84.6697
    endloop
  endfacet
  facet normal 1 0 0
    outer loop
      vertex 101.4 40.0988 -84.4522
      vertex 101.4 40.5086 -83.6389
      vertex 101.4 40.404 -83.5912
    endloop
  endfacet
  facet normal 1 0 0
    outer loop
      vertex 101.4 40.6119 -83.6904
      vertex 101.4 40.3028 -84.5502
      vertex 101.4 40.4054 -84.6073
    endloop
  endfacet
  facet normal 1 0 0
    outer loop
      vertex 101.4 39.9974 -84.4113
      vertex 101.4 40.404 -83.5912
      vertex 101.4 40.2982 -83.5472
    endloop
  endfacet
  facet normal 1 0 0
    outer loop
      vertex 101.4 40.6119 -83.6904
      vertex 101.4 40.2006 -84.4985
      vertex 101.4 40.3028 -84.5502
    endloop
  endfacet
  facet normal 1 0 0
    outer loop
      vertex 101.4 39.8964 -84.3758
      vertex 101.4 40.2982 -83.5472
      vertex 101.4 40.1912 -83.5069
    endloop
  endfacet
  facet normal 1 0 0
    outer loop
      vertex 101.4 40.5086 -83.6389
      vertex 101.4 40.0988 -84.4522
      vertex 101.4 40.2006 -84.4985
    endloop
  endfacet
  facet normal 1 0 0
    outer loop
      vertex 101.4 39.8964 -84.3758
      vertex 101.4 40.1912 -83.5069
      vertex 101.4 40.0829 -83.4704
    endloop
  endfacet
  facet normal 1 0 0
    outer loop
      vertex 101.4 40.404 -83.5912
      vertex 101.4 39.9974 -84.4113
      vertex 101.4 40.0988 -84.4522
    endloop
  endfacet
  facet normal 1 0 0
    outer loop
      vertex 101.4 39.7949 -84.3452
      vertex 101.4 40.0829 -83.4704
      vertex 101.4 39.9733 -83.4376
    endloop
  endfacet
  facet normal 1 0 0
    outer loop
      vertex 101.4 40.2982 -83.5472
      vertex 101.4 39.8964 -84.3758
      vertex 101.4 39.9974 -84.4113
    endloop
  endfacet
  facet normal 1 0 0
    outer loop
      vertex 101.4 39.6919 -84.3194
      vertex 101.4 39.9733 -83.4376
      vertex 101.4 39.8625 -83.4086
    endloop
  endfacet
  facet normal 1 0 0
    outer loop
      vertex 101.4 40.0829 -83.4704
      vertex 101.4 39.7949 -84.3452
      vertex 101.4 39.8964 -84.3758
    endloop
  endfacet
  facet normal 1 0 0
    outer loop
      vertex 101.4 39.5874 -84.2983
      vertex 101.4 39.8625 -83.4086
      vertex 101.4 39.7505 -83.3834
    endloop
  endfacet
  facet normal 1 0 0
    outer loop
      vertex 101.4 39.9733 -83.4376
      vertex 101.4 39.6919 -84.3194
      vertex 101.4 39.7949 -84.3452
    endloop
  endfacet
  facet normal 1 0 0
    outer loop
      vertex 101.4 39.5874 -84.2983
      vertex 101.4 39.7505 -83.3834
      vertex 101.4 39.637 -83.362
    endloop
  endfacet
  facet normal 1 0 0
    outer loop
      vertex 101.4 39.8625 -83.4086
      vertex 101.4 39.5874 -84.2983
      vertex 101.4 39.6919 -84.3194
    endloop
  endfacet
  facet normal 1 0 0
    outer loop
      vertex 101.4 39.4813 -84.2819
      vertex 101.4 39.637 -83.362
      vertex 101.4 39.5221 -83.3446
    endloop
  endfacet
  facet normal 1 0 0
    outer loop
      vertex 101.4 39.637 -83.362
      vertex 101.4 39.4813 -84.2819
      vertex 101.4 39.5874 -84.2983
    endloop
  endfacet
  facet normal 1 0 0
    outer loop
      vertex 101.4 39.3737 -84.2701
      vertex 101.4 39.5221 -83.3446
      vertex 101.4 39.4059 -83.331
    endloop
  endfacet
  facet normal 1 0 0
    outer loop
      vertex 101.4 39.5221 -83.3446
      vertex 101.4 39.3737 -84.2701
      vertex 101.4 39.4813 -84.2819
    endloop
  endfacet
  facet normal 1 0 0
    outer loop
      vertex 101.4 39.2645 -84.2631
      vertex 101.4 39.4059 -83.331
      vertex 101.4 39.2882 -83.3213
    endloop
  endfacet
  facet normal 1 0 0
    outer loop
      vertex 101.4 39.4059 -83.331
      vertex 101.4 39.2645 -84.2631
      vertex 101.4 39.3737 -84.2701
    endloop
  endfacet
  facet normal 1 0 0
    outer loop
      vertex 101.4 39.1539 -84.2608
      vertex 101.4 39.2882 -83.3213
      vertex 101.4 39.1692 -83.3155
    endloop
  endfacet
  facet normal 1 0 0
    outer loop
      vertex 101.4 39.2882 -83.3213
      vertex 101.4 39.1539 -84.2608
      vertex 101.4 39.2645 -84.2631
    endloop
  endfacet
  facet normal 1 0 0
    outer loop
      vertex 101.4 39.0488 -83.3136
      vertex 101.4 39.1539 -84.2608
      vertex 101.4 39.1692 -83.3155
    endloop
  endfacet
  facet normal 1 0 0
    outer loop
      vertex 101.4 39.0488 -83.3136
      vertex 101.4 38.9604 -84.2699
      vertex 101.4 39.1539 -84.2608
    endloop
  endfacet
  facet normal 1 -0 0
    outer loop
      vertex 101.4 38.6982 -83.328
      vertex 101.4 38.9604 -84.2699
      vertex 101.4 39.0488 -83.3136
    endloop
  endfacet
  facet normal 1 0 0
    outer loop
      vertex 101.4 38.9604 -84.2699
      vertex 101.4 38.6982 -83.328
      vertex 101.4 38.7791 -84.2973
    endloop
  endfacet
  facet normal 1 -0 0
    outer loop
      vertex 101.4 38.369 -83.3713
      vertex 101.4 38.7791 -84.2973
      vertex 101.4 38.6982 -83.328
    endloop
  endfacet
  facet normal 1 0 0
    outer loop
      vertex 101.4 38.7791 -84.2973
      vertex 101.4 38.369 -83.3713
      vertex 101.4 38.61 -84.343
    endloop
  endfacet
  facet normal 1 0 0
    outer loop
      vertex 101.4 38.61 -84.343
      vertex 101.4 38.369 -83.3713
      vertex 101.4 38.4531 -84.4069
    endloop
  endfacet
  facet normal 1 -0 0
    outer loop
      vertex 101.4 38.0613 -83.4435
      vertex 101.4 38.4531 -84.4069
      vertex 101.4 38.369 -83.3713
    endloop
  endfacet
  facet normal 1 0 0
    outer loop
      vertex 101.4 38.4531 -84.4069
      vertex 101.4 38.0613 -83.4435
      vertex 101.4 38.3083 -84.4891
    endloop
  endfacet
  facet normal 1 -0 0
    outer loop
      vertex 101.4 37.775 -83.5445
      vertex 101.4 38.3083 -84.4891
      vertex 101.4 38.0613 -83.4435
    endloop
  endfacet
  facet normal 1 0 0
    outer loop
      vertex 101.4 38.3083 -84.4891
      vertex 101.4 37.775 -83.5445
      vertex 101.4 38.1758 -84.5896
    endloop
  endfacet
  facet normal 1 -0 0
    outer loop
      vertex 101.4 37.5102 -83.6744
      vertex 101.4 38.1758 -84.5896
      vertex 101.4 37.775 -83.5445
    endloop
  endfacet
  facet normal 1 0 0
    outer loop
      vertex 101.4 38.1758 -84.5896
      vertex 101.4 37.5102 -83.6744
      vertex 101.4 38.0553 -84.7083
    endloop
  endfacet
  facet normal 1 -0 0
    outer loop
      vertex 101.4 37.2669 -83.8332
      vertex 101.4 38.0553 -84.7083
      vertex 101.4 37.5102 -83.6744
    endloop
  endfacet
  facet normal 1 -0 0
    outer loop
      vertex 101.4 37.0449 -84.0208
      vertex 101.4 38.0553 -84.7083
      vertex 101.4 37.2669 -83.8332
    endloop
  endfacet
  facet normal 1 0 0
    outer loop
      vertex 101.4 38.0553 -84.7083
      vertex 101.4 37.0449 -84.0208
      vertex 101.4 37.9492 -84.8431
    endloop
  endfacet
  facet normal 1 -0 0
    outer loop
      vertex 101.4 36.8488 -84.2332
      vertex 101.4 37.9492 -84.8431
      vertex 101.4 37.0449 -84.0208
    endloop
  endfacet
  facet normal 1 0 0
    outer loop
      vertex 101.4 37.9492 -84.8431
      vertex 101.4 36.8488 -84.2332
      vertex 101.4 37.8594 -84.9917
    endloop
  endfacet
  facet normal 1 0 0
    outer loop
      vertex 101.4 37.8594 -84.9917
      vertex 101.4 36.6829 -84.4664
      vertex 101.4 37.7859 -85.1542
    endloop
  endfacet
  facet normal 1 -0 0
    outer loop
      vertex 101.4 36.6829 -84.4664
      vertex 101.4 37.8594 -84.9917
      vertex 101.4 36.8488 -84.2332
    endloop
  endfacet
  facet normal 1 -0 0
    outer loop
      vertex 101.4 40.5084 -87.2118
      vertex 101.4 40.6119 -88.1911
      vertex 101.4 40.6119 -87.1439
    endloop
  endfacet
  facet normal 1 -0 0
    outer loop
      vertex 101.4 40.4054 -87.2742
      vertex 101.4 40.6119 -88.1911
      vertex 101.4 40.5084 -87.2118
    endloop
  endfacet
  facet normal 1 -0 0
    outer loop
      vertex 101.4 40.3028 -87.3313
      vertex 101.4 40.6119 -88.1911
      vertex 101.4 40.4054 -87.2742
    endloop
  endfacet
  facet normal 1 -0 0
    outer loop
      vertex 101.4 40.2006 -87.383
      vertex 101.4 40.6119 -88.1911
      vertex 101.4 40.3028 -87.3313
    endloop
  endfacet
  facet normal 1 0 0
    outer loop
      vertex 101.4 40.6119 -88.1911
      vertex 101.4 40.2006 -87.383
      vertex 101.4 40.5086 -88.2426
    endloop
  endfacet
  facet normal 1 -0 0
    outer loop
      vertex 101.4 40.0988 -87.4293
      vertex 101.4 40.5086 -88.2426
      vertex 101.4 40.2006 -87.383
    endloop
  endfacet
  facet normal 1 0 0
    outer loop
      vertex 101.4 40.5086 -88.2426
      vertex 101.4 40.0988 -87.4293
      vertex 101.4 40.404 -88.2903
    endloop
  endfacet
  facet normal 1 -0 0
    outer loop
      vertex 101.4 39.9974 -87.4702
      vertex 101.4 40.404 -88.2903
      vertex 101.4 40.0988 -87.4293
    endloop
  endfacet
  facet normal 1 0 0
    outer loop
      vertex 101.4 40.404 -88.2903
      vertex 101.4 39.9974 -87.4702
      vertex 101.4 40.2982 -88.3343
    endloop
  endfacet
  facet normal 1 -0 0
    outer loop
      vertex 101.4 39.8964 -87.5058
      vertex 101.4 40.2982 -88.3343
      vertex 101.4 39.9974 -87.4702
    endloop
  endfacet
  facet normal 1 0 0
    outer loop
      vertex 101.4 40.2982 -88.3343
      vertex 101.4 39.8964 -87.5058
      vertex 101.4 40.1912 -88.3746
    endloop
  endfacet
  facet normal 1 0 0
    outer loop
      vertex 101.4 40.1912 -88.3746
      vertex 101.4 39.8964 -87.5058
      vertex 101.4 40.0829 -88.4111
    endloop
  endfacet
  facet normal 1 -0 0
    outer loop
      vertex 101.4 39.7949 -87.5363
      vertex 101.4 40.0829 -88.4111
      vertex 101.4 39.8964 -87.5058
    endloop
  endfacet
  facet normal 1 0 0
    outer loop
      vertex 101.4 40.0829 -88.4111
      vertex 101.4 39.7949 -87.5363
      vertex 101.4 39.9733 -88.4439
    endloop
  endfacet
  facet normal 1 -0 0
    outer loop
      vertex 101.4 39.6919 -87.5621
      vertex 101.4 39.9733 -88.4439
      vertex 101.4 39.7949 -87.5363
    endloop
  endfacet
  facet normal 1 0 0
    outer loop
      vertex 101.4 39.9733 -88.4439
      vertex 101.4 39.6919 -87.5621
      vertex 101.4 39.8625 -88.4729
    endloop
  endfacet
  facet normal 1 -0 0
    outer loop
      vertex 101.4 39.5874 -87.5832
      vertex 101.4 39.8625 -88.4729
      vertex 101.4 39.6919 -87.5621
    endloop
  endfacet
  facet normal 1 0 0
    outer loop
      vertex 101.4 39.8625 -88.4729
      vertex 101.4 39.5874 -87.5832
      vertex 101.4 39.7505 -88.4981
    endloop
  endfacet
  facet normal 1 0 0
    outer loop
      vertex 101.4 39.7505 -88.4981
      vertex 101.4 39.5874 -87.5832
      vertex 101.4 39.637 -88.5195
    endloop
  endfacet
  facet normal 1 -0 0
    outer loop
      vertex 101.4 39.4813 -87.5996
      vertex 101.4 39.637 -88.5195
      vertex 101.4 39.5874 -87.5832
    endloop
  endfacet
  facet normal 1 0 0
    outer loop
      vertex 101.4 39.637 -88.5195
      vertex 101.4 39.4813 -87.5996
      vertex 101.4 39.5221 -88.5369
    endloop
  endfacet
  facet normal 1 -0 0
    outer loop
      vertex 101.4 39.3737 -87.6114
      vertex 101.4 39.5221 -88.5369
      vertex 101.4 39.4813 -87.5996
    endloop
  endfacet
  facet normal 1 0 0
    outer loop
      vertex 101.4 39.5221 -88.5369
      vertex 101.4 39.3737 -87.6114
      vertex 101.4 39.4059 -88.5505
    endloop
  endfacet
  facet normal 1 -0 0
    outer loop
      vertex 101.4 39.2645 -87.6184
      vertex 101.4 39.4059 -88.5505
      vertex 101.4 39.3737 -87.6114
    endloop
  endfacet
  facet normal 1 0 0
    outer loop
      vertex 101.4 39.4059 -88.5505
      vertex 101.4 39.2645 -87.6184
      vertex 101.4 39.2882 -88.5602
    endloop
  endfacet
  facet normal 1 -0 0
    outer loop
      vertex 101.4 39.1539 -87.6207
      vertex 101.4 39.2882 -88.5602
      vertex 101.4 39.2645 -87.6184
    endloop
  endfacet
  facet normal 1 0 0
    outer loop
      vertex 101.4 39.2882 -88.5602
      vertex 101.4 39.1539 -87.6207
      vertex 101.4 39.1692 -88.566
    endloop
  endfacet
  facet normal 1 0 0
    outer loop
      vertex 101.4 39.1539 -87.6207
      vertex 101.4 39.0488 -88.5679
      vertex 101.4 39.1692 -88.566
    endloop
  endfacet
  facet normal 1 0 0
    outer loop
      vertex 101.4 38.9604 -87.6116
      vertex 101.4 39.0488 -88.5679
      vertex 101.4 39.1539 -87.6207
    endloop
  endfacet
  facet normal 1 0 0
    outer loop
      vertex 101.4 38.6982 -88.5535
      vertex 101.4 38.9604 -87.6116
      vertex 101.4 38.7791 -87.5842
    endloop
  endfacet
  facet normal 1 0 0
    outer loop
      vertex 101.4 38.9604 -87.6116
      vertex 101.4 38.6982 -88.5535
      vertex 101.4 39.0488 -88.5679
    endloop
  endfacet
  facet normal 1 0 0
    outer loop
      vertex 101.4 38.369 -88.5102
      vertex 101.4 38.7791 -87.5842
      vertex 101.4 38.61 -87.5385
    endloop
  endfacet
  facet normal 1 0 0
    outer loop
      vertex 101.4 38.369 -88.5102
      vertex 101.4 38.61 -87.5385
      vertex 101.4 38.4531 -87.4746
    endloop
  endfacet
  facet normal 1 0 0
    outer loop
      vertex 101.4 38.7791 -87.5842
      vertex 101.4 38.369 -88.5102
      vertex 101.4 38.6982 -88.5535
    endloop
  endfacet
  facet normal 1 0 0
    outer loop
      vertex 101.4 38.0613 -88.438
      vertex 101.4 38.4531 -87.4746
      vertex 101.4 38.3083 -87.3924
    endloop
  endfacet
  facet normal 1 0 0
    outer loop
      vertex 101.4 37.775 -88.337
      vertex 101.4 38.3083 -87.3924
      vertex 101.4 38.1758 -87.2919
    endloop
  endfacet
  facet normal 1 0 0
    outer loop
      vertex 101.4 38.4531 -87.4746
      vertex 101.4 38.0613 -88.438
      vertex 101.4 38.369 -88.5102
    endloop
  endfacet
  facet normal 1 0 0
    outer loop
      vertex 101.4 37.5102 -88.2071
      vertex 101.4 38.1758 -87.2919
      vertex 101.4 38.0553 -87.1732
    endloop
  endfacet
  facet normal 1 0 0
    outer loop
      vertex 101.4 37.0449 -87.8607
      vertex 101.4 38.0553 -87.1732
      vertex 101.4 37.9492 -87.0385
    endloop
  endfacet
  facet normal 1 0 0
    outer loop
      vertex 101.4 36.8488 -87.6483
      vertex 101.4 37.9492 -87.0385
      vertex 101.4 37.8594 -86.89
    endloop
  endfacet
  facet normal 1 0 0
    outer loop
      vertex 101.4 36.6829 -87.4154
      vertex 101.4 37.8594 -86.89
      vertex 101.4 37.7859 -86.7279
    endloop
  endfacet
  facet normal 1 0 0
    outer loop
      vertex 101.4 38.3083 -87.3924
      vertex 101.4 37.775 -88.337
      vertex 101.4 38.0613 -88.438
    endloop
  endfacet
  facet normal 1 0 0
    outer loop
      vertex 101.4 36.5471 -87.162
      vertex 101.4 37.7859 -86.7279
      vertex 101.4 37.7287 -86.5521
    endloop
  endfacet
  facet normal 1 0 0
    outer loop
      vertex 101.4 36.4416 -86.8879
      vertex 101.4 37.7287 -86.5521
      vertex 101.4 37.6879 -86.3626
    endloop
  endfacet
  facet normal 1 0 0
    outer loop
      vertex 101.4 36.3661 -86.5933
      vertex 101.4 37.6879 -86.3626
      vertex 101.4 37.6634 -86.1594
    endloop
  endfacet
  facet normal 1 -0 0
    outer loop
      vertex 101.4 36.5471 -84.7202
      vertex 101.4 37.7859 -85.1542
      vertex 101.4 36.6829 -84.4664
    endloop
  endfacet
  facet normal 1 0 0
    outer loop
      vertex 101.4 37.7859 -85.1542
      vertex 101.4 36.5471 -84.7202
      vertex 101.4 37.7287 -85.3305
    endloop
  endfacet
  facet normal 1 0 -0
    outer loop
      vertex 101.4 36.3209 -86.2782
      vertex 101.4 37.6634 -86.1594
      vertex 101.4 36.3058 -85.9425
    endloop
  endfacet
  facet normal 1 -0 0
    outer loop
      vertex 101.4 36.4416 -84.9947
      vertex 101.4 37.7287 -85.3305
      vertex 101.4 36.5471 -84.7202
    endloop
  endfacet
  facet normal 1 0 -0
    outer loop
      vertex 101.4 36.3661 -86.5933
      vertex 101.4 37.6634 -86.1594
      vertex 101.4 36.3209 -86.2782
    endloop
  endfacet
  facet normal 1 0 0
    outer loop
      vertex 101.4 37.7287 -85.3305
      vertex 101.4 36.4416 -84.9947
      vertex 101.4 37.6879 -85.5206
    endloop
  endfacet
  facet normal 1 0 0
    outer loop
      vertex 101.4 37.6879 -86.3626
      vertex 101.4 36.3661 -86.5933
      vertex 101.4 36.4416 -86.8879
    endloop
  endfacet
  facet normal 1 -0 0
    outer loop
      vertex 101.4 36.3661 -85.2899
      vertex 101.4 37.6879 -85.5206
      vertex 101.4 36.4416 -84.9947
    endloop
  endfacet
  facet normal 1 0 0
    outer loop
      vertex 101.4 38.1758 -87.2919
      vertex 101.4 37.5102 -88.2071
      vertex 101.4 37.775 -88.337
    endloop
  endfacet
  facet normal 1 0 0
    outer loop
      vertex 101.4 37.6879 -85.5206
      vertex 101.4 36.3661 -85.2899
      vertex 101.4 37.6634 -85.7246
    endloop
  endfacet
  facet normal 1 0 0
    outer loop
      vertex 101.4 38.0553 -87.1732
      vertex 101.4 37.2669 -88.0483
      vertex 101.4 37.5102 -88.2071
    endloop
  endfacet
  facet normal 1 -0 0
    outer loop
      vertex 101.4 36.3209 -85.6058
      vertex 101.4 37.6634 -85.7246
      vertex 101.4 36.3661 -85.2899
    endloop
  endfacet
  facet normal 1 0 0
    outer loop
      vertex 101.4 37.6552 -85.9425
      vertex 101.4 36.3058 -85.9425
      vertex 101.4 37.6634 -86.1594
    endloop
  endfacet
  facet normal 1 0 0
    outer loop
      vertex 101.4 37.6634 -85.7246
      vertex 101.4 36.3209 -85.6058
      vertex 101.4 37.6552 -85.9425
    endloop
  endfacet
  facet normal 1 0 0
    outer loop
      vertex 101.4 37.7287 -86.5521
      vertex 101.4 36.4416 -86.8879
      vertex 101.4 36.5471 -87.162
    endloop
  endfacet
  facet normal 1 0 0
    outer loop
      vertex 101.4 36.3058 -85.9425
      vertex 101.4 37.6552 -85.9425
      vertex 101.4 36.3209 -85.6058
    endloop
  endfacet
  facet normal 1 0 0
    outer loop
      vertex 101.4 38.0553 -87.1732
      vertex 101.4 37.0449 -87.8607
      vertex 101.4 37.2669 -88.0483
    endloop
  endfacet
  facet normal 1 0 0
    outer loop
      vertex 101.4 37.9492 -87.0385
      vertex 101.4 36.8488 -87.6483
      vertex 101.4 37.0449 -87.8607
    endloop
  endfacet
  facet normal 1 0 0
    outer loop
      vertex 101.4 37.8594 -86.89
      vertex 101.4 36.6829 -87.4154
      vertex 101.4 36.8488 -87.6483
    endloop
  endfacet
  facet normal 1 0 0
    outer loop
      vertex 101.4 37.7859 -86.7279
      vertex 101.4 36.5471 -87.162
      vertex 101.4 36.6829 -87.4154
    endloop
  endfacet
  facet normal 1 -0 0
    outer loop
      vertex 101.4 45.138 -85.7212
      vertex 101.4 46.4908 -85.9425
      vertex 101.4 46.4767 -85.6015
    endloop
  endfacet
  facet normal 1 -0 0
    outer loop
      vertex 101.4 45.1178 -85.5146
      vertex 101.4 46.4767 -85.6015
      vertex 101.4 46.4343 -85.2823
    endloop
  endfacet
  facet normal 1 0 0
    outer loop
      vertex 101.4 45.138 -86.1628
      vertex 101.4 46.4908 -85.9425
      vertex 101.4 45.1447 -85.9425
    endloop
  endfacet
  facet normal 1 0 0
    outer loop
      vertex 101.4 45.0843 -85.3226
      vertex 101.4 46.4343 -85.2823
      vertex 101.4 46.3637 -84.9848
    endloop
  endfacet
  facet normal 1 0 0
    outer loop
      vertex 101.4 46.4908 -85.9425
      vertex 101.4 45.138 -86.1628
      vertex 101.4 46.4767 -86.2825
    endloop
  endfacet
  facet normal 1 0 0
    outer loop
      vertex 101.4 45.0843 -85.3226
      vertex 101.4 46.3637 -84.9848
      vertex 101.4 46.2649 -84.7091
    endloop
  endfacet
  facet normal 1 0 0
    outer loop
      vertex 101.4 45.1178 -86.3687
      vertex 101.4 46.4767 -86.2825
      vertex 101.4 45.138 -86.1628
    endloop
  endfacet
  facet normal 1 0 0
    outer loop
      vertex 101.4 45.0373 -85.1454
      vertex 101.4 46.2649 -84.7091
      vertex 101.4 46.1379 -84.4551
    endloop
  endfacet
  facet normal 1 0 0
    outer loop
      vertex 101.4 46.4767 -86.2825
      vertex 101.4 45.1178 -86.3687
      vertex 101.4 46.4343 -86.6009
    endloop
  endfacet
  facet normal 1 0 0
    outer loop
      vertex 101.4 44.9769 -84.9828
      vertex 101.4 46.1379 -84.4551
      vertex 101.4 45.9826 -84.2229
    endloop
  endfacet
  facet normal 1 -0 0
    outer loop
      vertex 101.4 45.0843 -86.56
      vertex 101.4 46.4343 -86.6009
      vertex 101.4 45.1178 -86.3687
    endloop
  endfacet
  facet normal 1 0 0
    outer loop
      vertex 101.4 44.9031 -84.8348
      vertex 101.4 45.9826 -84.2229
      vertex 101.4 45.7991 -84.0124
    endloop
  endfacet
  facet normal 1 0 0
    outer loop
      vertex 101.4 46.4343 -86.6009
      vertex 101.4 45.0843 -86.56
      vertex 101.4 46.3637 -86.8978
    endloop
  endfacet
  facet normal 1 0 0
    outer loop
      vertex 101.4 44.8158 -84.7016
      vertex 101.4 45.7991 -84.0124
      vertex 101.4 45.5907 -83.827
    endloop
  endfacet
  facet normal 1 0 0
    outer loop
      vertex 101.4 46.4908 -85.9425
      vertex 101.4 45.138 -85.7212
      vertex 101.4 45.1447 -85.9425
    endloop
  endfacet
  facet normal 1 0 0
    outer loop
      vertex 101.4 44.7163 -84.5846
      vertex 101.4 45.5907 -83.827
      vertex 101.4 45.3607 -83.6701
    endloop
  endfacet
  facet normal 1 0 0
    outer loop
      vertex 101.4 46.3637 -86.8978
      vertex 101.4 45.0843 -86.56
      vertex 101.4 46.2649 -87.173
    endloop
  endfacet
  facet normal 1 0 0
    outer loop
      vertex 101.4 46.2649 -87.173
      vertex 101.4 45.0373 -86.7368
      vertex 101.4 46.1379 -87.4267
    endloop
  endfacet
  facet normal 1 -0 0
    outer loop
      vertex 101.4 45.0373 -86.7368
      vertex 101.4 46.2649 -87.173
      vertex 101.4 45.0843 -86.56
    endloop
  endfacet
  facet normal 1 0 0
    outer loop
      vertex 101.4 46.4767 -85.6015
      vertex 101.4 45.1178 -85.5146
      vertex 101.4 45.138 -85.7212
    endloop
  endfacet
  facet normal 1 0 0
    outer loop
      vertex 101.4 44.6057 -84.4857
      vertex 101.4 45.3607 -83.6701
      vertex 101.4 45.1091 -83.5417
    endloop
  endfacet
  facet normal 1 0 0
    outer loop
      vertex 101.4 46.4343 -85.2823
      vertex 101.4 45.0843 -85.3226
      vertex 101.4 45.1178 -85.5146
    endloop
  endfacet
  facet normal 1 0 0
    outer loop
      vertex 101.4 46.2649 -84.7091
      vertex 101.4 45.0373 -85.1454
      vertex 101.4 45.0843 -85.3226
    endloop
  endfacet
  facet normal 1 0 0
    outer loop
      vertex 101.4 46.1379 -84.4551
      vertex 101.4 44.9769 -84.9828
      vertex 101.4 45.0373 -85.1454
    endloop
  endfacet
  facet normal 1 0 0
    outer loop
      vertex 101.4 45.9826 -84.2229
      vertex 101.4 44.9031 -84.8348
      vertex 101.4 44.9769 -84.9828
    endloop
  endfacet
  facet normal 1 0 0
    outer loop
      vertex 101.4 44.4841 -84.4047
      vertex 101.4 45.1091 -83.5417
      vertex 101.4 44.8359 -83.4419
    endloop
  endfacet
  facet normal 1 0 0
    outer loop
      vertex 101.4 45.7991 -84.0124
      vertex 101.4 44.8158 -84.7016
      vertex 101.4 44.9031 -84.8348
    endloop
  endfacet
  facet normal 1 0 0
    outer loop
      vertex 101.4 45.5907 -83.827
      vertex 101.4 44.7163 -84.5846
      vertex 101.4 44.8158 -84.7016
    endloop
  endfacet
  facet normal 1 0 0
    outer loop
      vertex 101.4 45.3607 -83.6701
      vertex 101.4 44.6057 -84.4857
      vertex 101.4 44.7163 -84.5846
    endloop
  endfacet
  facet normal 1 0 0
    outer loop
      vertex 101.4 44.3513 -84.3417
      vertex 101.4 44.8359 -83.4419
      vertex 101.4 44.5411 -83.3706
    endloop
  endfacet
  facet normal 1 0 0
    outer loop
      vertex 101.4 45.1091 -83.5417
      vertex 101.4 44.4841 -84.4047
      vertex 101.4 44.6057 -84.4857
    endloop
  endfacet
  facet normal 1 0 0
    outer loop
      vertex 101.4 44.8359 -83.4419
      vertex 101.4 44.3513 -84.3417
      vertex 101.4 44.4841 -84.4047
    endloop
  endfacet
  facet normal 1 0 0
    outer loop
      vertex 101.4 44.2076 -84.2967
      vertex 101.4 44.5411 -83.3706
      vertex 101.4 44.2248 -83.3278
    endloop
  endfacet
  facet normal 1 0 0
    outer loop
      vertex 101.4 44.5411 -83.3706
      vertex 101.4 44.2076 -84.2967
      vertex 101.4 44.3513 -84.3417
    endloop
  endfacet
  facet normal 1 0 0
    outer loop
      vertex 101.4 44.2248 -83.3278
      vertex 101.4 44.0527 -84.2698
      vertex 101.4 44.2076 -84.2967
    endloop
  endfacet
  facet normal 1 0 0
    outer loop
      vertex 101.4 43.8868 -83.3136
      vertex 101.4 44.0527 -84.2698
      vertex 101.4 44.2248 -83.3278
    endloop
  endfacet
  facet normal 1 0 0
    outer loop
      vertex 101.4 43.8868 -83.3136
      vertex 101.4 43.8868 -84.2608
      vertex 101.4 44.0527 -84.2698
    endloop
  endfacet
  facet normal 1 0 0
    outer loop
      vertex 101.4 43.8868 -83.3136
      vertex 101.4 43.7218 -84.2698
      vertex 101.4 43.8868 -84.2608
    endloop
  endfacet
  facet normal 1 -0 0
    outer loop
      vertex 101.4 43.5497 -83.3278
      vertex 101.4 43.7218 -84.2698
      vertex 101.4 43.8868 -83.3136
    endloop
  endfacet
  facet normal 1 0 0
    outer loop
      vertex 101.4 43.7218 -84.2698
      vertex 101.4 43.5497 -83.3278
      vertex 101.4 43.5677 -84.2967
    endloop
  endfacet
  facet normal 1 -0 0
    outer loop
      vertex 101.4 43.234 -83.3706
      vertex 101.4 43.5677 -84.2967
      vertex 101.4 43.5497 -83.3278
    endloop
  endfacet
  facet normal 1 0 0
    outer loop
      vertex 101.4 43.5677 -84.2967
      vertex 101.4 43.234 -83.3706
      vertex 101.4 43.4245 -84.3417
    endloop
  endfacet
  facet normal 1 -0 0
    outer loop
      vertex 101.4 42.9397 -83.4419
      vertex 101.4 43.4245 -84.3417
      vertex 101.4 43.234 -83.3706
    endloop
  endfacet
  facet normal 1 0 0
    outer loop
      vertex 101.4 43.4245 -84.3417
      vertex 101.4 42.9397 -83.4419
      vertex 101.4 43.2923 -84.4047
    endloop
  endfacet
  facet normal 1 -0 0
    outer loop
      vertex 101.4 42.6667 -83.5417
      vertex 101.4 43.2923 -84.4047
      vertex 101.4 42.9397 -83.4419
    endloop
  endfacet
  facet normal 1 0 0
    outer loop
      vertex 101.4 43.2923 -84.4047
      vertex 101.4 42.6667 -83.5417
      vertex 101.4 43.171 -84.4857
    endloop
  endfacet
  facet normal 1 -0 0
    outer loop
      vertex 101.4 42.4151 -83.6701
      vertex 101.4 43.171 -84.4857
      vertex 101.4 42.6667 -83.5417
    endloop
  endfacet
  facet normal 1 0 0
    outer loop
      vertex 101.4 43.171 -84.4857
      vertex 101.4 42.4151 -83.6701
      vertex 101.4 43.0606 -84.5846
    endloop
  endfacet
  facet normal 1 -0 0
    outer loop
      vertex 101.4 42.185 -83.827
      vertex 101.4 43.0606 -84.5846
      vertex 101.4 42.4151 -83.6701
    endloop
  endfacet
  facet normal 1 0 0
    outer loop
      vertex 101.4 43.0606 -84.5846
      vertex 101.4 42.185 -83.827
      vertex 101.4 42.9612 -84.7016
    endloop
  endfacet
  facet normal 1 -0 0
    outer loop
      vertex 101.4 41.9762 -84.0124
      vertex 101.4 42.9612 -84.7016
      vertex 101.4 42.185 -83.827
    endloop
  endfacet
  facet normal 1 0 0
    outer loop
      vertex 101.4 42.9612 -84.7016
      vertex 101.4 41.9762 -84.0124
      vertex 101.4 42.8739 -84.8348
    endloop
  endfacet
  facet normal 1 -0 0
    outer loop
      vertex 101.4 41.7922 -84.2229
      vertex 101.4 42.8739 -84.8348
      vertex 101.4 41.9762 -84.0124
    endloop
  endfacet
  facet normal 1 0 0
    outer loop
      vertex 101.4 42.8739 -84.8348
      vertex 101.4 41.7922 -84.2229
      vertex 101.4 42.8 -84.9828
    endloop
  endfacet
  facet normal 1 -0 0
    outer loop
      vertex 101.4 41.6366 -84.4551
      vertex 101.4 42.8 -84.9828
      vertex 101.4 41.7922 -84.2229
    endloop
  endfacet
  facet normal 1 0 0
    outer loop
      vertex 101.4 42.8 -84.9828
      vertex 101.4 41.6366 -84.4551
      vertex 101.4 42.7396 -85.1454
    endloop
  endfacet
  facet normal 1 -0 0
    outer loop
      vertex 101.4 44.9769 -86.899
      vertex 101.4 46.1379 -87.4267
      vertex 101.4 45.0373 -86.7368
    endloop
  endfacet
  facet normal 1 0 0
    outer loop
      vertex 101.4 46.1379 -87.4267
      vertex 101.4 44.9769 -86.899
      vertex 101.4 45.9826 -87.6587
    endloop
  endfacet
  facet normal 1 -0 0
    outer loop
      vertex 101.4 44.9031 -87.0468
      vertex 101.4 45.9826 -87.6587
      vertex 101.4 44.9769 -86.899
    endloop
  endfacet
  facet normal 1 0 0
    outer loop
      vertex 101.4 45.9826 -87.6587
      vertex 101.4 44.9031 -87.0468
      vertex 101.4 45.7991 -87.8692
    endloop
  endfacet
  facet normal 1 -0 0
    outer loop
      vertex 101.4 44.8158 -87.18
      vertex 101.4 45.7991 -87.8692
      vertex 101.4 44.9031 -87.0468
    endloop
  endfacet
  facet normal 1 0 0
    outer loop
      vertex 101.4 45.7991 -87.8692
      vertex 101.4 44.8158 -87.18
      vertex 101.4 45.5907 -88.0546
    endloop
  endfacet
  facet normal 1 -0 0
    outer loop
      vertex 101.4 44.7163 -87.2969
      vertex 101.4 45.5907 -88.0546
      vertex 101.4 44.8158 -87.18
    endloop
  endfacet
  facet normal 1 0 0
    outer loop
      vertex 101.4 45.5907 -88.0546
      vertex 101.4 44.7163 -87.2969
      vertex 101.4 45.3607 -88.2114
    endloop
  endfacet
  facet normal 1 -0 0
    outer loop
      vertex 101.4 44.6057 -87.3959
      vertex 101.4 45.3607 -88.2114
      vertex 101.4 44.7163 -87.2969
    endloop
  endfacet
  facet normal 1 0 0
    outer loop
      vertex 101.4 45.3607 -88.2114
      vertex 101.4 44.6057 -87.3959
      vertex 101.4 45.1091 -88.3398
    endloop
  endfacet
  facet normal 1 -0 0
    outer loop
      vertex 101.4 44.4841 -87.4768
      vertex 101.4 45.1091 -88.3398
      vertex 101.4 44.6057 -87.3959
    endloop
  endfacet
  facet normal 1 0 0
    outer loop
      vertex 101.4 45.1091 -88.3398
      vertex 101.4 44.4841 -87.4768
      vertex 101.4 44.8359 -88.4396
    endloop
  endfacet
  facet normal 1 -0 0
    outer loop
      vertex 101.4 44.3513 -87.5398
      vertex 101.4 44.8359 -88.4396
      vertex 101.4 44.4841 -87.4768
    endloop
  endfacet
  facet normal 1 0 0
    outer loop
      vertex 101.4 44.8359 -88.4396
      vertex 101.4 44.3513 -87.5398
      vertex 101.4 44.5411 -88.5109
    endloop
  endfacet
  facet normal 1 -0 0
    outer loop
      vertex 101.4 44.2076 -87.5848
      vertex 101.4 44.5411 -88.5109
      vertex 101.4 44.3513 -87.5398
    endloop
  endfacet
  facet normal 1 0 0
    outer loop
      vertex 101.4 44.5411 -88.5109
      vertex 101.4 44.2076 -87.5848
      vertex 101.4 44.2248 -88.5537
    endloop
  endfacet
  facet normal 1 -0 0
    outer loop
      vertex 101.4 44.0527 -87.6117
      vertex 101.4 44.2248 -88.5537
      vertex 101.4 44.2076 -87.5848
    endloop
  endfacet
  facet normal 1 0 0
    outer loop
      vertex 101.4 43.8868 -88.5679
      vertex 101.4 44.0527 -87.6117
      vertex 101.4 43.8868 -87.6207
    endloop
  endfacet
  facet normal 1 0 0
    outer loop
      vertex 101.4 44.0527 -87.6117
      vertex 101.4 43.8868 -88.5679
      vertex 101.4 44.2248 -88.5537
    endloop
  endfacet
  facet normal 1 0 0
    outer loop
      vertex 101.4 43.7218 -87.6117
      vertex 101.4 43.8868 -88.5679
      vertex 101.4 43.8868 -87.6207
    endloop
  endfacet
  facet normal 1 0 0
    outer loop
      vertex 101.4 43.5497 -88.5537
      vertex 101.4 43.7218 -87.6117
      vertex 101.4 43.5677 -87.5848
    endloop
  endfacet
  facet normal 1 0 0
    outer loop
      vertex 101.4 43.7218 -87.6117
      vertex 101.4 43.5497 -88.5537
      vertex 101.4 43.8868 -88.5679
    endloop
  endfacet
  facet normal 1 0 0
    outer loop
      vertex 101.4 43.234 -88.5109
      vertex 101.4 43.5677 -87.5848
      vertex 101.4 43.4245 -87.5398
    endloop
  endfacet
  facet normal 1 0 0
    outer loop
      vertex 101.4 42.9397 -88.4396
      vertex 101.4 43.4245 -87.5398
      vertex 101.4 43.2923 -87.4768
    endloop
  endfacet
  facet normal 1 0 0
    outer loop
      vertex 101.4 43.5677 -87.5848
      vertex 101.4 43.234 -88.5109
      vertex 101.4 43.5497 -88.5537
    endloop
  endfacet
  facet normal 1 0 0
    outer loop
      vertex 101.4 42.6667 -88.3398
      vertex 101.4 43.2923 -87.4768
      vertex 101.4 43.171 -87.3959
    endloop
  endfacet
  facet normal 1 0 0
    outer loop
      vertex 101.4 42.4151 -88.2114
      vertex 101.4 43.171 -87.3959
      vertex 101.4 43.0606 -87.2969
    endloop
  endfacet
  facet normal 1 0 0
    outer loop
      vertex 101.4 42.185 -88.0546
      vertex 101.4 43.0606 -87.2969
      vertex 101.4 42.9612 -87.18
    endloop
  endfacet
  facet normal 1 0 0
    outer loop
      vertex 101.4 43.4245 -87.5398
      vertex 101.4 42.9397 -88.4396
      vertex 101.4 43.234 -88.5109
    endloop
  endfacet
  facet normal 1 0 0
    outer loop
      vertex 101.4 41.9762 -87.8692
      vertex 101.4 42.9612 -87.18
      vertex 101.4 42.8739 -87.0468
    endloop
  endfacet
  facet normal 1 0 0
    outer loop
      vertex 101.4 41.7922 -87.6587
      vertex 101.4 42.8739 -87.0468
      vertex 101.4 42.8 -86.899
    endloop
  endfacet
  facet normal 1 0 0
    outer loop
      vertex 101.4 41.6366 -87.4267
      vertex 101.4 42.8 -86.899
      vertex 101.4 42.7396 -86.7368
    endloop
  endfacet
  facet normal 1 0 0
    outer loop
      vertex 101.4 41.5092 -87.173
      vertex 101.4 42.7396 -86.7368
      vertex 101.4 42.6927 -86.56
    endloop
  endfacet
  facet normal 1 0 0
    outer loop
      vertex 101.4 43.2923 -87.4768
      vertex 101.4 42.6667 -88.3398
      vertex 101.4 42.9397 -88.4396
    endloop
  endfacet
  facet normal 1 0 0
    outer loop
      vertex 101.4 41.3394 -86.6009
      vertex 101.4 42.6927 -86.56
      vertex 101.4 42.6591 -86.3687
    endloop
  endfacet
  facet normal 1 -0 0
    outer loop
      vertex 101.4 41.297 -86.2825
      vertex 101.4 42.6591 -86.3687
      vertex 101.4 42.639 -86.1628
    endloop
  endfacet
  facet normal 1 -0 0
    outer loop
      vertex 101.4 41.2828 -85.9425
      vertex 101.4 42.639 -86.1628
      vertex 101.4 42.6322 -85.9425
    endloop
  endfacet
  facet normal 1 -0 0
    outer loop
      vertex 101.4 41.5092 -84.7091
      vertex 101.4 42.7396 -85.1454
      vertex 101.4 41.6366 -84.4551
    endloop
  endfacet
  facet normal 1 0 0
    outer loop
      vertex 101.4 42.639 -86.1628
      vertex 101.4 41.2828 -85.9425
      vertex 101.4 41.297 -86.2825
    endloop
  endfacet
  facet normal 1 0 0
    outer loop
      vertex 101.4 42.7396 -85.1454
      vertex 101.4 41.5092 -84.7091
      vertex 101.4 42.6927 -85.3226
    endloop
  endfacet
  facet normal 1 0 0
    outer loop
      vertex 101.4 42.6591 -86.3687
      vertex 101.4 41.297 -86.2825
      vertex 101.4 41.3394 -86.6009
    endloop
  endfacet
  facet normal 1 -0 0
    outer loop
      vertex 101.4 41.4101 -84.9848
      vertex 101.4 42.6927 -85.3226
      vertex 101.4 41.5092 -84.7091
    endloop
  endfacet
  facet normal 1 0 0
    outer loop
      vertex 101.4 42.6927 -86.56
      vertex 101.4 41.3394 -86.6009
      vertex 101.4 41.4101 -86.8978
    endloop
  endfacet
  facet normal 1 -0 0
    outer loop
      vertex 101.4 41.3394 -85.2823
      vertex 101.4 42.6927 -85.3226
      vertex 101.4 41.4101 -84.9848
    endloop
  endfacet
  facet normal 1 0 0
    outer loop
      vertex 101.4 43.171 -87.3959
      vertex 101.4 42.4151 -88.2114
      vertex 101.4 42.6667 -88.3398
    endloop
  endfacet
  facet normal 1 0 0
    outer loop
      vertex 101.4 42.6927 -85.3226
      vertex 101.4 41.3394 -85.2823
      vertex 101.4 42.6591 -85.5146
    endloop
  endfacet
  facet normal 1 0 0
    outer loop
      vertex 101.4 43.0606 -87.2969
      vertex 101.4 42.185 -88.0546
      vertex 101.4 42.4151 -88.2114
    endloop
  endfacet
  facet normal 1 0 0
    outer loop
      vertex 101.4 41.297 -85.6015
      vertex 101.4 42.6591 -85.5146
      vertex 101.4 41.3394 -85.2823
    endloop
  endfacet
  facet normal 1 0 0
    outer loop
      vertex 101.4 42.9612 -87.18
      vertex 101.4 41.9762 -87.8692
      vertex 101.4 42.185 -88.0546
    endloop
  endfacet
  facet normal 1 0 0
    outer loop
      vertex 101.4 42.6591 -85.5146
      vertex 101.4 41.297 -85.6015
      vertex 101.4 42.639 -85.7212
    endloop
  endfacet
  facet normal 1 0 0
    outer loop
      vertex 101.4 42.639 -85.7212
      vertex 101.4 41.2828 -85.9425
      vertex 101.4 42.6322 -85.9425
    endloop
  endfacet
  facet normal 1 0 0
    outer loop
      vertex 101.4 41.2828 -85.9425
      vertex 101.4 42.639 -85.7212
      vertex 101.4 41.297 -85.6015
    endloop
  endfacet
  facet normal 1 0 0
    outer loop
      vertex 101.4 42.8739 -87.0468
      vertex 101.4 41.7922 -87.6587
      vertex 101.4 41.9762 -87.8692
    endloop
  endfacet
  facet normal 1 0 0
    outer loop
      vertex 101.4 42.8 -86.899
      vertex 101.4 41.6366 -87.4267
      vertex 101.4 41.7922 -87.6587
    endloop
  endfacet
  facet normal 1 0 0
    outer loop
      vertex 101.4 42.6927 -86.56
      vertex 101.4 41.4101 -86.8978
      vertex 101.4 41.5092 -87.173
    endloop
  endfacet
  facet normal 1 0 0
    outer loop
      vertex 101.4 42.7396 -86.7368
      vertex 101.4 41.5092 -87.173
      vertex 101.4 41.6366 -87.4267
    endloop
  endfacet
  facet normal 1 0 0
    outer loop
      vertex 101.4 31.6208 -84.8153
      vertex 101.4 32.9407 -84.8027
      vertex 101.4 32.9312 -84.6034
    endloop
  endfacet
  facet normal 1 0 0
    outer loop
      vertex 101.4 32.9407 -84.8027
      vertex 101.4 31.6317 -84.9019
      vertex 101.4 32.9358 -84.9424
    endloop
  endfacet
  facet normal 1 0 0
    outer loop
      vertex 101.4 31.6026 -84.7367
      vertex 101.4 32.9312 -84.6034
      vertex 101.4 32.9027 -84.4201
    endloop
  endfacet
  facet normal 1 0 0
    outer loop
      vertex 101.4 32.9407 -84.8027
      vertex 101.4 31.6208 -84.8153
      vertex 101.4 31.6317 -84.9019
    endloop
  endfacet
  facet normal 1 0 0
    outer loop
      vertex 101.4 32.9358 -84.9424
      vertex 101.4 31.6353 -84.9965
      vertex 101.4 32.9209 -85.0747
    endloop
  endfacet
  facet normal 1 0 0
    outer loop
      vertex 101.4 31.6026 -84.7367
      vertex 101.4 32.9027 -84.4201
      vertex 101.4 32.8551 -84.2526
    endloop
  endfacet
  facet normal 1 0 0
    outer loop
      vertex 101.4 32.9209 -85.0747
      vertex 101.4 31.6353 -84.9965
      vertex 101.4 32.8962 -85.1997
    endloop
  endfacet
  facet normal 1 0 0
    outer loop
      vertex 101.4 31.5772 -84.6661
      vertex 101.4 32.8551 -84.2526
      vertex 101.4 32.7885 -84.1011
    endloop
  endfacet
  facet normal 1 -0 0
    outer loop
      vertex 101.4 31.6317 -85.092
      vertex 101.4 32.8962 -85.1997
      vertex 101.4 31.6353 -84.9965
    endloop
  endfacet
  facet normal 1 0 0
    outer loop
      vertex 101.4 31.5772 -84.6661
      vertex 101.4 32.7885 -84.1011
      vertex 101.4 32.7029 -83.9654
    endloop
  endfacet
  facet normal 1 0 0
    outer loop
      vertex 101.4 32.8962 -85.1997
      vertex 101.4 31.6317 -85.092
      vertex 101.4 32.8616 -85.3173
    endloop
  endfacet
  facet normal 1 0 0
    outer loop
      vertex 101.4 32.8616 -85.3173
      vertex 101.4 31.6317 -85.092
      vertex 101.4 32.817 -85.4276
    endloop
  endfacet
  facet normal 1 0 0
    outer loop
      vertex 101.4 31.5772 -84.6661
      vertex 101.4 32.7029 -83.9654
      vertex 101.4 32.5982 -83.8457
    endloop
  endfacet
  facet normal 1 0 0
    outer loop
      vertex 101.4 32.817 -85.4276
      vertex 101.4 31.6317 -85.092
      vertex 101.4 32.7626 -85.5306
    endloop
  endfacet
  facet normal 1 0 0
    outer loop
      vertex 101.4 31.5445 -84.6036
      vertex 101.4 32.5982 -83.8457
      vertex 101.4 32.4745 -83.7419
    endloop
  endfacet
  facet normal 1 -0 0
    outer loop
      vertex 101.4 31.6208 -85.1796
      vertex 101.4 32.7626 -85.5306
      vertex 101.4 31.6317 -85.092
    endloop
  endfacet
  facet normal 1 0 0
    outer loop
      vertex 101.4 32.7626 -85.5306
      vertex 101.4 31.6208 -85.1796
      vertex 101.4 32.6983 -85.6263
    endloop
  endfacet
  facet normal 1 0 0
    outer loop
      vertex 101.4 31.5445 -84.6036
      vertex 101.4 32.4745 -83.7419
      vertex 101.4 32.3304 -83.6529
    endloop
  endfacet
  facet normal 1 0 0
    outer loop
      vertex 101.4 32.6983 -85.6263
      vertex 101.4 31.6208 -85.1796
      vertex 101.4 32.624 -85.7148
    endloop
  endfacet
  facet normal 1 0 0
    outer loop
      vertex 101.4 31.5046 -84.549
      vertex 101.4 32.3304 -83.6529
      vertex 101.4 32.1645 -83.5776
    endloop
  endfacet
  facet normal 1 0 0
    outer loop
      vertex 101.4 32.624 -85.7148
      vertex 101.4 31.6208 -85.1796
      vertex 101.4 32.5397 -85.7964
    endloop
  endfacet
  facet normal 1 0 0
    outer loop
      vertex 101.4 31.4573 -84.5025
      vertex 101.4 32.1645 -83.5776
      vertex 101.4 31.9769 -83.5159
    endloop
  endfacet
  facet normal 1 -0 0
    outer loop
      vertex 101.4 31.6026 -85.2592
      vertex 101.4 32.5397 -85.7964
      vertex 101.4 31.6208 -85.1796
    endloop
  endfacet
  facet normal 1 0 0
    outer loop
      vertex 101.4 31.4573 -84.5025
      vertex 101.4 31.9769 -83.5159
      vertex 101.4 31.7673 -83.468
    endloop
  endfacet
  facet normal 1 0 0
    outer loop
      vertex 101.4 31.5777 -87.2101
      vertex 101.4 32.8763 -87.0303
      vertex 101.4 32.8144 -86.9098
    endloop
  endfacet
  facet normal 1 0 0
    outer loop
      vertex 101.4 31.5777 -87.2101
      vertex 101.4 32.8144 -86.9098
      vertex 101.4 32.7527 -86.7984
    endloop
  endfacet
  facet normal 1 0 0
    outer loop
      vertex 101.4 31.5777 -87.2101
      vertex 101.4 32.7527 -86.7984
      vertex 101.4 32.6912 -86.696
    endloop
  endfacet
  facet normal 1 0 0
    outer loop
      vertex 101.4 31.5777 -87.2101
      vertex 101.4 32.6912 -86.696
      vertex 101.4 32.6299 -86.6027
    endloop
  endfacet
  facet normal 1 0 0
    outer loop
      vertex 101.4 31.5777 -87.2101
      vertex 101.4 32.6299 -86.6027
      vertex 101.4 32.5689 -86.5185
    endloop
  endfacet
  facet normal 1 0 0
    outer loop
      vertex 101.4 31.5243 -87.1064
      vertex 101.4 32.5689 -86.5185
      vertex 101.4 32.508 -86.4433
    endloop
  endfacet
  facet normal 1 0 0
    outer loop
      vertex 101.4 31.5243 -87.1064
      vertex 101.4 32.508 -86.4433
      vertex 101.4 32.4473 -86.3772
    endloop
  endfacet
  facet normal 1 0 0
    outer loop
      vertex 101.4 31.5243 -87.1064
      vertex 101.4 32.4473 -86.3772
      vertex 101.4 32.3857 -86.3188
    endloop
  endfacet
  facet normal 1 0 0
    outer loop
      vertex 101.4 31.4707 -87.0126
      vertex 101.4 32.3857 -86.3188
      vertex 101.4 32.3217 -86.2667
    endloop
  endfacet
  facet normal 1 0 0
    outer loop
      vertex 101.4 31.4707 -87.0126
      vertex 101.4 32.3217 -86.2667
      vertex 101.4 32.2554 -86.2209
    endloop
  endfacet
  facet normal 1 0 0
    outer loop
      vertex 101.4 32.8763 -87.0303
      vertex 101.4 32.1948 -88.4688
      vertex 101.4 33.5849 -88.4688
    endloop
  endfacet
  facet normal 1 0 0
    outer loop
      vertex 101.4 31.4707 -87.0126
      vertex 101.4 32.2554 -86.2209
      vertex 101.4 32.1869 -86.1814
    endloop
  endfacet
  facet normal 1 0 0
    outer loop
      vertex 101.4 31.4707 -87.0126
      vertex 101.4 32.1869 -86.1814
      vertex 101.4 32.1161 -86.1482
    endloop
  endfacet
  facet normal 1 0 0
    outer loop
      vertex 101.4 31.4169 -86.9287
      vertex 101.4 32.1161 -86.1482
      vertex 101.4 32.043 -86.1213
    endloop
  endfacet
  facet normal 1 0 0
    outer loop
      vertex 101.4 31.4169 -86.9287
      vertex 101.4 32.043 -86.1213
      vertex 101.4 31.9676 -86.1007
    endloop
  endfacet
  facet normal 1 0 0
    outer loop
      vertex 101.4 32.5397 -85.7964
      vertex 101.4 31.6026 -85.2592
      vertex 101.4 32.4453 -85.8711
    endloop
  endfacet
  facet normal 1 -0 0
    outer loop
      vertex 101.4 31.5772 -85.3307
      vertex 101.4 32.3409 -85.9389
      vertex 101.4 31.6026 -85.2592
    endloop
  endfacet
  facet normal 1 0 0
    outer loop
      vertex 101.4 32.3409 -85.9389
      vertex 101.4 31.5772 -85.3307
      vertex 101.4 32.2265 -85.9998
    endloop
  endfacet
  facet normal 1 -0 0
    outer loop
      vertex 101.4 31.5445 -85.3943
      vertex 101.4 32.2265 -85.9998
      vertex 101.4 31.5772 -85.3307
    endloop
  endfacet
  facet normal 1 0 0
    outer loop
      vertex 101.4 32.2265 -85.9998
      vertex 101.4 31.5445 -85.3943
      vertex 101.4 32.1021 -86.0537
    endloop
  endfacet
  facet normal 1 0 0
    outer loop
      vertex 101.4 32.8763 -87.0303
      vertex 101.4 31.5777 -87.2101
      vertex 101.4 32.1948 -88.4688
    endloop
  endfacet
  facet normal 1 0 0
    outer loop
      vertex 101.4 32.1021 -86.0537
      vertex 101.4 31.5445 -85.3943
      vertex 101.4 31.9676 -86.1007
    endloop
  endfacet
  facet normal 1 -0 0
    outer loop
      vertex 101.4 31.5046 -85.4498
      vertex 101.4 31.9676 -86.1007
      vertex 101.4 31.5445 -85.3943
    endloop
  endfacet
  facet normal 1 0 0
    outer loop
      vertex 101.4 32.5689 -86.5185
      vertex 101.4 31.5243 -87.1064
      vertex 101.4 31.5777 -87.2101
    endloop
  endfacet
  facet normal 1 -0 0
    outer loop
      vertex 101.4 31.4573 -85.4973
      vertex 101.4 31.9676 -86.1007
      vertex 101.4 31.5046 -85.4498
    endloop
  endfacet
  facet normal 1 0 0
    outer loop
      vertex 101.4 32.3857 -86.3188
      vertex 101.4 31.4707 -87.0126
      vertex 101.4 31.5243 -87.1064
    endloop
  endfacet
  facet normal 1 -0 0
    outer loop
      vertex 101.4 31.4017 -85.5377
      vertex 101.4 31.9676 -86.1007
      vertex 101.4 31.4573 -85.4973
    endloop
  endfacet
  facet normal 1 0 0
    outer loop
      vertex 101.4 32.1161 -86.1482
      vertex 101.4 31.4169 -86.9287
      vertex 101.4 31.4707 -87.0126
    endloop
  endfacet
  facet normal 1 -0 0
    outer loop
      vertex 101.4 31.3367 -85.5719
      vertex 101.4 31.9676 -86.1007
      vertex 101.4 31.4017 -85.5377
    endloop
  endfacet
  facet normal 1 0 0
    outer loop
      vertex 101.4 31.9676 -86.1007
      vertex 101.4 31.3629 -86.8545
      vertex 101.4 31.4169 -86.9287
    endloop
  endfacet
  facet normal 1 -0 0
    outer loop
      vertex 101.4 31.2621 -85.5998
      vertex 101.4 31.9676 -86.1007
      vertex 101.4 31.3367 -85.5719
    endloop
  endfacet
  facet normal 1 0 0
    outer loop
      vertex 101.4 31.9676 -86.1007
      vertex 101.4 31.3087 -86.7902
      vertex 101.4 31.3629 -86.8545
    endloop
  endfacet
  facet normal 1 0 0
    outer loop
      vertex 101.4 31.1423 -86.6541
      vertex 101.4 31.9676 -86.1007
      vertex 101.4 31.2621 -85.5998
    endloop
  endfacet
  facet normal 1 0 0
    outer loop
      vertex 101.4 31.9676 -86.1007
      vertex 101.4 31.2542 -86.7357
      vertex 101.4 31.3087 -86.7902
    endloop
  endfacet
  facet normal 1 0 0
    outer loop
      vertex 101.4 31.9676 -86.1007
      vertex 101.4 31.1996 -86.691
      vertex 101.4 31.2542 -86.7357
    endloop
  endfacet
  facet normal 1 0 0
    outer loop
      vertex 101.4 31.1423 -86.6541
      vertex 101.4 31.2621 -85.5998
      vertex 101.4 31.1781 -85.6216
    endloop
  endfacet
  facet normal 1 0 0
    outer loop
      vertex 101.4 31.9676 -86.1007
      vertex 101.4 31.1423 -86.6541
      vertex 101.4 31.1996 -86.691
    endloop
  endfacet
  facet normal 1 0 0
    outer loop
      vertex 101.4 31.012 -86.5974
      vertex 101.4 31.1781 -85.6216
      vertex 101.4 31.0845 -85.6371
    endloop
  endfacet
  facet normal 1 0 0
    outer loop
      vertex 101.4 31.1781 -85.6216
      vertex 101.4 31.0797 -86.6229
      vertex 101.4 31.1423 -86.6541
    endloop
  endfacet
  facet normal 1 0 0
    outer loop
      vertex 101.4 31.1781 -85.6216
      vertex 101.4 31.012 -86.5974
      vertex 101.4 31.0797 -86.6229
    endloop
  endfacet
  facet normal 1 0 0
    outer loop
      vertex 101.4 30.9391 -86.5775
      vertex 101.4 31.0845 -85.6371
      vertex 101.4 30.9815 -85.6465
    endloop
  endfacet
  facet normal 1 0 0
    outer loop
      vertex 101.4 31.0845 -85.6371
      vertex 101.4 30.9391 -86.5775
      vertex 101.4 31.012 -86.5974
    endloop
  endfacet
  facet normal 1 0 0
    outer loop
      vertex 101.4 30.8611 -86.5633
      vertex 101.4 30.9815 -85.6465
      vertex 101.4 30.869 -85.6496
    endloop
  endfacet
  facet normal 1 0 0
    outer loop
      vertex 101.4 30.9815 -85.6465
      vertex 101.4 30.8611 -86.5633
      vertex 101.4 30.9391 -86.5775
    endloop
  endfacet
  facet normal 1 0 0
    outer loop
      vertex 101.4 30.869 -85.6496
      vertex 101.4 30.7778 -86.5548
      vertex 101.4 30.8611 -86.5633
    endloop
  endfacet
  facet normal 1 0 0
    outer loop
      vertex 101.4 30.869 -85.6496
      vertex 101.4 30.6893 -86.5519
      vertex 101.4 30.7778 -86.5548
    endloop
  endfacet
  facet normal 1 -0 0
    outer loop
      vertex 101.4 30.3198 -85.6496
      vertex 101.4 30.6893 -86.5519
      vertex 101.4 30.869 -85.6496
    endloop
  endfacet
  facet normal 1 0 0
    outer loop
      vertex 101.4 30.6893 -86.5519
      vertex 101.4 30.3198 -85.6496
      vertex 101.4 30.3198 -86.5519
    endloop
  endfacet
  facet normal 1 0 0
    outer loop
      vertex 101.4 32.4453 -85.8711
      vertex 101.4 31.6026 -85.2592
      vertex 101.4 32.3409 -85.9389
    endloop
  endfacet
  facet normal 1 0 -0
    outer loop
      vertex 101.4 31.6353 -84.9965
      vertex 101.4 32.9358 -84.9424
      vertex 101.4 31.6317 -84.9019
    endloop
  endfacet
  facet normal 1 0 0
    outer loop
      vertex 101.4 32.9312 -84.6034
      vertex 101.4 31.6026 -84.7367
      vertex 101.4 31.6208 -84.8153
    endloop
  endfacet
  facet normal 1 0 0
    outer loop
      vertex 101.4 32.8551 -84.2526
      vertex 101.4 31.5772 -84.6661
      vertex 101.4 31.6026 -84.7367
    endloop
  endfacet
  facet normal 1 0 0
    outer loop
      vertex 101.4 32.5982 -83.8457
      vertex 101.4 31.5445 -84.6036
      vertex 101.4 31.5772 -84.6661
    endloop
  endfacet
  facet normal 1 0 0
    outer loop
      vertex 101.4 31.3367 -84.4295
      vertex 101.4 31.7673 -83.468
      vertex 101.4 31.5361 -83.4337
    endloop
  endfacet
  facet normal 1 0 0
    outer loop
      vertex 101.4 32.3304 -83.6529
      vertex 101.4 31.5046 -84.549
      vertex 101.4 31.5445 -84.6036
    endloop
  endfacet
  facet normal 1 0 0
    outer loop
      vertex 101.4 32.1645 -83.5776
      vertex 101.4 31.4573 -84.5025
      vertex 101.4 31.5046 -84.549
    endloop
  endfacet
  facet normal 1 0 0
    outer loop
      vertex 101.4 31.7673 -83.468
      vertex 101.4 31.4017 -84.463
      vertex 101.4 31.4573 -84.5025
    endloop
  endfacet
  facet normal 1 0 0
    outer loop
      vertex 101.4 31.7673 -83.468
      vertex 101.4 31.3367 -84.4295
      vertex 101.4 31.4017 -84.463
    endloop
  endfacet
  facet normal 1 0 0
    outer loop
      vertex 101.4 31.2621 -84.4022
      vertex 101.4 31.5361 -83.4337
      vertex 101.4 31.283 -83.4132
    endloop
  endfacet
  facet normal 1 0 0
    outer loop
      vertex 101.4 31.5361 -83.4337
      vertex 101.4 31.2621 -84.4022
      vertex 101.4 31.3367 -84.4295
    endloop
  endfacet
  facet normal 1 0 0
    outer loop
      vertex 101.4 31.283 -83.4132
      vertex 101.4 31.1781 -84.3809
      vertex 101.4 31.2621 -84.4022
    endloop
  endfacet
  facet normal 1 0 0
    outer loop
      vertex 101.4 31.283 -83.4132
      vertex 101.4 31.0845 -84.3657
      vertex 101.4 31.1781 -84.3809
    endloop
  endfacet
  facet normal 1 0 0
    outer loop
      vertex 101.4 31.0081 -83.4064
      vertex 101.4 31.0845 -84.3657
      vertex 101.4 31.283 -83.4132
    endloop
  endfacet
  facet normal 1 0 0
    outer loop
      vertex 101.4 31.0081 -83.4064
      vertex 101.4 30.9815 -84.3566
      vertex 101.4 31.0845 -84.3657
    endloop
  endfacet
  facet normal 1 0 0
    outer loop
      vertex 101.4 31.0081 -83.4064
      vertex 101.4 30.869 -84.3536
      vertex 101.4 30.9815 -84.3566
    endloop
  endfacet
  facet normal 1 0 0
    outer loop
      vertex 101.4 31.0081 -83.4064
      vertex 101.4 30.3198 -84.3536
      vertex 101.4 30.869 -84.3536
    endloop
  endfacet
  facet normal 1 0 0
    outer loop
      vertex 101.4 29.0144 -83.4064
      vertex 101.4 30.3198 -85.6496
      vertex 101.4 30.3198 -84.3536
    endloop
  endfacet
  facet normal 1 0 0
    outer loop
      vertex 101.4 29.0144 -88.4688
      vertex 101.4 30.3198 -85.6496
      vertex 101.4 29.0144 -83.4064
    endloop
  endfacet
  facet normal 1 -0 0
    outer loop
      vertex 101.4 29.0144 -83.4064
      vertex 101.4 30.3198 -84.3536
      vertex 101.4 31.0081 -83.4064
    endloop
  endfacet
  facet normal 1 0 0
    outer loop
      vertex 101.4 30.3198 -85.6496
      vertex 101.4 29.0144 -88.4688
      vertex 101.4 30.3198 -86.5519
    endloop
  endfacet
  facet normal 1 0 0
    outer loop
      vertex 101.4 30.3198 -86.5519
      vertex 101.4 29.0144 -88.4688
      vertex 101.4 30.3198 -88.4688
    endloop
  endfacet
  facet normal 1 0 0
    outer loop
      vertex 101.4 49.2086 -87.1429
      vertex 101.4 51.8601 -83.4064
      vertex 101.4 50.5479 -83.4064
    endloop
  endfacet
  facet normal 1 0 0
    outer loop
      vertex 101.4 51.8601 -83.4064
      vertex 101.4 49.2086 -87.1429
      vertex 101.4 49.9851 -88.4688
    endloop
  endfacet
  facet normal 1 0 0
    outer loop
      vertex 101.4 49.2086 -87.1429
      vertex 101.4 48.4288 -88.4688
      vertex 101.4 49.9851 -88.4688
    endloop
  endfacet
  facet normal 1 -0 0
    outer loop
      vertex 101.4 46.5538 -83.4064
      vertex 101.4 49.2086 -87.1429
      vertex 101.4 47.866 -83.4064
    endloop
  endfacet
  facet normal 1 0 0
    outer loop
      vertex 101.4 49.2086 -87.1429
      vertex 101.4 46.5538 -83.4064
      vertex 101.4 48.4288 -88.4688
    endloop
  endfacet
  facet normal 1 0 0
    outer loop
      vertex 101.4 59.6449 -84.8153
      vertex 101.4 60.9648 -84.8027
      vertex 101.4 60.9553 -84.6034
    endloop
  endfacet
  facet normal 1 0 0
    outer loop
      vertex 101.4 60.9648 -84.8027
      vertex 101.4 59.6558 -84.9019
      vertex 101.4 60.9599 -84.9424
    endloop
  endfacet
  facet normal 1 0 0
    outer loop
      vertex 101.4 59.6268 -84.7367
      vertex 101.4 60.9553 -84.6034
      vertex 101.4 60.9268 -84.4201
    endloop
  endfacet
  facet normal 1 0 0
    outer loop
      vertex 101.4 60.9648 -84.8027
      vertex 101.4 59.6449 -84.8153
      vertex 101.4 59.6558 -84.9019
    endloop
  endfacet
  facet normal 1 0 0
    outer loop
      vertex 101.4 60.9599 -84.9424
      vertex 101.4 59.6594 -84.9965
      vertex 101.4 60.9451 -85.0747
    endloop
  endfacet
  facet normal 1 0 0
    outer loop
      vertex 101.4 59.6268 -84.7367
      vertex 101.4 60.9268 -84.4201
      vertex 101.4 60.8792 -84.2526
    endloop
  endfacet
  facet normal 1 0 0
    outer loop
      vertex 101.4 60.9451 -85.0747
      vertex 101.4 59.6594 -84.9965
      vertex 101.4 60.9203 -85.1997
    endloop
  endfacet
  facet normal 1 0 0
    outer loop
      vertex 101.4 59.6013 -84.6661
      vertex 101.4 60.8792 -84.2526
      vertex 101.4 60.8126 -84.1011
    endloop
  endfacet
  facet normal 1 -0 0
    outer loop
      vertex 101.4 59.6558 -85.092
      vertex 101.4 60.9203 -85.1997
      vertex 101.4 59.6594 -84.9965
    endloop
  endfacet
  facet normal 1 0 0
    outer loop
      vertex 101.4 59.6013 -84.6661
      vertex 101.4 60.8126 -84.1011
      vertex 101.4 60.727 -83.9654
    endloop
  endfacet
  facet normal 1 0 0
    outer loop
      vertex 101.4 60.9203 -85.1997
      vertex 101.4 59.6558 -85.092
      vertex 101.4 60.8857 -85.3173
    endloop
  endfacet
  facet normal 1 0 0
    outer loop
      vertex 101.4 60.8857 -85.3173
      vertex 101.4 59.6558 -85.092
      vertex 101.4 60.8411 -85.4276
    endloop
  endfacet
  facet normal 1 0 0
    outer loop
      vertex 101.4 59.6013 -84.6661
      vertex 101.4 60.727 -83.9654
      vertex 101.4 60.6223 -83.8457
    endloop
  endfacet
  facet normal 1 0 0
    outer loop
      vertex 101.4 60.8411 -85.4276
      vertex 101.4 59.6558 -85.092
      vertex 101.4 60.7867 -85.5306
    endloop
  endfacet
  facet normal 1 0 0
    outer loop
      vertex 101.4 59.5686 -84.6036
      vertex 101.4 60.6223 -83.8457
      vertex 101.4 60.4986 -83.7419
    endloop
  endfacet
  facet normal 1 -0 0
    outer loop
      vertex 101.4 59.6449 -85.1796
      vertex 101.4 60.7867 -85.5306
      vertex 101.4 59.6558 -85.092
    endloop
  endfacet
  facet normal 1 0 0
    outer loop
      vertex 101.4 60.7867 -85.5306
      vertex 101.4 59.6449 -85.1796
      vertex 101.4 60.7224 -85.6263
    endloop
  endfacet
  facet normal 1 0 0
    outer loop
      vertex 101.4 59.5686 -84.6036
      vertex 101.4 60.4986 -83.7419
      vertex 101.4 60.3545 -83.6529
    endloop
  endfacet
  facet normal 1 0 0
    outer loop
      vertex 101.4 60.7224 -85.6263
      vertex 101.4 59.6449 -85.1796
      vertex 101.4 60.6481 -85.7148
    endloop
  endfacet
  facet normal 1 0 0
    outer loop
      vertex 101.4 59.5287 -84.549
      vertex 101.4 60.3545 -83.6529
      vertex 101.4 60.1886 -83.5776
    endloop
  endfacet
  facet normal 1 0 0
    outer loop
      vertex 101.4 60.6481 -85.7148
      vertex 101.4 59.6449 -85.1796
      vertex 101.4 60.5638 -85.7964
    endloop
  endfacet
  facet normal 1 0 0
    outer loop
      vertex 101.4 59.4814 -84.5025
      vertex 101.4 60.1886 -83.5776
      vertex 101.4 60.0009 -83.5159
    endloop
  endfacet
  facet normal 1 -0 0
    outer loop
      vertex 101.4 59.6268 -85.2592
      vertex 101.4 60.5638 -85.7964
      vertex 101.4 59.6449 -85.1796
    endloop
  endfacet
  facet normal 1 0 0
    outer loop
      vertex 101.4 59.4814 -84.5025
      vertex 101.4 60.0009 -83.5159
      vertex 101.4 59.7915 -83.468
    endloop
  endfacet
  facet normal 1 0 0
    outer loop
      vertex 101.4 59.6018 -87.2101
      vertex 101.4 60.9004 -87.0303
      vertex 101.4 60.8385 -86.9098
    endloop
  endfacet
  facet normal 1 0 0
    outer loop
      vertex 101.4 59.6018 -87.2101
      vertex 101.4 60.8385 -86.9098
      vertex 101.4 60.7768 -86.7984
    endloop
  endfacet
  facet normal 1 0 0
    outer loop
      vertex 101.4 59.6018 -87.2101
      vertex 101.4 60.7768 -86.7984
      vertex 101.4 60.7153 -86.696
    endloop
  endfacet
  facet normal 1 0 0
    outer loop
      vertex 101.4 59.6018 -87.2101
      vertex 101.4 60.7153 -86.696
      vertex 101.4 60.654 -86.6027
    endloop
  endfacet
  facet normal 1 0 0
    outer loop
      vertex 101.4 59.6018 -87.2101
      vertex 101.4 60.654 -86.6027
      vertex 101.4 60.593 -86.5185
    endloop
  endfacet
  facet normal 1 0 0
    outer loop
      vertex 101.4 59.5484 -87.1064
      vertex 101.4 60.593 -86.5185
      vertex 101.4 60.5321 -86.4433
    endloop
  endfacet
  facet normal 1 0 0
    outer loop
      vertex 101.4 59.5484 -87.1064
      vertex 101.4 60.5321 -86.4433
      vertex 101.4 60.4714 -86.3772
    endloop
  endfacet
  facet normal 1 0 0
    outer loop
      vertex 101.4 59.5484 -87.1064
      vertex 101.4 60.4714 -86.3772
      vertex 101.4 60.4098 -86.3188
    endloop
  endfacet
  facet normal 1 0 0
    outer loop
      vertex 101.4 59.4948 -87.0126
      vertex 101.4 60.4098 -86.3188
      vertex 101.4 60.3458 -86.2667
    endloop
  endfacet
  facet normal 1 0 0
    outer loop
      vertex 101.4 59.4948 -87.0126
      vertex 101.4 60.3458 -86.2667
      vertex 101.4 60.2795 -86.2209
    endloop
  endfacet
  facet normal 1 0 0
    outer loop
      vertex 101.4 60.9004 -87.0303
      vertex 101.4 60.2189 -88.4688
      vertex 101.4 61.609 -88.4688
    endloop
  endfacet
  facet normal 1 0 0
    outer loop
      vertex 101.4 59.4948 -87.0126
      vertex 101.4 60.2795 -86.2209
      vertex 101.4 60.211 -86.1814
    endloop
  endfacet
  facet normal 1 0 0
    outer loop
      vertex 101.4 59.4948 -87.0126
      vertex 101.4 60.211 -86.1814
      vertex 101.4 60.1402 -86.1482
    endloop
  endfacet
  facet normal 1 0 0
    outer loop
      vertex 101.4 59.441 -86.9287
      vertex 101.4 60.1402 -86.1482
      vertex 101.4 60.0671 -86.1213
    endloop
  endfacet
  facet normal 1 0 0
    outer loop
      vertex 101.4 59.441 -86.9287
      vertex 101.4 60.0671 -86.1213
      vertex 101.4 59.9917 -86.1007
    endloop
  endfacet
  facet normal 1 0 0
    outer loop
      vertex 101.4 60.5638 -85.7964
      vertex 101.4 59.6268 -85.2592
      vertex 101.4 60.4694 -85.8711
    endloop
  endfacet
  facet normal 1 -0 0
    outer loop
      vertex 101.4 59.6013 -85.3307
      vertex 101.4 60.3651 -85.9389
      vertex 101.4 59.6268 -85.2592
    endloop
  endfacet
  facet normal 1 0 0
    outer loop
      vertex 101.4 60.3651 -85.9389
      vertex 101.4 59.6013 -85.3307
      vertex 101.4 60.2506 -85.9998
    endloop
  endfacet
  facet normal 1 -0 0
    outer loop
      vertex 101.4 59.5686 -85.3943
      vertex 101.4 60.2506 -85.9998
      vertex 101.4 59.6013 -85.3307
    endloop
  endfacet
  facet normal 1 0 0
    outer loop
      vertex 101.4 60.2506 -85.9998
      vertex 101.4 59.5686 -85.3943
      vertex 101.4 60.1262 -86.0537
    endloop
  endfacet
  facet normal 1 0 0
    outer loop
      vertex 101.4 60.9004 -87.0303
      vertex 101.4 59.6018 -87.2101
      vertex 101.4 60.2189 -88.4688
    endloop
  endfacet
  facet normal 1 0 0
    outer loop
      vertex 101.4 60.1262 -86.0537
      vertex 101.4 59.5686 -85.3943
      vertex 101.4 59.9917 -86.1007
    endloop
  endfacet
  facet normal 1 -0 0
    outer loop
      vertex 101.4 59.5287 -85.4498
      vertex 101.4 59.9917 -86.1007
      vertex 101.4 59.5686 -85.3943
    endloop
  endfacet
  facet normal 1 0 0
    outer loop
      vertex 101.4 60.593 -86.5185
      vertex 101.4 59.5484 -87.1064
      vertex 101.4 59.6018 -87.2101
    endloop
  endfacet
  facet normal 1 -0 0
    outer loop
      vertex 101.4 59.4814 -85.4973
      vertex 101.4 59.9917 -86.1007
      vertex 101.4 59.5287 -85.4498
    endloop
  endfacet
  facet normal 1 0 0
    outer loop
      vertex 101.4 60.4098 -86.3188
      vertex 101.4 59.4948 -87.0126
      vertex 101.4 59.5484 -87.1064
    endloop
  endfacet
  facet normal 1 -0 0
    outer loop
      vertex 101.4 59.4258 -85.5377
      vertex 101.4 59.9917 -86.1007
      vertex 101.4 59.4814 -85.4973
    endloop
  endfacet
  facet normal 1 0 0
    outer loop
      vertex 101.4 60.1402 -86.1482
      vertex 101.4 59.441 -86.9287
      vertex 101.4 59.4948 -87.0126
    endloop
  endfacet
  facet normal 1 -0 0
    outer loop
      vertex 101.4 59.3608 -85.5719
      vertex 101.4 59.9917 -86.1007
      vertex 101.4 59.4258 -85.5377
    endloop
  endfacet
  facet normal 1 0 0
    outer loop
      vertex 101.4 59.9917 -86.1007
      vertex 101.4 59.387 -86.8545
      vertex 101.4 59.441 -86.9287
    endloop
  endfacet
  facet normal 1 -0 0
    outer loop
      vertex 101.4 59.2862 -85.5998
      vertex 101.4 59.9917 -86.1007
      vertex 101.4 59.3608 -85.5719
    endloop
  endfacet
  facet normal 1 0 0
    outer loop
      vertex 101.4 59.9917 -86.1007
      vertex 101.4 59.3328 -86.7902
      vertex 101.4 59.387 -86.8545
    endloop
  endfacet
  facet normal 1 0 0
    outer loop
      vertex 101.4 59.1664 -86.6541
      vertex 101.4 59.9917 -86.1007
      vertex 101.4 59.2862 -85.5998
    endloop
  endfacet
  facet normal 1 0 0
    outer loop
      vertex 101.4 59.9917 -86.1007
      vertex 101.4 59.2783 -86.7357
      vertex 101.4 59.3328 -86.7902
    endloop
  endfacet
  facet normal 1 0 0
    outer loop
      vertex 101.4 59.9917 -86.1007
      vertex 101.4 59.2237 -86.691
      vertex 101.4 59.2783 -86.7357
    endloop
  endfacet
  facet normal 1 0 0
    outer loop
      vertex 101.4 59.1664 -86.6541
      vertex 101.4 59.2862 -85.5998
      vertex 101.4 59.2022 -85.6216
    endloop
  endfacet
  facet normal 1 0 0
    outer loop
      vertex 101.4 59.9917 -86.1007
      vertex 101.4 59.1664 -86.6541
      vertex 101.4 59.2237 -86.691
    endloop
  endfacet
  facet normal 1 0 0
    outer loop
      vertex 101.4 59.0361 -86.5974
      vertex 101.4 59.2022 -85.6216
      vertex 101.4 59.1086 -85.6371
    endloop
  endfacet
  facet normal 1 0 0
    outer loop
      vertex 101.4 59.2022 -85.6216
      vertex 101.4 59.1039 -86.6229
      vertex 101.4 59.1664 -86.6541
    endloop
  endfacet
  facet normal 1 0 0
    outer loop
      vertex 101.4 59.2022 -85.6216
      vertex 101.4 59.0361 -86.5974
      vertex 101.4 59.1039 -86.6229
    endloop
  endfacet
  facet normal 1 0 0
    outer loop
      vertex 101.4 58.9633 -86.5775
      vertex 101.4 59.1086 -85.6371
      vertex 101.4 59.0056 -85.6465
    endloop
  endfacet
  facet normal 1 0 0
    outer loop
      vertex 101.4 59.1086 -85.6371
      vertex 101.4 58.9633 -86.5775
      vertex 101.4 59.0361 -86.5974
    endloop
  endfacet
  facet normal 1 0 0
    outer loop
      vertex 101.4 58.8852 -86.5633
      vertex 101.4 59.0056 -85.6465
      vertex 101.4 58.8931 -85.6496
    endloop
  endfacet
  facet normal 1 0 0
    outer loop
      vertex 101.4 59.0056 -85.6465
      vertex 101.4 58.8852 -86.5633
      vertex 101.4 58.9633 -86.5775
    endloop
  endfacet
  facet normal 1 0 0
    outer loop
      vertex 101.4 58.8931 -85.6496
      vertex 101.4 58.8019 -86.5548
      vertex 101.4 58.8852 -86.5633
    endloop
  endfacet
  facet normal 1 0 0
    outer loop
      vertex 101.4 58.8931 -85.6496
      vertex 101.4 58.7134 -86.5519
      vertex 101.4 58.8019 -86.5548
    endloop
  endfacet
  facet normal 1 -0 0
    outer loop
      vertex 101.4 58.3439 -85.6496
      vertex 101.4 58.7134 -86.5519
      vertex 101.4 58.8931 -85.6496
    endloop
  endfacet
  facet normal 1 0 0
    outer loop
      vertex 101.4 58.7134 -86.5519
      vertex 101.4 58.3439 -85.6496
      vertex 101.4 58.3439 -86.5519
    endloop
  endfacet
  facet normal 1 0 0
    outer loop
      vertex 101.4 60.4694 -85.8711
      vertex 101.4 59.6268 -85.2592
      vertex 101.4 60.3651 -85.9389
    endloop
  endfacet
  facet normal 1 0 -0
    outer loop
      vertex 101.4 59.6594 -84.9965
      vertex 101.4 60.9599 -84.9424
      vertex 101.4 59.6558 -84.9019
    endloop
  endfacet
  facet normal 1 0 0
    outer loop
      vertex 101.4 60.9553 -84.6034
      vertex 101.4 59.6268 -84.7367
      vertex 101.4 59.6449 -84.8153
    endloop
  endfacet
  facet normal 1 0 0
    outer loop
      vertex 101.4 60.8792 -84.2526
      vertex 101.4 59.6013 -84.6661
      vertex 101.4 59.6268 -84.7367
    endloop
  endfacet
  facet normal 1 0 0
    outer loop
      vertex 101.4 60.6223 -83.8457
      vertex 101.4 59.5686 -84.6036
      vertex 101.4 59.6013 -84.6661
    endloop
  endfacet
  facet normal 1 0 0
    outer loop
      vertex 101.4 59.3608 -84.4295
      vertex 101.4 59.7915 -83.468
      vertex 101.4 59.5602 -83.4337
    endloop
  endfacet
  facet normal 1 0 0
    outer loop
      vertex 101.4 60.3545 -83.6529
      vertex 101.4 59.5287 -84.549
      vertex 101.4 59.5686 -84.6036
    endloop
  endfacet
  facet normal 1 0 0
    outer loop
      vertex 101.4 60.1886 -83.5776
      vertex 101.4 59.4814 -84.5025
      vertex 101.4 59.5287 -84.549
    endloop
  endfacet
  facet normal 1 0 0
    outer loop
      vertex 101.4 59.7915 -83.468
      vertex 101.4 59.4258 -84.463
      vertex 101.4 59.4814 -84.5025
    endloop
  endfacet
  facet normal 1 0 0
    outer loop
      vertex 101.4 59.7915 -83.468
      vertex 101.4 59.3608 -84.4295
      vertex 101.4 59.4258 -84.463
    endloop
  endfacet
  facet normal 1 0 0
    outer loop
      vertex 101.4 59.2862 -84.4022
      vertex 101.4 59.5602 -83.4337
      vertex 101.4 59.3071 -83.4132
    endloop
  endfacet
  facet normal 1 0 0
    outer loop
      vertex 101.4 59.5602 -83.4337
      vertex 101.4 59.2862 -84.4022
      vertex 101.4 59.3608 -84.4295
    endloop
  endfacet
  facet normal 1 0 0
    outer loop
      vertex 101.4 59.3071 -83.4132
      vertex 101.4 59.2022 -84.3809
      vertex 101.4 59.2862 -84.4022
    endloop
  endfacet
  facet normal 1 0 0
    outer loop
      vertex 101.4 59.3071 -83.4132
      vertex 101.4 59.1086 -84.3657
      vertex 101.4 59.2022 -84.3809
    endloop
  endfacet
  facet normal 1 0 0
    outer loop
      vertex 101.4 59.0322 -83.4064
      vertex 101.4 59.1086 -84.3657
      vertex 101.4 59.3071 -83.4132
    endloop
  endfacet
  facet normal 1 0 0
    outer loop
      vertex 101.4 59.0322 -83.4064
      vertex 101.4 59.0056 -84.3566
      vertex 101.4 59.1086 -84.3657
    endloop
  endfacet
  facet normal 1 0 0
    outer loop
      vertex 101.4 59.0322 -83.4064
      vertex 101.4 58.8931 -84.3536
      vertex 101.4 59.0056 -84.3566
    endloop
  endfacet
  facet normal 1 0 0
    outer loop
      vertex 101.4 59.0322 -83.4064
      vertex 101.4 58.3439 -84.3536
      vertex 101.4 58.8931 -84.3536
    endloop
  endfacet
  facet normal 1 0 0
    outer loop
      vertex 101.4 57.0385 -83.4064
      vertex 101.4 58.3439 -85.6496
      vertex 101.4 58.3439 -84.3536
    endloop
  endfacet
  facet normal 1 0 0
    outer loop
      vertex 101.4 57.0385 -88.4688
      vertex 101.4 58.3439 -85.6496
      vertex 101.4 57.0385 -83.4064
    endloop
  endfacet
  facet normal 1 -0 0
    outer loop
      vertex 101.4 57.0385 -83.4064
      vertex 101.4 58.3439 -84.3536
      vertex 101.4 59.0322 -83.4064
    endloop
  endfacet
  facet normal 1 0 0
    outer loop
      vertex 101.4 58.3439 -85.6496
      vertex 101.4 57.0385 -88.4688
      vertex 101.4 58.3439 -86.5519
    endloop
  endfacet
  facet normal 1 0 0
    outer loop
      vertex 101.4 58.3439 -86.5519
      vertex 101.4 57.0385 -88.4688
      vertex 101.4 58.3439 -88.4688
    endloop
  endfacet
  facet normal 1 0 0
    outer loop
      vertex 101.4 55.9287 -83.4064
      vertex 101.4 53.7113 -84.392
      vertex 101.4 55.9287 -84.392
    endloop
  endfacet
  facet normal 1 0 0
    outer loop
      vertex 101.4 52.4059 -83.4064
      vertex 101.4 53.7113 -85.336
      vertex 101.4 53.7113 -84.392
    endloop
  endfacet
  facet normal 1 0 0
    outer loop
      vertex 101.4 53.7113 -85.336
      vertex 101.4 52.4059 -83.4064
      vertex 101.4 53.7113 -86.3215
    endloop
  endfacet
  facet normal 1 0 0
    outer loop
      vertex 101.4 52.4059 -88.4688
      vertex 101.4 53.7113 -86.3215
      vertex 101.4 52.4059 -83.4064
    endloop
  endfacet
  facet normal 1 -0 0
    outer loop
      vertex 101.4 52.4059 -83.4064
      vertex 101.4 53.7113 -84.392
      vertex 101.4 55.9287 -83.4064
    endloop
  endfacet
  facet normal 1 -0 0
    outer loop
      vertex 101.4 53.7113 -85.336
      vertex 101.4 55.7965 -86.3215
      vertex 101.4 55.7965 -85.336
    endloop
  endfacet
  facet normal 1 0 0
    outer loop
      vertex 101.4 55.7965 -86.3215
      vertex 101.4 53.7113 -85.336
      vertex 101.4 53.7113 -86.3215
    endloop
  endfacet
  facet normal 1 -0 0
    outer loop
      vertex 101.4 53.7113 -87.4831
      vertex 101.4 56.0033 -88.4688
      vertex 101.4 56.0033 -87.4831
    endloop
  endfacet
  facet normal 1 0 0
    outer loop
      vertex 101.4 53.7113 -87.4831
      vertex 101.4 52.4059 -88.4688
      vertex 101.4 56.0033 -88.4688
    endloop
  endfacet
  facet normal 1 0 0
    outer loop
      vertex 101.4 53.7113 -86.3215
      vertex 101.4 52.4059 -88.4688
      vertex 101.4 53.7113 -87.4831
    endloop
  endfacet
  facet normal 0 -0.0486817 0.998814
    outer loop
      vertex 101.4 39.2882 -88.5602
      vertex 102 39.1692 -88.566
      vertex 102 39.2882 -88.5602
    endloop
  endfacet
  facet normal 0 -0.0486817 0.998814
    outer loop
      vertex 102 39.1692 -88.566
      vertex 101.4 39.2882 -88.5602
      vertex 101.4 39.1692 -88.566
    endloop
  endfacet
  facet normal 0 -0.0821345 0.996621
    outer loop
      vertex 101.4 39.4059 -88.5505
      vertex 102 39.2882 -88.5602
      vertex 102 39.4059 -88.5505
    endloop
  endfacet
  facet normal 0 -0.0821345 0.996621
    outer loop
      vertex 102 39.2882 -88.5602
      vertex 101.4 39.4059 -88.5505
      vertex 101.4 39.2882 -88.5602
    endloop
  endfacet
  facet normal 0 -0.116246 0.99322
    outer loop
      vertex 101.4 39.5221 -88.5369
      vertex 102 39.4059 -88.5505
      vertex 102 39.5221 -88.5369
    endloop
  endfacet
  facet normal 0 -0.116246 0.99322
    outer loop
      vertex 102 39.4059 -88.5505
      vertex 101.4 39.5221 -88.5369
      vertex 101.4 39.4059 -88.5505
    endloop
  endfacet
  facet normal 0 -0.149729 0.988727
    outer loop
      vertex 101.4 39.637 -88.5195
      vertex 102 39.5221 -88.5369
      vertex 102 39.637 -88.5195
    endloop
  endfacet
  facet normal 0 -0.149729 0.988727
    outer loop
      vertex 102 39.5221 -88.5369
      vertex 101.4 39.637 -88.5195
      vertex 101.4 39.5221 -88.5369
    endloop
  endfacet
  facet normal 0 -0.185282 0.982685
    outer loop
      vertex 101.4 39.7505 -88.4981
      vertex 102 39.637 -88.5195
      vertex 102 39.7505 -88.4981
    endloop
  endfacet
  facet normal 0 -0.185282 0.982685
    outer loop
      vertex 102 39.637 -88.5195
      vertex 101.4 39.7505 -88.4981
      vertex 101.4 39.637 -88.5195
    endloop
  endfacet
  facet normal 0 -0.219512 0.97561
    outer loop
      vertex 101.4 39.8625 -88.4729
      vertex 102 39.7505 -88.4981
      vertex 102 39.8625 -88.4729
    endloop
  endfacet
  facet normal 0 -0.219512 0.97561
    outer loop
      vertex 102 39.7505 -88.4981
      vertex 101.4 39.8625 -88.4729
      vertex 101.4 39.7505 -88.4981
    endloop
  endfacet
  facet normal 0 -0.253204 0.967413
    outer loop
      vertex 101.4 39.9733 -88.4439
      vertex 102 39.8625 -88.4729
      vertex 102 39.9733 -88.4439
    endloop
  endfacet
  facet normal 0 -0.253204 0.967413
    outer loop
      vertex 102 39.8625 -88.4729
      vertex 101.4 39.9733 -88.4439
      vertex 101.4 39.8625 -88.4729
    endloop
  endfacet
  facet normal 0 -0.286706 0.958019
    outer loop
      vertex 101.4 40.0829 -88.4111
      vertex 102 39.9733 -88.4439
      vertex 102 40.0829 -88.4111
    endloop
  endfacet
  facet normal 0 -0.286706 0.958019
    outer loop
      vertex 102 39.9733 -88.4439
      vertex 101.4 40.0829 -88.4111
      vertex 101.4 39.9733 -88.4439
    endloop
  endfacet
  facet normal 0 -0.319376 0.947628
    outer loop
      vertex 101.4 40.1912 -88.3746
      vertex 102 40.0829 -88.4111
      vertex 102 40.1912 -88.3746
    endloop
  endfacet
  facet normal 0 -0.319376 0.947628
    outer loop
      vertex 102 40.0829 -88.4111
      vertex 101.4 40.1912 -88.3746
      vertex 101.4 40.0829 -88.4111
    endloop
  endfacet
  facet normal 0 -0.352465 0.935825
    outer loop
      vertex 101.4 40.2982 -88.3343
      vertex 102 40.1912 -88.3746
      vertex 102 40.2982 -88.3343
    endloop
  endfacet
  facet normal 0 -0.352465 0.935825
    outer loop
      vertex 102 40.1912 -88.3746
      vertex 101.4 40.2982 -88.3343
      vertex 101.4 40.1912 -88.3746
    endloop
  endfacet
  facet normal 0 -0.383996 0.923335
    outer loop
      vertex 101.4 40.404 -88.2903
      vertex 102 40.2982 -88.3343
      vertex 102 40.404 -88.2903
    endloop
  endfacet
  facet normal 0 -0.383996 0.923335
    outer loop
      vertex 102 40.2982 -88.3343
      vertex 101.4 40.404 -88.2903
      vertex 101.4 40.2982 -88.3343
    endloop
  endfacet
  facet normal 0 -0.414917 0.909859
    outer loop
      vertex 101.4 40.5086 -88.2426
      vertex 102 40.404 -88.2903
      vertex 102 40.5086 -88.2426
    endloop
  endfacet
  facet normal 0 -0.414917 0.909859
    outer loop
      vertex 102 40.404 -88.2903
      vertex 101.4 40.5086 -88.2426
      vertex 101.4 40.404 -88.2903
    endloop
  endfacet
  facet normal 0 -0.446174 0.894946
    outer loop
      vertex 101.4 40.6119 -88.1911
      vertex 102 40.5086 -88.2426
      vertex 102 40.6119 -88.1911
    endloop
  endfacet
  facet normal 0 -0.446174 0.894946
    outer loop
      vertex 102 40.5086 -88.2426
      vertex 101.4 40.6119 -88.1911
      vertex 101.4 40.5086 -88.2426
    endloop
  endfacet
  facet normal 0 -1 0
    outer loop
      vertex 101.4 40.6119 -88.1911
      vertex 102 40.6119 -87.1439
      vertex 101.4 40.6119 -87.1439
    endloop
  endfacet
  facet normal 0 -1 -0
    outer loop
      vertex 102 40.6119 -87.1439
      vertex 101.4 40.6119 -88.1911
      vertex 102 40.6119 -88.1911
    endloop
  endfacet
  facet normal 0 0.548533 -0.836129
    outer loop
      vertex 101.4 40.5084 -87.2118
      vertex 102 40.6119 -87.1439
      vertex 102 40.5084 -87.2118
    endloop
  endfacet
  facet normal 0 0.548533 -0.836129
    outer loop
      vertex 102 40.6119 -87.1439
      vertex 101.4 40.5084 -87.2118
      vertex 101.4 40.6119 -87.1439
    endloop
  endfacet
  facet normal 0 0.518154 -0.855287
    outer loop
      vertex 101.4 40.4054 -87.2742
      vertex 102 40.5084 -87.2118
      vertex 102 40.4054 -87.2742
    endloop
  endfacet
  facet normal 0 0.518154 -0.855287
    outer loop
      vertex 102 40.5084 -87.2118
      vertex 101.4 40.4054 -87.2742
      vertex 101.4 40.5084 -87.2118
    endloop
  endfacet
  facet normal 0 0.486294 -0.873795
    outer loop
      vertex 101.4 40.3028 -87.3313
      vertex 102 40.4054 -87.2742
      vertex 102 40.3028 -87.3313
    endloop
  endfacet
  facet normal 0 0.486294 -0.873795
    outer loop
      vertex 102 40.4054 -87.2742
      vertex 101.4 40.3028 -87.3313
      vertex 101.4 40.4054 -87.2742
    endloop
  endfacet
  facet normal 0 0.4514 -0.892322
    outer loop
      vertex 101.4 40.2006 -87.383
      vertex 102 40.3028 -87.3313
      vertex 102 40.2006 -87.383
    endloop
  endfacet
  facet normal 0 0.4514 -0.892322
    outer loop
      vertex 102 40.3028 -87.3313
      vertex 101.4 40.2006 -87.383
      vertex 101.4 40.3028 -87.3313
    endloop
  endfacet
  facet normal 0 0.414005 -0.910275
    outer loop
      vertex 101.4 40.0988 -87.4293
      vertex 102 40.2006 -87.383
      vertex 102 40.0988 -87.4293
    endloop
  endfacet
  facet normal 0 0.414005 -0.910275
    outer loop
      vertex 102 40.2006 -87.383
      vertex 101.4 40.0988 -87.4293
      vertex 101.4 40.2006 -87.383
    endloop
  endfacet
  facet normal 0 0.37407 -0.927401
    outer loop
      vertex 101.4 39.9974 -87.4702
      vertex 102 40.0988 -87.4293
      vertex 102 39.9974 -87.4702
    endloop
  endfacet
  facet normal 0 0.37407 -0.927401
    outer loop
      vertex 102 40.0988 -87.4293
      vertex 101.4 39.9974 -87.4702
      vertex 101.4 40.0988 -87.4293
    endloop
  endfacet
  facet normal 0 0.332429 -0.943128
    outer loop
      vertex 101.4 39.8964 -87.5058
      vertex 102 39.9974 -87.4702
      vertex 102 39.8964 -87.5058
    endloop
  endfacet
  facet normal 0 0.332429 -0.943128
    outer loop
      vertex 102 39.9974 -87.4702
      vertex 101.4 39.8964 -87.5058
      vertex 101.4 39.9974 -87.4702
    endloop
  endfacet
  facet normal 0 0.287781 -0.957696
    outer loop
      vertex 101.4 39.7949 -87.5363
      vertex 102 39.8964 -87.5058
      vertex 102 39.7949 -87.5363
    endloop
  endfacet
  facet normal 0 0.287781 -0.957696
    outer loop
      vertex 102 39.8964 -87.5058
      vertex 101.4 39.7949 -87.5363
      vertex 101.4 39.8964 -87.5058
    endloop
  endfacet
  facet normal 0 0.242979 -0.970032
    outer loop
      vertex 101.4 39.6919 -87.5621
      vertex 102 39.7949 -87.5363
      vertex 102 39.6919 -87.5621
    endloop
  endfacet
  facet normal 0 0.242979 -0.970032
    outer loop
      vertex 102 39.7949 -87.5363
      vertex 101.4 39.6919 -87.5621
      vertex 101.4 39.7949 -87.5363
    endloop
  endfacet
  facet normal 0 0.19792 -0.980218
    outer loop
      vertex 101.4 39.5874 -87.5832
      vertex 102 39.6919 -87.5621
      vertex 102 39.5874 -87.5832
    endloop
  endfacet
  facet normal 0 0.19792 -0.980218
    outer loop
      vertex 102 39.6919 -87.5621
      vertex 101.4 39.5874 -87.5832
      vertex 101.4 39.6919 -87.5621
    endloop
  endfacet
  facet normal 0 0.152757 -0.988264
    outer loop
      vertex 101.4 39.4813 -87.5996
      vertex 102 39.5874 -87.5832
      vertex 102 39.4813 -87.5996
    endloop
  endfacet
  facet normal 0 0.152757 -0.988264
    outer loop
      vertex 102 39.5874 -87.5832
      vertex 101.4 39.4813 -87.5996
      vertex 101.4 39.5874 -87.5832
    endloop
  endfacet
  facet normal 0 0.109012 -0.99404
    outer loop
      vertex 101.4 39.3737 -87.6114
      vertex 102 39.4813 -87.5996
      vertex 102 39.3737 -87.6114
    endloop
  endfacet
  facet normal 0 0.109012 -0.99404
    outer loop
      vertex 102 39.4813 -87.5996
      vertex 101.4 39.3737 -87.6114
      vertex 101.4 39.4813 -87.5996
    endloop
  endfacet
  facet normal 0 0.0639713 -0.997952
    outer loop
      vertex 101.4 39.2645 -87.6184
      vertex 102 39.3737 -87.6114
      vertex 102 39.2645 -87.6184
    endloop
  endfacet
  facet normal 0 0.0639713 -0.997952
    outer loop
      vertex 102 39.3737 -87.6114
      vertex 101.4 39.2645 -87.6184
      vertex 101.4 39.3737 -87.6114
    endloop
  endfacet
  facet normal 0 0.0207912 -0.999784
    outer loop
      vertex 101.4 39.1539 -87.6207
      vertex 102 39.2645 -87.6184
      vertex 102 39.1539 -87.6207
    endloop
  endfacet
  facet normal 0 0.0207912 -0.999784
    outer loop
      vertex 102 39.2645 -87.6184
      vertex 101.4 39.1539 -87.6207
      vertex 101.4 39.2645 -87.6184
    endloop
  endfacet
  facet normal 0 -0.0469765 -0.998896
    outer loop
      vertex 101.4 38.9604 -87.6116
      vertex 102 39.1539 -87.6207
      vertex 102 38.9604 -87.6116
    endloop
  endfacet
  facet normal -0 -0.0469765 -0.998896
    outer loop
      vertex 102 39.1539 -87.6207
      vertex 101.4 38.9604 -87.6116
      vertex 101.4 39.1539 -87.6207
    endloop
  endfacet
  facet normal 0 -0.149434 -0.988772
    outer loop
      vertex 101.4 38.7791 -87.5842
      vertex 102 38.9604 -87.6116
      vertex 102 38.7791 -87.5842
    endloop
  endfacet
  facet normal -0 -0.149434 -0.988772
    outer loop
      vertex 102 38.9604 -87.6116
      vertex 101.4 38.7791 -87.5842
      vertex 101.4 38.9604 -87.6116
    endloop
  endfacet
  facet normal 0 -0.260895 -0.965367
    outer loop
      vertex 101.4 38.61 -87.5385
      vertex 102 38.7791 -87.5842
      vertex 102 38.61 -87.5385
    endloop
  endfacet
  facet normal -0 -0.260895 -0.965367
    outer loop
      vertex 102 38.7791 -87.5842
      vertex 101.4 38.61 -87.5385
      vertex 101.4 38.7791 -87.5842
    endloop
  endfacet
  facet normal 0 -0.377184 -0.926138
    outer loop
      vertex 101.4 38.4531 -87.4746
      vertex 102 38.61 -87.5385
      vertex 102 38.4531 -87.4746
    endloop
  endfacet
  facet normal -0 -0.377184 -0.926138
    outer loop
      vertex 102 38.61 -87.5385
      vertex 101.4 38.4531 -87.4746
      vertex 101.4 38.61 -87.5385
    endloop
  endfacet
  facet normal 0 -0.493679 -0.869644
    outer loop
      vertex 101.4 38.3083 -87.3924
      vertex 102 38.4531 -87.4746
      vertex 102 38.3083 -87.3924
    endloop
  endfacet
  facet normal -0 -0.493679 -0.869644
    outer loop
      vertex 102 38.4531 -87.4746
      vertex 101.4 38.3083 -87.3924
      vertex 101.4 38.4531 -87.4746
    endloop
  endfacet
  facet normal 0 -0.604321 -0.796741
    outer loop
      vertex 101.4 38.1758 -87.2919
      vertex 102 38.3083 -87.3924
      vertex 102 38.1758 -87.2919
    endloop
  endfacet
  facet normal -0 -0.604321 -0.796741
    outer loop
      vertex 102 38.3083 -87.3924
      vertex 101.4 38.1758 -87.2919
      vertex 101.4 38.3083 -87.3924
    endloop
  endfacet
  facet normal 0 -0.701766 -0.712408
    outer loop
      vertex 101.4 38.0553 -87.1732
      vertex 102 38.1758 -87.2919
      vertex 102 38.0553 -87.1732
    endloop
  endfacet
  facet normal -0 -0.701766 -0.712408
    outer loop
      vertex 102 38.1758 -87.2919
      vertex 101.4 38.0553 -87.1732
      vertex 101.4 38.1758 -87.2919
    endloop
  endfacet
  facet normal 0 -0.785569 -0.618774
    outer loop
      vertex 101.4 38.0553 -87.1732
      vertex 102 37.9492 -87.0385
      vertex 101.4 37.9492 -87.0385
    endloop
  endfacet
  facet normal 0 -0.785569 -0.618774
    outer loop
      vertex 102 37.9492 -87.0385
      vertex 101.4 38.0553 -87.1732
      vertex 102 38.0553 -87.1732
    endloop
  endfacet
  facet normal 0 -0.855708 -0.517459
    outer loop
      vertex 101.4 37.9492 -87.0385
      vertex 102 37.8594 -86.89
      vertex 101.4 37.8594 -86.89
    endloop
  endfacet
  facet normal 0 -0.855708 -0.517459
    outer loop
      vertex 102 37.8594 -86.89
      vertex 101.4 37.9492 -87.0385
      vertex 102 37.9492 -87.0385
    endloop
  endfacet
  facet normal 0 -0.910751 -0.412956
    outer loop
      vertex 101.4 37.8594 -86.89
      vertex 102 37.7859 -86.7279
      vertex 101.4 37.7859 -86.7279
    endloop
  endfacet
  facet normal 0 -0.910751 -0.412956
    outer loop
      vertex 102 37.7859 -86.7279
      vertex 101.4 37.8594 -86.89
      vertex 102 37.8594 -86.89
    endloop
  endfacet
  facet normal 0 -0.950931 -0.309404
    outer loop
      vertex 101.4 37.7859 -86.7279
      vertex 102 37.7287 -86.5521
      vertex 101.4 37.7287 -86.5521
    endloop
  endfacet
  facet normal 0 -0.950931 -0.309404
    outer loop
      vertex 102 37.7287 -86.5521
      vertex 101.4 37.7859 -86.7279
      vertex 102 37.7859 -86.7279
    endloop
  endfacet
  facet normal 0 -0.977598 -0.21048
    outer loop
      vertex 101.4 37.7287 -86.5521
      vertex 102 37.6879 -86.3626
      vertex 101.4 37.6879 -86.3626
    endloop
  endfacet
  facet normal 0 -0.977598 -0.21048
    outer loop
      vertex 102 37.6879 -86.3626
      vertex 101.4 37.7287 -86.5521
      vertex 102 37.7287 -86.5521
    endloop
  endfacet
  facet normal 0 -0.99281 -0.119704
    outer loop
      vertex 101.4 37.6879 -86.3626
      vertex 102 37.6634 -86.1594
      vertex 101.4 37.6634 -86.1594
    endloop
  endfacet
  facet normal 0 -0.99281 -0.119704
    outer loop
      vertex 102 37.6634 -86.1594
      vertex 101.4 37.6879 -86.3626
      vertex 102 37.6879 -86.3626
    endloop
  endfacet
  facet normal 0 -0.999286 -0.0377785
    outer loop
      vertex 101.4 37.6634 -86.1594
      vertex 102 37.6552 -85.9425
      vertex 101.4 37.6552 -85.9425
    endloop
  endfacet
  facet normal 0 -0.999286 -0.0377785
    outer loop
      vertex 102 37.6552 -85.9425
      vertex 101.4 37.6634 -86.1594
      vertex 102 37.6634 -86.1594
    endloop
  endfacet
  facet normal 0 -0.999293 0.0376053
    outer loop
      vertex 101.4 37.6552 -85.9425
      vertex 102 37.6634 -85.7246
      vertex 101.4 37.6634 -85.7246
    endloop
  endfacet
  facet normal 0 -0.999293 0.0376053
    outer loop
      vertex 102 37.6634 -85.7246
      vertex 101.4 37.6552 -85.9425
      vertex 102 37.6552 -85.9425
    endloop
  endfacet
  facet normal 0 -0.992865 0.119241
    outer loop
      vertex 101.4 37.6634 -85.7246
      vertex 102 37.6879 -85.5206
      vertex 101.4 37.6879 -85.5206
    endloop
  endfacet
  facet normal 0 -0.992865 0.119241
    outer loop
      vertex 102 37.6879 -85.5206
      vertex 101.4 37.6634 -85.7246
      vertex 102 37.6634 -85.7246
    endloop
  endfacet
  facet normal 0 -0.977735 0.209845
    outer loop
      vertex 101.4 37.6879 -85.5206
      vertex 102 37.7287 -85.3305
      vertex 101.4 37.7287 -85.3305
    endloop
  endfacet
  facet normal 0 -0.977735 0.209845
    outer loop
      vertex 102 37.7287 -85.3305
      vertex 101.4 37.6879 -85.5206
      vertex 102 37.6879 -85.5206
    endloop
  endfacet
  facet normal 0 -0.951189 0.30861
    outer loop
      vertex 101.4 37.7287 -85.3305
      vertex 102 37.7859 -85.1542
      vertex 101.4 37.7859 -85.1542
    endloop
  endfacet
  facet normal 0 -0.951189 0.30861
    outer loop
      vertex 102 37.7859 -85.1542
      vertex 101.4 37.7287 -85.3305
      vertex 102 37.7287 -85.3305
    endloop
  endfacet
  facet normal 0 -0.911133 0.412112
    outer loop
      vertex 101.4 37.7859 -85.1542
      vertex 102 37.8594 -84.9917
      vertex 101.4 37.8594 -84.9917
    endloop
  endfacet
  facet normal 0 -0.911133 0.412112
    outer loop
      vertex 102 37.8594 -84.9917
      vertex 101.4 37.7859 -85.1542
      vertex 102 37.7859 -85.1542
    endloop
  endfacet
  facet normal 0 -0.855862 0.517204
    outer loop
      vertex 101.4 37.8594 -84.9917
      vertex 102 37.9492 -84.8431
      vertex 101.4 37.9492 -84.8431
    endloop
  endfacet
  facet normal 0 -0.855862 0.517204
    outer loop
      vertex 102 37.9492 -84.8431
      vertex 101.4 37.8594 -84.9917
      vertex 102 37.8594 -84.9917
    endloop
  endfacet
  facet normal 0 -0.785792 0.618491
    outer loop
      vertex 101.4 37.9492 -84.8431
      vertex 102 38.0553 -84.7083
      vertex 101.4 38.0553 -84.7083
    endloop
  endfacet
  facet normal 0 -0.785792 0.618491
    outer loop
      vertex 102 38.0553 -84.7083
      vertex 101.4 37.9492 -84.8431
      vertex 102 37.9492 -84.8431
    endloop
  endfacet
  facet normal 0 -0.701766 0.712408
    outer loop
      vertex 101.4 38.1758 -84.5896
      vertex 102 38.0553 -84.7083
      vertex 102 38.1758 -84.5896
    endloop
  endfacet
  facet normal 0 -0.701766 0.712408
    outer loop
      vertex 102 38.0553 -84.7083
      vertex 101.4 38.1758 -84.5896
      vertex 101.4 38.0553 -84.7083
    endloop
  endfacet
  facet normal 0 -0.604321 0.796741
    outer loop
      vertex 101.4 38.3083 -84.4891
      vertex 102 38.1758 -84.5896
      vertex 102 38.3083 -84.4891
    endloop
  endfacet
  facet normal 0 -0.604321 0.796741
    outer loop
      vertex 102 38.1758 -84.5896
      vertex 101.4 38.3083 -84.4891
      vertex 101.4 38.1758 -84.5896
    endloop
  endfacet
  facet normal 0 -0.493679 0.869644
    outer loop
      vertex 101.4 38.4531 -84.4069
      vertex 102 38.3083 -84.4891
      vertex 102 38.4531 -84.4069
    endloop
  endfacet
  facet normal 0 -0.493679 0.869644
    outer loop
      vertex 102 38.3083 -84.4891
      vertex 101.4 38.4531 -84.4069
      vertex 101.4 38.3083 -84.4891
    endloop
  endfacet
  facet normal 0 -0.377184 0.926138
    outer loop
      vertex 101.4 38.61 -84.343
      vertex 102 38.4531 -84.4069
      vertex 102 38.61 -84.343
    endloop
  endfacet
  facet normal 0 -0.377184 0.926138
    outer loop
      vertex 102 38.4531 -84.4069
      vertex 101.4 38.61 -84.343
      vertex 101.4 38.4531 -84.4069
    endloop
  endfacet
  facet normal 0 -0.260895 0.965367
    outer loop
      vertex 101.4 38.7791 -84.2973
      vertex 102 38.61 -84.343
      vertex 102 38.7791 -84.2973
    endloop
  endfacet
  facet normal 0 -0.260895 0.965367
    outer loop
      vertex 102 38.61 -84.343
      vertex 101.4 38.7791 -84.2973
      vertex 101.4 38.61 -84.343
    endloop
  endfacet
  facet normal 0 -0.149434 0.988772
    outer loop
      vertex 101.4 38.9604 -84.2699
      vertex 102 38.7791 -84.2973
      vertex 102 38.9604 -84.2699
    endloop
  endfacet
  facet normal 0 -0.149434 0.988772
    outer loop
      vertex 102 38.7791 -84.2973
      vertex 101.4 38.9604 -84.2699
      vertex 101.4 38.7791 -84.2973
    endloop
  endfacet
  facet normal 0 -0.0469765 0.998896
    outer loop
      vertex 101.4 39.1539 -84.2608
      vertex 102 38.9604 -84.2699
      vertex 102 39.1539 -84.2608
    endloop
  endfacet
  facet normal 0 -0.0469765 0.998896
    outer loop
      vertex 102 38.9604 -84.2699
      vertex 101.4 39.1539 -84.2608
      vertex 101.4 38.9604 -84.2699
    endloop
  endfacet
  facet normal -0 0.0207912 0.999784
    outer loop
      vertex 101.4 39.2645 -84.2631
      vertex 102 39.1539 -84.2608
      vertex 102 39.2645 -84.2631
    endloop
  endfacet
  facet normal 0 0.0207912 0.999784
    outer loop
      vertex 102 39.1539 -84.2608
      vertex 101.4 39.2645 -84.2631
      vertex 101.4 39.1539 -84.2608
    endloop
  endfacet
  facet normal -0 0.0639713 0.997952
    outer loop
      vertex 101.4 39.3737 -84.2701
      vertex 102 39.2645 -84.2631
      vertex 102 39.3737 -84.2701
    endloop
  endfacet
  facet normal 0 0.0639713 0.997952
    outer loop
      vertex 102 39.2645 -84.2631
      vertex 101.4 39.3737 -84.2701
      vertex 101.4 39.2645 -84.2631
    endloop
  endfacet
  facet normal -0 0.109012 0.99404
    outer loop
      vertex 101.4 39.4813 -84.2819
      vertex 102 39.3737 -84.2701
      vertex 102 39.4813 -84.2819
    endloop
  endfacet
  facet normal 0 0.109012 0.99404
    outer loop
      vertex 102 39.3737 -84.2701
      vertex 101.4 39.4813 -84.2819
      vertex 101.4 39.3737 -84.2701
    endloop
  endfacet
  facet normal -0 0.152757 0.988264
    outer loop
      vertex 101.4 39.5874 -84.2983
      vertex 102 39.4813 -84.2819
      vertex 102 39.5874 -84.2983
    endloop
  endfacet
  facet normal 0 0.152757 0.988264
    outer loop
      vertex 102 39.4813 -84.2819
      vertex 101.4 39.5874 -84.2983
      vertex 101.4 39.4813 -84.2819
    endloop
  endfacet
  facet normal -0 0.19792 0.980218
    outer loop
      vertex 101.4 39.6919 -84.3194
      vertex 102 39.5874 -84.2983
      vertex 102 39.6919 -84.3194
    endloop
  endfacet
  facet normal 0 0.19792 0.980218
    outer loop
      vertex 102 39.5874 -84.2983
      vertex 101.4 39.6919 -84.3194
      vertex 101.4 39.5874 -84.2983
    endloop
  endfacet
  facet normal -0 0.242979 0.970032
    outer loop
      vertex 101.4 39.7949 -84.3452
      vertex 102 39.6919 -84.3194
      vertex 102 39.7949 -84.3452
    endloop
  endfacet
  facet normal 0 0.242979 0.970032
    outer loop
      vertex 102 39.6919 -84.3194
      vertex 101.4 39.7949 -84.3452
      vertex 101.4 39.6919 -84.3194
    endloop
  endfacet
  facet normal -0 0.288646 0.957436
    outer loop
      vertex 101.4 39.8964 -84.3758
      vertex 102 39.7949 -84.3452
      vertex 102 39.8964 -84.3758
    endloop
  endfacet
  facet normal 0 0.288646 0.957436
    outer loop
      vertex 102 39.7949 -84.3452
      vertex 101.4 39.8964 -84.3758
      vertex 101.4 39.7949 -84.3452
    endloop
  endfacet
  facet normal -0 0.331598 0.943421
    outer loop
      vertex 101.4 39.9974 -84.4113
      vertex 102 39.8964 -84.3758
      vertex 102 39.9974 -84.4113
    endloop
  endfacet
  facet normal 0 0.331598 0.943421
    outer loop
      vertex 102 39.8964 -84.3758
      vertex 101.4 39.9974 -84.4113
      vertex 101.4 39.8964 -84.3758
    endloop
  endfacet
  facet normal -0 0.37407 0.927401
    outer loop
      vertex 101.4 40.0988 -84.4522
      vertex 102 39.9974 -84.4113
      vertex 102 40.0988 -84.4522
    endloop
  endfacet
  facet normal 0 0.37407 0.927401
    outer loop
      vertex 102 39.9974 -84.4113
      vertex 101.4 40.0988 -84.4522
      vertex 101.4 39.9974 -84.4113
    endloop
  endfacet
  facet normal -0 0.414005 0.910275
    outer loop
      vertex 101.4 40.2006 -84.4985
      vertex 102 40.0988 -84.4522
      vertex 102 40.2006 -84.4985
    endloop
  endfacet
  facet normal 0 0.414005 0.910275
    outer loop
      vertex 102 40.0988 -84.4522
      vertex 101.4 40.2006 -84.4985
      vertex 101.4 40.0988 -84.4522
    endloop
  endfacet
  facet normal -0 0.4514 0.892322
    outer loop
      vertex 101.4 40.3028 -84.5502
      vertex 102 40.2006 -84.4985
      vertex 102 40.3028 -84.5502
    endloop
  endfacet
  facet normal 0 0.4514 0.892322
    outer loop
      vertex 102 40.2006 -84.4985
      vertex 101.4 40.3028 -84.5502
      vertex 101.4 40.2006 -84.4985
    endloop
  endfacet
  facet normal -0 0.486294 0.873795
    outer loop
      vertex 101.4 40.4054 -84.6073
      vertex 102 40.3028 -84.5502
      vertex 102 40.4054 -84.6073
    endloop
  endfacet
  facet normal 0 0.486294 0.873795
    outer loop
      vertex 102 40.3028 -84.5502
      vertex 101.4 40.4054 -84.6073
      vertex 101.4 40.3028 -84.5502
    endloop
  endfacet
  facet normal -0 0.518154 0.855287
    outer loop
      vertex 101.4 40.5084 -84.6697
      vertex 102 40.4054 -84.6073
      vertex 102 40.5084 -84.6697
    endloop
  endfacet
  facet normal 0 0.518154 0.855287
    outer loop
      vertex 102 40.4054 -84.6073
      vertex 101.4 40.5084 -84.6697
      vertex 101.4 40.4054 -84.6073
    endloop
  endfacet
  facet normal -0 0.548533 0.836129
    outer loop
      vertex 101.4 40.6119 -84.7376
      vertex 102 40.5084 -84.6697
      vertex 102 40.6119 -84.7376
    endloop
  endfacet
  facet normal 0 0.548533 0.836129
    outer loop
      vertex 102 40.5084 -84.6697
      vertex 101.4 40.6119 -84.7376
      vertex 101.4 40.5084 -84.6697
    endloop
  endfacet
  facet normal 0 -1 0
    outer loop
      vertex 101.4 40.6119 -84.7376
      vertex 102 40.6119 -83.6904
      vertex 101.4 40.6119 -83.6904
    endloop
  endfacet
  facet normal 0 -1 -0
    outer loop
      vertex 102 40.6119 -83.6904
      vertex 101.4 40.6119 -84.7376
      vertex 102 40.6119 -84.7376
    endloop
  endfacet
  facet normal 0 -0.446174 -0.894946
    outer loop
      vertex 101.4 40.5086 -83.6389
      vertex 102 40.6119 -83.6904
      vertex 102 40.5086 -83.6389
    endloop
  endfacet
  facet normal -0 -0.446174 -0.894946
    outer loop
      vertex 102 40.6119 -83.6904
      vertex 101.4 40.5086 -83.6389
      vertex 101.4 40.6119 -83.6904
    endloop
  endfacet
  facet normal 0 -0.414917 -0.909859
    outer loop
      vertex 101.4 40.404 -83.5912
      vertex 102 40.5086 -83.6389
      vertex 102 40.404 -83.5912
    endloop
  endfacet
  facet normal -0 -0.414917 -0.909859
    outer loop
      vertex 102 40.5086 -83.6389
      vertex 101.4 40.404 -83.5912
      vertex 101.4 40.5086 -83.6389
    endloop
  endfacet
  facet normal 0 -0.383996 -0.923335
    outer loop
      vertex 101.4 40.2982 -83.5472
      vertex 102 40.404 -83.5912
      vertex 102 40.2982 -83.5472
    endloop
  endfacet
  facet normal -0 -0.383996 -0.923335
    outer loop
      vertex 102 40.404 -83.5912
      vertex 101.4 40.2982 -83.5472
      vertex 101.4 40.404 -83.5912
    endloop
  endfacet
  facet normal 0 -0.352465 -0.935825
    outer loop
      vertex 101.4 40.1912 -83.5069
      vertex 102 40.2982 -83.5472
      vertex 102 40.1912 -83.5069
    endloop
  endfacet
  facet normal -0 -0.352465 -0.935825
    outer loop
      vertex 102 40.2982 -83.5472
      vertex 101.4 40.1912 -83.5069
      vertex 101.4 40.2982 -83.5472
    endloop
  endfacet
  facet normal 0 -0.319376 -0.947628
    outer loop
      vertex 101.4 40.0829 -83.4704
      vertex 102 40.1912 -83.5069
      vertex 102 40.0829 -83.4704
    endloop
  endfacet
  facet normal -0 -0.319376 -0.947628
    outer loop
      vertex 102 40.1912 -83.5069
      vertex 101.4 40.0829 -83.4704
      vertex 101.4 40.1912 -83.5069
    endloop
  endfacet
  facet normal 0 -0.286706 -0.958019
    outer loop
      vertex 101.4 39.9733 -83.4376
      vertex 102 40.0829 -83.4704
      vertex 102 39.9733 -83.4376
    endloop
  endfacet
  facet normal -0 -0.286706 -0.958019
    outer loop
      vertex 102 40.0829 -83.4704
      vertex 101.4 39.9733 -83.4376
      vertex 101.4 40.0829 -83.4704
    endloop
  endfacet
  facet normal 0 -0.253204 -0.967413
    outer loop
      vertex 101.4 39.8625 -83.4086
      vertex 102 39.9733 -83.4376
      vertex 102 39.8625 -83.4086
    endloop
  endfacet
  facet normal -0 -0.253204 -0.967413
    outer loop
      vertex 102 39.9733 -83.4376
      vertex 101.4 39.8625 -83.4086
      vertex 101.4 39.9733 -83.4376
    endloop
  endfacet
  facet normal 0 -0.219512 -0.97561
    outer loop
      vertex 101.4 39.7505 -83.3834
      vertex 102 39.8625 -83.4086
      vertex 102 39.7505 -83.3834
    endloop
  endfacet
  facet normal -0 -0.219512 -0.97561
    outer loop
      vertex 102 39.8625 -83.4086
      vertex 101.4 39.7505 -83.3834
      vertex 101.4 39.8625 -83.4086
    endloop
  endfacet
  facet normal 0 -0.185282 -0.982685
    outer loop
      vertex 101.4 39.637 -83.362
      vertex 102 39.7505 -83.3834
      vertex 102 39.637 -83.362
    endloop
  endfacet
  facet normal -0 -0.185282 -0.982685
    outer loop
      vertex 102 39.7505 -83.3834
      vertex 101.4 39.637 -83.362
      vertex 101.4 39.7505 -83.3834
    endloop
  endfacet
  facet normal 0 -0.149729 -0.988727
    outer loop
      vertex 101.4 39.5221 -83.3446
      vertex 102 39.637 -83.362
      vertex 102 39.5221 -83.3446
    endloop
  endfacet
  facet normal -0 -0.149729 -0.988727
    outer loop
      vertex 102 39.637 -83.362
      vertex 101.4 39.5221 -83.3446
      vertex 101.4 39.637 -83.362
    endloop
  endfacet
  facet normal 0 -0.116246 -0.99322
    outer loop
      vertex 101.4 39.4059 -83.331
      vertex 102 39.5221 -83.3446
      vertex 102 39.4059 -83.331
    endloop
  endfacet
  facet normal -0 -0.116246 -0.99322
    outer loop
      vertex 102 39.5221 -83.3446
      vertex 101.4 39.4059 -83.331
      vertex 101.4 39.5221 -83.3446
    endloop
  endfacet
  facet normal 0 -0.0821345 -0.996621
    outer loop
      vertex 101.4 39.2882 -83.3213
      vertex 102 39.4059 -83.331
      vertex 102 39.2882 -83.3213
    endloop
  endfacet
  facet normal -0 -0.0821345 -0.996621
    outer loop
      vertex 102 39.4059 -83.331
      vertex 101.4 39.2882 -83.3213
      vertex 101.4 39.4059 -83.331
    endloop
  endfacet
  facet normal 0 -0.0486817 -0.998814
    outer loop
      vertex 101.4 39.1692 -83.3155
      vertex 102 39.2882 -83.3213
      vertex 102 39.1692 -83.3155
    endloop
  endfacet
  facet normal -0 -0.0486817 -0.998814
    outer loop
      vertex 102 39.2882 -83.3213
      vertex 101.4 39.1692 -83.3155
      vertex 101.4 39.2882 -83.3213
    endloop
  endfacet
  facet normal 0 -0.0157788 -0.999876
    outer loop
      vertex 101.4 39.0488 -83.3136
      vertex 102 39.1692 -83.3155
      vertex 102 39.0488 -83.3136
    endloop
  endfacet
  facet normal -0 -0.0157788 -0.999876
    outer loop
      vertex 102 39.1692 -83.3155
      vertex 101.4 39.0488 -83.3136
      vertex 101.4 39.1692 -83.3155
    endloop
  endfacet
  facet normal 0 0.0410378 -0.999158
    outer loop
      vertex 101.4 38.6982 -83.328
      vertex 102 39.0488 -83.3136
      vertex 102 38.6982 -83.328
    endloop
  endfacet
  facet normal 0 0.0410378 -0.999158
    outer loop
      vertex 102 39.0488 -83.3136
      vertex 101.4 38.6982 -83.328
      vertex 101.4 39.0488 -83.3136
    endloop
  endfacet
  facet normal 0 0.130408 -0.99146
    outer loop
      vertex 101.4 38.369 -83.3713
      vertex 102 38.6982 -83.328
      vertex 102 38.369 -83.3713
    endloop
  endfacet
  facet normal 0 0.130408 -0.99146
    outer loop
      vertex 102 38.6982 -83.328
      vertex 101.4 38.369 -83.3713
      vertex 101.4 38.6982 -83.328
    endloop
  endfacet
  facet normal 0 0.22844 -0.973558
    outer loop
      vertex 101.4 38.0613 -83.4435
      vertex 102 38.369 -83.3713
      vertex 102 38.0613 -83.4435
    endloop
  endfacet
  facet normal 0 0.22844 -0.973558
    outer loop
      vertex 102 38.369 -83.3713
      vertex 101.4 38.0613 -83.4435
      vertex 101.4 38.369 -83.3713
    endloop
  endfacet
  facet normal 0 0.332682 -0.943039
    outer loop
      vertex 101.4 37.775 -83.5445
      vertex 102 38.0613 -83.4435
      vertex 102 37.775 -83.5445
    endloop
  endfacet
  facet normal 0 0.332682 -0.943039
    outer loop
      vertex 102 38.0613 -83.4435
      vertex 101.4 37.775 -83.5445
      vertex 101.4 38.0613 -83.4435
    endloop
  endfacet
  facet normal 0 0.44042 -0.897792
    outer loop
      vertex 101.4 37.5102 -83.6744
      vertex 102 37.775 -83.5445
      vertex 102 37.5102 -83.6744
    endloop
  endfacet
  facet normal 0 0.44042 -0.897792
    outer loop
      vertex 102 37.775 -83.5445
      vertex 101.4 37.5102 -83.6744
      vertex 101.4 37.775 -83.5445
    endloop
  endfacet
  facet normal 0 0.546572 -0.837412
    outer loop
      vertex 101.4 37.2669 -83.8332
      vertex 102 37.5102 -83.6744
      vertex 102 37.2669 -83.8332
    endloop
  endfacet
  facet normal 0 0.546572 -0.837412
    outer loop
      vertex 102 37.5102 -83.6744
      vertex 101.4 37.2669 -83.8332
      vertex 101.4 37.5102 -83.6744
    endloop
  endfacet
  facet normal 0 0.645449 -0.763804
    outer loop
      vertex 101.4 37.0449 -84.0208
      vertex 102 37.2669 -83.8332
      vertex 102 37.0449 -84.0208
    endloop
  endfacet
  facet normal 0 0.645449 -0.763804
    outer loop
      vertex 102 37.2669 -83.8332
      vertex 101.4 37.0449 -84.0208
      vertex 101.4 37.2669 -83.8332
    endloop
  endfacet
  facet normal 0 0.734737 -0.678352
    outer loop
      vertex 102 36.8488 -84.2332
      vertex 101.4 37.0449 -84.0208
      vertex 102 37.0449 -84.0208
    endloop
  endfacet
  facet normal 0 0.734737 -0.678352
    outer loop
      vertex 101.4 37.0449 -84.0208
      vertex 102 36.8488 -84.2332
      vertex 101.4 36.8488 -84.2332
    endloop
  endfacet
  facet normal 0 0.814842 -0.579684
    outer loop
      vertex 102 36.6829 -84.4664
      vertex 101.4 36.8488 -84.2332
      vertex 102 36.8488 -84.2332
    endloop
  endfacet
  facet normal 0 0.814842 -0.579684
    outer loop
      vertex 101.4 36.8488 -84.2332
      vertex 102 36.6829 -84.4664
      vertex 101.4 36.6829 -84.4664
    endloop
  endfacet
  facet normal 0 0.881717 -0.471778
    outer loop
      vertex 102 36.5471 -84.7202
      vertex 101.4 36.6829 -84.4664
      vertex 102 36.6829 -84.4664
    endloop
  endfacet
  facet normal 0 0.881717 -0.471778
    outer loop
      vertex 101.4 36.6829 -84.4664
      vertex 102 36.5471 -84.7202
      vertex 101.4 36.5471 -84.7202
    endloop
  endfacet
  facet normal 0 0.933433 -0.358751
    outer loop
      vertex 102 36.4416 -84.9947
      vertex 101.4 36.5471 -84.7202
      vertex 102 36.5471 -84.7202
    endloop
  endfacet
  facet normal 0 0.933433 -0.358751
    outer loop
      vertex 101.4 36.5471 -84.7202
      vertex 102 36.4416 -84.9947
      vertex 101.4 36.4416 -84.9947
    endloop
  endfacet
  facet normal 0 0.968816 -0.247783
    outer loop
      vertex 102 36.3661 -85.2899
      vertex 101.4 36.4416 -84.9947
      vertex 102 36.4416 -84.9947
    endloop
  endfacet
  facet normal 0 0.968816 -0.247783
    outer loop
      vertex 101.4 36.4416 -84.9947
      vertex 102 36.3661 -85.2899
      vertex 101.4 36.3661 -85.2899
    endloop
  endfacet
  facet normal 0 0.989918 -0.141641
    outer loop
      vertex 102 36.3209 -85.6058
      vertex 101.4 36.3661 -85.2899
      vertex 102 36.3661 -85.2899
    endloop
  endfacet
  facet normal 0 0.989918 -0.141641
    outer loop
      vertex 101.4 36.3661 -85.2899
      vertex 102 36.3209 -85.6058
      vertex 101.4 36.3209 -85.6058
    endloop
  endfacet
  facet normal 0 0.998996 -0.044802
    outer loop
      vertex 102 36.3058 -85.9425
      vertex 101.4 36.3209 -85.6058
      vertex 102 36.3209 -85.6058
    endloop
  endfacet
  facet normal 0 0.998996 -0.044802
    outer loop
      vertex 101.4 36.3209 -85.6058
      vertex 102 36.3058 -85.9425
      vertex 101.4 36.3058 -85.9425
    endloop
  endfacet
  facet normal 0 0.99899 0.0449352
    outer loop
      vertex 102 36.3209 -86.2782
      vertex 101.4 36.3058 -85.9425
      vertex 102 36.3058 -85.9425
    endloop
  endfacet
  facet normal 0 0.99899 0.0449352
    outer loop
      vertex 101.4 36.3058 -85.9425
      vertex 102 36.3209 -86.2782
      vertex 101.4 36.3209 -86.2782
    endloop
  endfacet
  facet normal 0 0.989868 0.141993
    outer loop
      vertex 102 36.3661 -86.5933
      vertex 101.4 36.3209 -86.2782
      vertex 102 36.3209 -86.2782
    endloop
  endfacet
  facet normal 0 0.989868 0.141993
    outer loop
      vertex 101.4 36.3209 -86.2782
      vertex 102 36.3661 -86.5933
      vertex 101.4 36.3661 -86.5933
    endloop
  endfacet
  facet normal 0 0.968694 0.248257
    outer loop
      vertex 102 36.4416 -86.8879
      vertex 101.4 36.3661 -86.5933
      vertex 102 36.3661 -86.5933
    endloop
  endfacet
  facet normal 0 0.968694 0.248257
    outer loop
      vertex 101.4 36.3661 -86.5933
      vertex 102 36.4416 -86.8879
      vertex 101.4 36.4416 -86.8879
    endloop
  endfacet
  facet normal 0 0.933258 0.359207
    outer loop
      vertex 102 36.5471 -87.162
      vertex 101.4 36.4416 -86.8879
      vertex 102 36.4416 -86.8879
    endloop
  endfacet
  facet normal 0 0.933258 0.359207
    outer loop
      vertex 101.4 36.4416 -86.8879
      vertex 102 36.5471 -87.162
      vertex 101.4 36.5471 -87.162
    endloop
  endfacet
  facet normal 0 0.881408 0.472357
    outer loop
      vertex 102 36.6829 -87.4154
      vertex 101.4 36.5471 -87.162
      vertex 102 36.5471 -87.162
    endloop
  endfacet
  facet normal 0 0.881408 0.472357
    outer loop
      vertex 101.4 36.5471 -87.162
      vertex 102 36.6829 -87.4154
      vertex 101.4 36.6829 -87.4154
    endloop
  endfacet
  facet normal 0 0.814489 0.580179
    outer loop
      vertex 102 36.8488 -87.6483
      vertex 101.4 36.6829 -87.4154
      vertex 102 36.6829 -87.4154
    endloop
  endfacet
  facet normal 0 0.814489 0.580179
    outer loop
      vertex 101.4 36.6829 -87.4154
      vertex 102 36.8488 -87.6483
      vertex 101.4 36.8488 -87.6483
    endloop
  endfacet
  facet normal 0 0.734737 0.678352
    outer loop
      vertex 102 37.0449 -87.8607
      vertex 101.4 36.8488 -87.6483
      vertex 102 36.8488 -87.6483
    endloop
  endfacet
  facet normal 0 0.734737 0.678352
    outer loop
      vertex 101.4 36.8488 -87.6483
      vertex 102 37.0449 -87.8607
      vertex 101.4 37.0449 -87.8607
    endloop
  endfacet
  facet normal -0 0.645449 0.763804
    outer loop
      vertex 101.4 37.2669 -88.0483
      vertex 102 37.0449 -87.8607
      vertex 102 37.2669 -88.0483
    endloop
  endfacet
  facet normal 0 0.645449 0.763804
    outer loop
      vertex 102 37.0449 -87.8607
      vertex 101.4 37.2669 -88.0483
      vertex 101.4 37.0449 -87.8607
    endloop
  endfacet
  facet normal -0 0.546572 0.837412
    outer loop
      vertex 101.4 37.5102 -88.2071
      vertex 102 37.2669 -88.0483
      vertex 102 37.5102 -88.2071
    endloop
  endfacet
  facet normal 0 0.546572 0.837412
    outer loop
      vertex 102 37.2669 -88.0483
      vertex 101.4 37.5102 -88.2071
      vertex 101.4 37.2669 -88.0483
    endloop
  endfacet
  facet normal -0 0.44042 0.897792
    outer loop
      vertex 101.4 37.775 -88.337
      vertex 102 37.5102 -88.2071
      vertex 102 37.775 -88.337
    endloop
  endfacet
  facet normal 0 0.44042 0.897792
    outer loop
      vertex 102 37.5102 -88.2071
      vertex 101.4 37.775 -88.337
      vertex 101.4 37.5102 -88.2071
    endloop
  endfacet
  facet normal -0 0.332682 0.943039
    outer loop
      vertex 101.4 38.0613 -88.438
      vertex 102 37.775 -88.337
      vertex 102 38.0613 -88.438
    endloop
  endfacet
  facet normal 0 0.332682 0.943039
    outer loop
      vertex 102 37.775 -88.337
      vertex 101.4 38.0613 -88.438
      vertex 101.4 37.775 -88.337
    endloop
  endfacet
  facet normal -0 0.22844 0.973558
    outer loop
      vertex 101.4 38.369 -88.5102
      vertex 102 38.0613 -88.438
      vertex 102 38.369 -88.5102
    endloop
  endfacet
  facet normal 0 0.22844 0.973558
    outer loop
      vertex 102 38.0613 -88.438
      vertex 101.4 38.369 -88.5102
      vertex 101.4 38.0613 -88.438
    endloop
  endfacet
  facet normal -0 0.130408 0.99146
    outer loop
      vertex 101.4 38.6982 -88.5535
      vertex 102 38.369 -88.5102
      vertex 102 38.6982 -88.5535
    endloop
  endfacet
  facet normal 0 0.130408 0.99146
    outer loop
      vertex 102 38.369 -88.5102
      vertex 101.4 38.6982 -88.5535
      vertex 101.4 38.369 -88.5102
    endloop
  endfacet
  facet normal -0 0.0410378 0.999158
    outer loop
      vertex 101.4 39.0488 -88.5679
      vertex 102 38.6982 -88.5535
      vertex 102 39.0488 -88.5679
    endloop
  endfacet
  facet normal 0 0.0410378 0.999158
    outer loop
      vertex 102 38.6982 -88.5535
      vertex 101.4 39.0488 -88.5679
      vertex 101.4 38.6982 -88.5535
    endloop
  endfacet
  facet normal 0 -0.0157788 0.999876
    outer loop
      vertex 101.4 39.1692 -88.566
      vertex 102 39.0488 -88.5679
      vertex 102 39.1692 -88.566
    endloop
  endfacet
  facet normal 0 -0.0157788 0.999876
    outer loop
      vertex 102 39.0488 -88.5679
      vertex 101.4 39.1692 -88.566
      vertex 101.4 39.0488 -88.5679
    endloop
  endfacet
  facet normal 0 -0.134093 0.990969
    outer loop
      vertex 101.4 44.5411 -88.5109
      vertex 102 44.2248 -88.5537
      vertex 102 44.5411 -88.5109
    endloop
  endfacet
  facet normal 0 -0.134093 0.990969
    outer loop
      vertex 102 44.2248 -88.5537
      vertex 101.4 44.5411 -88.5109
      vertex 101.4 44.2248 -88.5537
    endloop
  endfacet
  facet normal 0 -0.235081 0.971976
    outer loop
      vertex 101.4 44.8359 -88.4396
      vertex 102 44.5411 -88.5109
      vertex 102 44.8359 -88.4396
    endloop
  endfacet
  facet normal 0 -0.235081 0.971976
    outer loop
      vertex 102 44.5411 -88.5109
      vertex 101.4 44.8359 -88.4396
      vertex 101.4 44.5411 -88.5109
    endloop
  endfacet
  facet normal 0 -0.343123 0.93929
    outer loop
      vertex 101.4 45.1091 -88.3398
      vertex 102 44.8359 -88.4396
      vertex 102 45.1091 -88.3398
    endloop
  endfacet
  facet normal 0 -0.343123 0.93929
    outer loop
      vertex 102 44.8359 -88.4396
      vertex 101.4 45.1091 -88.3398
      vertex 101.4 44.8359 -88.4396
    endloop
  endfacet
  facet normal 0 -0.454562 0.890715
    outer loop
      vertex 101.4 45.3607 -88.2114
      vertex 102 45.1091 -88.3398
      vertex 102 45.3607 -88.2114
    endloop
  endfacet
  facet normal 0 -0.454562 0.890715
    outer loop
      vertex 102 45.1091 -88.3398
      vertex 101.4 45.3607 -88.2114
      vertex 101.4 45.1091 -88.3398
    endloop
  endfacet
  facet normal 0 -0.563292 0.826258
    outer loop
      vertex 101.4 45.5907 -88.0546
      vertex 102 45.3607 -88.2114
      vertex 102 45.5907 -88.0546
    endloop
  endfacet
  facet normal 0 -0.563292 0.826258
    outer loop
      vertex 102 45.3607 -88.2114
      vertex 101.4 45.5907 -88.0546
      vertex 101.4 45.3607 -88.2114
    endloop
  endfacet
  facet normal 0 -0.664675 0.747132
    outer loop
      vertex 101.4 45.7991 -87.8692
      vertex 102 45.5907 -88.0546
      vertex 102 45.7991 -87.8692
    endloop
  endfacet
  facet normal 0 -0.664675 0.747132
    outer loop
      vertex 102 45.5907 -88.0546
      vertex 101.4 45.7991 -87.8692
      vertex 101.4 45.5907 -88.0546
    endloop
  endfacet
  facet normal 0 -0.753795 0.657109
    outer loop
      vertex 101.4 45.7991 -87.8692
      vertex 102 45.9826 -87.6587
      vertex 101.4 45.9826 -87.6587
    endloop
  endfacet
  facet normal 0 -0.753795 0.657109
    outer loop
      vertex 102 45.9826 -87.6587
      vertex 101.4 45.7991 -87.8692
      vertex 102 45.7991 -87.8692
    endloop
  endfacet
  facet normal 0 -0.831002 0.55627
    outer loop
      vertex 101.4 45.9826 -87.6587
      vertex 102 46.1379 -87.4267
      vertex 101.4 46.1379 -87.4267
    endloop
  endfacet
  facet normal 0 -0.831002 0.55627
    outer loop
      vertex 102 46.1379 -87.4267
      vertex 101.4 45.9826 -87.6587
      vertex 102 45.9826 -87.6587
    endloop
  endfacet
  facet normal 0 -0.894216 0.447637
    outer loop
      vertex 101.4 46.1379 -87.4267
      vertex 102 46.2649 -87.173
      vertex 101.4 46.2649 -87.173
    endloop
  endfacet
  facet normal 0 -0.894216 0.447637
    outer loop
      vertex 102 46.2649 -87.173
      vertex 101.4 46.1379 -87.4267
      vertex 102 46.1379 -87.4267
    endloop
  endfacet
  facet normal 0 -0.941184 0.337896
    outer loop
      vertex 101.4 46.2649 -87.173
      vertex 102 46.3637 -86.8978
      vertex 101.4 46.3637 -86.8978
    endloop
  endfacet
  facet normal 0 -0.941184 0.337896
    outer loop
      vertex 102 46.3637 -86.8978
      vertex 101.4 46.2649 -87.173
      vertex 102 46.2649 -87.173
    endloop
  endfacet
  facet normal 0 -0.972873 0.23134
    outer loop
      vertex 101.4 46.3637 -86.8978
      vertex 102 46.4343 -86.6009
      vertex 101.4 46.4343 -86.6009
    endloop
  endfacet
  facet normal 0 -0.972873 0.23134
    outer loop
      vertex 102 46.4343 -86.6009
      vertex 101.4 46.3637 -86.8978
      vertex 102 46.3637 -86.8978
    endloop
  endfacet
  facet normal 0 -0.99125 0.132001
    outer loop
      vertex 101.4 46.4343 -86.6009
      vertex 102 46.4767 -86.2825
      vertex 101.4 46.4767 -86.2825
    endloop
  endfacet
  facet normal 0 -0.99125 0.132001
    outer loop
      vertex 102 46.4767 -86.2825
      vertex 101.4 46.4343 -86.6009
      vertex 102 46.4343 -86.6009
    endloop
  endfacet
  facet normal 0 -0.999141 0.041435
    outer loop
      vertex 101.4 46.4767 -86.2825
      vertex 102 46.4908 -85.9425
      vertex 101.4 46.4908 -85.9425
    endloop
  endfacet
  facet normal 0 -0.999141 0.041435
    outer loop
      vertex 102 46.4908 -85.9425
      vertex 101.4 46.4767 -86.2825
      vertex 102 46.4767 -86.2825
    endloop
  endfacet
  facet normal 0 -0.999146 -0.0413137
    outer loop
      vertex 101.4 46.4908 -85.9425
      vertex 102 46.4767 -85.6015
      vertex 101.4 46.4767 -85.6015
    endloop
  endfacet
  facet normal 0 -0.999146 -0.0413137
    outer loop
      vertex 102 46.4767 -85.6015
      vertex 101.4 46.4908 -85.9425
      vertex 102 46.4908 -85.9425
    endloop
  endfacet
  facet normal 0 -0.991293 -0.131675
    outer loop
      vertex 101.4 46.4767 -85.6015
      vertex 102 46.4343 -85.2823
      vertex 101.4 46.4343 -85.2823
    endloop
  endfacet
  facet normal 0 -0.991293 -0.131675
    outer loop
      vertex 102 46.4343 -85.2823
      vertex 101.4 46.4767 -85.6015
      vertex 102 46.4767 -85.6015
    endloop
  endfacet
  facet normal 0 -0.972978 -0.230898
    outer loop
      vertex 101.4 46.4343 -85.2823
      vertex 102 46.3637 -84.9848
      vertex 101.4 46.3637 -84.9848
    endloop
  endfacet
  facet normal 0 -0.972978 -0.230898
    outer loop
      vertex 102 46.3637 -84.9848
      vertex 101.4 46.4343 -85.2823
      vertex 102 46.4343 -85.2823
    endloop
  endfacet
  facet normal 0 -0.941378 -0.337353
    outer loop
      vertex 101.4 46.3637 -84.9848
      vertex 102 46.2649 -84.7091
      vertex 101.4 46.2649 -84.7091
    endloop
  endfacet
  facet normal 0 -0.941378 -0.337353
    outer loop
      vertex 102 46.2649 -84.7091
      vertex 101.4 46.3637 -84.9848
      vertex 102 46.3637 -84.9848
    endloop
  endfacet
  facet normal 0 -0.894427 -0.447214
    outer loop
      vertex 101.4 46.2649 -84.7091
      vertex 102 46.1379 -84.4551
      vertex 101.4 46.1379 -84.4551
    endloop
  endfacet
  facet normal 0 -0.894427 -0.447214
    outer loop
      vertex 102 46.1379 -84.4551
      vertex 101.4 46.2649 -84.7091
      vertex 102 46.2649 -84.7091
    endloop
  endfacet
  facet normal 0 -0.831223 -0.555939
    outer loop
      vertex 101.4 46.1379 -84.4551
      vertex 102 45.9826 -84.2229
      vertex 101.4 45.9826 -84.2229
    endloop
  endfacet
  facet normal 0 -0.831223 -0.555939
    outer loop
      vertex 102 45.9826 -84.2229
      vertex 101.4 46.1379 -84.4551
      vertex 102 46.1379 -84.4551
    endloop
  endfacet
  facet normal 0 -0.753795 -0.657109
    outer loop
      vertex 101.4 45.9826 -84.2229
      vertex 102 45.7991 -84.0124
      vertex 101.4 45.7991 -84.0124
    endloop
  endfacet
  facet normal 0 -0.753795 -0.657109
    outer loop
      vertex 102 45.7991 -84.0124
      vertex 101.4 45.9826 -84.2229
      vertex 102 45.9826 -84.2229
    endloop
  endfacet
  facet normal 0 -0.664675 -0.747132
    outer loop
      vertex 101.4 45.5907 -83.827
      vertex 102 45.7991 -84.0124
      vertex 102 45.5907 -83.827
    endloop
  endfacet
  facet normal -0 -0.664675 -0.747132
    outer loop
      vertex 102 45.7991 -84.0124
      vertex 101.4 45.5907 -83.827
      vertex 101.4 45.7991 -84.0124
    endloop
  endfacet
  facet normal 0 -0.563537 -0.826091
    outer loop
      vertex 101.4 45.3607 -83.6701
      vertex 102 45.5907 -83.827
      vertex 102 45.3607 -83.6701
    endloop
  endfacet
  facet normal -0 -0.563537 -0.826091
    outer loop
      vertex 102 45.5907 -83.827
      vertex 101.4 45.3607 -83.6701
      vertex 101.4 45.5907 -83.827
    endloop
  endfacet
  facet normal 0 -0.454562 -0.890715
    outer loop
      vertex 101.4 45.1091 -83.5417
      vertex 102 45.3607 -83.6701
      vertex 102 45.1091 -83.5417
    endloop
  endfacet
  facet normal -0 -0.454562 -0.890715
    outer loop
      vertex 102 45.3607 -83.6701
      vertex 101.4 45.1091 -83.5417
      vertex 101.4 45.3607 -83.6701
    endloop
  endfacet
  facet normal 0 -0.343123 -0.93929
    outer loop
      vertex 101.4 44.8359 -83.4419
      vertex 102 45.1091 -83.5417
      vertex 102 44.8359 -83.4419
    endloop
  endfacet
  facet normal -0 -0.343123 -0.93929
    outer loop
      vertex 102 45.1091 -83.5417
      vertex 101.4 44.8359 -83.4419
      vertex 101.4 45.1091 -83.5417
    endloop
  endfacet
  facet normal 0 -0.235081 -0.971976
    outer loop
      vertex 101.4 44.5411 -83.3706
      vertex 102 44.8359 -83.4419
      vertex 102 44.5411 -83.3706
    endloop
  endfacet
  facet normal -0 -0.235081 -0.971976
    outer loop
      vertex 102 44.8359 -83.4419
      vertex 101.4 44.5411 -83.3706
      vertex 101.4 44.8359 -83.4419
    endloop
  endfacet
  facet normal 0 -0.134093 -0.990969
    outer loop
      vertex 101.4 44.2248 -83.3278
      vertex 102 44.5411 -83.3706
      vertex 102 44.2248 -83.3278
    endloop
  endfacet
  facet normal -0 -0.134093 -0.990969
    outer loop
      vertex 102 44.5411 -83.3706
      vertex 101.4 44.2248 -83.3278
      vertex 101.4 44.5411 -83.3706
    endloop
  endfacet
  facet normal 0 -0.0419748 -0.999119
    outer loop
      vertex 101.4 43.8868 -83.3136
      vertex 102 44.2248 -83.3278
      vertex 102 43.8868 -83.3136
    endloop
  endfacet
  facet normal -0 -0.0419748 -0.999119
    outer loop
      vertex 102 44.2248 -83.3278
      vertex 101.4 43.8868 -83.3136
      vertex 101.4 44.2248 -83.3278
    endloop
  endfacet
  facet normal 0 0.0420867 -0.999114
    outer loop
      vertex 101.4 43.5497 -83.3278
      vertex 102 43.8868 -83.3136
      vertex 102 43.5497 -83.3278
    endloop
  endfacet
  facet normal 0 0.0420867 -0.999114
    outer loop
      vertex 102 43.8868 -83.3136
      vertex 101.4 43.5497 -83.3278
      vertex 101.4 43.8868 -83.3136
    endloop
  endfacet
  facet normal 0 0.134343 -0.990935
    outer loop
      vertex 101.4 43.234 -83.3706
      vertex 102 43.5497 -83.3278
      vertex 102 43.234 -83.3706
    endloop
  endfacet
  facet normal 0 0.134343 -0.990935
    outer loop
      vertex 102 43.5497 -83.3278
      vertex 101.4 43.234 -83.3706
      vertex 101.4 43.5497 -83.3278
    endloop
  endfacet
  facet normal 0 0.235458 -0.971884
    outer loop
      vertex 101.4 42.9397 -83.4419
      vertex 102 43.234 -83.3706
      vertex 102 42.9397 -83.4419
    endloop
  endfacet
  facet normal 0 0.235458 -0.971884
    outer loop
      vertex 102 43.234 -83.3706
      vertex 101.4 42.9397 -83.4419
      vertex 101.4 43.234 -83.3706
    endloop
  endfacet
  facet normal 0 0.343345 -0.939209
    outer loop
      vertex 101.4 42.6667 -83.5417
      vertex 102 42.9397 -83.4419
      vertex 102 42.6667 -83.5417
    endloop
  endfacet
  facet normal 0 0.343345 -0.939209
    outer loop
      vertex 102 42.9397 -83.4419
      vertex 101.4 42.6667 -83.5417
      vertex 101.4 42.9397 -83.4419
    endloop
  endfacet
  facet normal 0 0.454562 -0.890715
    outer loop
      vertex 101.4 42.4151 -83.6701
      vertex 102 42.6667 -83.5417
      vertex 102 42.4151 -83.6701
    endloop
  endfacet
  facet normal 0 0.454562 -0.890715
    outer loop
      vertex 102 42.6667 -83.5417
      vertex 101.4 42.4151 -83.6701
      vertex 101.4 42.6667 -83.5417
    endloop
  endfacet
  facet normal 0 0.56337 -0.826205
    outer loop
      vertex 101.4 42.185 -83.827
      vertex 102 42.4151 -83.6701
      vertex 102 42.185 -83.827
    endloop
  endfacet
  facet normal 0 0.56337 -0.826205
    outer loop
      vertex 102 42.4151 -83.6701
      vertex 101.4 42.185 -83.827
      vertex 101.4 42.4151 -83.6701
    endloop
  endfacet
  facet normal 0 0.663964 -0.747765
    outer loop
      vertex 101.4 41.9762 -84.0124
      vertex 102 42.185 -83.827
      vertex 102 41.9762 -84.0124
    endloop
  endfacet
  facet normal 0 0.663964 -0.747765
    outer loop
      vertex 102 42.185 -83.827
      vertex 101.4 41.9762 -84.0124
      vertex 101.4 42.185 -83.827
    endloop
  endfacet
  facet normal 0 0.752909 -0.658125
    outer loop
      vertex 102 41.7922 -84.2229
      vertex 101.4 41.9762 -84.0124
      vertex 102 41.9762 -84.0124
    endloop
  endfacet
  facet normal 0 0.752909 -0.658125
    outer loop
      vertex 101.4 41.9762 -84.0124
      vertex 102 41.7922 -84.2229
      vertex 101.4 41.7922 -84.2229
    endloop
  endfacet
  facet normal 0 0.830727 -0.55668
    outer loop
      vertex 102 41.6366 -84.4551
      vertex 101.4 41.7922 -84.2229
      vertex 102 41.7922 -84.2229
    endloop
  endfacet
  facet normal 0 0.830727 -0.55668
    outer loop
      vertex 101.4 41.7922 -84.2229
      vertex 102 41.6366 -84.4551
      vertex 101.4 41.6366 -84.4551
    endloop
  endfacet
  facet normal 0 0.893863 -0.448339
    outer loop
      vertex 102 41.5092 -84.7091
      vertex 101.4 41.6366 -84.4551
      vertex 102 41.6366 -84.4551
    endloop
  endfacet
  facet normal 0 0.893863 -0.448339
    outer loop
      vertex 101.4 41.6366 -84.4551
      vertex 102 41.5092 -84.7091
      vertex 101.4 41.5092 -84.7091
    endloop
  endfacet
  facet normal 0 0.941053 -0.33826
    outer loop
      vertex 102 41.4101 -84.9848
      vertex 101.4 41.5092 -84.7091
      vertex 102 41.5092 -84.7091
    endloop
  endfacet
  facet normal 0 0.941053 -0.33826
    outer loop
      vertex 101.4 41.5092 -84.7091
      vertex 102 41.4101 -84.9848
      vertex 101.4 41.4101 -84.9848
    endloop
  endfacet
  facet normal 0 0.972904 -0.231208
    outer loop
      vertex 102 41.3394 -85.2823
      vertex 101.4 41.4101 -84.9848
      vertex 102 41.4101 -84.9848
    endloop
  endfacet
  facet normal 0 0.972904 -0.231208
    outer loop
      vertex 101.4 41.4101 -84.9848
      vertex 102 41.3394 -85.2823
      vertex 101.4 41.3394 -85.2823
    endloop
  endfacet
  facet normal 0 0.991293 -0.131675
    outer loop
      vertex 102 41.297 -85.6015
      vertex 101.4 41.3394 -85.2823
      vertex 102 41.3394 -85.2823
    endloop
  endfacet
  facet normal 0 0.991293 -0.131675
    outer loop
      vertex 101.4 41.3394 -85.2823
      vertex 102 41.297 -85.6015
      vertex 101.4 41.297 -85.6015
    endloop
  endfacet
  facet normal 0 0.999134 -0.0416062
    outer loop
      vertex 102 41.2828 -85.9425
      vertex 101.4 41.297 -85.6015
      vertex 102 41.297 -85.6015
    endloop
  endfacet
  facet normal 0 0.999134 -0.0416062
    outer loop
      vertex 101.4 41.297 -85.6015
      vertex 102 41.2828 -85.9425
      vertex 101.4 41.2828 -85.9425
    endloop
  endfacet
  facet normal 0 0.999129 0.0417283
    outer loop
      vertex 102 41.297 -86.2825
      vertex 101.4 41.2828 -85.9425
      vertex 102 41.2828 -85.9425
    endloop
  endfacet
  facet normal 0 0.999129 0.0417283
    outer loop
      vertex 101.4 41.2828 -85.9425
      vertex 102 41.297 -86.2825
      vertex 101.4 41.297 -86.2825
    endloop
  endfacet
  facet normal 0 0.99125 0.132001
    outer loop
      vertex 102 41.3394 -86.6009
      vertex 101.4 41.297 -86.2825
      vertex 102 41.297 -86.2825
    endloop
  endfacet
  facet normal 0 0.99125 0.132001
    outer loop
      vertex 101.4 41.297 -86.2825
      vertex 102 41.3394 -86.6009
      vertex 101.4 41.3394 -86.6009
    endloop
  endfacet
  facet normal 0 0.972799 0.23165
    outer loop
      vertex 102 41.4101 -86.8978
      vertex 101.4 41.3394 -86.6009
      vertex 102 41.3394 -86.6009
    endloop
  endfacet
  facet normal 0 0.972799 0.23165
    outer loop
      vertex 101.4 41.3394 -86.6009
      vertex 102 41.4101 -86.8978
      vertex 101.4 41.4101 -86.8978
    endloop
  endfacet
  facet normal 0 0.940857 0.338804
    outer loop
      vertex 102 41.5092 -87.173
      vertex 101.4 41.4101 -86.8978
      vertex 102 41.4101 -86.8978
    endloop
  endfacet
  facet normal 0 0.940857 0.338804
    outer loop
      vertex 101.4 41.4101 -86.8978
      vertex 102 41.5092 -87.173
      vertex 101.4 41.5092 -87.173
    endloop
  endfacet
  facet normal 0 0.893651 0.448763
    outer loop
      vertex 102 41.6366 -87.4267
      vertex 101.4 41.5092 -87.173
      vertex 102 41.5092 -87.173
    endloop
  endfacet
  facet normal 0 0.893651 0.448763
    outer loop
      vertex 101.4 41.5092 -87.173
      vertex 102 41.6366 -87.4267
      vertex 101.4 41.6366 -87.4267
    endloop
  endfacet
  facet normal 0 0.830505 0.557011
    outer loop
      vertex 102 41.7922 -87.6587
      vertex 101.4 41.6366 -87.4267
      vertex 102 41.6366 -87.4267
    endloop
  endfacet
  facet normal 0 0.830505 0.557011
    outer loop
      vertex 101.4 41.6366 -87.4267
      vertex 102 41.7922 -87.6587
      vertex 101.4 41.7922 -87.6587
    endloop
  endfacet
  facet normal 0 0.752909 0.658125
    outer loop
      vertex 102 41.9762 -87.8692
      vertex 101.4 41.7922 -87.6587
      vertex 102 41.7922 -87.6587
    endloop
  endfacet
  facet normal 0 0.752909 0.658125
    outer loop
      vertex 101.4 41.7922 -87.6587
      vertex 102 41.9762 -87.8692
      vertex 101.4 41.9762 -87.8692
    endloop
  endfacet
  facet normal -0 0.663964 0.747765
    outer loop
      vertex 101.4 42.185 -88.0546
      vertex 102 41.9762 -87.8692
      vertex 102 42.185 -88.0546
    endloop
  endfacet
  facet normal 0 0.663964 0.747765
    outer loop
      vertex 102 41.9762 -87.8692
      vertex 101.4 42.185 -88.0546
      vertex 101.4 41.9762 -87.8692
    endloop
  endfacet
  facet normal -0 0.563125 0.826372
    outer loop
      vertex 101.4 42.4151 -88.2114
      vertex 102 42.185 -88.0546
      vertex 102 42.4151 -88.2114
    endloop
  endfacet
  facet normal 0 0.563125 0.826372
    outer loop
      vertex 102 42.185 -88.0546
      vertex 101.4 42.4151 -88.2114
      vertex 101.4 42.185 -88.0546
    endloop
  endfacet
  facet normal -0 0.454562 0.890715
    outer loop
      vertex 101.4 42.6667 -88.3398
      vertex 102 42.4151 -88.2114
      vertex 102 42.6667 -88.3398
    endloop
  endfacet
  facet normal 0 0.454562 0.890715
    outer loop
      vertex 102 42.4151 -88.2114
      vertex 101.4 42.6667 -88.3398
      vertex 101.4 42.4151 -88.2114
    endloop
  endfacet
  facet normal -0 0.343345 0.939209
    outer loop
      vertex 101.4 42.9397 -88.4396
      vertex 102 42.6667 -88.3398
      vertex 102 42.9397 -88.4396
    endloop
  endfacet
  facet normal 0 0.343345 0.939209
    outer loop
      vertex 102 42.6667 -88.3398
      vertex 101.4 42.9397 -88.4396
      vertex 101.4 42.6667 -88.3398
    endloop
  endfacet
  facet normal -0 0.235458 0.971884
    outer loop
      vertex 101.4 43.234 -88.5109
      vertex 102 42.9397 -88.4396
      vertex 102 43.234 -88.5109
    endloop
  endfacet
  facet normal 0 0.235458 0.971884
    outer loop
      vertex 102 42.9397 -88.4396
      vertex 101.4 43.234 -88.5109
      vertex 101.4 42.9397 -88.4396
    endloop
  endfacet
  facet normal -0 0.134343 0.990935
    outer loop
      vertex 101.4 43.5497 -88.5537
      vertex 102 43.234 -88.5109
      vertex 102 43.5497 -88.5537
    endloop
  endfacet
  facet normal 0 0.134343 0.990935
    outer loop
      vertex 102 43.234 -88.5109
      vertex 101.4 43.5497 -88.5537
      vertex 101.4 43.234 -88.5109
    endloop
  endfacet
  facet normal -0 0.0420867 0.999114
    outer loop
      vertex 101.4 43.8868 -88.5679
      vertex 102 43.5497 -88.5537
      vertex 102 43.8868 -88.5679
    endloop
  endfacet
  facet normal 0 0.0420867 0.999114
    outer loop
      vertex 102 43.5497 -88.5537
      vertex 101.4 43.8868 -88.5679
      vertex 101.4 43.5497 -88.5537
    endloop
  endfacet
  facet normal 0 -0.0419748 0.999119
    outer loop
      vertex 101.4 44.2248 -88.5537
      vertex 102 43.8868 -88.5679
      vertex 102 44.2248 -88.5537
    endloop
  endfacet
  facet normal 0 -0.0419748 0.999119
    outer loop
      vertex 102 43.8868 -88.5679
      vertex 101.4 44.2248 -88.5537
      vertex 101.4 43.8868 -88.5679
    endloop
  endfacet
  facet normal 0 -0.171962 -0.985104
    outer loop
      vertex 101.4 43.5677 -87.5848
      vertex 102 43.7218 -87.6117
      vertex 102 43.5677 -87.5848
    endloop
  endfacet
  facet normal -0 -0.171962 -0.985104
    outer loop
      vertex 102 43.7218 -87.6117
      vertex 101.4 43.5677 -87.5848
      vertex 101.4 43.7218 -87.6117
    endloop
  endfacet
  facet normal 0 -0.299792 -0.954005
    outer loop
      vertex 101.4 43.4245 -87.5398
      vertex 102 43.5677 -87.5848
      vertex 102 43.4245 -87.5398
    endloop
  endfacet
  facet normal -0 -0.299792 -0.954005
    outer loop
      vertex 102 43.5677 -87.5848
      vertex 101.4 43.4245 -87.5398
      vertex 101.4 43.5677 -87.5848
    endloop
  endfacet
  facet normal 0 -0.430199 -0.902734
    outer loop
      vertex 101.4 43.2923 -87.4768
      vertex 102 43.4245 -87.5398
      vertex 102 43.2923 -87.4768
    endloop
  endfacet
  facet normal -0 -0.430199 -0.902734
    outer loop
      vertex 102 43.4245 -87.5398
      vertex 101.4 43.2923 -87.4768
      vertex 101.4 43.4245 -87.5398
    endloop
  endfacet
  facet normal 0 -0.554858 -0.831945
    outer loop
      vertex 101.4 43.171 -87.3959
      vertex 102 43.2923 -87.4768
      vertex 102 43.171 -87.3959
    endloop
  endfacet
  facet normal -0 -0.554858 -0.831945
    outer loop
      vertex 102 43.2923 -87.4768
      vertex 101.4 43.171 -87.3959
      vertex 101.4 43.2923 -87.4768
    endloop
  endfacet
  facet normal 0 -0.667622 -0.7445
    outer loop
      vertex 101.4 43.0606 -87.2969
      vertex 102 43.171 -87.3959
      vertex 102 43.0606 -87.2969
    endloop
  endfacet
  facet normal -0 -0.667622 -0.7445
    outer loop
      vertex 102 43.171 -87.3959
      vertex 101.4 43.0606 -87.2969
      vertex 101.4 43.171 -87.3959
    endloop
  endfacet
  facet normal 0 -0.761827 -0.647781
    outer loop
      vertex 101.4 43.0606 -87.2969
      vertex 102 42.9612 -87.18
      vertex 101.4 42.9612 -87.18
    endloop
  endfacet
  facet normal 0 -0.761827 -0.647781
    outer loop
      vertex 102 42.9612 -87.18
      vertex 101.4 43.0606 -87.2969
      vertex 102 43.0606 -87.2969
    endloop
  endfacet
  facet normal 0 -0.836372 -0.548163
    outer loop
      vertex 101.4 42.9612 -87.18
      vertex 102 42.8739 -87.0468
      vertex 101.4 42.8739 -87.0468
    endloop
  endfacet
  facet normal 0 -0.836372 -0.548163
    outer loop
      vertex 102 42.8739 -87.0468
      vertex 101.4 42.9612 -87.18
      vertex 102 42.9612 -87.18
    endloop
  endfacet
  facet normal 0 -0.894427 -0.447214
    outer loop
      vertex 101.4 42.8739 -87.0468
      vertex 102 42.8 -86.899
      vertex 101.4 42.8 -86.899
    endloop
  endfacet
  facet normal 0 -0.894427 -0.447214
    outer loop
      vertex 102 42.8 -86.899
      vertex 101.4 42.8739 -87.0468
      vertex 102 42.8739 -87.0468
    endloop
  endfacet
  facet normal 0 -0.937134 -0.34897
    outer loop
      vertex 101.4 42.8 -86.899
      vertex 102 42.7396 -86.7368
      vertex 101.4 42.7396 -86.7368
    endloop
  endfacet
  facet normal 0 -0.937134 -0.34897
    outer loop
      vertex 102 42.7396 -86.7368
      vertex 101.4 42.8 -86.899
      vertex 102 42.8 -86.899
    endloop
  endfacet
  facet normal 0 -0.96657 -0.256403
    outer loop
      vertex 101.4 42.7396 -86.7368
      vertex 102 42.6927 -86.56
      vertex 101.4 42.6927 -86.56
    endloop
  endfacet
  facet normal 0 -0.96657 -0.256403
    outer loop
      vertex 102 42.6927 -86.56
      vertex 101.4 42.7396 -86.7368
      vertex 102 42.7396 -86.7368
    endloop
  endfacet
  facet normal 0 -0.984923 -0.172992
    outer loop
      vertex 101.4 42.6927 -86.56
      vertex 102 42.6591 -86.3687
      vertex 101.4 42.6591 -86.3687
    endloop
  endfacet
  facet normal 0 -0.984923 -0.172992
    outer loop
      vertex 102 42.6591 -86.3687
      vertex 101.4 42.6927 -86.56
      vertex 102 42.6927 -86.56
    endloop
  endfacet
  facet normal 0 -0.995269 -0.0971584
    outer loop
      vertex 101.4 42.6591 -86.3687
      vertex 102 42.639 -86.1628
      vertex 101.4 42.639 -86.1628
    endloop
  endfacet
  facet normal 0 -0.995269 -0.0971584
    outer loop
      vertex 102 42.639 -86.1628
      vertex 101.4 42.6591 -86.3687
      vertex 102 42.6591 -86.3687
    endloop
  endfacet
  facet normal 0 -0.999524 -0.0308523
    outer loop
      vertex 101.4 42.639 -86.1628
      vertex 102 42.6322 -85.9425
      vertex 101.4 42.6322 -85.9425
    endloop
  endfacet
  facet normal 0 -0.999524 -0.0308523
    outer loop
      vertex 102 42.6322 -85.9425
      vertex 101.4 42.639 -86.1628
      vertex 102 42.639 -86.1628
    endloop
  endfacet
  facet normal 0 -0.999528 0.030713
    outer loop
      vertex 101.4 42.6322 -85.9425
      vertex 102 42.639 -85.7212
      vertex 101.4 42.639 -85.7212
    endloop
  endfacet
  facet normal 0 -0.999528 0.030713
    outer loop
      vertex 102 42.639 -85.7212
      vertex 101.4 42.6322 -85.9425
      vertex 102 42.6322 -85.9425
    endloop
  endfacet
  facet normal 0 -0.995301 0.0968323
    outer loop
      vertex 101.4 42.639 -85.7212
      vertex 102 42.6591 -85.5146
      vertex 101.4 42.6591 -85.5146
    endloop
  endfacet
  facet normal 0 -0.995301 0.0968323
    outer loop
      vertex 102 42.6591 -85.5146
      vertex 101.4 42.639 -85.7212
      vertex 102 42.639 -85.7212
    endloop
  endfacet
  facet normal 0 -0.98503 0.17238
    outer loop
      vertex 101.4 42.6591 -85.5146
      vertex 102 42.6927 -85.3226
      vertex 101.4 42.6927 -85.3226
    endloop
  endfacet
  facet normal 0 -0.98503 0.17238
    outer loop
      vertex 102 42.6927 -85.3226
      vertex 101.4 42.6591 -85.5146
      vertex 102 42.6591 -85.5146
    endloop
  endfacet
  facet normal 0 -0.966713 0.255863
    outer loop
      vertex 101.4 42.6927 -85.3226
      vertex 102 42.7396 -85.1454
      vertex 101.4 42.7396 -85.1454
    endloop
  endfacet
  facet normal 0 -0.966713 0.255863
    outer loop
      vertex 102 42.7396 -85.1454
      vertex 101.4 42.6927 -85.3226
      vertex 102 42.6927 -85.3226
    endloop
  endfacet
  facet normal 0 -0.937415 0.348215
    outer loop
      vertex 101.4 42.7396 -85.1454
      vertex 102 42.8 -84.9828
      vertex 101.4 42.8 -84.9828
    endloop
  endfacet
  facet normal 0 -0.937415 0.348215
    outer loop
      vertex 102 42.8 -84.9828
      vertex 101.4 42.7396 -85.1454
      vertex 102 42.7396 -85.1454
    endloop
  endfacet
  facet normal 0 -0.894669 0.44673
    outer loop
      vertex 101.4 42.8 -84.9828
      vertex 102 42.8739 -84.8348
      vertex 101.4 42.8739 -84.8348
    endloop
  endfacet
  facet normal 0 -0.894669 0.44673
    outer loop
      vertex 102 42.8739 -84.8348
      vertex 101.4 42.8 -84.9828
      vertex 102 42.8 -84.9828
    endloop
  endfacet
  facet normal 0 -0.836372 0.548163
    outer loop
      vertex 101.4 42.8739 -84.8348
      vertex 102 42.9612 -84.7016
      vertex 101.4 42.9612 -84.7016
    endloop
  endfacet
  facet normal 0 -0.836372 0.548163
    outer loop
      vertex 102 42.9612 -84.7016
      vertex 101.4 42.8739 -84.8348
      vertex 102 42.8739 -84.8348
    endloop
  endfacet
  facet normal 0 -0.7621 0.647459
    outer loop
      vertex 101.4 42.9612 -84.7016
      vertex 102 43.0606 -84.5846
      vertex 101.4 43.0606 -84.5846
    endloop
  endfacet
  facet normal 0 -0.7621 0.647459
    outer loop
      vertex 102 43.0606 -84.5846
      vertex 101.4 42.9612 -84.7016
      vertex 102 42.9612 -84.7016
    endloop
  endfacet
  facet normal 0 -0.667248 0.744835
    outer loop
      vertex 101.4 43.171 -84.4857
      vertex 102 43.0606 -84.5846
      vertex 102 43.171 -84.4857
    endloop
  endfacet
  facet normal 0 -0.667248 0.744835
    outer loop
      vertex 102 43.0606 -84.5846
      vertex 101.4 43.171 -84.4857
      vertex 101.4 43.0606 -84.5846
    endloop
  endfacet
  facet normal 0 -0.555333 0.831628
    outer loop
      vertex 101.4 43.2923 -84.4047
      vertex 102 43.171 -84.4857
      vertex 102 43.2923 -84.4047
    endloop
  endfacet
  facet normal 0 -0.555333 0.831628
    outer loop
      vertex 102 43.171 -84.4857
      vertex 101.4 43.2923 -84.4047
      vertex 101.4 43.171 -84.4857
    endloop
  endfacet
  facet normal 0 -0.430199 0.902734
    outer loop
      vertex 101.4 43.4245 -84.3417
      vertex 102 43.2923 -84.4047
      vertex 102 43.4245 -84.3417
    endloop
  endfacet
  facet normal 0 -0.430199 0.902734
    outer loop
      vertex 102 43.2923 -84.4047
      vertex 101.4 43.4245 -84.3417
      vertex 101.4 43.2923 -84.4047
    endloop
  endfacet
  facet normal 0 -0.299792 0.954005
    outer loop
      vertex 101.4 43.5677 -84.2967
      vertex 102 43.4245 -84.3417
      vertex 102 43.5677 -84.2967
    endloop
  endfacet
  facet normal 0 -0.299792 0.954005
    outer loop
      vertex 102 43.4245 -84.3417
      vertex 101.4 43.5677 -84.2967
      vertex 101.4 43.4245 -84.3417
    endloop
  endfacet
  facet normal 0 -0.171962 0.985104
    outer loop
      vertex 101.4 43.7218 -84.2698
      vertex 102 43.5677 -84.2967
      vertex 102 43.7218 -84.2698
    endloop
  endfacet
  facet normal 0 -0.171962 0.985104
    outer loop
      vertex 102 43.5677 -84.2967
      vertex 101.4 43.7218 -84.2698
      vertex 101.4 43.5677 -84.2967
    endloop
  endfacet
  facet normal 0 -0.0544645 0.998516
    outer loop
      vertex 101.4 43.8868 -84.2608
      vertex 102 43.7218 -84.2698
      vertex 102 43.8868 -84.2608
    endloop
  endfacet
  facet normal 0 -0.0544645 0.998516
    outer loop
      vertex 102 43.7218 -84.2698
      vertex 101.4 43.8868 -84.2608
      vertex 101.4 43.7218 -84.2698
    endloop
  endfacet
  facet normal -0 0.0541699 0.998532
    outer loop
      vertex 101.4 44.0527 -84.2698
      vertex 102 43.8868 -84.2608
      vertex 102 44.0527 -84.2698
    endloop
  endfacet
  facet normal 0 0.0541699 0.998532
    outer loop
      vertex 102 43.8868 -84.2608
      vertex 101.4 44.0527 -84.2698
      vertex 101.4 43.8868 -84.2608
    endloop
  endfacet
  facet normal -0 0.1711 0.985254
    outer loop
      vertex 101.4 44.2076 -84.2967
      vertex 102 44.0527 -84.2698
      vertex 102 44.2076 -84.2967
    endloop
  endfacet
  facet normal 0 0.1711 0.985254
    outer loop
      vertex 102 44.0527 -84.2698
      vertex 101.4 44.2076 -84.2967
      vertex 101.4 44.0527 -84.2698
    endloop
  endfacet
  facet normal -0 0.298842 0.954303
    outer loop
      vertex 101.4 44.3513 -84.3417
      vertex 102 44.2076 -84.2967
      vertex 102 44.3513 -84.3417
    endloop
  endfacet
  facet normal 0 0.298842 0.954303
    outer loop
      vertex 102 44.2076 -84.2967
      vertex 101.4 44.3513 -84.3417
      vertex 101.4 44.2076 -84.2967
    endloop
  endfacet
  facet normal -0 0.428613 0.903488
    outer loop
      vertex 101.4 44.4841 -84.4047
      vertex 102 44.3513 -84.3417
      vertex 102 44.4841 -84.4047
    endloop
  endfacet
  facet normal 0 0.428613 0.903488
    outer loop
      vertex 102 44.3513 -84.3417
      vertex 101.4 44.4841 -84.4047
      vertex 101.4 44.3513 -84.3417
    endloop
  endfacet
  facet normal -0 0.554384 0.832261
    outer loop
      vertex 101.4 44.6057 -84.4857
      vertex 102 44.4841 -84.4047
      vertex 102 44.6057 -84.4857
    endloop
  endfacet
  facet normal 0 0.554384 0.832261
    outer loop
      vertex 102 44.4841 -84.4047
      vertex 101.4 44.6057 -84.4857
      vertex 101.4 44.4841 -84.4047
    endloop
  endfacet
  facet normal -0 0.666578 0.745435
    outer loop
      vertex 101.4 44.7163 -84.5846
      vertex 102 44.6057 -84.4857
      vertex 102 44.7163 -84.5846
    endloop
  endfacet
  facet normal 0 0.666578 0.745435
    outer loop
      vertex 102 44.6057 -84.4857
      vertex 101.4 44.7163 -84.5846
      vertex 101.4 44.6057 -84.4857
    endloop
  endfacet
  facet normal 0 0.761779 0.647837
    outer loop
      vertex 102 44.8158 -84.7016
      vertex 101.4 44.7163 -84.5846
      vertex 102 44.7163 -84.5846
    endloop
  endfacet
  facet normal 0 0.761779 0.647837
    outer loop
      vertex 101.4 44.7163 -84.5846
      vertex 102 44.8158 -84.7016
      vertex 101.4 44.8158 -84.7016
    endloop
  endfacet
  facet normal 0 0.836372 0.548163
    outer loop
      vertex 102 44.9031 -84.8348
      vertex 101.4 44.8158 -84.7016
      vertex 102 44.8158 -84.7016
    endloop
  endfacet
  facet normal 0 0.836372 0.548163
    outer loop
      vertex 101.4 44.8158 -84.7016
      vertex 102 44.9031 -84.8348
      vertex 101.4 44.9031 -84.8348
    endloop
  endfacet
  facet normal 0 0.89491 0.446246
    outer loop
      vertex 102 44.9769 -84.9828
      vertex 101.4 44.9031 -84.8348
      vertex 102 44.9031 -84.8348
    endloop
  endfacet
  facet normal 0 0.89491 0.446246
    outer loop
      vertex 101.4 44.9031 -84.8348
      vertex 102 44.9769 -84.9828
      vertex 101.4 44.9769 -84.9828
    endloop
  endfacet
  facet normal 0 0.937415 0.348215
    outer loop
      vertex 102 45.0373 -85.1454
      vertex 101.4 44.9769 -84.9828
      vertex 102 44.9769 -84.9828
    endloop
  endfacet
  facet normal 0 0.937415 0.348215
    outer loop
      vertex 101.4 44.9769 -84.9828
      vertex 102 45.0373 -85.1454
      vertex 101.4 45.0373 -85.1454
    endloop
  endfacet
  facet normal 0 0.966578 0.256372
    outer loop
      vertex 102 45.0843 -85.3226
      vertex 101.4 45.0373 -85.1454
      vertex 102 45.0373 -85.1454
    endloop
  endfacet
  facet normal 0 0.966578 0.256372
    outer loop
      vertex 101.4 45.0373 -85.1454
      vertex 102 45.0843 -85.3226
      vertex 101.4 45.0843 -85.3226
    endloop
  endfacet
  facet normal 0 0.985117 0.171882
    outer loop
      vertex 102 45.1178 -85.5146
      vertex 101.4 45.0843 -85.3226
      vertex 102 45.0843 -85.3226
    endloop
  endfacet
  facet normal 0 0.985117 0.171882
    outer loop
      vertex 101.4 45.0843 -85.3226
      vertex 102 45.1178 -85.5146
      vertex 101.4 45.1178 -85.5146
    endloop
  endfacet
  facet normal 0 0.995254 0.0973095
    outer loop
      vertex 102 45.138 -85.7212
      vertex 101.4 45.1178 -85.5146
      vertex 102 45.1178 -85.5146
    endloop
  endfacet
  facet normal 0 0.995254 0.0973095
    outer loop
      vertex 101.4 45.1178 -85.5146
      vertex 102 45.138 -85.7212
      vertex 101.4 45.138 -85.7212
    endloop
  endfacet
  facet normal 0 0.999542 0.0302618
    outer loop
      vertex 102 45.1447 -85.9425
      vertex 101.4 45.138 -85.7212
      vertex 102 45.138 -85.7212
    endloop
  endfacet
  facet normal 0 0.999542 0.0302618
    outer loop
      vertex 101.4 45.138 -85.7212
      vertex 102 45.1447 -85.9425
      vertex 101.4 45.1447 -85.9425
    endloop
  endfacet
  facet normal 0 0.999538 -0.030399
    outer loop
      vertex 102 45.138 -86.1628
      vertex 101.4 45.1447 -85.9425
      vertex 102 45.1447 -85.9425
    endloop
  endfacet
  facet normal 0 0.999538 -0.030399
    outer loop
      vertex 101.4 45.1447 -85.9425
      vertex 102 45.138 -86.1628
      vertex 101.4 45.138 -86.1628
    endloop
  endfacet
  facet normal 0 0.995222 -0.0976371
    outer loop
      vertex 102 45.1178 -86.3687
      vertex 101.4 45.138 -86.1628
      vertex 102 45.138 -86.1628
    endloop
  endfacet
  facet normal 0 0.995222 -0.0976371
    outer loop
      vertex 101.4 45.138 -86.1628
      vertex 102 45.1178 -86.3687
      vertex 101.4 45.1178 -86.3687
    endloop
  endfacet
  facet normal 0 0.985011 -0.172493
    outer loop
      vertex 102 45.0843 -86.56
      vertex 101.4 45.1178 -86.3687
      vertex 102 45.1178 -86.3687
    endloop
  endfacet
  facet normal 0 0.985011 -0.172493
    outer loop
      vertex 101.4 45.1178 -86.3687
      vertex 102 45.0843 -86.56
      vertex 101.4 45.0843 -86.56
    endloop
  endfacet
  facet normal 0 0.966434 -0.256914
    outer loop
      vertex 102 45.0373 -86.7368
      vertex 101.4 45.0843 -86.56
      vertex 102 45.0843 -86.56
    endloop
  endfacet
  facet normal 0 0.966434 -0.256914
    outer loop
      vertex 101.4 45.0843 -86.56
      vertex 102 45.0373 -86.7368
      vertex 101.4 45.0373 -86.7368
    endloop
  endfacet
  facet normal 0 0.937134 -0.34897
    outer loop
      vertex 102 44.9769 -86.899
      vertex 101.4 45.0373 -86.7368
      vertex 102 45.0373 -86.7368
    endloop
  endfacet
  facet normal 0 0.937134 -0.34897
    outer loop
      vertex 101.4 45.0373 -86.7368
      vertex 102 44.9769 -86.899
      vertex 101.4 44.9769 -86.899
    endloop
  endfacet
  facet normal 0 0.894669 -0.446729
    outer loop
      vertex 102 44.9031 -87.0468
      vertex 101.4 44.9769 -86.899
      vertex 102 44.9769 -86.899
    endloop
  endfacet
  facet normal 0 0.894669 -0.446729
    outer loop
      vertex 101.4 44.9769 -86.899
      vertex 102 44.9031 -87.0468
      vertex 101.4 44.9031 -87.0468
    endloop
  endfacet
  facet normal 0 0.836372 -0.548163
    outer loop
      vertex 102 44.8158 -87.18
      vertex 101.4 44.9031 -87.0468
      vertex 102 44.9031 -87.0468
    endloop
  endfacet
  facet normal 0 0.836372 -0.548163
    outer loop
      vertex 101.4 44.9031 -87.0468
      vertex 102 44.8158 -87.18
      vertex 101.4 44.8158 -87.18
    endloop
  endfacet
  facet normal 0 0.761505 -0.648159
    outer loop
      vertex 102 44.7163 -87.2969
      vertex 101.4 44.8158 -87.18
      vertex 102 44.8158 -87.18
    endloop
  endfacet
  facet normal 0 0.761505 -0.648159
    outer loop
      vertex 101.4 44.8158 -87.18
      vertex 102 44.7163 -87.2969
      vertex 101.4 44.7163 -87.2969
    endloop
  endfacet
  facet normal 0 0.666952 -0.7451
    outer loop
      vertex 101.4 44.6057 -87.3959
      vertex 102 44.7163 -87.2969
      vertex 102 44.6057 -87.3959
    endloop
  endfacet
  facet normal 0 0.666952 -0.7451
    outer loop
      vertex 102 44.7163 -87.2969
      vertex 101.4 44.6057 -87.3959
      vertex 101.4 44.7163 -87.2969
    endloop
  endfacet
  facet normal 0 0.55391 -0.832577
    outer loop
      vertex 101.4 44.4841 -87.4768
      vertex 102 44.6057 -87.3959
      vertex 102 44.4841 -87.4768
    endloop
  endfacet
  facet normal 0 0.55391 -0.832577
    outer loop
      vertex 102 44.6057 -87.3959
      vertex 101.4 44.4841 -87.4768
      vertex 101.4 44.6057 -87.3959
    endloop
  endfacet
  facet normal 0 0.428613 -0.903488
    outer loop
      vertex 101.4 44.3513 -87.5398
      vertex 102 44.4841 -87.4768
      vertex 102 44.3513 -87.5398
    endloop
  endfacet
  facet normal 0 0.428613 -0.903488
    outer loop
      vertex 102 44.4841 -87.4768
      vertex 101.4 44.3513 -87.5398
      vertex 101.4 44.4841 -87.4768
    endloop
  endfacet
  facet normal 0 0.298842 -0.954303
    outer loop
      vertex 101.4 44.2076 -87.5848
      vertex 102 44.3513 -87.5398
      vertex 102 44.2076 -87.5848
    endloop
  endfacet
  facet normal 0 0.298842 -0.954303
    outer loop
      vertex 102 44.3513 -87.5398
      vertex 101.4 44.2076 -87.5848
      vertex 101.4 44.3513 -87.5398
    endloop
  endfacet
  facet normal 0 0.1711 -0.985254
    outer loop
      vertex 101.4 44.0527 -87.6117
      vertex 102 44.2076 -87.5848
      vertex 102 44.0527 -87.6117
    endloop
  endfacet
  facet normal 0 0.1711 -0.985254
    outer loop
      vertex 102 44.2076 -87.5848
      vertex 101.4 44.0527 -87.6117
      vertex 101.4 44.2076 -87.5848
    endloop
  endfacet
  facet normal 0 0.0541699 -0.998532
    outer loop
      vertex 101.4 43.8868 -87.6207
      vertex 102 44.0527 -87.6117
      vertex 102 43.8868 -87.6207
    endloop
  endfacet
  facet normal 0 0.0541699 -0.998532
    outer loop
      vertex 102 44.0527 -87.6117
      vertex 101.4 43.8868 -87.6207
      vertex 101.4 44.0527 -87.6117
    endloop
  endfacet
  facet normal 0 -0.0544645 -0.998516
    outer loop
      vertex 101.4 43.7218 -87.6117
      vertex 102 43.8868 -87.6207
      vertex 102 43.7218 -87.6117
    endloop
  endfacet
  facet normal -0 -0.0544645 -0.998516
    outer loop
      vertex 102 43.8868 -87.6207
      vertex 101.4 43.7218 -87.6117
      vertex 101.4 43.8868 -87.6207
    endloop
  endfacet
  facet normal -0 0 1
    outer loop
      vertex 101.4 30.6893 -86.5519
      vertex 102 30.3198 -86.5519
      vertex 102 30.6893 -86.5519
    endloop
  endfacet
  facet normal 0 0 1
    outer loop
      vertex 102 30.3198 -86.5519
      vertex 101.4 30.6893 -86.5519
      vertex 101.4 30.3198 -86.5519
    endloop
  endfacet
  facet normal -0 0.0327508 0.999464
    outer loop
      vertex 101.4 30.7778 -86.5548
      vertex 102 30.6893 -86.5519
      vertex 102 30.7778 -86.5548
    endloop
  endfacet
  facet normal 0 0.0327508 0.999464
    outer loop
      vertex 102 30.6893 -86.5519
      vertex 101.4 30.7778 -86.5548
      vertex 101.4 30.6893 -86.5519
    endloop
  endfacet
  facet normal -0 0.101514 0.994834
    outer loop
      vertex 101.4 30.8611 -86.5633
      vertex 102 30.7778 -86.5548
      vertex 102 30.8611 -86.5633
    endloop
  endfacet
  facet normal 0 0.101514 0.994834
    outer loop
      vertex 102 30.7778 -86.5548
      vertex 101.4 30.8611 -86.5633
      vertex 101.4 30.7778 -86.5548
    endloop
  endfacet
  facet normal -0 0.179107 0.98383
    outer loop
      vertex 101.4 30.9391 -86.5775
      vertex 102 30.8611 -86.5633
      vertex 102 30.9391 -86.5775
    endloop
  endfacet
  facet normal 0 0.179107 0.98383
    outer loop
      vertex 102 30.8611 -86.5633
      vertex 101.4 30.9391 -86.5775
      vertex 101.4 30.8611 -86.5633
    endloop
  endfacet
  facet normal -0 0.263341 0.964703
    outer loop
      vertex 101.4 31.012 -86.5974
      vertex 102 30.9391 -86.5775
      vertex 102 31.012 -86.5974
    endloop
  endfacet
  facet normal 0 0.263341 0.964703
    outer loop
      vertex 102 30.9391 -86.5775
      vertex 101.4 31.012 -86.5974
      vertex 101.4 30.9391 -86.5775
    endloop
  endfacet
  facet normal -0 0.352486 0.935817
    outer loop
      vertex 101.4 31.0797 -86.6229
      vertex 102 31.012 -86.5974
      vertex 102 31.0797 -86.6229
    endloop
  endfacet
  facet normal 0 0.352486 0.935817
    outer loop
      vertex 102 31.012 -86.5974
      vertex 101.4 31.0797 -86.6229
      vertex 101.4 31.012 -86.5974
    endloop
  endfacet
  facet normal -0 0.446069 0.894998
    outer loop
      vertex 101.4 31.1423 -86.6541
      vertex 102 31.0797 -86.6229
      vertex 102 31.1423 -86.6541
    endloop
  endfacet
  facet normal 0 0.446069 0.894998
    outer loop
      vertex 102 31.0797 -86.6229
      vertex 101.4 31.1423 -86.6541
      vertex 101.4 31.0797 -86.6229
    endloop
  endfacet
  facet normal -0 0.541425 0.840749
    outer loop
      vertex 101.4 31.1996 -86.691
      vertex 102 31.1423 -86.6541
      vertex 102 31.1996 -86.691
    endloop
  endfacet
  facet normal 0 0.541425 0.840749
    outer loop
      vertex 102 31.1423 -86.6541
      vertex 101.4 31.1996 -86.691
      vertex 101.4 31.1423 -86.6541
    endloop
  endfacet
  facet normal -0 0.633469 0.773768
    outer loop
      vertex 101.4 31.2542 -86.7357
      vertex 102 31.1996 -86.691
      vertex 102 31.2542 -86.7357
    endloop
  endfacet
  facet normal 0 0.633469 0.773768
    outer loop
      vertex 102 31.1996 -86.691
      vertex 101.4 31.2542 -86.7357
      vertex 101.4 31.1996 -86.691
    endloop
  endfacet
  facet normal 0 0.707107 0.707107
    outer loop
      vertex 102 31.3087 -86.7902
      vertex 101.4 31.2542 -86.7357
      vertex 102 31.2542 -86.7357
    endloop
  endfacet
  facet normal 0 0.707107 0.707107
    outer loop
      vertex 101.4 31.2542 -86.7357
      vertex 102 31.3087 -86.7902
      vertex 101.4 31.3087 -86.7902
    endloop
  endfacet
  facet normal 0 0.764603 0.644502
    outer loop
      vertex 102 31.3629 -86.8545
      vertex 101.4 31.3087 -86.7902
      vertex 102 31.3087 -86.7902
    endloop
  endfacet
  facet normal 0 0.764603 0.644502
    outer loop
      vertex 101.4 31.3087 -86.7902
      vertex 102 31.3629 -86.8545
      vertex 101.4 31.3629 -86.8545
    endloop
  endfacet
  facet normal 0 0.808548 0.588431
    outer loop
      vertex 102 31.4169 -86.9287
      vertex 101.4 31.3629 -86.8545
      vertex 102 31.3629 -86.8545
    endloop
  endfacet
  facet normal 0 0.808548 0.588431
    outer loop
      vertex 101.4 31.3629 -86.8545
      vertex 102 31.4169 -86.9287
      vertex 101.4 31.4169 -86.9287
    endloop
  endfacet
  facet normal 0 0.841797 0.539794
    outer loop
      vertex 102 31.4707 -87.0126
      vertex 101.4 31.4169 -86.9287
      vertex 102 31.4169 -86.9287
    endloop
  endfacet
  facet normal 0 0.841797 0.539794
    outer loop
      vertex 101.4 31.4169 -86.9287
      vertex 102 31.4707 -87.0126
      vertex 101.4 31.4707 -87.0126
    endloop
  endfacet
  facet normal 0 0.868243 0.496139
    outer loop
      vertex 102 31.5243 -87.1064
      vertex 101.4 31.4707 -87.0126
      vertex 102 31.4707 -87.0126
    endloop
  endfacet
  facet normal 0 0.868243 0.496139
    outer loop
      vertex 101.4 31.4707 -87.0126
      vertex 102 31.5243 -87.1064
      vertex 101.4 31.5243 -87.1064
    endloop
  endfacet
  facet normal 0 0.889049 0.457813
    outer loop
      vertex 102 31.5777 -87.2101
      vertex 101.4 31.5243 -87.1064
      vertex 102 31.5243 -87.1064
    endloop
  endfacet
  facet normal 0 0.889049 0.457813
    outer loop
      vertex 101.4 31.5243 -87.1064
      vertex 102 31.5777 -87.2101
      vertex 101.4 31.5777 -87.2101
    endloop
  endfacet
  facet normal 0 0.897895 0.440209
    outer loop
      vertex 102 32.1948 -88.4688
      vertex 101.4 31.5777 -87.2101
      vertex 102 31.5777 -87.2101
    endloop
  endfacet
  facet normal 0 0.897895 0.440209
    outer loop
      vertex 101.4 31.5777 -87.2101
      vertex 102 32.1948 -88.4688
      vertex 101.4 32.1948 -88.4688
    endloop
  endfacet
  facet normal -0 0 1
    outer loop
      vertex 101.4 33.5849 -88.4688
      vertex 102 32.1948 -88.4688
      vertex 102 33.5849 -88.4688
    endloop
  endfacet
  facet normal 0 0 1
    outer loop
      vertex 102 32.1948 -88.4688
      vertex 101.4 33.5849 -88.4688
      vertex 101.4 32.1948 -88.4688
    endloop
  endfacet
  facet normal 0 -0.897068 -0.441893
    outer loop
      vertex 101.4 33.5849 -88.4688
      vertex 102 32.8763 -87.0303
      vertex 101.4 32.8763 -87.0303
    endloop
  endfacet
  facet normal 0 -0.897068 -0.441893
    outer loop
      vertex 102 32.8763 -87.0303
      vertex 101.4 33.5849 -88.4688
      vertex 102 33.5849 -88.4688
    endloop
  endfacet
  facet normal 0 -0.889502 -0.456931
    outer loop
      vertex 101.4 32.8763 -87.0303
      vertex 102 32.8144 -86.9098
      vertex 101.4 32.8144 -86.9098
    endloop
  endfacet
  facet normal 0 -0.889502 -0.456931
    outer loop
      vertex 102 32.8144 -86.9098
      vertex 101.4 32.8763 -87.0303
      vertex 102 32.8763 -87.0303
    endloop
  endfacet
  facet normal 0 -0.874786 -0.484509
    outer loop
      vertex 101.4 32.8144 -86.9098
      vertex 102 32.7527 -86.7984
      vertex 101.4 32.7527 -86.7984
    endloop
  endfacet
  facet normal 0 -0.874786 -0.484509
    outer loop
      vertex 102 32.7527 -86.7984
      vertex 101.4 32.8144 -86.9098
      vertex 102 32.8144 -86.9098
    endloop
  endfacet
  facet normal 0 -0.857271 -0.514865
    outer loop
      vertex 101.4 32.7527 -86.7984
      vertex 102 32.6912 -86.696
      vertex 101.4 32.6912 -86.696
    endloop
  endfacet
  facet normal 0 -0.857271 -0.514865
    outer loop
      vertex 102 32.6912 -86.696
      vertex 101.4 32.7527 -86.7984
      vertex 102 32.7527 -86.7984
    endloop
  endfacet
  facet normal 0 -0.835752 -0.549106
    outer loop
      vertex 101.4 32.6912 -86.696
      vertex 102 32.6299 -86.6027
      vertex 101.4 32.6299 -86.6027
    endloop
  endfacet
  facet normal 0 -0.835752 -0.549106
    outer loop
      vertex 102 32.6299 -86.6027
      vertex 101.4 32.6912 -86.696
      vertex 102 32.6912 -86.696
    endloop
  endfacet
  facet normal 0 -0.809816 -0.586684
    outer loop
      vertex 101.4 32.6299 -86.6027
      vertex 102 32.5689 -86.5185
      vertex 101.4 32.5689 -86.5185
    endloop
  endfacet
  facet normal 0 -0.809816 -0.586684
    outer loop
      vertex 102 32.5689 -86.5185
      vertex 101.4 32.6299 -86.6027
      vertex 102 32.6299 -86.6027
    endloop
  endfacet
  facet normal 0 -0.777125 -0.629347
    outer loop
      vertex 101.4 32.5689 -86.5185
      vertex 102 32.508 -86.4433
      vertex 101.4 32.508 -86.4433
    endloop
  endfacet
  facet normal 0 -0.777125 -0.629347
    outer loop
      vertex 102 32.508 -86.4433
      vertex 101.4 32.5689 -86.5185
      vertex 102 32.5689 -86.5185
    endloop
  endfacet
  facet normal 0 -0.736553 -0.67638
    outer loop
      vertex 101.4 32.508 -86.4433
      vertex 102 32.4473 -86.3772
      vertex 101.4 32.4473 -86.3772
    endloop
  endfacet
  facet normal 0 -0.736553 -0.67638
    outer loop
      vertex 102 32.4473 -86.3772
      vertex 101.4 32.508 -86.4433
      vertex 102 32.508 -86.4433
    endloop
  endfacet
  facet normal 0 -0.688006 -0.725705
    outer loop
      vertex 101.4 32.3857 -86.3188
      vertex 102 32.4473 -86.3772
      vertex 102 32.3857 -86.3188
    endloop
  endfacet
  facet normal -0 -0.688006 -0.725705
    outer loop
      vertex 102 32.4473 -86.3772
      vertex 101.4 32.3857 -86.3188
      vertex 101.4 32.4473 -86.3772
    endloop
  endfacet
  facet normal 0 -0.631322 -0.775521
    outer loop
      vertex 101.4 32.3217 -86.2667
      vertex 102 32.3857 -86.3188
      vertex 102 32.3217 -86.2667
    endloop
  endfacet
  facet normal -0 -0.631322 -0.775521
    outer loop
      vertex 102 32.3857 -86.3188
      vertex 101.4 32.3217 -86.2667
      vertex 101.4 32.3857 -86.3188
    endloop
  endfacet
  facet normal 0 -0.568371 -0.822773
    outer loop
      vertex 101.4 32.2554 -86.2209
      vertex 102 32.3217 -86.2667
      vertex 102 32.2554 -86.2209
    endloop
  endfacet
  facet normal -0 -0.568371 -0.822773
    outer loop
      vertex 102 32.3217 -86.2667
      vertex 101.4 32.2554 -86.2209
      vertex 101.4 32.3217 -86.2667
    endloop
  endfacet
  facet normal 0 -0.49954 -0.866291
    outer loop
      vertex 101.4 32.1869 -86.1814
      vertex 102 32.2554 -86.2209
      vertex 102 32.1869 -86.1814
    endloop
  endfacet
  facet normal -0 -0.49954 -0.866291
    outer loop
      vertex 102 32.2554 -86.2209
      vertex 101.4 32.1869 -86.1814
      vertex 101.4 32.2554 -86.2209
    endloop
  endfacet
  facet normal 0 -0.424565 -0.905397
    outer loop
      vertex 101.4 32.1161 -86.1482
      vertex 102 32.1869 -86.1814
      vertex 102 32.1161 -86.1482
    endloop
  endfacet
  facet normal -0 -0.424565 -0.905397
    outer loop
      vertex 102 32.1869 -86.1814
      vertex 101.4 32.1161 -86.1482
      vertex 101.4 32.1869 -86.1814
    endloop
  endfacet
  facet normal 0 -0.345348 -0.938475
    outer loop
      vertex 101.4 32.043 -86.1213
      vertex 102 32.1161 -86.1482
      vertex 102 32.043 -86.1213
    endloop
  endfacet
  facet normal -0 -0.345348 -0.938475
    outer loop
      vertex 102 32.1161 -86.1482
      vertex 101.4 32.043 -86.1213
      vertex 101.4 32.1161 -86.1482
    endloop
  endfacet
  facet normal 0 -0.26355 -0.964646
    outer loop
      vertex 101.4 31.9676 -86.1007
      vertex 102 32.043 -86.1213
      vertex 102 31.9676 -86.1007
    endloop
  endfacet
  facet normal -0 -0.26355 -0.964646
    outer loop
      vertex 102 32.043 -86.1213
      vertex 101.4 31.9676 -86.1007
      vertex 101.4 32.043 -86.1213
    endloop
  endfacet
  facet normal 0 -0.329881 0.944022
    outer loop
      vertex 101.4 32.1021 -86.0537
      vertex 102 31.9676 -86.1007
      vertex 102 32.1021 -86.0537
    endloop
  endfacet
  facet normal 0 -0.329881 0.944022
    outer loop
      vertex 102 31.9676 -86.1007
      vertex 101.4 32.1021 -86.0537
      vertex 101.4 31.9676 -86.1007
    endloop
  endfacet
  facet normal 0 -0.397566 0.917574
    outer loop
      vertex 101.4 32.2265 -85.9998
      vertex 102 32.1021 -86.0537
      vertex 102 32.2265 -85.9998
    endloop
  endfacet
  facet normal 0 -0.397566 0.917574
    outer loop
      vertex 102 32.1021 -86.0537
      vertex 101.4 32.2265 -85.9998
      vertex 101.4 32.1021 -86.0537
    endloop
  endfacet
  facet normal 0 -0.469907 0.882716
    outer loop
      vertex 101.4 32.3409 -85.9389
      vertex 102 32.2265 -85.9998
      vertex 102 32.3409 -85.9389
    endloop
  endfacet
  facet normal 0 -0.469907 0.882716
    outer loop
      vertex 102 32.2265 -85.9998
      vertex 101.4 32.3409 -85.9389
      vertex 101.4 32.2265 -85.9998
    endloop
  endfacet
  facet normal 0 -0.544649 0.838664
    outer loop
      vertex 101.4 32.4453 -85.8711
      vertex 102 32.3409 -85.9389
      vertex 102 32.4453 -85.8711
    endloop
  endfacet
  facet normal 0 -0.544649 0.838664
    outer loop
      vertex 102 32.3409 -85.9389
      vertex 101.4 32.4453 -85.8711
      vertex 101.4 32.3409 -85.9389
    endloop
  endfacet
  facet normal 0 -0.620533 0.784181
    outer loop
      vertex 101.4 32.5397 -85.7964
      vertex 102 32.4453 -85.8711
      vertex 102 32.5397 -85.7964
    endloop
  endfacet
  facet normal 0 -0.620533 0.784181
    outer loop
      vertex 102 32.4453 -85.8711
      vertex 101.4 32.5397 -85.7964
      vertex 101.4 32.4453 -85.8711
    endloop
  endfacet
  facet normal 0 -0.695507 0.71852
    outer loop
      vertex 101.4 32.624 -85.7148
      vertex 102 32.5397 -85.7964
      vertex 102 32.624 -85.7148
    endloop
  endfacet
  facet normal 0 -0.695507 0.71852
    outer loop
      vertex 102 32.5397 -85.7964
      vertex 101.4 32.624 -85.7148
      vertex 101.4 32.5397 -85.7964
    endloop
  endfacet
  facet normal 0 -0.765875 0.642989
    outer loop
      vertex 101.4 32.624 -85.7148
      vertex 102 32.6983 -85.6263
      vertex 101.4 32.6983 -85.6263
    endloop
  endfacet
  facet normal 0 -0.765875 0.642989
    outer loop
      vertex 102 32.6983 -85.6263
      vertex 101.4 32.624 -85.7148
      vertex 102 32.624 -85.7148
    endloop
  endfacet
  facet normal 0 -0.830043 0.557699
    outer loop
      vertex 101.4 32.6983 -85.6263
      vertex 102 32.7626 -85.5306
      vertex 101.4 32.7626 -85.5306
    endloop
  endfacet
  facet normal 0 -0.830043 0.557699
    outer loop
      vertex 102 32.7626 -85.5306
      vertex 101.4 32.6983 -85.6263
      vertex 102 32.6983 -85.6263
    endloop
  endfacet
  facet normal 0 -0.884247 0.46702
    outer loop
      vertex 101.4 32.7626 -85.5306
      vertex 102 32.817 -85.4276
      vertex 101.4 32.817 -85.4276
    endloop
  endfacet
  facet normal 0 -0.884247 0.46702
    outer loop
      vertex 102 32.817 -85.4276
      vertex 101.4 32.7626 -85.5306
      vertex 102 32.7626 -85.5306
    endloop
  endfacet
  facet normal 0 -0.927079 0.374866
    outer loop
      vertex 101.4 32.817 -85.4276
      vertex 102 32.8616 -85.3173
      vertex 101.4 32.8616 -85.3173
    endloop
  endfacet
  facet normal 0 -0.927079 0.374866
    outer loop
      vertex 102 32.8616 -85.3173
      vertex 101.4 32.817 -85.4276
      vertex 102 32.817 -85.4276
    endloop
  endfacet
  facet normal 0 -0.95934 0.282255
    outer loop
      vertex 101.4 32.8616 -85.3173
      vertex 102 32.8962 -85.1997
      vertex 101.4 32.8962 -85.1997
    endloop
  endfacet
  facet normal 0 -0.95934 0.282255
    outer loop
      vertex 102 32.8962 -85.1997
      vertex 101.4 32.8616 -85.3173
      vertex 102 32.8616 -85.3173
    endloop
  endfacet
  facet normal 0 -0.981031 0.193852
    outer loop
      vertex 101.4 32.8962 -85.1997
      vertex 102 32.9209 -85.0747
      vertex 101.4 32.9209 -85.0747
    endloop
  endfacet
  facet normal 0 -0.981031 0.193852
    outer loop
      vertex 102 32.9209 -85.0747
      vertex 101.4 32.8962 -85.1997
      vertex 102 32.8962 -85.1997
    endloop
  endfacet
  facet normal 0 -0.993718 0.111915
    outer loop
      vertex 101.4 32.9209 -85.0747
      vertex 102 32.9358 -84.9424
      vertex 101.4 32.9358 -84.9424
    endloop
  endfacet
  facet normal 0 -0.993718 0.111915
    outer loop
      vertex 102 32.9358 -84.9424
      vertex 101.4 32.9209 -85.0747
      vertex 102 32.9209 -85.0747
    endloop
  endfacet
  facet normal 0 -0.999385 0.0350536
    outer loop
      vertex 101.4 32.9358 -84.9424
      vertex 102 32.9407 -84.8027
      vertex 101.4 32.9407 -84.8027
    endloop
  endfacet
  facet normal 0 -0.999385 0.0350536
    outer loop
      vertex 102 32.9407 -84.8027
      vertex 101.4 32.9358 -84.9424
      vertex 102 32.9358 -84.9424
    endloop
  endfacet
  facet normal 0 -0.998866 -0.0476128
    outer loop
      vertex 101.4 32.9407 -84.8027
      vertex 102 32.9312 -84.6034
      vertex 101.4 32.9312 -84.6034
    endloop
  endfacet
  facet normal 0 -0.998866 -0.0476128
    outer loop
      vertex 102 32.9312 -84.6034
      vertex 101.4 32.9407 -84.8027
      vertex 102 32.9407 -84.8027
    endloop
  endfacet
  facet normal 0 -0.988127 -0.153637
    outer loop
      vertex 101.4 32.9312 -84.6034
      vertex 102 32.9027 -84.4201
      vertex 101.4 32.9027 -84.4201
    endloop
  endfacet
  facet normal 0 -0.988127 -0.153637
    outer loop
      vertex 102 32.9027 -84.4201
      vertex 101.4 32.9312 -84.6034
      vertex 102 32.9312 -84.6034
    endloop
  endfacet
  facet normal 0 -0.961913 -0.273356
    outer loop
      vertex 101.4 32.9027 -84.4201
      vertex 102 32.8551 -84.2526
      vertex 101.4 32.8551 -84.2526
    endloop
  endfacet
  facet normal 0 -0.961913 -0.273356
    outer loop
      vertex 102 32.8551 -84.2526
      vertex 101.4 32.9027 -84.4201
      vertex 102 32.9027 -84.4201
    endloop
  endfacet
  facet normal 0 -0.915449 -0.402435
    outer loop
      vertex 101.4 32.8551 -84.2526
      vertex 102 32.7885 -84.1011
      vertex 101.4 32.7885 -84.1011
    endloop
  endfacet
  facet normal 0 -0.915449 -0.402435
    outer loop
      vertex 102 32.7885 -84.1011
      vertex 101.4 32.8551 -84.2526
      vertex 102 32.8551 -84.2526
    endloop
  endfacet
  facet normal 0 -0.845785 -0.533524
    outer loop
      vertex 101.4 32.7885 -84.1011
      vertex 102 32.7029 -83.9654
      vertex 101.4 32.7029 -83.9654
    endloop
  endfacet
  facet normal 0 -0.845785 -0.533524
    outer loop
      vertex 102 32.7029 -83.9654
      vertex 101.4 32.7885 -84.1011
      vertex 102 32.7885 -84.1011
    endloop
  endfacet
  facet normal 0 -0.752694 -0.658371
    outer loop
      vertex 101.4 32.7029 -83.9654
      vertex 102 32.5982 -83.8457
      vertex 101.4 32.5982 -83.8457
    endloop
  endfacet
  facet normal 0 -0.752694 -0.658371
    outer loop
      vertex 102 32.5982 -83.8457
      vertex 101.4 32.7029 -83.9654
      vertex 102 32.7029 -83.9654
    endloop
  endfacet
  facet normal 0 -0.6428 -0.766034
    outer loop
      vertex 101.4 32.4745 -83.7419
      vertex 102 32.5982 -83.8457
      vertex 102 32.4745 -83.7419
    endloop
  endfacet
  facet normal -0 -0.6428 -0.766034
    outer loop
      vertex 102 32.5982 -83.8457
      vertex 101.4 32.4745 -83.7419
      vertex 101.4 32.5982 -83.8457
    endloop
  endfacet
  facet normal 0 -0.52548 -0.850806
    outer loop
      vertex 101.4 32.3304 -83.6529
      vertex 102 32.4745 -83.7419
      vertex 102 32.3304 -83.6529
    endloop
  endfacet
  facet normal -0 -0.52548 -0.850806
    outer loop
      vertex 102 32.4745 -83.7419
      vertex 101.4 32.3304 -83.6529
      vertex 101.4 32.4745 -83.7419
    endloop
  endfacet
  facet normal 0 -0.413307 -0.910592
    outer loop
      vertex 101.4 32.1645 -83.5776
      vertex 102 32.3304 -83.6529
      vertex 102 32.1645 -83.5776
    endloop
  endfacet
  facet normal -0 -0.413307 -0.910592
    outer loop
      vertex 102 32.3304 -83.6529
      vertex 101.4 32.1645 -83.5776
      vertex 101.4 32.3304 -83.6529
    endloop
  endfacet
  facet normal 0 -0.312427 -0.949942
    outer loop
      vertex 101.4 31.9769 -83.5159
      vertex 102 32.1645 -83.5776
      vertex 102 31.9769 -83.5159
    endloop
  endfacet
  facet normal -0 -0.312427 -0.949942
    outer loop
      vertex 102 32.1645 -83.5776
      vertex 101.4 31.9769 -83.5159
      vertex 101.4 32.1645 -83.5776
    endloop
  endfacet
  facet normal 0 -0.222787 -0.974867
    outer loop
      vertex 101.4 31.7673 -83.468
      vertex 102 31.9769 -83.5159
      vertex 102 31.7673 -83.468
    endloop
  endfacet
  facet normal -0 -0.222787 -0.974867
    outer loop
      vertex 102 31.9769 -83.5159
      vertex 101.4 31.7673 -83.468
      vertex 101.4 31.9769 -83.5159
    endloop
  endfacet
  facet normal 0 -0.14675 -0.989174
    outer loop
      vertex 101.4 31.5361 -83.4337
      vertex 102 31.7673 -83.468
      vertex 102 31.5361 -83.4337
    endloop
  endfacet
  facet normal -0 -0.14675 -0.989174
    outer loop
      vertex 102 31.7673 -83.468
      vertex 101.4 31.5361 -83.4337
      vertex 101.4 31.7673 -83.468
    endloop
  endfacet
  facet normal 0 -0.0807313 -0.996736
    outer loop
      vertex 101.4 31.283 -83.4132
      vertex 102 31.5361 -83.4337
      vertex 102 31.283 -83.4132
    endloop
  endfacet
  facet normal -0 -0.0807313 -0.996736
    outer loop
      vertex 102 31.5361 -83.4337
      vertex 101.4 31.283 -83.4132
      vertex 101.4 31.5361 -83.4337
    endloop
  endfacet
  facet normal 0 -0.0247287 -0.999694
    outer loop
      vertex 101.4 31.0081 -83.4064
      vertex 102 31.283 -83.4132
      vertex 102 31.0081 -83.4064
    endloop
  endfacet
  facet normal -0 -0.0247287 -0.999694
    outer loop
      vertex 102 31.283 -83.4132
      vertex 101.4 31.0081 -83.4064
      vertex 101.4 31.283 -83.4132
    endloop
  endfacet
  facet normal 0 0 -1
    outer loop
      vertex 101.4 29.0144 -83.4064
      vertex 102 31.0081 -83.4064
      vertex 102 29.0144 -83.4064
    endloop
  endfacet
  facet normal -0 0 -1
    outer loop
      vertex 102 31.0081 -83.4064
      vertex 101.4 29.0144 -83.4064
      vertex 101.4 31.0081 -83.4064
    endloop
  endfacet
  facet normal 0 1 -0
    outer loop
      vertex 102 29.0144 -88.4688
      vertex 101.4 29.0144 -83.4064
      vertex 102 29.0144 -83.4064
    endloop
  endfacet
  facet normal 0 1 0
    outer loop
      vertex 101.4 29.0144 -83.4064
      vertex 102 29.0144 -88.4688
      vertex 101.4 29.0144 -88.4688
    endloop
  endfacet
  facet normal -0 0 1
    outer loop
      vertex 101.4 30.3198 -88.4688
      vertex 102 29.0144 -88.4688
      vertex 102 30.3198 -88.4688
    endloop
  endfacet
  facet normal 0 0 1
    outer loop
      vertex 102 29.0144 -88.4688
      vertex 101.4 30.3198 -88.4688
      vertex 101.4 29.0144 -88.4688
    endloop
  endfacet
  facet normal 0 -1 0
    outer loop
      vertex 101.4 30.3198 -88.4688
      vertex 102 30.3198 -86.5519
      vertex 101.4 30.3198 -86.5519
    endloop
  endfacet
  facet normal 0 -1 -0
    outer loop
      vertex 102 30.3198 -86.5519
      vertex 101.4 30.3198 -88.4688
      vertex 102 30.3198 -88.4688
    endloop
  endfacet
  facet normal 0 -1 0
    outer loop
      vertex 101.4 30.3198 -85.6496
      vertex 102 30.3198 -84.3536
      vertex 101.4 30.3198 -84.3536
    endloop
  endfacet
  facet normal 0 -1 -0
    outer loop
      vertex 102 30.3198 -84.3536
      vertex 101.4 30.3198 -85.6496
      vertex 102 30.3198 -85.6496
    endloop
  endfacet
  facet normal -0 0 1
    outer loop
      vertex 101.4 30.869 -84.3536
      vertex 102 30.3198 -84.3536
      vertex 102 30.869 -84.3536
    endloop
  endfacet
  facet normal 0 0 1
    outer loop
      vertex 102 30.3198 -84.3536
      vertex 101.4 30.869 -84.3536
      vertex 101.4 30.3198 -84.3536
    endloop
  endfacet
  facet normal -0 0.0266572 0.999645
    outer loop
      vertex 101.4 30.9815 -84.3566
      vertex 102 30.869 -84.3536
      vertex 102 30.9815 -84.3566
    endloop
  endfacet
  facet normal 0 0.0266572 0.999645
    outer loop
      vertex 102 30.869 -84.3536
      vertex 101.4 30.9815 -84.3566
      vertex 101.4 30.869 -84.3536
    endloop
  endfacet
  facet normal -0 0.0880067 0.99612
    outer loop
      vertex 101.4 31.0845 -84.3657
      vertex 102 30.9815 -84.3566
      vertex 102 31.0845 -84.3657
    endloop
  endfacet
  facet normal 0 0.0880067 0.99612
    outer loop
      vertex 102 30.9815 -84.3566
      vertex 101.4 31.0845 -84.3657
      vertex 101.4 30.9815 -84.3566
    endloop
  endfacet
  facet normal -0 0.160293 0.987069
    outer loop
      vertex 101.4 31.1781 -84.3809
      vertex 102 31.0845 -84.3657
      vertex 102 31.1781 -84.3809
    endloop
  endfacet
  facet normal 0 0.160293 0.987069
    outer loop
      vertex 102 31.0845 -84.3657
      vertex 101.4 31.1781 -84.3809
      vertex 101.4 31.0845 -84.3657
    endloop
  endfacet
  facet normal -0 0.245792 0.969322
    outer loop
      vertex 101.4 31.2621 -84.4022
      vertex 102 31.1781 -84.3809
      vertex 102 31.2621 -84.4022
    endloop
  endfacet
  facet normal 0 0.245792 0.969322
    outer loop
      vertex 102 31.1781 -84.3809
      vertex 101.4 31.2621 -84.4022
      vertex 101.4 31.1781 -84.3809
    endloop
  endfacet
  facet normal -0 0.343663 0.939093
    outer loop
      vertex 101.4 31.3367 -84.4295
      vertex 102 31.2621 -84.4022
      vertex 102 31.3367 -84.4295
    endloop
  endfacet
  facet normal 0 0.343663 0.939093
    outer loop
      vertex 102 31.2621 -84.4022
      vertex 101.4 31.3367 -84.4295
      vertex 101.4 31.2621 -84.4022
    endloop
  endfacet
  facet normal -0 0.45812 0.88889
    outer loop
      vertex 101.4 31.4017 -84.463
      vertex 102 31.3367 -84.4295
      vertex 102 31.4017 -84.463
    endloop
  endfacet
  facet normal 0 0.45812 0.88889
    outer loop
      vertex 102 31.3367 -84.4295
      vertex 101.4 31.4017 -84.463
      vertex 101.4 31.3367 -84.4295
    endloop
  endfacet
  facet normal -0 0.579156 0.815217
    outer loop
      vertex 101.4 31.4573 -84.5025
      vertex 102 31.4017 -84.463
      vertex 102 31.4573 -84.5025
    endloop
  endfacet
  facet normal 0 0.579156 0.815217
    outer loop
      vertex 102 31.4017 -84.463
      vertex 101.4 31.4573 -84.5025
      vertex 101.4 31.4017 -84.463
    endloop
  endfacet
  facet normal -0 0.701051 0.713112
    outer loop
      vertex 101.4 31.5046 -84.549
      vertex 102 31.4573 -84.5025
      vertex 102 31.5046 -84.549
    endloop
  endfacet
  facet normal 0 0.701051 0.713112
    outer loop
      vertex 102 31.4573 -84.5025
      vertex 101.4 31.5046 -84.549
      vertex 101.4 31.4573 -84.5025
    endloop
  endfacet
  facet normal 0 0.807391 0.590017
    outer loop
      vertex 102 31.5445 -84.6036
      vertex 101.4 31.5046 -84.549
      vertex 102 31.5046 -84.549
    endloop
  endfacet
  facet normal 0 0.807391 0.590017
    outer loop
      vertex 101.4 31.5046 -84.549
      vertex 102 31.5445 -84.6036
      vertex 101.4 31.5445 -84.6036
    endloop
  endfacet
  facet normal 0 0.886053 0.463583
    outer loop
      vertex 102 31.5772 -84.6661
      vertex 101.4 31.5445 -84.6036
      vertex 102 31.5445 -84.6036
    endloop
  endfacet
  facet normal 0 0.886053 0.463583
    outer loop
      vertex 101.4 31.5445 -84.6036
      vertex 102 31.5772 -84.6661
      vertex 101.4 31.5772 -84.6661
    endloop
  endfacet
  facet normal 0 0.940955 0.338531
    outer loop
      vertex 102 31.6026 -84.7367
      vertex 101.4 31.5772 -84.6661
      vertex 102 31.5772 -84.6661
    endloop
  endfacet
  facet normal 0 0.940955 0.338531
    outer loop
      vertex 101.4 31.5772 -84.6661
      vertex 102 31.6026 -84.7367
      vertex 101.4 31.6026 -84.7367
    endloop
  endfacet
  facet normal 0 0.974224 0.225584
    outer loop
      vertex 102 31.6208 -84.8153
      vertex 101.4 31.6026 -84.7367
      vertex 102 31.6026 -84.7367
    endloop
  endfacet
  facet normal 0 0.974224 0.225584
    outer loop
      vertex 101.4 31.6026 -84.7367
      vertex 102 31.6208 -84.8153
      vertex 101.4 31.6208 -84.8153
    endloop
  endfacet
  facet normal 0 0.992172 0.124881
    outer loop
      vertex 102 31.6317 -84.9019
      vertex 101.4 31.6208 -84.8153
      vertex 102 31.6208 -84.8153
    endloop
  endfacet
  facet normal 0 0.992172 0.124881
    outer loop
      vertex 101.4 31.6208 -84.8153
      vertex 102 31.6317 -84.9019
      vertex 101.4 31.6317 -84.9019
    endloop
  endfacet
  facet normal 0 0.999277 0.0380274
    outer loop
      vertex 102 31.6353 -84.9965
      vertex 101.4 31.6317 -84.9019
      vertex 102 31.6317 -84.9019
    endloop
  endfacet
  facet normal 0 0.999277 0.0380274
    outer loop
      vertex 101.4 31.6317 -84.9019
      vertex 102 31.6353 -84.9965
      vertex 101.4 31.6353 -84.9965
    endloop
  endfacet
  facet normal 0 0.99929 -0.0376696
    outer loop
      vertex 102 31.6317 -85.092
      vertex 101.4 31.6353 -84.9965
      vertex 102 31.6353 -84.9965
    endloop
  endfacet
  facet normal 0 0.99929 -0.0376696
    outer loop
      vertex 101.4 31.6353 -84.9965
      vertex 102 31.6317 -85.092
      vertex 101.4 31.6317 -85.092
    endloop
  endfacet
  facet normal 0 0.992347 -0.123477
    outer loop
      vertex 102 31.6208 -85.1796
      vertex 101.4 31.6317 -85.092
      vertex 102 31.6317 -85.092
    endloop
  endfacet
  facet normal 0 0.992347 -0.123477
    outer loop
      vertex 101.4 31.6317 -85.092
      vertex 102 31.6208 -85.1796
      vertex 101.4 31.6208 -85.1796
    endloop
  endfacet
  facet normal 0 0.974843 -0.222891
    outer loop
      vertex 102 31.6026 -85.2592
      vertex 101.4 31.6208 -85.1796
      vertex 102 31.6208 -85.1796
    endloop
  endfacet
  facet normal 0 0.974843 -0.222891
    outer loop
      vertex 101.4 31.6208 -85.1796
      vertex 102 31.6026 -85.2592
      vertex 101.4 31.6026 -85.2592
    endloop
  endfacet
  facet normal 0 0.942307 -0.33475
    outer loop
      vertex 102 31.5772 -85.3307
      vertex 101.4 31.6026 -85.2592
      vertex 102 31.6026 -85.2592
    endloop
  endfacet
  facet normal 0 0.942307 -0.33475
    outer loop
      vertex 101.4 31.6026 -85.2592
      vertex 102 31.5772 -85.3307
      vertex 101.4 31.5772 -85.3307
    endloop
  endfacet
  facet normal 0 0.889337 -0.457253
    outer loop
      vertex 102 31.5445 -85.3943
      vertex 101.4 31.5772 -85.3307
      vertex 102 31.5772 -85.3307
    endloop
  endfacet
  facet normal 0 0.889337 -0.457253
    outer loop
      vertex 101.4 31.5772 -85.3307
      vertex 102 31.5445 -85.3943
      vertex 101.4 31.5445 -85.3943
    endloop
  endfacet
  facet normal 0 0.81195 -0.583726
    outer loop
      vertex 102 31.5046 -85.4498
      vertex 101.4 31.5445 -85.3943
      vertex 102 31.5445 -85.3943
    endloop
  endfacet
  facet normal 0 0.81195 -0.583726
    outer loop
      vertex 101.4 31.5445 -85.3943
      vertex 102 31.5046 -85.4498
      vertex 101.4 31.5046 -85.4498
    endloop
  endfacet
  facet normal 0 0.708597 -0.705613
    outer loop
      vertex 102 31.4573 -85.4973
      vertex 101.4 31.5046 -85.4498
      vertex 102 31.5046 -85.4498
    endloop
  endfacet
  facet normal 0 0.708597 -0.705613
    outer loop
      vertex 101.4 31.5046 -85.4498
      vertex 102 31.4573 -85.4973
      vertex 101.4 31.4573 -85.4973
    endloop
  endfacet
  facet normal 0 0.587826 -0.808988
    outer loop
      vertex 101.4 31.4017 -85.5377
      vertex 102 31.4573 -85.4973
      vertex 102 31.4017 -85.5377
    endloop
  endfacet
  facet normal 0 0.587826 -0.808988
    outer loop
      vertex 102 31.4573 -85.4973
      vertex 101.4 31.4017 -85.5377
      vertex 101.4 31.4573 -85.4973
    endloop
  endfacet
  facet normal 0 0.465634 -0.884977
    outer loop
      vertex 101.4 31.3367 -85.5719
      vertex 102 31.4017 -85.5377
      vertex 102 31.3367 -85.5719
    endloop
  endfacet
  facet normal 0 0.465634 -0.884977
    outer loop
      vertex 102 31.4017 -85.5377
      vertex 101.4 31.3367 -85.5719
      vertex 101.4 31.4017 -85.5377
    endloop
  endfacet
  facet normal 0 0.350298 -0.936638
    outer loop
      vertex 101.4 31.2621 -85.5998
      vertex 102 31.3367 -85.5719
      vertex 102 31.2621 -85.5998
    endloop
  endfacet
  facet normal 0 0.350298 -0.936638
    outer loop
      vertex 102 31.3367 -85.5719
      vertex 101.4 31.2621 -85.5998
      vertex 101.4 31.3367 -85.5719
    endloop
  endfacet
  facet normal 0 0.251202 -0.967935
    outer loop
      vertex 101.4 31.1781 -85.6216
      vertex 102 31.2621 -85.5998
      vertex 102 31.1781 -85.6216
    endloop
  endfacet
  facet normal 0 0.251202 -0.967935
    outer loop
      vertex 102 31.2621 -85.5998
      vertex 101.4 31.1781 -85.6216
      vertex 101.4 31.2621 -85.5998
    endloop
  endfacet
  facet normal 0 0.163373 -0.986564
    outer loop
      vertex 101.4 31.0845 -85.6371
      vertex 102 31.1781 -85.6216
      vertex 102 31.0845 -85.6371
    endloop
  endfacet
  facet normal 0 0.163373 -0.986564
    outer loop
      vertex 102 31.1781 -85.6216
      vertex 101.4 31.0845 -85.6371
      vertex 101.4 31.1781 -85.6216
    endloop
  endfacet
  facet normal 0 0.0908844 -0.995861
    outer loop
      vertex 101.4 30.9815 -85.6465
      vertex 102 31.0845 -85.6371
      vertex 102 30.9815 -85.6465
    endloop
  endfacet
  facet normal 0 0.0908844 -0.995861
    outer loop
      vertex 102 31.0845 -85.6371
      vertex 101.4 30.9815 -85.6465
      vertex 101.4 31.0845 -85.6371
    endloop
  endfacet
  facet normal 0 0.0275451 -0.999621
    outer loop
      vertex 101.4 30.869 -85.6496
      vertex 102 30.9815 -85.6465
      vertex 102 30.869 -85.6496
    endloop
  endfacet
  facet normal 0 0.0275451 -0.999621
    outer loop
      vertex 102 30.9815 -85.6465
      vertex 101.4 30.869 -85.6496
      vertex 101.4 30.9815 -85.6465
    endloop
  endfacet
  facet normal 0 0 -1
    outer loop
      vertex 101.4 30.3198 -85.6496
      vertex 102 30.869 -85.6496
      vertex 102 30.3198 -85.6496
    endloop
  endfacet
  facet normal -0 0 -1
    outer loop
      vertex 102 30.869 -85.6496
      vertex 101.4 30.3198 -85.6496
      vertex 101.4 30.869 -85.6496
    endloop
  endfacet
  facet normal 0 0 -1
    outer loop
      vertex 101.4 50.5479 -83.4064
      vertex 102 51.8601 -83.4064
      vertex 102 50.5479 -83.4064
    endloop
  endfacet
  facet normal -0 0 -1
    outer loop
      vertex 102 51.8601 -83.4064
      vertex 101.4 50.5479 -83.4064
      vertex 101.4 51.8601 -83.4064
    endloop
  endfacet
  facet normal 0 0.941355 -0.337417
    outer loop
      vertex 102 49.2086 -87.1429
      vertex 101.4 50.5479 -83.4064
      vertex 102 50.5479 -83.4064
    endloop
  endfacet
  facet normal 0 0.941355 -0.337417
    outer loop
      vertex 101.4 50.5479 -83.4064
      vertex 102 49.2086 -87.1429
      vertex 101.4 49.2086 -87.1429
    endloop
  endfacet
  facet normal 0 -0.941091 -0.338153
    outer loop
      vertex 101.4 49.2086 -87.1429
      vertex 102 47.866 -83.4064
      vertex 101.4 47.866 -83.4064
    endloop
  endfacet
  facet normal 0 -0.941091 -0.338153
    outer loop
      vertex 102 47.866 -83.4064
      vertex 101.4 49.2086 -87.1429
      vertex 102 49.2086 -87.1429
    endloop
  endfacet
  facet normal 0 0 -1
    outer loop
      vertex 101.4 46.5538 -83.4064
      vertex 102 47.866 -83.4064
      vertex 102 46.5538 -83.4064
    endloop
  endfacet
  facet normal -0 0 -1
    outer loop
      vertex 102 47.866 -83.4064
      vertex 101.4 46.5538 -83.4064
      vertex 101.4 47.866 -83.4064
    endloop
  endfacet
  facet normal 0 0.937747 0.34732
    outer loop
      vertex 102 48.4288 -88.4688
      vertex 101.4 46.5538 -83.4064
      vertex 102 46.5538 -83.4064
    endloop
  endfacet
  facet normal 0 0.937747 0.34732
    outer loop
      vertex 101.4 46.5538 -83.4064
      vertex 102 48.4288 -88.4688
      vertex 101.4 48.4288 -88.4688
    endloop
  endfacet
  facet normal -0 0 1
    outer loop
      vertex 101.4 49.9851 -88.4688
      vertex 102 48.4288 -88.4688
      vertex 102 49.9851 -88.4688
    endloop
  endfacet
  facet normal 0 0 1
    outer loop
      vertex 102 48.4288 -88.4688
      vertex 101.4 49.9851 -88.4688
      vertex 101.4 48.4288 -88.4688
    endloop
  endfacet
  facet normal 0 -0.937747 0.34732
    outer loop
      vertex 101.4 49.9851 -88.4688
      vertex 102 51.8601 -83.4064
      vertex 101.4 51.8601 -83.4064
    endloop
  endfacet
  facet normal 0 -0.937747 0.34732
    outer loop
      vertex 102 51.8601 -83.4064
      vertex 101.4 49.9851 -88.4688
      vertex 102 49.9851 -88.4688
    endloop
  endfacet
  facet normal 0 0 -1
    outer loop
      vertex 101.4 53.7113 -87.4831
      vertex 102 56.0033 -87.4831
      vertex 102 53.7113 -87.4831
    endloop
  endfacet
  facet normal -0 0 -1
    outer loop
      vertex 102 56.0033 -87.4831
      vertex 101.4 53.7113 -87.4831
      vertex 101.4 56.0033 -87.4831
    endloop
  endfacet
  facet normal 0 -1 0
    outer loop
      vertex 101.4 53.7113 -87.4831
      vertex 102 53.7113 -86.3215
      vertex 101.4 53.7113 -86.3215
    endloop
  endfacet
  facet normal 0 -1 -0
    outer loop
      vertex 102 53.7113 -86.3215
      vertex 101.4 53.7113 -87.4831
      vertex 102 53.7113 -87.4831
    endloop
  endfacet
  facet normal -0 0 1
    outer loop
      vertex 101.4 55.7965 -86.3215
      vertex 102 53.7113 -86.3215
      vertex 102 55.7965 -86.3215
    endloop
  endfacet
  facet normal 0 0 1
    outer loop
      vertex 102 53.7113 -86.3215
      vertex 101.4 55.7965 -86.3215
      vertex 101.4 53.7113 -86.3215
    endloop
  endfacet
  facet normal 0 -1 0
    outer loop
      vertex 101.4 55.7965 -86.3215
      vertex 102 55.7965 -85.336
      vertex 101.4 55.7965 -85.336
    endloop
  endfacet
  facet normal 0 -1 -0
    outer loop
      vertex 102 55.7965 -85.336
      vertex 101.4 55.7965 -86.3215
      vertex 102 55.7965 -86.3215
    endloop
  endfacet
  facet normal 0 0 -1
    outer loop
      vertex 101.4 53.7113 -85.336
      vertex 102 55.7965 -85.336
      vertex 102 53.7113 -85.336
    endloop
  endfacet
  facet normal -0 0 -1
    outer loop
      vertex 102 55.7965 -85.336
      vertex 101.4 53.7113 -85.336
      vertex 101.4 55.7965 -85.336
    endloop
  endfacet
  facet normal 0 -1 0
    outer loop
      vertex 101.4 53.7113 -85.336
      vertex 102 53.7113 -84.392
      vertex 101.4 53.7113 -84.392
    endloop
  endfacet
  facet normal 0 -1 -0
    outer loop
      vertex 102 53.7113 -84.392
      vertex 101.4 53.7113 -85.336
      vertex 102 53.7113 -85.336
    endloop
  endfacet
  facet normal -0 0 1
    outer loop
      vertex 101.4 55.9287 -84.392
      vertex 102 53.7113 -84.392
      vertex 102 55.9287 -84.392
    endloop
  endfacet
  facet normal 0 0 1
    outer loop
      vertex 102 53.7113 -84.392
      vertex 101.4 55.9287 -84.392
      vertex 101.4 53.7113 -84.392
    endloop
  endfacet
  facet normal 0 -1 0
    outer loop
      vertex 101.4 55.9287 -84.392
      vertex 102 55.9287 -83.4064
      vertex 101.4 55.9287 -83.4064
    endloop
  endfacet
  facet normal 0 -1 -0
    outer loop
      vertex 102 55.9287 -83.4064
      vertex 101.4 55.9287 -84.392
      vertex 102 55.9287 -84.392
    endloop
  endfacet
  facet normal 0 0 -1
    outer loop
      vertex 101.4 52.4059 -83.4064
      vertex 102 55.9287 -83.4064
      vertex 102 52.4059 -83.4064
    endloop
  endfacet
  facet normal -0 0 -1
    outer loop
      vertex 102 55.9287 -83.4064
      vertex 101.4 52.4059 -83.4064
      vertex 101.4 55.9287 -83.4064
    endloop
  endfacet
  facet normal 0 1 -0
    outer loop
      vertex 102 52.4059 -88.4688
      vertex 101.4 52.4059 -83.4064
      vertex 102 52.4059 -83.4064
    endloop
  endfacet
  facet normal 0 1 0
    outer loop
      vertex 101.4 52.4059 -83.4064
      vertex 102 52.4059 -88.4688
      vertex 101.4 52.4059 -88.4688
    endloop
  endfacet
  facet normal -0 0 1
    outer loop
      vertex 101.4 56.0033 -88.4688
      vertex 102 52.4059 -88.4688
      vertex 102 56.0033 -88.4688
    endloop
  endfacet
  facet normal 0 0 1
    outer loop
      vertex 102 52.4059 -88.4688
      vertex 101.4 56.0033 -88.4688
      vertex 101.4 52.4059 -88.4688
    endloop
  endfacet
  facet normal 0 -1 0
    outer loop
      vertex 101.4 56.0033 -88.4688
      vertex 102 56.0033 -87.4831
      vertex 101.4 56.0033 -87.4831
    endloop
  endfacet
  facet normal 0 -1 -0
    outer loop
      vertex 102 56.0033 -87.4831
      vertex 101.4 56.0033 -88.4688
      vertex 102 56.0033 -88.4688
    endloop
  endfacet
  facet normal -0 0 1
    outer loop
      vertex 101.4 58.7134 -86.5519
      vertex 102 58.3439 -86.5519
      vertex 102 58.7134 -86.5519
    endloop
  endfacet
  facet normal 0 0 1
    outer loop
      vertex 102 58.3439 -86.5519
      vertex 101.4 58.7134 -86.5519
      vertex 101.4 58.3439 -86.5519
    endloop
  endfacet
  facet normal -0 0.0327508 0.999464
    outer loop
      vertex 101.4 58.8019 -86.5548
      vertex 102 58.7134 -86.5519
      vertex 102 58.8019 -86.5548
    endloop
  endfacet
  facet normal 0 0.0327508 0.999464
    outer loop
      vertex 102 58.7134 -86.5519
      vertex 101.4 58.8019 -86.5548
      vertex 101.4 58.7134 -86.5519
    endloop
  endfacet
  facet normal -0 0.101514 0.994834
    outer loop
      vertex 101.4 58.8852 -86.5633
      vertex 102 58.8019 -86.5548
      vertex 102 58.8852 -86.5633
    endloop
  endfacet
  facet normal 0 0.101514 0.994834
    outer loop
      vertex 102 58.8019 -86.5548
      vertex 101.4 58.8852 -86.5633
      vertex 101.4 58.8019 -86.5548
    endloop
  endfacet
  facet normal -0 0.178885 0.98387
    outer loop
      vertex 101.4 58.9633 -86.5775
      vertex 102 58.8852 -86.5633
      vertex 102 58.9633 -86.5775
    endloop
  endfacet
  facet normal 0 0.178885 0.98387
    outer loop
      vertex 102 58.8852 -86.5633
      vertex 101.4 58.9633 -86.5775
      vertex 101.4 58.8852 -86.5633
    endloop
  endfacet
  facet normal -0 0.263678 0.964611
    outer loop
      vertex 101.4 59.0361 -86.5974
      vertex 102 58.9633 -86.5775
      vertex 102 59.0361 -86.5974
    endloop
  endfacet
  facet normal 0 0.263678 0.964611
    outer loop
      vertex 102 58.9633 -86.5775
      vertex 101.4 59.0361 -86.5974
      vertex 101.4 58.9633 -86.5775
    endloop
  endfacet
  facet normal -0 0.352031 0.935988
    outer loop
      vertex 101.4 59.1039 -86.6229
      vertex 102 59.0361 -86.5974
      vertex 102 59.1039 -86.6229
    endloop
  endfacet
  facet normal 0 0.352031 0.935988
    outer loop
      vertex 102 59.0361 -86.5974
      vertex 101.4 59.1039 -86.6229
      vertex 101.4 59.0361 -86.5974
    endloop
  endfacet
  facet normal -0 0.446641 0.894713
    outer loop
      vertex 101.4 59.1664 -86.6541
      vertex 102 59.1039 -86.6229
      vertex 102 59.1664 -86.6541
    endloop
  endfacet
  facet normal 0 0.446641 0.894713
    outer loop
      vertex 102 59.1039 -86.6229
      vertex 101.4 59.1664 -86.6541
      vertex 101.4 59.1039 -86.6229
    endloop
  endfacet
  facet normal -0 0.541425 0.840749
    outer loop
      vertex 101.4 59.2237 -86.691
      vertex 102 59.1664 -86.6541
      vertex 102 59.2237 -86.691
    endloop
  endfacet
  facet normal 0 0.541425 0.840749
    outer loop
      vertex 102 59.1664 -86.6541
      vertex 101.4 59.2237 -86.691
      vertex 101.4 59.1664 -86.6541
    endloop
  endfacet
  facet normal -0 0.633469 0.773768
    outer loop
      vertex 101.4 59.2783 -86.7357
      vertex 102 59.2237 -86.691
      vertex 102 59.2783 -86.7357
    endloop
  endfacet
  facet normal 0 0.633469 0.773768
    outer loop
      vertex 102 59.2237 -86.691
      vertex 101.4 59.2783 -86.7357
      vertex 101.4 59.2237 -86.691
    endloop
  endfacet
  facet normal 0 0.707107 0.707107
    outer loop
      vertex 102 59.3328 -86.7902
      vertex 101.4 59.2783 -86.7357
      vertex 102 59.2783 -86.7357
    endloop
  endfacet
  facet normal 0 0.707107 0.707107
    outer loop
      vertex 101.4 59.2783 -86.7357
      vertex 102 59.3328 -86.7902
      vertex 101.4 59.3328 -86.7902
    endloop
  endfacet
  facet normal 0 0.764603 0.644502
    outer loop
      vertex 102 59.387 -86.8545
      vertex 101.4 59.3328 -86.7902
      vertex 102 59.3328 -86.7902
    endloop
  endfacet
  facet normal 0 0.764603 0.644502
    outer loop
      vertex 101.4 59.3328 -86.7902
      vertex 102 59.387 -86.8545
      vertex 101.4 59.387 -86.8545
    endloop
  endfacet
  facet normal 0 0.808548 0.588431
    outer loop
      vertex 102 59.441 -86.9287
      vertex 101.4 59.387 -86.8545
      vertex 102 59.387 -86.8545
    endloop
  endfacet
  facet normal 0 0.808548 0.588431
    outer loop
      vertex 101.4 59.387 -86.8545
      vertex 102 59.441 -86.9287
      vertex 101.4 59.441 -86.9287
    endloop
  endfacet
  facet normal 0 0.841797 0.539794
    outer loop
      vertex 102 59.4948 -87.0126
      vertex 101.4 59.441 -86.9287
      vertex 102 59.441 -86.9287
    endloop
  endfacet
  facet normal 0 0.841797 0.539794
    outer loop
      vertex 101.4 59.441 -86.9287
      vertex 102 59.4948 -87.0126
      vertex 101.4 59.4948 -87.0126
    endloop
  endfacet
  facet normal 0 0.868243 0.496139
    outer loop
      vertex 102 59.5484 -87.1064
      vertex 101.4 59.4948 -87.0126
      vertex 102 59.4948 -87.0126
    endloop
  endfacet
  facet normal 0 0.868243 0.496139
    outer loop
      vertex 101.4 59.4948 -87.0126
      vertex 102 59.5484 -87.1064
      vertex 101.4 59.5484 -87.1064
    endloop
  endfacet
  facet normal 0 0.889049 0.457813
    outer loop
      vertex 102 59.6018 -87.2101
      vertex 101.4 59.5484 -87.1064
      vertex 102 59.5484 -87.1064
    endloop
  endfacet
  facet normal 0 0.889049 0.457813
    outer loop
      vertex 101.4 59.5484 -87.1064
      vertex 102 59.6018 -87.2101
      vertex 101.4 59.6018 -87.2101
    endloop
  endfacet
  facet normal 0 0.897895 0.440209
    outer loop
      vertex 102 60.2189 -88.4688
      vertex 101.4 59.6018 -87.2101
      vertex 102 59.6018 -87.2101
    endloop
  endfacet
  facet normal 0 0.897895 0.440209
    outer loop
      vertex 101.4 59.6018 -87.2101
      vertex 102 60.2189 -88.4688
      vertex 101.4 60.2189 -88.4688
    endloop
  endfacet
  facet normal -0 0 1
    outer loop
      vertex 101.4 61.609 -88.4688
      vertex 102 60.2189 -88.4688
      vertex 102 61.609 -88.4688
    endloop
  endfacet
  facet normal 0 0 1
    outer loop
      vertex 102 60.2189 -88.4688
      vertex 101.4 61.609 -88.4688
      vertex 101.4 60.2189 -88.4688
    endloop
  endfacet
  facet normal 0 -0.897068 -0.441893
    outer loop
      vertex 101.4 61.609 -88.4688
      vertex 102 60.9004 -87.0303
      vertex 101.4 60.9004 -87.0303
    endloop
  endfacet
  facet normal 0 -0.897068 -0.441893
    outer loop
      vertex 102 60.9004 -87.0303
      vertex 101.4 61.609 -88.4688
      vertex 102 61.609 -88.4688
    endloop
  endfacet
  facet normal 0 -0.889502 -0.456931
    outer loop
      vertex 101.4 60.9004 -87.0303
      vertex 102 60.8385 -86.9098
      vertex 101.4 60.8385 -86.9098
    endloop
  endfacet
  facet normal 0 -0.889502 -0.456931
    outer loop
      vertex 102 60.8385 -86.9098
      vertex 101.4 60.9004 -87.0303
      vertex 102 60.9004 -87.0303
    endloop
  endfacet
  facet normal 0 -0.874786 -0.484509
    outer loop
      vertex 101.4 60.8385 -86.9098
      vertex 102 60.7768 -86.7984
      vertex 101.4 60.7768 -86.7984
    endloop
  endfacet
  facet normal 0 -0.874786 -0.484509
    outer loop
      vertex 102 60.7768 -86.7984
      vertex 101.4 60.8385 -86.9098
      vertex 102 60.8385 -86.9098
    endloop
  endfacet
  facet normal 0 -0.857271 -0.514865
    outer loop
      vertex 101.4 60.7768 -86.7984
      vertex 102 60.7153 -86.696
      vertex 101.4 60.7153 -86.696
    endloop
  endfacet
  facet normal 0 -0.857271 -0.514865
    outer loop
      vertex 102 60.7153 -86.696
      vertex 101.4 60.7768 -86.7984
      vertex 102 60.7768 -86.7984
    endloop
  endfacet
  facet normal 0 -0.835752 -0.549106
    outer loop
      vertex 101.4 60.7153 -86.696
      vertex 102 60.654 -86.6027
      vertex 101.4 60.654 -86.6027
    endloop
  endfacet
  facet normal 0 -0.835752 -0.549106
    outer loop
      vertex 102 60.654 -86.6027
      vertex 101.4 60.7153 -86.696
      vertex 102 60.7153 -86.696
    endloop
  endfacet
  facet normal 0 -0.809816 -0.586684
    outer loop
      vertex 101.4 60.654 -86.6027
      vertex 102 60.593 -86.5185
      vertex 101.4 60.593 -86.5185
    endloop
  endfacet
  facet normal 0 -0.809816 -0.586684
    outer loop
      vertex 102 60.593 -86.5185
      vertex 101.4 60.654 -86.6027
      vertex 102 60.654 -86.6027
    endloop
  endfacet
  facet normal 0 -0.777125 -0.629347
    outer loop
      vertex 101.4 60.593 -86.5185
      vertex 102 60.5321 -86.4433
      vertex 101.4 60.5321 -86.4433
    endloop
  endfacet
  facet normal 0 -0.777125 -0.629347
    outer loop
      vertex 102 60.5321 -86.4433
      vertex 101.4 60.593 -86.5185
      vertex 102 60.593 -86.5185
    endloop
  endfacet
  facet normal 0 -0.736553 -0.67638
    outer loop
      vertex 101.4 60.5321 -86.4433
      vertex 102 60.4714 -86.3772
      vertex 101.4 60.4714 -86.3772
    endloop
  endfacet
  facet normal 0 -0.736553 -0.67638
    outer loop
      vertex 102 60.4714 -86.3772
      vertex 101.4 60.5321 -86.4433
      vertex 102 60.5321 -86.4433
    endloop
  endfacet
  facet normal 0 -0.688006 -0.725705
    outer loop
      vertex 101.4 60.4098 -86.3188
      vertex 102 60.4714 -86.3772
      vertex 102 60.4098 -86.3188
    endloop
  endfacet
  facet normal -0 -0.688006 -0.725705
    outer loop
      vertex 102 60.4714 -86.3772
      vertex 101.4 60.4098 -86.3188
      vertex 101.4 60.4714 -86.3772
    endloop
  endfacet
  facet normal 0 -0.631322 -0.775521
    outer loop
      vertex 101.4 60.3458 -86.2667
      vertex 102 60.4098 -86.3188
      vertex 102 60.3458 -86.2667
    endloop
  endfacet
  facet normal -0 -0.631322 -0.775521
    outer loop
      vertex 102 60.4098 -86.3188
      vertex 101.4 60.3458 -86.2667
      vertex 101.4 60.4098 -86.3188
    endloop
  endfacet
  facet normal 0 -0.568371 -0.822773
    outer loop
      vertex 101.4 60.2795 -86.2209
      vertex 102 60.3458 -86.2667
      vertex 102 60.2795 -86.2209
    endloop
  endfacet
  facet normal -0 -0.568371 -0.822773
    outer loop
      vertex 102 60.3458 -86.2667
      vertex 101.4 60.2795 -86.2209
      vertex 101.4 60.3458 -86.2667
    endloop
  endfacet
  facet normal 0 -0.49954 -0.866291
    outer loop
      vertex 101.4 60.211 -86.1814
      vertex 102 60.2795 -86.2209
      vertex 102 60.211 -86.1814
    endloop
  endfacet
  facet normal -0 -0.49954 -0.866291
    outer loop
      vertex 102 60.2795 -86.2209
      vertex 101.4 60.211 -86.1814
      vertex 101.4 60.2795 -86.2209
    endloop
  endfacet
  facet normal 0 -0.424565 -0.905397
    outer loop
      vertex 101.4 60.1402 -86.1482
      vertex 102 60.211 -86.1814
      vertex 102 60.1402 -86.1482
    endloop
  endfacet
  facet normal -0 -0.424565 -0.905397
    outer loop
      vertex 102 60.211 -86.1814
      vertex 101.4 60.1402 -86.1482
      vertex 101.4 60.211 -86.1814
    endloop
  endfacet
  facet normal 0 -0.345348 -0.938475
    outer loop
      vertex 101.4 60.0671 -86.1213
      vertex 102 60.1402 -86.1482
      vertex 102 60.0671 -86.1213
    endloop
  endfacet
  facet normal -0 -0.345348 -0.938475
    outer loop
      vertex 102 60.1402 -86.1482
      vertex 101.4 60.0671 -86.1213
      vertex 101.4 60.1402 -86.1482
    endloop
  endfacet
  facet normal 0 -0.26355 -0.964646
    outer loop
      vertex 101.4 59.9917 -86.1007
      vertex 102 60.0671 -86.1213
      vertex 102 59.9917 -86.1007
    endloop
  endfacet
  facet normal -0 -0.26355 -0.964646
    outer loop
      vertex 102 60.0671 -86.1213
      vertex 101.4 59.9917 -86.1007
      vertex 101.4 60.0671 -86.1213
    endloop
  endfacet
  facet normal 0 -0.329881 0.944022
    outer loop
      vertex 101.4 60.1262 -86.0537
      vertex 102 59.9917 -86.1007
      vertex 102 60.1262 -86.0537
    endloop
  endfacet
  facet normal 0 -0.329881 0.944022
    outer loop
      vertex 102 59.9917 -86.1007
      vertex 101.4 60.1262 -86.0537
      vertex 101.4 59.9917 -86.1007
    endloop
  endfacet
  facet normal 0 -0.397566 0.917574
    outer loop
      vertex 101.4 60.2506 -85.9998
      vertex 102 60.1262 -86.0537
      vertex 102 60.2506 -85.9998
    endloop
  endfacet
  facet normal 0 -0.397566 0.917574
    outer loop
      vertex 102 60.1262 -86.0537
      vertex 101.4 60.2506 -85.9998
      vertex 101.4 60.1262 -86.0537
    endloop
  endfacet
  facet normal 0 -0.469587 0.882886
    outer loop
      vertex 101.4 60.3651 -85.9389
      vertex 102 60.2506 -85.9998
      vertex 102 60.3651 -85.9389
    endloop
  endfacet
  facet normal 0 -0.469587 0.882886
    outer loop
      vertex 102 60.2506 -85.9998
      vertex 101.4 60.3651 -85.9389
      vertex 101.4 60.2506 -85.9998
    endloop
  endfacet
  facet normal 0 -0.545017 0.838425
    outer loop
      vertex 101.4 60.4694 -85.8711
      vertex 102 60.3651 -85.9389
      vertex 102 60.4694 -85.8711
    endloop
  endfacet
  facet normal 0 -0.545017 0.838425
    outer loop
      vertex 102 60.3651 -85.9389
      vertex 101.4 60.4694 -85.8711
      vertex 101.4 60.3651 -85.9389
    endloop
  endfacet
  facet normal 0 -0.620533 0.784181
    outer loop
      vertex 101.4 60.5638 -85.7964
      vertex 102 60.4694 -85.8711
      vertex 102 60.5638 -85.7964
    endloop
  endfacet
  facet normal 0 -0.620533 0.784181
    outer loop
      vertex 102 60.4694 -85.8711
      vertex 101.4 60.5638 -85.7964
      vertex 101.4 60.4694 -85.8711
    endloop
  endfacet
  facet normal 0 -0.695507 0.71852
    outer loop
      vertex 101.4 60.6481 -85.7148
      vertex 102 60.5638 -85.7964
      vertex 102 60.6481 -85.7148
    endloop
  endfacet
  facet normal 0 -0.695507 0.71852
    outer loop
      vertex 102 60.5638 -85.7964
      vertex 101.4 60.6481 -85.7148
      vertex 101.4 60.5638 -85.7964
    endloop
  endfacet
  facet normal 0 -0.765875 0.642989
    outer loop
      vertex 101.4 60.6481 -85.7148
      vertex 102 60.7224 -85.6263
      vertex 101.4 60.7224 -85.6263
    endloop
  endfacet
  facet normal 0 -0.765875 0.642989
    outer loop
      vertex 102 60.7224 -85.6263
      vertex 101.4 60.6481 -85.7148
      vertex 102 60.6481 -85.7148
    endloop
  endfacet
  facet normal 0 -0.830043 0.557699
    outer loop
      vertex 101.4 60.7224 -85.6263
      vertex 102 60.7867 -85.5306
      vertex 101.4 60.7867 -85.5306
    endloop
  endfacet
  facet normal 0 -0.830043 0.557699
    outer loop
      vertex 102 60.7867 -85.5306
      vertex 101.4 60.7224 -85.6263
      vertex 102 60.7224 -85.6263
    endloop
  endfacet
  facet normal 0 -0.884247 0.46702
    outer loop
      vertex 101.4 60.7867 -85.5306
      vertex 102 60.8411 -85.4276
      vertex 101.4 60.8411 -85.4276
    endloop
  endfacet
  facet normal 0 -0.884247 0.46702
    outer loop
      vertex 102 60.8411 -85.4276
      vertex 101.4 60.7867 -85.5306
      vertex 102 60.7867 -85.5306
    endloop
  endfacet
  facet normal 0 -0.927079 0.374866
    outer loop
      vertex 101.4 60.8411 -85.4276
      vertex 102 60.8857 -85.3173
      vertex 101.4 60.8857 -85.3173
    endloop
  endfacet
  facet normal 0 -0.927079 0.374866
    outer loop
      vertex 102 60.8857 -85.3173
      vertex 101.4 60.8411 -85.4276
      vertex 102 60.8411 -85.4276
    endloop
  endfacet
  facet normal 0 -0.95934 0.282255
    outer loop
      vertex 101.4 60.8857 -85.3173
      vertex 102 60.9203 -85.1997
      vertex 101.4 60.9203 -85.1997
    endloop
  endfacet
  facet normal 0 -0.95934 0.282255
    outer loop
      vertex 102 60.9203 -85.1997
      vertex 101.4 60.8857 -85.3173
      vertex 102 60.8857 -85.3173
    endloop
  endfacet
  facet normal 0 -0.980881 0.194607
    outer loop
      vertex 101.4 60.9203 -85.1997
      vertex 102 60.9451 -85.0747
      vertex 101.4 60.9451 -85.0747
    endloop
  endfacet
  facet normal 0 -0.980881 0.194607
    outer loop
      vertex 102 60.9451 -85.0747
      vertex 101.4 60.9203 -85.1997
      vertex 102 60.9203 -85.1997
    endloop
  endfacet
  facet normal 0 -0.993801 0.111174
    outer loop
      vertex 101.4 60.9451 -85.0747
      vertex 102 60.9599 -84.9424
      vertex 101.4 60.9599 -84.9424
    endloop
  endfacet
  facet normal 0 -0.993801 0.111174
    outer loop
      vertex 102 60.9599 -84.9424
      vertex 101.4 60.9451 -85.0747
      vertex 102 60.9451 -85.0747
    endloop
  endfacet
  facet normal 0 -0.999385 0.0350536
    outer loop
      vertex 101.4 60.9599 -84.9424
      vertex 102 60.9648 -84.8027
      vertex 101.4 60.9648 -84.8027
    endloop
  endfacet
  facet normal 0 -0.999385 0.0350536
    outer loop
      vertex 102 60.9648 -84.8027
      vertex 101.4 60.9599 -84.9424
      vertex 102 60.9599 -84.9424
    endloop
  endfacet
  facet normal 0 -0.998866 -0.0476128
    outer loop
      vertex 101.4 60.9648 -84.8027
      vertex 102 60.9553 -84.6034
      vertex 101.4 60.9553 -84.6034
    endloop
  endfacet
  facet normal 0 -0.998866 -0.0476128
    outer loop
      vertex 102 60.9553 -84.6034
      vertex 101.4 60.9648 -84.8027
      vertex 102 60.9648 -84.8027
    endloop
  endfacet
  facet normal 0 -0.988127 -0.153637
    outer loop
      vertex 101.4 60.9553 -84.6034
      vertex 102 60.9268 -84.4201
      vertex 101.4 60.9268 -84.4201
    endloop
  endfacet
  facet normal 0 -0.988127 -0.153637
    outer loop
      vertex 102 60.9268 -84.4201
      vertex 101.4 60.9553 -84.6034
      vertex 102 60.9553 -84.6034
    endloop
  endfacet
  facet normal 0 -0.961913 -0.273356
    outer loop
      vertex 101.4 60.9268 -84.4201
      vertex 102 60.8792 -84.2526
      vertex 101.4 60.8792 -84.2526
    endloop
  endfacet
  facet normal 0 -0.961913 -0.273356
    outer loop
      vertex 102 60.8792 -84.2526
      vertex 101.4 60.9268 -84.4201
      vertex 102 60.9268 -84.4201
    endloop
  endfacet
  facet normal 0 -0.915449 -0.402435
    outer loop
      vertex 101.4 60.8792 -84.2526
      vertex 102 60.8126 -84.1011
      vertex 101.4 60.8126 -84.1011
    endloop
  endfacet
  facet normal 0 -0.915449 -0.402435
    outer loop
      vertex 102 60.8126 -84.1011
      vertex 101.4 60.8792 -84.2526
      vertex 102 60.8792 -84.2526
    endloop
  endfacet
  facet normal 0 -0.845785 -0.533524
    outer loop
      vertex 101.4 60.8126 -84.1011
      vertex 102 60.727 -83.9654
      vertex 101.4 60.727 -83.9654
    endloop
  endfacet
  facet normal 0 -0.845785 -0.533524
    outer loop
      vertex 102 60.727 -83.9654
      vertex 101.4 60.8126 -84.1011
      vertex 102 60.8126 -84.1011
    endloop
  endfacet
  facet normal 0 -0.752694 -0.658371
    outer loop
      vertex 101.4 60.727 -83.9654
      vertex 102 60.6223 -83.8457
      vertex 101.4 60.6223 -83.8457
    endloop
  endfacet
  facet normal 0 -0.752694 -0.658371
    outer loop
      vertex 102 60.6223 -83.8457
      vertex 101.4 60.727 -83.9654
      vertex 102 60.727 -83.9654
    endloop
  endfacet
  facet normal 0 -0.6428 -0.766034
    outer loop
      vertex 101.4 60.4986 -83.7419
      vertex 102 60.6223 -83.8457
      vertex 102 60.4986 -83.7419
    endloop
  endfacet
  facet normal -0 -0.6428 -0.766034
    outer loop
      vertex 102 60.6223 -83.8457
      vertex 101.4 60.4986 -83.7419
      vertex 101.4 60.6223 -83.8457
    endloop
  endfacet
  facet normal 0 -0.52548 -0.850806
    outer loop
      vertex 101.4 60.3545 -83.6529
      vertex 102 60.4986 -83.7419
      vertex 102 60.3545 -83.6529
    endloop
  endfacet
  facet normal -0 -0.52548 -0.850806
    outer loop
      vertex 102 60.4986 -83.7419
      vertex 101.4 60.3545 -83.6529
      vertex 101.4 60.4986 -83.7419
    endloop
  endfacet
  facet normal 0 -0.413307 -0.910592
    outer loop
      vertex 101.4 60.1886 -83.5776
      vertex 102 60.3545 -83.6529
      vertex 102 60.1886 -83.5776
    endloop
  endfacet
  facet normal -0 -0.413307 -0.910592
    outer loop
      vertex 102 60.3545 -83.6529
      vertex 101.4 60.1886 -83.5776
      vertex 101.4 60.3545 -83.6529
    endloop
  endfacet
  facet normal 0 -0.312277 -0.949991
    outer loop
      vertex 101.4 60.0009 -83.5159
      vertex 102 60.1886 -83.5776
      vertex 102 60.0009 -83.5159
    endloop
  endfacet
  facet normal -0 -0.312277 -0.949991
    outer loop
      vertex 102 60.1886 -83.5776
      vertex 101.4 60.0009 -83.5159
      vertex 101.4 60.1886 -83.5776
    endloop
  endfacet
  facet normal 0 -0.222989 -0.974821
    outer loop
      vertex 101.4 59.7915 -83.468
      vertex 102 60.0009 -83.5159
      vertex 102 59.7915 -83.468
    endloop
  endfacet
  facet normal -0 -0.222989 -0.974821
    outer loop
      vertex 102 60.0009 -83.5159
      vertex 101.4 59.7915 -83.468
      vertex 101.4 60.0009 -83.5159
    endloop
  endfacet
  facet normal 0 -0.146688 -0.989183
    outer loop
      vertex 101.4 59.5602 -83.4337
      vertex 102 59.7915 -83.468
      vertex 102 59.5602 -83.4337
    endloop
  endfacet
  facet normal -0 -0.146688 -0.989183
    outer loop
      vertex 102 59.7915 -83.468
      vertex 101.4 59.5602 -83.4337
      vertex 101.4 59.7915 -83.468
    endloop
  endfacet
  facet normal 0 -0.0807313 -0.996736
    outer loop
      vertex 101.4 59.3071 -83.4132
      vertex 102 59.5602 -83.4337
      vertex 102 59.3071 -83.4132
    endloop
  endfacet
  facet normal -0 -0.0807313 -0.996736
    outer loop
      vertex 102 59.5602 -83.4337
      vertex 101.4 59.3071 -83.4132
      vertex 101.4 59.5602 -83.4337
    endloop
  endfacet
  facet normal 0 -0.0247287 -0.999694
    outer loop
      vertex 101.4 59.0322 -83.4064
      vertex 102 59.3071 -83.4132
      vertex 102 59.0322 -83.4064
    endloop
  endfacet
  facet normal -0 -0.0247287 -0.999694
    outer loop
      vertex 102 59.3071 -83.4132
      vertex 101.4 59.0322 -83.4064
      vertex 101.4 59.3071 -83.4132
    endloop
  endfacet
  facet normal 0 0 -1
    outer loop
      vertex 101.4 57.0385 -83.4064
      vertex 102 59.0322 -83.4064
      vertex 102 57.0385 -83.4064
    endloop
  endfacet
  facet normal -0 0 -1
    outer loop
      vertex 102 59.0322 -83.4064
      vertex 101.4 57.0385 -83.4064
      vertex 101.4 59.0322 -83.4064
    endloop
  endfacet
  facet normal 0 1 -0
    outer loop
      vertex 102 57.0385 -88.4688
      vertex 101.4 57.0385 -83.4064
      vertex 102 57.0385 -83.4064
    endloop
  endfacet
  facet normal 0 1 0
    outer loop
      vertex 101.4 57.0385 -83.4064
      vertex 102 57.0385 -88.4688
      vertex 101.4 57.0385 -88.4688
    endloop
  endfacet
  facet normal -0 0 1
    outer loop
      vertex 101.4 58.3439 -88.4688
      vertex 102 57.0385 -88.4688
      vertex 102 58.3439 -88.4688
    endloop
  endfacet
  facet normal 0 0 1
    outer loop
      vertex 102 57.0385 -88.4688
      vertex 101.4 58.3439 -88.4688
      vertex 101.4 57.0385 -88.4688
    endloop
  endfacet
  facet normal 0 -1 0
    outer loop
      vertex 101.4 58.3439 -88.4688
      vertex 102 58.3439 -86.5519
      vertex 101.4 58.3439 -86.5519
    endloop
  endfacet
  facet normal 0 -1 -0
    outer loop
      vertex 102 58.3439 -86.5519
      vertex 101.4 58.3439 -88.4688
      vertex 102 58.3439 -88.4688
    endloop
  endfacet
  facet normal 0 -1 0
    outer loop
      vertex 101.4 58.3439 -85.6496
      vertex 102 58.3439 -84.3536
      vertex 101.4 58.3439 -84.3536
    endloop
  endfacet
  facet normal 0 -1 -0
    outer loop
      vertex 102 58.3439 -84.3536
      vertex 101.4 58.3439 -85.6496
      vertex 102 58.3439 -85.6496
    endloop
  endfacet
  facet normal -0 0 1
    outer loop
      vertex 101.4 58.8931 -84.3536
      vertex 102 58.3439 -84.3536
      vertex 102 58.8931 -84.3536
    endloop
  endfacet
  facet normal 0 0 1
    outer loop
      vertex 102 58.3439 -84.3536
      vertex 101.4 58.8931 -84.3536
      vertex 101.4 58.3439 -84.3536
    endloop
  endfacet
  facet normal -0 0.0266572 0.999645
    outer loop
      vertex 101.4 59.0056 -84.3566
      vertex 102 58.8931 -84.3536
      vertex 102 59.0056 -84.3566
    endloop
  endfacet
  facet normal 0 0.0266572 0.999645
    outer loop
      vertex 102 58.8931 -84.3536
      vertex 101.4 59.0056 -84.3566
      vertex 101.4 58.8931 -84.3536
    endloop
  endfacet
  facet normal -0 0.0880067 0.99612
    outer loop
      vertex 101.4 59.1086 -84.3657
      vertex 102 59.0056 -84.3566
      vertex 102 59.1086 -84.3657
    endloop
  endfacet
  facet normal 0 0.0880067 0.99612
    outer loop
      vertex 102 59.0056 -84.3566
      vertex 101.4 59.1086 -84.3657
      vertex 101.4 59.0056 -84.3566
    endloop
  endfacet
  facet normal -0 0.160293 0.987069
    outer loop
      vertex 101.4 59.2022 -84.3809
      vertex 102 59.1086 -84.3657
      vertex 102 59.2022 -84.3809
    endloop
  endfacet
  facet normal 0 0.160293 0.987069
    outer loop
      vertex 102 59.1086 -84.3657
      vertex 101.4 59.2022 -84.3809
      vertex 101.4 59.1086 -84.3657
    endloop
  endfacet
  facet normal -0 0.245792 0.969322
    outer loop
      vertex 101.4 59.2862 -84.4022
      vertex 102 59.2022 -84.3809
      vertex 102 59.2862 -84.4022
    endloop
  endfacet
  facet normal 0 0.245792 0.969322
    outer loop
      vertex 102 59.2022 -84.3809
      vertex 101.4 59.2862 -84.4022
      vertex 101.4 59.2022 -84.3809
    endloop
  endfacet
  facet normal -0 0.343663 0.939093
    outer loop
      vertex 101.4 59.3608 -84.4295
      vertex 102 59.2862 -84.4022
      vertex 102 59.3608 -84.4295
    endloop
  endfacet
  facet normal 0 0.343663 0.939093
    outer loop
      vertex 102 59.2862 -84.4022
      vertex 101.4 59.3608 -84.4295
      vertex 101.4 59.2862 -84.4022
    endloop
  endfacet
  facet normal -0 0.45812 0.88889
    outer loop
      vertex 101.4 59.4258 -84.463
      vertex 102 59.3608 -84.4295
      vertex 102 59.4258 -84.463
    endloop
  endfacet
  facet normal 0 0.45812 0.88889
    outer loop
      vertex 102 59.3608 -84.4295
      vertex 101.4 59.4258 -84.463
      vertex 101.4 59.3608 -84.4295
    endloop
  endfacet
  facet normal -0 0.579156 0.815217
    outer loop
      vertex 101.4 59.4814 -84.5025
      vertex 102 59.4258 -84.463
      vertex 102 59.4814 -84.5025
    endloop
  endfacet
  facet normal 0 0.579156 0.815217
    outer loop
      vertex 102 59.4258 -84.463
      vertex 101.4 59.4814 -84.5025
      vertex 101.4 59.4258 -84.463
    endloop
  endfacet
  facet normal -0 0.701051 0.713112
    outer loop
      vertex 101.4 59.5287 -84.549
      vertex 102 59.4814 -84.5025
      vertex 102 59.5287 -84.549
    endloop
  endfacet
  facet normal 0 0.701051 0.713112
    outer loop
      vertex 102 59.4814 -84.5025
      vertex 101.4 59.5287 -84.549
      vertex 101.4 59.4814 -84.5025
    endloop
  endfacet
  facet normal 0 0.807391 0.590017
    outer loop
      vertex 102 59.5686 -84.6036
      vertex 101.4 59.5287 -84.549
      vertex 102 59.5287 -84.549
    endloop
  endfacet
  facet normal 0 0.807391 0.590017
    outer loop
      vertex 101.4 59.5287 -84.549
      vertex 102 59.5686 -84.6036
      vertex 101.4 59.5686 -84.6036
    endloop
  endfacet
  facet normal 0 0.886053 0.463583
    outer loop
      vertex 102 59.6013 -84.6661
      vertex 101.4 59.5686 -84.6036
      vertex 102 59.5686 -84.6036
    endloop
  endfacet
  facet normal 0 0.886053 0.463583
    outer loop
      vertex 101.4 59.5686 -84.6036
      vertex 102 59.6013 -84.6661
      vertex 101.4 59.6013 -84.6661
    endloop
  endfacet
  facet normal 0 0.94053 0.33971
    outer loop
      vertex 102 59.6268 -84.7367
      vertex 101.4 59.6013 -84.6661
      vertex 102 59.6013 -84.6661
    endloop
  endfacet
  facet normal 0 0.94053 0.33971
    outer loop
      vertex 101.4 59.6013 -84.6661
      vertex 102 59.6268 -84.7367
      vertex 101.4 59.6268 -84.7367
    endloop
  endfacet
  facet normal 0 0.974496 0.224407
    outer loop
      vertex 102 59.6449 -84.8153
      vertex 101.4 59.6268 -84.7367
      vertex 102 59.6268 -84.7367
    endloop
  endfacet
  facet normal 0 0.974496 0.224407
    outer loop
      vertex 101.4 59.6268 -84.7367
      vertex 102 59.6449 -84.8153
      vertex 101.4 59.6449 -84.8153
    endloop
  endfacet
  facet normal 0 0.992172 0.124881
    outer loop
      vertex 102 59.6558 -84.9019
      vertex 101.4 59.6449 -84.8153
      vertex 102 59.6449 -84.8153
    endloop
  endfacet
  facet normal 0 0.992172 0.124881
    outer loop
      vertex 101.4 59.6449 -84.8153
      vertex 102 59.6558 -84.9019
      vertex 101.4 59.6558 -84.9019
    endloop
  endfacet
  facet normal 0 0.999277 0.0380274
    outer loop
      vertex 102 59.6594 -84.9965
      vertex 101.4 59.6558 -84.9019
      vertex 102 59.6558 -84.9019
    endloop
  endfacet
  facet normal 0 0.999277 0.0380274
    outer loop
      vertex 101.4 59.6558 -84.9019
      vertex 102 59.6594 -84.9965
      vertex 101.4 59.6594 -84.9965
    endloop
  endfacet
  facet normal 0 0.99929 -0.0376696
    outer loop
      vertex 102 59.6558 -85.092
      vertex 101.4 59.6594 -84.9965
      vertex 102 59.6594 -84.9965
    endloop
  endfacet
  facet normal 0 0.99929 -0.0376696
    outer loop
      vertex 101.4 59.6594 -84.9965
      vertex 102 59.6558 -85.092
      vertex 101.4 59.6558 -85.092
    endloop
  endfacet
  facet normal 0 0.992347 -0.123477
    outer loop
      vertex 102 59.6449 -85.1796
      vertex 101.4 59.6558 -85.092
      vertex 102 59.6558 -85.092
    endloop
  endfacet
  facet normal 0 0.992347 -0.123477
    outer loop
      vertex 101.4 59.6558 -85.092
      vertex 102 59.6449 -85.1796
      vertex 101.4 59.6449 -85.1796
    endloop
  endfacet
  facet normal 0 0.975109 -0.221727
    outer loop
      vertex 102 59.6268 -85.2592
      vertex 101.4 59.6449 -85.1796
      vertex 102 59.6449 -85.1796
    endloop
  endfacet
  facet normal 0 0.975109 -0.221727
    outer loop
      vertex 101.4 59.6449 -85.1796
      vertex 102 59.6268 -85.2592
      vertex 101.4 59.6268 -85.2592
    endloop
  endfacet
  facet normal 0 0.941891 -0.335919
    outer loop
      vertex 102 59.6013 -85.3307
      vertex 101.4 59.6268 -85.2592
      vertex 102 59.6268 -85.2592
    endloop
  endfacet
  facet normal 0 0.941891 -0.335919
    outer loop
      vertex 101.4 59.6268 -85.2592
      vertex 102 59.6013 -85.3307
      vertex 101.4 59.6013 -85.3307
    endloop
  endfacet
  facet normal 0 0.889337 -0.457253
    outer loop
      vertex 102 59.5686 -85.3943
      vertex 101.4 59.6013 -85.3307
      vertex 102 59.6013 -85.3307
    endloop
  endfacet
  facet normal 0 0.889337 -0.457253
    outer loop
      vertex 101.4 59.6013 -85.3307
      vertex 102 59.5686 -85.3943
      vertex 101.4 59.5686 -85.3943
    endloop
  endfacet
  facet normal 0 0.81195 -0.583726
    outer loop
      vertex 102 59.5287 -85.4498
      vertex 101.4 59.5686 -85.3943
      vertex 102 59.5686 -85.3943
    endloop
  endfacet
  facet normal 0 0.81195 -0.583726
    outer loop
      vertex 101.4 59.5686 -85.3943
      vertex 102 59.5287 -85.4498
      vertex 101.4 59.5287 -85.4498
    endloop
  endfacet
  facet normal 0 0.708597 -0.705613
    outer loop
      vertex 102 59.4814 -85.4973
      vertex 101.4 59.5287 -85.4498
      vertex 102 59.5287 -85.4498
    endloop
  endfacet
  facet normal 0 0.708597 -0.705613
    outer loop
      vertex 101.4 59.5287 -85.4498
      vertex 102 59.4814 -85.4973
      vertex 101.4 59.4814 -85.4973
    endloop
  endfacet
  facet normal 0 0.587826 -0.808988
    outer loop
      vertex 101.4 59.4258 -85.5377
      vertex 102 59.4814 -85.4973
      vertex 102 59.4258 -85.5377
    endloop
  endfacet
  facet normal 0 0.587826 -0.808988
    outer loop
      vertex 102 59.4814 -85.4973
      vertex 101.4 59.4258 -85.5377
      vertex 101.4 59.4814 -85.4973
    endloop
  endfacet
  facet normal 0 0.465634 -0.884977
    outer loop
      vertex 101.4 59.3608 -85.5719
      vertex 102 59.4258 -85.5377
      vertex 102 59.3608 -85.5719
    endloop
  endfacet
  facet normal 0 0.465634 -0.884977
    outer loop
      vertex 102 59.4258 -85.5377
      vertex 101.4 59.3608 -85.5719
      vertex 101.4 59.4258 -85.5377
    endloop
  endfacet
  facet normal 0 0.350298 -0.936638
    outer loop
      vertex 101.4 59.2862 -85.5998
      vertex 102 59.3608 -85.5719
      vertex 102 59.2862 -85.5998
    endloop
  endfacet
  facet normal 0 0.350298 -0.936638
    outer loop
      vertex 102 59.3608 -85.5719
      vertex 101.4 59.2862 -85.5998
      vertex 101.4 59.3608 -85.5719
    endloop
  endfacet
  facet normal 0 0.251202 -0.967935
    outer loop
      vertex 101.4 59.2022 -85.6216
      vertex 102 59.2862 -85.5998
      vertex 102 59.2022 -85.6216
    endloop
  endfacet
  facet normal 0 0.251202 -0.967935
    outer loop
      vertex 102 59.2862 -85.5998
      vertex 101.4 59.2022 -85.6216
      vertex 101.4 59.2862 -85.5998
    endloop
  endfacet
  facet normal 0 0.163373 -0.986564
    outer loop
      vertex 101.4 59.1086 -85.6371
      vertex 102 59.2022 -85.6216
      vertex 102 59.1086 -85.6371
    endloop
  endfacet
  facet normal 0 0.163373 -0.986564
    outer loop
      vertex 102 59.2022 -85.6216
      vertex 101.4 59.1086 -85.6371
      vertex 101.4 59.2022 -85.6216
    endloop
  endfacet
  facet normal 0 0.0908844 -0.995861
    outer loop
      vertex 101.4 59.0056 -85.6465
      vertex 102 59.1086 -85.6371
      vertex 102 59.0056 -85.6465
    endloop
  endfacet
  facet normal 0 0.0908844 -0.995861
    outer loop
      vertex 102 59.1086 -85.6371
      vertex 101.4 59.0056 -85.6465
      vertex 101.4 59.1086 -85.6371
    endloop
  endfacet
  facet normal 0 0.0275451 -0.999621
    outer loop
      vertex 101.4 58.8931 -85.6496
      vertex 102 59.0056 -85.6465
      vertex 102 58.8931 -85.6496
    endloop
  endfacet
  facet normal 0 0.0275451 -0.999621
    outer loop
      vertex 102 59.0056 -85.6465
      vertex 101.4 58.8931 -85.6496
      vertex 101.4 59.0056 -85.6465
    endloop
  endfacet
  facet normal 0 0 -1
    outer loop
      vertex 101.4 58.3439 -85.6496
      vertex 102 58.8931 -85.6496
      vertex 102 58.3439 -85.6496
    endloop
  endfacet
  facet normal -0 0 -1
    outer loop
      vertex 102 58.8931 -85.6496
      vertex 101.4 58.3439 -85.6496
      vertex 101.4 58.8931 -85.6496
    endloop
  endfacet
endsolid OpenSCAD_Model
